frame,time_ns,binder_target_com_a,min_heavy_atom_distance_a,ca_contacts_le_8a,hotspots_contacting,hotspot_45_contact,hotspot_47_contact,hotspot_48_contact,hotspot_50_contact,hotspot_52_contact,hotspot_56_contact
0,0.01,32.81348419189453,1.8548039483422298,76,4,0,1,1,1,1,0
1,0.02,33.160892486572266,1.8642152983466669,76,4,0,1,1,1,1,0
2,0.03,33.41398620605469,1.7468221294549904,76,4,0,1,1,1,1,0
3,0.04,33.09300231933594,1.7861057538964282,76,4,0,1,1,1,1,0
4,0.05,32.845916748046875,1.6637599600368682,76,4,0,1,1,1,1,0
5,0.06,33.16598892211914,1.8237681389592417,76,4,0,1,1,1,1,0
6,0.07,32.82169723510742,1.954888822320677,76,4,0,1,1,1,1,0
7,0.08,32.934547424316406,1.7364352153457085,76,5,1,1,1,1,1,0
8,0.09,33.21963119506836,1.8931676890738958,76,4,0,1,1,1,1,0
9,0.1,32.97887420654297,1.8220391162788527,76,5,1,1,1,1,1,0
10,0.11,33.09183120727539,1.7186573270615966,76,5,1,1,1,1,1,0
11,0.12,33.10506057739258,1.7474607973614602,76,5,1,1,1,1,1,0
12,0.13,33.10216522216797,1.7096777923608526,76,5,1,1,1,1,1,0
13,0.14,33.66593551635742,1.8111334877654457,76,5,1,1,1,1,1,0
14,0.15,33.39404296875,1.8501336003214115,76,5,1,1,1,1,1,0
15,0.16,33.54376220703125,1.751824085976514,76,5,1,1,1,1,1,0
16,0.17,33.17652130126953,1.7880154294711834,76,5,1,1,1,1,1,0
17,0.18,33.14069366455078,1.8704093281308345,76,4,0,1,1,1,1,0
18,0.19,33.05054473876953,1.8901284673804664,76,5,1,1,1,1,1,0
19,0.2,33.33672332763672,1.7560184873004376,76,5,1,1,1,1,1,0
20,0.21,33.542442321777344,1.9396155025525261,76,5,1,1,1,1,1,0
21,0.22,33.42527770996094,1.9428298171512035,76,5,1,1,1,1,1,0
22,0.23,33.54365921020508,1.8177153901317995,76,5,1,1,1,1,1,0
23,0.24,33.23766326904297,1.7056947428193303,76,5,1,1,1,1,1,0
24,0.25,33.387149810791016,1.9617868686254794,76,5,1,1,1,1,1,0
25,0.26,33.06175231933594,2.0628655334358452,76,5,1,1,1,1,1,0
26,0.27,33.557701110839844,2.0877766251645022,76,5,1,1,1,1,1,0
27,0.28,33.59922409057617,1.6655051221916142,76,5,1,1,1,1,1,0
28,0.29,33.45962905883789,1.8148827120363498,76,5,1,1,1,1,1,0
29,0.3,33.76691818237305,1.8661443297426952,76,5,1,1,1,1,1,0
30,0.31,33.676841735839844,1.7783718969942555,76,5,1,1,1,1,1,0
31,0.32,33.544559478759766,1.6971237885095039,76,5,1,1,1,1,1,0
32,0.33,33.698577880859375,1.9275143705226985,76,5,1,1,1,1,1,0
33,0.34,33.6725959777832,1.9040492851896431,76,5,1,1,1,1,1,0
34,0.35,33.44957733154297,1.9027907641874509,76,5,1,1,1,1,1,0
35,0.36,33.66033172607422,1.7718367276452973,76,5,1,1,1,1,1,0
36,0.37,33.82494354248047,1.8379586962698953,76,5,1,1,1,1,1,0
37,0.38,33.68330383300781,1.7378374012130329,76,5,1,1,1,1,1,0
38,0.39,33.57378387451172,1.8560439840238538,76,5,1,1,1,1,1,0
39,0.4,33.32956314086914,2.0169770848173236,76,5,1,1,1,1,1,0
40,0.41,33.562957763671875,2.000620898196359,76,5,1,1,1,1,1,0
41,0.42,33.58270263671875,1.8527035521949835,76,5,1,1,1,1,1,0
42,0.43,33.771217346191406,2.0116952046676135,76,5,1,1,1,1,1,0
43,0.44,33.544769287109375,2.186932954554388,76,5,1,1,1,1,1,0
44,0.45,34.134117126464844,1.8717399947482471,76,5,1,1,1,1,1,0
45,0.46,33.920989990234375,1.8883071883247726,76,4,0,1,1,1,1,0
46,0.47,34.13408660888672,1.8419063602557704,76,4,0,1,1,1,1,0
47,0.48,34.11833953857422,1.9129577950502394,76,4,0,1,1,1,1,0
48,0.49,33.85124969482422,1.8312362414315553,76,5,1,1,1,1,1,0
49,0.5,33.768775939941406,1.795238748910041,76,5,1,1,1,1,1,0
50,0.51,34.11456298828125,1.8221219145790042,76,5,1,1,1,1,1,0
51,0.52,33.91254806518555,1.724442574051271,76,4,0,1,1,1,1,0
52,0.53,33.70451736450195,1.9642264764187407,76,4,0,1,1,1,1,0
53,0.54,33.42241287231445,1.9242886330301627,76,5,1,1,1,1,1,0
54,0.55,33.43012237548828,1.8282789748877653,76,5,1,1,1,1,1,0
55,0.56,33.728736877441406,1.747624616433786,76,5,1,1,1,1,1,0
56,0.57,33.62605667114258,1.7579780824849989,76,4,0,1,1,1,1,0
57,0.58,33.68741989135742,1.663638456463771,76,4,0,1,1,1,1,0
58,0.59,33.663265228271484,1.808455262655182,76,4,0,1,1,1,1,0
59,0.6,33.681922912597656,1.720001220703125,76,5,1,1,1,1,1,0
60,0.61,34.0396728515625,1.7266693644538402,76,5,1,1,1,1,1,0
61,0.62,33.73151779174805,1.8613452148686487,76,4,0,1,1,1,1,0
62,0.63,33.86104965209961,1.809592434023158,76,4,0,1,1,1,1,0
63,0.64,33.37883377075195,1.7109412778314323,76,4,0,1,1,1,1,0
64,0.65,33.9902229309082,1.7748808175495803,76,4,0,1,1,1,1,0
65,0.66,33.71393966674805,1.7942651588714336,76,4,0,1,1,1,1,0
66,0.67,33.42362976074219,2.0377985126998075,76,4,0,1,1,1,1,0
67,0.68,33.482112884521484,1.8643215199172087,76,4,0,1,1,1,1,0
68,0.69,33.36003112792969,1.9743596969136854,76,4,0,1,1,1,1,0
69,0.7,33.7492790222168,2.004667412246879,76,4,0,1,1,1,1,0
70,0.71,33.724708557128906,1.7626401224942287,76,4,0,1,1,1,1,0
71,0.72,33.91053009033203,1.7174937134823944,76,4,0,1,1,1,1,0
72,0.73,34.05931091308594,1.6836540683186816,76,5,1,1,1,1,1,0
73,0.74,33.8918571472168,1.877472525852283,76,5,1,1,1,1,1,0
74,0.75,33.59619903564453,1.839072750155009,76,5,1,1,1,1,1,0
75,0.76,33.425994873046875,2.0203260336244604,76,4,0,1,1,1,1,0
76,0.77,33.441280364990234,1.9359993062046406,76,5,1,1,1,1,1,0
77,0.78,33.38925552368164,1.8572577789651314,76,5,1,1,1,1,1,0
78,0.79,33.687355041503906,2.164650824675463,76,5,1,1,1,1,1,0
79,0.8,33.70234680175781,2.051979536089235,76,4,0,1,1,1,1,0
80,0.81,33.62335205078125,1.8844146329661573,76,4,0,1,1,1,1,0
81,0.82,33.62580108642578,1.9472289082561818,76,4,0,1,1,1,1,0
82,0.83,33.45570373535156,2.0879665356934702,76,4,0,1,1,1,1,0
83,0.84,33.382789611816406,1.786334463154983,76,4,0,1,1,1,1,0
84,0.85,33.708045959472656,2.0580814627367894,76,4,0,1,1,1,1,0
85,0.86,33.89519119262695,2.2059281860521796,76,4,0,1,1,1,1,0
86,0.87,33.54494857788086,2.1573375045767205,76,4,0,1,1,1,1,0
87,0.88,33.66195297241211,2.0894509750705557,76,4,0,1,1,1,1,0
88,0.89,33.695945739746094,2.3138960214289983,76,5,1,1,1,1,1,0
89,0.9,33.60525131225586,1.922132578495537,76,5,1,1,1,1,1,0
90,0.91,33.8763313293457,1.7219486012910175,76,4,0,1,1,1,1,0
91,0.92,33.6695556640625,1.8751226986270688,76,5,1,1,1,1,1,0
92,0.93,33.69772720336914,1.7775022808828331,76,4,0,1,1,1,1,0
93,0.94,33.7929801940918,1.8909517360364474,76,5,1,1,1,1,1,0
94,0.95,33.58878707885742,2.2125556571628993,76,4,0,1,1,1,1,0
95,0.96,33.14387512207031,1.9030491200669102,76,5,1,1,1,1,1,0
96,0.97,33.09054946899414,1.9407492128894375,76,5,1,1,1,1,1,0
97,0.98,33.3245964050293,1.6383168864714963,76,5,1,1,1,1,1,0
98,0.99,33.3853645324707,1.8190367360891002,76,5,1,1,1,1,1,0
99,1.0,33.47303771972656,1.8733943906708652,76,4,0,1,1,1,1,0
100,1.01,33.42445373535156,1.801275858221843,76,4,0,1,1,1,1,0
101,1.02,33.4014778137207,1.8707188445584622,76,4,0,1,1,1,1,0
102,1.03,33.12771987915039,1.91151997348176,76,4,0,1,1,1,1,0
103,1.04,33.337162017822266,1.8956769667113624,76,3,0,0,1,1,1,0
104,1.05,33.25013732910156,1.9044676726304839,76,4,0,1,1,1,1,0
105,1.06,33.258724212646484,1.9914587653086093,76,3,0,0,1,1,1,0
106,1.07,33.21807098388672,1.9071677766351989,76,5,1,1,1,1,1,0
107,1.08,33.85386657714844,1.8764059775827,76,3,0,0,1,1,1,0
108,1.09,34.108646392822266,1.9865801754430152,76,4,0,1,1,1,1,0
109,1.1,33.60169982910156,1.8707522106488468,76,3,0,0,1,1,1,0
110,1.11,33.69196319580078,1.7541378822906042,76,3,0,0,1,1,1,0
111,1.12,33.70037078857422,1.7909781229102448,76,4,0,1,1,1,1,0
112,1.13,33.667083740234375,1.8652879172633643,76,4,0,1,1,1,1,0
113,1.14,33.744686126708984,2.1511577948845906,76,4,0,1,1,1,1,0
114,1.15,33.54886245727539,1.9219484376902403,76,4,0,1,1,1,1,0
115,1.16,33.372920989990234,1.7749913536229531,76,4,0,1,1,1,1,0
116,1.17,33.348289489746094,1.8082325368243803,76,5,1,1,1,1,1,0
117,1.18,33.67536544799805,1.8272116308062236,76,4,0,1,1,1,1,0
118,1.19,33.5007438659668,2.1458148338797827,76,3,0,0,1,1,1,0
119,1.2,33.17361068725586,1.825489192256372,76,4,0,1,1,1,1,0
120,1.21,33.41236877441406,1.927535789549646,76,4,0,1,1,1,1,0
121,1.22,33.654727935791016,1.8261916359365202,76,4,0,1,1,1,1,0
122,1.23,33.40436553955078,2.0246705724956624,76,4,0,1,1,1,1,0
123,1.24,33.561805725097656,1.8289097899881324,76,4,0,1,1,1,1,0
124,1.25,33.742713928222656,1.8569005101072227,76,4,0,1,1,1,1,0
125,1.26,33.73075866699219,1.9303069658273218,76,3,0,0,1,1,1,0
126,1.27,34.119937896728516,1.807119720266728,76,4,0,1,1,1,1,0
127,1.28,33.76909637451172,2.004598776240359,76,3,0,0,1,1,1,0
128,1.29,33.80788803100586,2.0678701521019556,76,4,0,1,1,1,1,0
129,1.3,33.91029357910156,1.9991477195595964,76,4,0,1,1,1,1,0
130,1.31,33.68782424926758,1.8089479236149513,76,4,0,1,1,1,1,0
131,1.32,33.676029205322266,1.8987093764325709,76,4,0,1,1,1,1,0
132,1.33,33.38490676879883,1.6958207592474217,76,4,0,1,1,1,1,0
133,1.34,33.675838470458984,1.8833168476544202,76,4,0,1,1,1,1,0
134,1.35,33.53730773925781,1.7273396061199253,76,4,0,1,1,1,1,0
135,1.36,33.84434127807617,1.9730952613300252,76,3,0,0,1,1,1,0
136,1.37,33.729549407958984,1.8431785694214151,76,4,0,1,1,1,1,0
137,1.38,33.65264129638672,1.920651980808489,76,3,0,0,1,1,1,0
138,1.39,33.69068145751953,1.9136606896529302,76,3,0,0,1,1,1,0
139,1.4,33.67265701293945,1.9076696046002235,76,4,0,1,1,1,1,0
140,1.41,34.00556182861328,2.0730163968990207,76,4,0,1,1,1,1,0
141,1.42,33.45181655883789,2.4751616750113428,76,4,0,1,1,1,1,0
142,1.43,33.68550109863281,1.9115999337442044,76,4,0,1,1,1,1,0
143,1.44,33.810977935791016,1.901365583676706,76,4,0,1,1,1,1,0
144,1.45,33.55004119873047,2.1910880785213482,76,3,0,0,1,1,1,0
145,1.46,33.40303421020508,1.907096511752489,76,3,0,0,1,1,1,0
146,1.47,33.4210205078125,1.9029201569976366,76,4,0,1,1,1,1,0
147,1.48,33.377845764160156,1.8210967228406008,76,4,0,1,1,1,1,0
148,1.49,33.41548538208008,1.8392627823194843,76,4,0,1,1,1,1,0
149,1.5,33.857078552246094,2.31148872987594,76,4,0,1,1,1,1,0
150,1.51,33.6666259765625,1.8379609378205504,76,4,0,1,1,1,1,0
151,1.52,33.20387649536133,2.0125876536764093,76,3,0,0,1,1,1,0
152,1.53,33.75497055053711,2.4017868396794766,76,4,0,1,1,1,1,0
153,1.54,33.84325408935547,2.2811637692415614,76,3,0,0,1,1,1,0
154,1.55,33.7402458190918,1.9562443122193964,76,4,0,1,1,1,1,0
155,1.56,33.85297393798828,2.290462645066067,76,4,0,1,1,1,1,0
156,1.57,33.68281936645508,1.954327897546789,76,4,0,1,1,1,1,0
157,1.58,33.3031005859375,1.877469213974884,76,4,0,1,1,1,1,0
158,1.59,33.59038162231445,1.8396999885865986,76,4,0,1,1,1,1,0
159,1.6,33.36564636230469,2.3557766654622077,76,4,0,1,1,1,1,0
160,1.61,33.24688720703125,1.9764634115565365,76,4,0,1,1,1,1,0
161,1.62,33.4881477355957,2.330107844398937,76,4,0,1,1,1,1,0
162,1.63,33.500213623046875,1.9762560687673327,76,3,0,0,1,1,1,0
163,1.64,33.42178726196289,1.7395436251902348,76,3,0,0,1,1,1,0
164,1.65,33.57197189331055,2.285562107388894,76,4,0,1,1,1,1,0
165,1.66,33.52113342285156,2.212281896500028,76,4,0,1,1,1,1,0
166,1.67,33.776649475097656,1.976131168974457,76,4,0,1,1,1,1,0
167,1.68,33.561134338378906,1.9226259568849884,76,4,0,1,1,1,1,0
168,1.69,33.479976654052734,1.9510529923493538,76,4,0,1,1,1,1,0
169,1.7,33.888057708740234,2.043059523111491,76,4,0,1,1,1,1,0
170,1.71,33.48807144165039,1.7455367435126332,76,4,0,1,1,1,1,0
171,1.72,33.638580322265625,2.2353068847267115,76,4,0,1,1,1,1,0
172,1.73,33.32072448730469,1.7689051087794994,76,4,0,1,1,1,1,0
173,1.74,33.46384811401367,2.046073128371558,76,4,0,1,1,1,1,0
174,1.75,33.660011291503906,2.430556599490512,76,4,0,1,1,1,1,0
175,1.76,33.517120361328125,2.0037265338900703,76,4,0,1,1,1,1,0
176,1.77,33.38485336303711,2.0433817422962126,76,4,0,1,1,1,1,0
177,1.78,33.424400329589844,1.831665658489912,76,4,0,1,1,1,1,0
178,1.79,33.55284881591797,1.9834811432694917,76,4,0,1,1,1,1,0
179,1.8,33.73661422729492,2.3108814338124732,76,4,0,1,1,1,1,0
180,1.81,33.68632888793945,1.89857746639149,76,4,0,1,1,1,1,0
181,1.82,33.95591354370117,1.8776056748282237,76,4,0,1,1,1,1,0
182,1.83,33.75116729736328,1.908797961761477,76,4,0,1,1,1,1,0
183,1.84,33.725791931152344,2.2177666656303825,76,4,0,1,1,1,1,0
184,1.85,33.53033447265625,2.3030857907515685,76,4,0,1,1,1,1,0
185,1.86,33.70465087890625,1.871092339187702,76,4,0,1,1,1,1,0
186,1.87,33.583961486816406,1.8907420773422998,76,4,0,1,1,1,1,0
187,1.88,33.273468017578125,1.984211685888163,76,4,0,1,1,1,1,0
188,1.89,33.52084732055664,1.9160644752026113,76,4,0,1,1,1,1,0
189,1.9,33.37253189086914,2.0580048582604387,76,4,0,1,1,1,1,0
190,1.91,33.73368453979492,2.184010849448386,76,4,0,1,1,1,1,0
191,1.92,33.61407470703125,1.8507046626722639,76,4,0,1,1,1,1,0
192,1.93,33.21440505981445,1.896869563744354,76,4,0,1,1,1,1,0
193,1.94,33.683841705322266,1.9354610380852009,76,4,0,1,1,1,1,0
194,1.95,33.39334487915039,2.2377245694662196,76,4,0,1,1,1,1,0
195,1.96,33.491661071777344,1.8249983420264266,76,4,0,1,1,1,1,0
196,1.97,33.53807830810547,2.094614110838479,76,4,0,1,1,1,1,0
197,1.98,33.6253547668457,2.0399254833938065,76,4,0,1,1,1,1,0
198,1.99,33.496604919433594,1.7940214434276942,76,4,0,1,1,1,1,0
199,2.0,33.273963928222656,2.0046236152104386,76,4,0,1,1,1,1,0
200,2.01,32.86882781982422,2.1328134465169093,76,4,0,1,1,1,1,0
201,2.02,33.13093948364258,1.847942315665947,76,4,0,1,1,1,1,0
202,2.03,33.27885055541992,2.3943496012155108,76,4,0,1,1,1,1,0
203,2.04,33.23259353637695,1.924266801199042,76,4,0,1,1,1,1,0
204,2.05,33.20381546020508,1.8160117624381418,76,4,0,1,1,1,1,0
205,2.06,33.124107360839844,1.7136532313939756,76,3,0,0,1,1,1,0
206,2.07,33.1529655456543,1.7738417422063701,76,4,0,1,1,1,1,0
207,2.08,33.2121696472168,1.7283818459912363,76,4,0,1,1,1,1,0
208,2.09,33.1968879699707,1.7979135925155083,76,4,0,1,1,1,1,0
209,2.1,33.26155471801758,1.8992861448781841,76,4,0,1,1,1,1,0
210,2.11,33.31707763671875,1.9030768479651277,76,4,0,1,1,1,1,0
211,2.12,33.28357696533203,1.8389143602083962,76,4,0,1,1,1,1,0
212,2.13,33.186954498291016,1.9076909864870544,76,4,0,1,1,1,1,0
213,2.14,33.60342788696289,1.9576742137249012,76,4,0,1,1,1,1,0
214,2.15,33.56285095214844,1.892085042843573,76,4,0,1,1,1,1,0
215,2.16,33.702430725097656,1.7808140836881439,76,4,0,1,1,1,1,0
216,2.17,33.74834060668945,2.003054311486134,76,4,0,1,1,1,1,0
217,2.18,33.683074951171875,1.7701450741122986,76,4,0,1,1,1,1,0
218,2.19,33.55736541748047,1.8440504422987358,76,4,0,1,1,1,1,0
219,2.2,33.585975646972656,2.0248680218700255,76,4,0,1,1,1,1,0
220,2.21,33.922760009765625,1.9246578168116484,76,4,0,1,1,1,1,0
221,2.22,33.949066162109375,1.9599500268312382,76,4,0,1,1,1,1,0
222,2.23,34.01025390625,1.902524914372928,76,4,0,1,1,1,1,0
223,2.24,34.39098358154297,1.8866647774728382,76,4,0,1,1,1,1,0
224,2.25,34.25752639770508,1.7523783677985763,76,4,0,1,1,1,1,0
225,2.26,33.905967712402344,1.972283085069263,76,4,0,1,1,1,1,0
226,2.27,33.93781661987305,1.7782022651875438,76,4,0,1,1,1,1,0
227,2.28,33.80964660644531,1.6857952932951614,76,4,0,1,1,1,1,0
228,2.29,33.77043151855469,1.9150487478275502,76,4,0,1,1,1,1,0
229,2.3,33.671443939208984,1.7373845079871515,76,4,0,1,1,1,1,0
230,2.31,34.0922966003418,1.7526599840464885,76,4,0,1,1,1,1,0
231,2.32,33.68863296508789,1.8455644185733602,76,4,0,1,1,1,1,0
232,2.33,33.7948112487793,1.7813753262556216,76,4,0,1,1,1,1,0
233,2.34,33.790679931640625,1.8507552144743853,76,4,0,1,1,1,1,0
234,2.35,33.554832458496094,1.6924497971691024,76,4,0,1,1,1,1,0
235,2.36,33.408477783203125,1.6378342614930466,76,4,0,1,1,1,1,0
236,2.37,33.404850006103516,1.9662389445741555,76,4,0,1,1,1,1,0
237,2.38,33.47451400756836,1.8623892691061703,76,4,0,1,1,1,1,0
238,2.39,33.22467803955078,1.8626323744076083,76,4,0,1,1,1,1,0
239,2.4,33.46110534667969,1.8040533391104572,76,4,0,1,1,1,1,0
240,2.41,33.390830993652344,1.9681003532016366,76,4,0,1,1,1,1,0
241,2.42,33.544715881347656,1.7876745443521316,76,4,0,1,1,1,1,0
242,2.43,33.601375579833984,1.704056077934396,76,4,0,1,1,1,1,0
243,2.44,33.56051254272461,2.0365168668848947,76,4,0,1,1,1,1,0
244,2.45,33.329254150390625,1.7210453334586613,76,4,0,1,1,1,1,0
245,2.46,33.55555725097656,1.6972917917303403,76,4,0,1,1,1,1,0
246,2.47,33.732852935791016,1.8375251238933767,76,4,0,1,1,1,1,0
247,2.48,33.75188064575195,1.893486338782265,76,4,0,1,1,1,1,0
248,2.49,33.784000396728516,1.7546799327155822,76,4,0,1,1,1,1,0
249,2.5,33.54486083984375,1.7201734428815052,76,4,0,1,1,1,1,0
250,2.51,33.86398696899414,1.8866626746663901,76,4,0,1,1,1,1,0
251,2.52,33.7344856262207,1.8913012414162944,76,4,0,1,1,1,1,0
252,2.53,33.715484619140625,1.9403374494484895,76,5,1,1,1,1,1,0
253,2.54,33.56739044189453,1.938171963247899,76,4,0,1,1,1,1,0
254,2.55,33.2069091796875,2.0797369482544696,76,4,0,1,1,1,1,0
255,2.56,33.39396667480469,1.8629501859741908,76,4,0,1,1,1,1,0
256,2.57,33.47294235229492,1.732453779125514,76,4,0,1,1,1,1,0
257,2.58,33.58354949951172,2.0541425504214397,76,4,0,1,1,1,1,0
258,2.59,33.27229690551758,1.8337650785788668,76,5,1,1,1,1,1,0
259,2.6,33.5035285949707,2.0659842772755885,76,4,0,1,1,1,1,0
260,2.61,33.56105422973633,1.8082088396532445,76,4,0,1,1,1,1,0
261,2.62,33.87094497680664,1.8580091605770037,76,4,0,1,1,1,1,0
262,2.63,33.85646057128906,1.8640231645052923,76,4,0,1,1,1,1,0
263,2.64,33.62462615966797,2.025517142127355,76,5,1,1,1,1,1,0
264,2.65,33.229393005371094,1.7813196789422492,76,4,0,1,1,1,1,0
265,2.66,33.08989334106445,2.0284464554409483,76,4,0,1,1,1,1,0
266,2.67,33.30788803100586,1.819174392738331,76,4,0,1,1,1,1,0
267,2.68,33.420616149902344,2.066373541728408,76,4,0,1,1,1,1,0
268,2.69,33.21772003173828,1.974538988608056,76,4,0,1,1,1,1,0
269,2.7,33.1081428527832,1.8376903384501868,76,4,0,1,1,1,1,0
270,2.71,32.88405227661133,1.838833064857699,76,4,0,1,1,1,1,0
271,2.72,32.86214828491211,1.8578699873605884,76,4,0,1,1,1,1,0
272,2.73,33.189170837402344,1.9761818324772087,76,4,0,1,1,1,1,0
273,2.74,33.05430221557617,1.8542085292768011,76,4,0,1,1,1,1,0
274,2.75,32.8082275390625,1.9998004768069648,76,4,0,1,1,1,1,0
275,2.76,33.00065231323242,1.9380635694381774,76,3,0,0,1,1,1,0
276,2.77,32.645606994628906,1.8597574276846198,76,3,0,0,1,1,1,0
277,2.78,32.72731399536133,1.9176558609042462,76,3,0,0,1,1,1,0
278,2.79,32.80042266845703,1.9137683925877356,76,4,0,1,1,1,1,0
279,2.8,32.57949447631836,1.8281460936540395,76,4,0,1,1,1,1,0
280,2.81,32.65110397338867,2.0617684382738384,76,4,0,1,1,1,1,0
281,2.82,32.67700958251953,1.9646359902000543,76,4,0,1,1,1,1,0
282,2.83,32.651065826416016,1.8254347852590405,76,4,0,1,1,1,1,0
283,2.84,32.74371337890625,1.7698843509831945,76,3,0,0,1,1,1,0
284,2.85,32.93943405151367,2.0178708463846515,76,4,0,1,1,1,1,0
285,2.86,32.33161163330078,1.7535372863257312,76,4,0,1,1,1,1,0
286,2.87,32.55609893798828,1.9652230949042644,76,4,0,1,1,1,1,0
287,2.88,33.068511962890625,2.092679316089222,76,3,0,0,1,1,1,0
288,2.89,32.92439270019531,1.82178475200039,76,3,0,0,1,1,1,0
289,2.9,32.644676208496094,1.8703454996948807,76,4,0,1,1,1,1,0
290,2.91,32.62464141845703,1.9490746071790053,76,3,0,0,1,1,1,0
291,2.92,32.62663650512695,1.8472708024957316,76,4,0,1,1,1,1,0
292,2.93,32.80116653442383,1.9236689417029964,76,3,0,0,1,1,1,0
293,2.94,32.966468811035156,2.0312790352531147,76,3,0,0,1,1,1,0
294,2.95,33.06222915649414,1.9126154383350897,76,3,0,0,1,1,1,0
295,2.96,33.02755355834961,1.885658850848981,76,3,0,0,1,1,1,0
296,2.97,33.099853515625,1.9220276663918552,76,3,0,0,1,1,1,0
297,2.98,32.72355651855469,1.7718105844618603,76,3,0,0,1,1,1,0
298,2.99,32.97867965698242,1.696176641090357,76,3,0,0,1,1,1,0
299,3.0,33.0536994934082,2.087340253556936,76,3,0,0,1,1,1,0
300,3.01,32.975914001464844,2.0293130729063136,76,3,0,0,1,1,1,0
301,3.02,33.03726577758789,1.7344192517981405,76,3,0,0,1,1,1,0
302,3.03,33.103485107421875,1.91054972142677,76,3,0,0,1,1,1,0
303,3.04,32.88054275512695,1.910338060113258,76,3,0,0,1,1,1,0
304,3.05,33.02421569824219,1.845533780261983,76,3,0,0,1,1,1,0
305,3.06,33.031028747558594,1.9018152163050777,76,3,0,0,1,1,1,0
306,3.07,32.944881439208984,2.0650430492904834,76,3,0,0,1,1,1,0
307,3.08,33.00462341308594,1.9197974447976691,76,3,0,0,1,1,1,0
308,3.09,33.08208084106445,1.8677248491319451,76,3,0,0,1,1,1,0
309,3.1,32.818904876708984,1.7385620445631382,76,3,0,0,1,1,1,0
310,3.11,32.918785095214844,1.9342458583165016,76,3,0,0,1,1,1,0
311,3.12,32.872440338134766,1.7244674001991556,76,3,0,0,1,1,1,0
312,3.13,32.636199951171875,2.1411669749010698,76,4,0,1,1,1,1,0
313,3.14,32.88907241821289,1.811127969392129,76,4,0,1,1,1,1,0
314,3.15,32.57638168334961,1.979342895288864,76,4,0,1,1,1,1,0
315,3.16,32.92140197753906,1.8648619670809279,76,3,0,0,1,1,1,0
316,3.17,32.976158142089844,1.7651628275430222,76,4,0,1,1,1,1,0
317,3.18,33.092323303222656,1.8790189870065899,76,3,0,0,1,1,1,0
318,3.19,32.814640045166016,1.8157930517414762,76,4,0,1,1,1,1,0
319,3.2,32.77661895751953,2.049240628918746,76,4,0,1,1,1,1,0
320,3.21,33.18851089477539,1.9636986847351352,76,3,0,0,1,1,1,0
321,3.22,32.95589828491211,1.832400069487596,76,3,0,0,1,1,1,0
322,3.23,33.139766693115234,1.9632637689538661,76,3,0,0,1,1,1,0
323,3.24,33.1975212097168,1.7774140559600464,76,4,0,1,1,1,1,0
324,3.25,32.90675735473633,1.8737125348722738,76,4,0,1,1,1,1,0
325,3.26,32.91117477416992,2.2076503100327587,76,3,0,0,1,1,1,0
326,3.27,32.800079345703125,1.866257186856278,76,4,0,1,1,1,1,0
327,3.28,32.64339065551758,1.9251541940074313,76,4,0,1,1,1,1,0
328,3.29,32.64160919189453,2.091554149670009,76,4,0,1,1,1,1,0
329,3.3,32.756160736083984,1.7307194443236371,76,4,0,1,1,1,1,0
330,3.31,32.8045768737793,1.8115733134218501,76,4,0,1,1,1,1,0
331,3.32,32.833580017089844,1.861987615170411,76,4,0,1,1,1,1,0
332,3.33,32.864952087402344,1.9357183837099716,76,4,0,1,1,1,1,0
333,3.34,32.705387115478516,1.9160865199387012,76,4,0,1,1,1,1,0
334,3.35,32.850040435791016,1.7037000731395993,76,4,0,1,1,1,1,0
335,3.36,32.75828170776367,1.8201623923876402,76,4,0,1,1,1,1,0
336,3.37,32.580692291259766,1.8993968721132228,76,4,0,1,1,1,1,0
337,3.38,32.37139892578125,1.9470474348087765,76,4,0,1,1,1,1,0
338,3.39,32.51026153564453,1.7218859158450057,76,4,0,1,1,1,1,0
339,3.4,32.74582290649414,1.9437081266842504,76,4,0,1,1,1,1,0
340,3.41,32.6876106262207,1.9167926654505925,76,4,0,1,1,1,1,0
341,3.42,32.56754684448242,1.8870337817691993,76,4,0,1,1,1,1,0
342,3.43,32.75788116455078,1.8449117094607193,76,4,0,1,1,1,1,0
343,3.44,33.28913497924805,1.8728869840222195,76,4,0,1,1,1,1,0
344,3.45,33.25815200805664,1.9161437680163769,76,4,0,1,1,1,1,0
345,3.46,33.364620208740234,1.8115492177271766,76,4,0,1,1,1,1,0
346,3.47,33.502586364746094,1.8339276157772322,76,4,0,1,1,1,1,0
347,3.48,33.41621398925781,1.9545296230495532,76,4,0,1,1,1,1,0
348,3.49,33.259273529052734,1.7704814484591997,76,4,0,1,1,1,1,0
349,3.5,33.178924560546875,1.9451486753309961,76,5,0,1,1,1,1,1
350,3.51,33.13724136352539,1.8384221144750936,76,5,0,1,1,1,1,1
351,3.52,33.410179138183594,1.7694624969475228,76,4,0,1,1,1,1,0
352,3.53,33.42306137084961,1.8750246368941885,76,4,0,1,1,1,1,0
353,3.54,33.07997131347656,1.827919214183358,76,4,0,1,1,1,1,0
354,3.55,33.213104248046875,1.8173868556065107,76,4,0,1,1,1,1,0
355,3.56,33.37712860107422,1.930412969342878,76,4,0,1,1,1,1,0
356,3.57,33.424964904785156,1.9022372435544006,76,4,0,1,1,1,1,0
357,3.58,32.946922302246094,1.7536807370013052,76,4,0,1,1,1,1,0
358,3.59,32.927425384521484,1.9579056242844173,76,4,0,1,1,1,1,0
359,3.6,33.437870025634766,1.8870820262113317,76,4,0,1,1,1,1,0
360,3.61,33.30006408691406,1.7901389936490293,76,4,0,1,1,1,1,0
361,3.62,33.263031005859375,1.7575552155495286,76,4,0,1,1,1,1,0
362,3.63,32.901397705078125,1.7336690409499658,76,4,0,1,1,1,1,0
363,3.64,33.22637939453125,1.815572759882347,76,4,0,1,1,1,1,0
364,3.65,33.41933822631836,1.777781977229796,76,4,0,1,1,1,1,0
365,3.66,33.283203125,1.8921151692864375,76,4,0,1,1,1,1,0
366,3.67,33.28959274291992,1.6682026768061797,76,4,0,1,1,1,1,0
367,3.68,33.03043746948242,1.7768246340120337,76,4,0,1,1,1,1,0
368,3.69,33.10591125488281,1.80164036753269,76,4,0,1,1,1,1,0
369,3.7,33.02724075317383,1.8463191539779575,76,4,0,1,1,1,1,0
370,3.71,33.03373718261719,1.824447884433951,76,5,0,1,1,1,1,1
371,3.72,33.13941955566406,1.8196126311868603,76,3,0,0,1,1,1,0
372,3.73,32.72159957885742,1.8133396694649009,76,4,0,1,1,1,1,0
373,3.74,32.72053146362305,1.7681083752365847,76,4,0,1,1,1,1,0
374,3.75,32.750736236572266,1.686560873305436,76,4,0,1,1,1,1,0
375,3.76,32.4153938293457,1.693335399386113,76,5,0,1,1,1,1,1
376,3.77,32.84695053100586,1.954839421774545,76,5,0,1,1,1,1,1
377,3.78,32.82453155517578,1.6753522141677497,76,5,0,1,1,1,1,1
378,3.79,32.83415985107422,1.8629276967401327,76,5,0,1,1,1,1,1
379,3.8,32.84548568725586,1.8567992055723053,76,4,0,1,1,1,1,0
380,3.81,33.04172134399414,1.715115841895708,76,4,0,1,1,1,1,0
381,3.82,32.84449768066406,2.0321853961107905,76,4,0,1,1,1,1,0
382,3.83,32.94418716430664,1.7806205987818438,76,4,0,1,1,1,1,0
383,3.84,32.99070358276367,1.9173183222872185,76,4,0,1,1,1,1,0
384,3.85,33.03458023071289,1.8392963872128256,76,4,0,1,1,1,1,0
385,3.86,32.79536437988281,2.1088826414723227,76,4,0,1,1,1,1,0
386,3.87,33.24740219116211,1.8352906365444892,76,4,0,1,1,1,1,0
387,3.88,32.9693603515625,1.749002863592838,76,5,0,1,1,1,1,1
388,3.89,32.875362396240234,1.8931764340800168,76,4,0,1,1,1,1,0
389,3.9,32.90471649169922,1.8817285788516538,76,5,0,1,1,1,1,1
390,3.91,32.69306945800781,1.6687044603258518,76,5,0,1,1,1,1,1
391,3.92,32.8687858581543,1.8580369857568366,76,4,0,1,1,1,1,0
392,3.93,32.721107482910156,1.7749390738386341,76,4,0,1,1,1,1,0
393,3.94,32.62519836425781,1.7406643320611124,76,4,0,1,1,1,1,0
394,3.95,32.566917419433594,1.8732045627402514,76,3,0,0,1,1,1,0
395,3.96,32.56899642944336,1.7495971233424712,76,4,0,1,1,1,1,0
396,3.97,32.848846435546875,1.8077924892250086,76,3,0,0,1,1,1,0
397,3.98,33.17775344848633,1.815653310859301,76,3,0,0,1,1,1,0
398,3.99,32.642635345458984,1.7733850298556368,76,4,0,1,1,1,1,0
399,4.0,32.705833435058594,1.840516853719134,76,4,0,1,1,1,1,0
400,4.01,32.526336669921875,1.6393015830488438,76,4,0,1,1,1,1,0
401,4.02,32.836238861083984,1.892989174289096,76,5,0,1,1,1,1,1
402,4.03,32.64543151855469,1.8589539833277906,76,4,0,0,1,1,1,1
403,4.04,32.5024299621582,1.7803924410824328,76,4,0,1,1,1,1,0
404,4.05,32.700923919677734,1.860160116876099,76,4,0,1,1,1,1,0
405,4.06,32.62259292602539,2.031598391097613,76,3,0,0,1,1,1,0
406,4.07,32.47440719604492,1.8591678012897455,76,4,0,1,1,1,1,0
407,4.08,32.32429122924805,1.7879822048996856,76,4,0,1,1,1,1,0
408,4.09,32.468475341796875,1.829779101109986,76,4,0,1,1,1,1,0
409,4.1,32.676876068115234,1.8342593643909164,76,5,0,1,1,1,1,1
410,4.11,32.432743072509766,1.8840367534985432,76,5,0,1,1,1,1,1
411,4.12,32.26093292236328,1.8210200995317052,76,4,0,1,1,1,1,0
412,4.13,32.58380126953125,1.7324555406505042,76,5,0,1,1,1,1,1
413,4.14,32.57545852661133,1.8111338668907861,76,5,0,1,1,1,1,1
414,4.15,32.59102249145508,1.8392965946055062,76,4,0,1,1,1,1,0
415,4.16,32.56416320800781,1.742730193295377,76,4,0,1,1,1,1,0
416,4.17,32.549583435058594,1.7881240655963557,76,5,0,1,1,1,1,1
417,4.18,32.76995849609375,1.8522937432353943,76,4,0,1,1,1,1,0
418,4.19,32.53670883178711,1.7854435721682542,76,3,0,0,1,1,1,0
419,4.2,32.57820510864258,1.7390228132311651,76,4,0,0,1,1,1,1
420,4.21,32.46570587158203,1.658764379785221,76,5,0,1,1,1,1,1
421,4.22,32.26055908203125,1.9050999973124536,76,4,0,1,1,1,1,0
422,4.23,32.54045486450195,1.8082810272454337,76,5,0,1,1,1,1,1
423,4.24,32.701011657714844,1.7364288005198014,76,5,0,1,1,1,1,1
424,4.25,32.64258575439453,1.758296601744499,76,4,0,1,1,1,1,0
425,4.26,32.95637130737305,1.8737638503317096,76,5,0,1,1,1,1,1
426,4.27,32.9182014465332,1.6894038215449891,76,4,0,1,1,1,1,0
427,4.28,32.86614227294922,1.7290745953581868,76,4,0,1,1,1,1,0
428,4.29,32.84861755371094,1.8470195413008481,76,4,0,1,1,1,1,0
429,4.3,32.38734436035156,1.7247643669819768,76,5,0,1,1,1,1,1
430,4.31,32.30153274536133,1.7786284162268768,76,5,0,1,1,1,1,1
431,4.32,32.3873291015625,1.8751813600449656,76,4,0,0,1,1,1,1
432,4.33,32.6608772277832,1.7488299468131214,76,4,0,1,1,1,1,0
433,4.34,32.921607971191406,1.9121994520415555,76,5,0,1,1,1,1,1
434,4.35,32.87701416015625,1.9202899332600212,76,4,0,1,1,1,1,0
435,4.36,32.708309173583984,1.8494076546597427,76,3,0,0,1,1,1,0
436,4.37,32.945987701416016,1.9125331071042528,76,5,0,1,1,1,1,1
437,4.38,32.82817077636719,1.9819495411846197,76,5,0,1,1,1,1,1
438,4.39,32.915775299072266,1.8280313010274885,76,4,0,0,1,1,1,1
439,4.4,32.69239807128906,1.974285485936096,76,5,0,1,1,1,1,1
440,4.41,32.64437484741211,1.834391719606717,76,5,0,1,1,1,1,1
441,4.42,32.868995666503906,1.8040812564063968,76,5,0,1,1,1,1,1
442,4.43,32.997352600097656,1.833738320490363,76,5,0,1,1,1,1,1
443,4.44,32.77418899536133,1.7794687074048383,76,4,0,1,1,1,1,0
444,4.45,33.17897033691406,1.8772581104657433,76,3,0,0,1,1,1,0
445,4.46,33.06036376953125,1.8079222877899466,76,4,0,1,1,1,1,0
446,4.47,33.28310775756836,1.7480853531124885,76,4,0,1,1,1,1,0
447,4.48,32.82596969604492,1.8594053167013926,76,4,0,1,1,1,1,0
448,4.49,32.797203063964844,1.7934324597849487,76,4,0,1,1,1,1,0
449,4.5,32.78797912597656,1.754392052363567,76,5,0,1,1,1,1,1
450,4.51,32.6197395324707,1.7696355964041544,76,5,0,1,1,1,1,1
451,4.52,32.626827239990234,1.8445877913172197,76,5,0,1,1,1,1,1
452,4.53,32.65377426147461,1.8052464620753816,76,5,0,1,1,1,1,1
453,4.54,32.71894454956055,1.8923535083443481,76,4,0,1,1,1,1,0
454,4.55,32.655250549316406,1.6791056023314972,76,4,0,1,1,1,1,0
455,4.56,32.510013580322266,1.7535658990844902,76,4,0,1,1,1,1,0
456,4.57,32.521427154541016,1.7352233197727711,76,4,0,1,1,1,1,0
457,4.58,32.80646514892578,1.8418166638016766,76,4,0,1,1,1,1,0
458,4.59,32.8897705078125,1.6237602194813,76,4,0,1,1,1,1,0
459,4.6,32.78676986694336,2.041717490716848,76,3,0,0,1,1,1,0
460,4.61,32.82049560546875,1.689410189127114,76,4,0,1,1,1,1,0
461,4.62,32.60299301147461,1.8301864896078361,76,4,0,1,1,1,1,0
462,4.63,32.58793640136719,1.7491755888146512,76,4,0,1,1,1,1,0
463,4.64,32.62317657470703,1.7746533836208647,76,4,0,1,1,1,1,0
464,4.65,32.56733703613281,1.8107695201032792,76,5,0,1,1,1,1,1
465,4.66,32.80848693847656,1.6770493453805038,76,4,0,1,1,1,1,0
466,4.67,32.42867660522461,1.8279501685941093,76,4,0,1,1,1,1,0
467,4.68,32.538291931152344,1.7089182380157457,76,4,0,1,1,1,1,0
468,4.69,32.416526794433594,1.8720322093727852,76,4,0,1,1,1,1,0
469,4.7,32.521358489990234,1.6347141111634147,76,5,0,1,1,1,1,1
470,4.71,32.58366012573242,1.6963484486057623,76,4,0,1,1,1,1,0
471,4.72,32.696842193603516,1.8269356599637079,76,3,0,0,1,1,1,0
472,4.73,32.20362854003906,1.8249647455962554,76,5,0,1,1,1,1,1
473,4.74,32.2672004699707,1.7442522255952855,76,4,0,1,1,1,1,0
474,4.75,32.330726623535156,1.896601073747503,76,5,0,1,1,1,1,1
475,4.76,32.557823181152344,1.7067498203880052,76,4,0,1,1,1,1,0
476,4.77,32.595603942871094,1.8515141179106864,76,4,0,1,1,1,1,0
477,4.78,32.6630973815918,1.7968290389873247,76,4,0,0,1,1,1,1
478,4.79,32.94914245605469,1.689320637870464,76,4,0,1,1,1,1,0
479,4.8,32.57598876953125,1.7318476676664658,76,5,0,1,1,1,1,1
480,4.81,32.7754020690918,1.7861139338347778,76,4,0,1,1,1,1,0
481,4.82,32.987911224365234,1.8745136828648563,76,3,0,0,1,1,1,0
482,4.83,32.88418197631836,1.991180226360927,76,4,0,1,1,1,1,0
483,4.84,32.768699645996094,1.7972445756232278,76,4,0,1,1,1,1,0
484,4.85,33.010643005371094,2.0266438052983307,76,4,0,1,1,1,1,0
485,4.86,32.723411560058594,1.7893529300107813,76,4,0,1,1,1,1,0
486,4.87,32.818477630615234,1.802722111112927,76,4,0,1,1,1,1,0
487,4.88,32.62285614013672,1.7576353869228556,76,4,0,1,1,1,1,0
488,4.89,32.81328201293945,1.784600386994392,76,4,0,1,1,1,1,0
489,4.9,32.609928131103516,1.8806622333113934,76,5,0,1,1,1,1,1
490,4.91,32.5022087097168,1.8045465465162924,76,5,0,1,1,1,1,1
491,4.92,32.467987060546875,1.862469863961569,76,5,0,1,1,1,1,1
492,4.93,32.829952239990234,1.9117056376092745,76,4,0,0,1,1,1,1
493,4.94,32.7409782409668,1.8998104611406108,76,5,0,1,1,1,1,1
494,4.95,32.87166213989258,1.8304926316581254,76,5,0,1,1,1,1,1
495,4.96,32.743263244628906,1.8105721993141928,76,5,0,1,1,1,1,1
496,4.97,32.94609832763672,1.8195902981615697,76,5,0,1,1,1,1,1
497,4.98,32.897891998291016,1.8191463086416515,76,4,0,0,1,1,1,1
498,4.99,32.98933410644531,1.7302913927609287,76,5,0,1,1,1,1,1
499,5.0,33.08808517456055,1.7980554546442251,76,4,0,1,1,1,1,0
500,5.01,32.62846755981445,1.8334660160074518,76,4,0,1,1,1,1,0
501,5.02,32.60858917236328,1.7946846900232896,76,5,0,1,1,1,1,1
502,5.03,32.62818908691406,1.7298814783704444,76,4,0,1,1,1,1,0
503,5.04,32.616825103759766,1.900529960210051,76,4,0,1,1,1,1,0
504,5.05,32.80216598510742,1.9070926512338582,76,4,0,1,1,1,1,0
505,5.06,32.98255157470703,1.8962596465077395,76,4,0,1,1,1,1,0
506,5.07,32.69451141357422,1.8959170712722784,76,5,0,1,1,1,1,1
507,5.08,32.78556823730469,1.7604536963153503,76,4,0,1,1,1,1,0
508,5.09,32.77638244628906,1.813115565936106,76,4,0,1,1,1,1,0
509,5.1,32.80934524536133,1.8163755407464501,76,4,0,1,1,1,1,0
510,5.11,32.652008056640625,1.777661593326572,76,4,0,1,1,1,1,0
511,5.12,32.80982971191406,1.8385889082728024,76,4,0,1,1,1,1,0
512,5.13,32.933937072753906,1.8802378589277242,76,4,0,0,1,1,1,1
513,5.14,32.79085922241211,1.8425568214617563,76,4,0,1,1,1,1,0
514,5.15,32.58869171142578,1.7609357998989903,76,4,0,1,1,1,1,0
515,5.16,32.17832565307617,1.783647601715327,76,4,0,1,1,1,1,0
516,5.17,32.533103942871094,1.741322834057542,76,4,0,1,1,1,1,0
517,5.18,32.596595764160156,1.7813739985725665,76,4,0,1,1,1,1,0
518,5.19,32.326786041259766,1.7165660281048736,76,4,0,1,1,1,1,0
519,5.2,32.2977409362793,1.668681799254498,76,4,0,1,1,1,1,0
520,5.21,32.55338668823242,1.7761472440698485,76,4,0,1,1,1,1,0
521,5.22,32.637481689453125,1.9821735374077591,76,4,0,1,1,1,1,0
522,5.23,32.854244232177734,1.950002151881411,76,3,0,0,1,1,1,0
523,5.24,32.54033660888672,1.7044099492706202,76,4,0,1,1,1,1,0
524,5.25,32.55046844482422,1.8756127970077805,76,3,0,0,1,1,1,0
525,5.26,32.46453094482422,1.7243541784585585,76,4,0,1,1,1,1,0
526,5.27,32.83913803100586,1.7313854742395673,76,5,0,1,1,1,1,1
527,5.28,32.531917572021484,1.7240374202055966,76,4,0,0,1,1,1,1
528,5.29,32.53974533081055,1.7263522796986421,76,4,0,1,1,1,1,0
529,5.3,32.63024139404297,1.7420115101764742,76,5,0,1,1,1,1,1
530,5.31,32.888336181640625,1.8813803162952631,76,4,0,1,1,1,1,0
531,5.32,32.71647262573242,1.8240106404058474,76,4,0,1,1,1,1,0
532,5.33,32.77188491821289,1.6471516080381587,76,5,0,1,1,1,1,1
533,5.34,33.182682037353516,1.7537636739310736,76,4,0,1,1,1,1,0
534,5.35,32.85773468017578,1.8824968663737958,76,4,0,0,1,1,1,1
535,5.36,33.01822280883789,1.7554788711080853,76,5,0,1,1,1,1,1
536,5.37,32.829715728759766,1.7447034016490819,76,5,0,1,1,1,1,1
537,5.38,32.824424743652344,1.8834553962827152,76,4,0,1,1,1,1,0
538,5.39,32.67779541015625,1.7650479154141445,76,4,0,1,1,1,1,0
539,5.4,32.48519515991211,1.8061591241845727,76,4,0,1,1,1,1,0
540,5.41,32.745521545410156,1.8784083507482243,76,4,0,1,1,1,1,0
541,5.42,32.53933334350586,1.8206859176423098,76,5,0,1,1,1,1,1
542,5.43,32.70887756347656,1.751109265841647,76,5,0,1,1,1,1,1
543,5.44,32.691490173339844,1.8444533963502643,76,4,0,1,1,1,1,0
544,5.45,32.84711837768555,1.710263628356465,76,5,0,1,1,1,1,1
545,5.46,32.88947296142578,1.7647967931125463,76,4,0,1,1,1,1,0
546,5.47,32.84992599487305,1.8206874261827162,76,4,0,1,1,1,1,0
547,5.48,32.45011901855469,1.88162023811412,76,5,0,1,1,1,1,1
548,5.49,32.83544921875,1.9139004714630796,76,4,0,1,1,1,1,0
549,5.5,32.80918884277344,1.7529719619788717,76,4,0,1,1,1,1,0
550,5.51,33.057533264160156,1.7456834957467144,76,4,0,1,1,1,1,0
551,5.52,33.02233123779297,1.7058452356961662,76,4,0,1,1,1,1,0
552,5.53,33.067718505859375,1.7054337401262631,76,4,0,1,1,1,1,0
553,5.54,33.03923797607422,1.779835089434731,76,3,0,0,1,1,1,0
554,5.55,32.52494812011719,1.6533952485125807,76,5,0,1,1,1,1,1
555,5.56,32.86423873901367,1.9228376543006775,76,4,0,1,1,1,1,0
556,5.57,32.44919204711914,1.8410027790055825,76,5,0,1,1,1,1,1
557,5.58,32.6793212890625,1.7470851588119825,76,5,0,1,1,1,1,1
558,5.59,32.497581481933594,1.7060797628951012,76,4,0,1,1,1,1,0
559,5.6,32.61696243286133,1.7385907501875357,76,5,0,1,1,1,1,1
560,5.61,32.563323974609375,1.8354839075683123,76,5,0,1,1,1,1,1
561,5.62,32.82770538330078,1.9550444115541052,76,4,0,1,1,1,1,0
562,5.63,33.12963104248047,1.8434201522381128,76,4,0,1,1,1,1,0
563,5.64,32.85507583618164,1.8214285255773202,76,5,0,1,1,1,1,1
564,5.65,32.886436462402344,1.9479714994471808,76,4,0,1,1,1,1,0
565,5.66,33.17501449584961,1.85272845096902,76,4,0,1,1,1,1,0
566,5.67,33.27322006225586,1.8640532942640875,76,4,0,1,1,1,1,0
567,5.68,33.32602310180664,1.7245565199442814,76,4,0,1,1,1,1,0
568,5.69,33.68799591064453,1.701352397856869,76,3,0,0,1,1,1,0
569,5.7,33.43885803222656,1.7189857730724807,76,4,0,1,1,1,1,0
570,5.71,33.6618537902832,1.8048253490100452,76,4,0,1,1,1,1,0
571,5.72,33.335567474365234,1.7810391888039292,76,4,0,1,1,1,1,0
572,5.73,33.24531936645508,1.765617734535723,76,4,0,1,1,1,1,0
573,5.74,33.25664520263672,1.8970241403290182,76,4,0,1,1,1,1,0
574,5.75,33.486732482910156,1.784907936266401,76,4,0,1,1,1,1,0
575,5.76,33.692962646484375,1.7243021332438535,76,4,0,1,1,1,1,0
576,5.77,33.47297286987305,1.819365035583813,76,5,1,1,1,1,1,0
577,5.78,33.49738311767578,1.7841831456141022,76,4,0,1,1,1,1,0
578,5.79,33.712989807128906,1.827621971059436,76,4,0,1,1,1,1,0
579,5.8,33.75914001464844,2.012582877213508,76,4,0,1,1,1,1,0
580,5.81,33.69544219970703,1.7704768591437001,76,4,0,1,1,1,1,0
581,5.82,33.564842224121094,1.7969412182120659,76,4,0,1,1,1,1,0
582,5.83,33.88737487792969,1.8638408758986245,76,5,1,1,1,1,1,0
583,5.84,33.769256591796875,1.5952701925760604,76,5,1,1,1,1,1,0
584,5.85,34.06241226196289,2.013109563232096,76,4,0,1,1,1,1,0
585,5.86,33.76766586303711,1.8681840077574694,76,4,0,1,1,1,1,0
586,5.87,33.86656188964844,1.8872747433946084,76,4,0,1,1,1,1,0
587,5.88,33.623443603515625,1.7217733662697519,76,4,0,1,1,1,1,0
588,5.89,33.714046478271484,1.6871560250581272,76,4,0,1,1,1,1,0
589,5.9,33.64867401123047,1.917653593158915,76,5,1,1,1,1,1,0
590,5.91,33.542022705078125,1.7943825793191668,76,4,0,1,1,1,1,0
591,5.92,33.25450134277344,1.9968711793459022,76,4,0,1,1,1,1,0
592,5.93,33.27276611328125,1.8439629188945545,76,4,0,1,1,1,1,0
593,5.94,33.38592529296875,1.784545673938481,76,3,0,0,1,1,1,0
594,5.95,33.33572006225586,1.7736077226017455,76,4,0,1,1,1,1,0
595,5.96,33.20632553100586,1.755817664103203,76,4,0,1,1,1,1,0
596,5.97,33.37525177001953,1.8848034727703202,76,4,0,1,1,1,1,0
597,5.98,33.520721435546875,1.7222682908974634,76,4,0,1,1,1,1,0
598,5.99,33.211116790771484,1.9066984135758676,76,4,0,1,1,1,1,0
599,6.0,33.85245895385742,1.7773541637892725,76,4,0,1,1,1,1,0
600,6.01,33.796138763427734,1.8721936860462103,76,4,0,1,1,1,1,0
601,6.02,33.434539794921875,2.002920912418714,76,4,0,1,1,1,1,0
602,6.03,33.459693908691406,1.8252934836090833,76,4,0,1,1,1,1,0
603,6.04,33.493995666503906,2.0145007304067897,76,4,0,1,1,1,1,0
604,6.05,33.38364028930664,1.755850715191194,76,4,0,1,1,1,1,0
605,6.06,33.44493865966797,1.7688700372204513,76,4,0,1,1,1,1,0
606,6.07,33.591407775878906,1.696289067458475,76,4,0,1,1,1,1,0
607,6.08,33.045310974121094,1.6989753148320976,76,4,0,1,1,1,1,0
608,6.09,33.310367584228516,1.9177325020001816,76,4,0,1,1,1,1,0
609,6.1,33.2381591796875,1.8525937199541724,76,4,0,1,1,1,1,0
610,6.11,33.37542724609375,1.8530545692436906,76,4,0,1,1,1,1,0
611,6.12,33.49031066894531,1.8644571016317766,76,4,0,1,1,1,1,0
612,6.13,32.91622543334961,1.773862543712756,76,4,0,1,1,1,1,0
613,6.14,33.19908905029297,1.7931490777793786,76,4,0,1,1,1,1,0
614,6.15,33.036521911621094,1.836595059280476,76,4,0,1,1,1,1,0
615,6.16,33.33950424194336,1.7610832617560808,76,5,1,1,1,1,1,0
616,6.17,33.246543884277344,1.6666459223191743,76,4,0,1,1,1,1,0
617,6.18,33.09498977661133,1.792117507978037,76,5,1,1,1,1,1,0
618,6.19,33.431800842285156,1.8708513731092873,76,4,0,1,1,1,1,0
619,6.2,33.36054229736328,2.0485623315752073,76,4,0,1,1,1,1,0
620,6.21,33.124019622802734,1.9151452183328164,76,4,0,1,1,1,1,0
621,6.22,33.261940002441406,1.8840937605983015,76,4,0,1,1,1,1,0
622,6.23,33.354225158691406,1.7631220176970426,76,5,1,1,1,1,1,0
623,6.24,33.39609146118164,1.8223624371412246,76,4,0,1,1,1,1,0
624,6.25,33.18671417236328,1.8059388400554368,76,4,0,1,1,1,1,0
625,6.26,33.10310745239258,1.8907668383710958,76,4,0,1,1,1,1,0
626,6.27,33.201385498046875,1.9744877226717064,76,4,0,1,1,1,1,0
627,6.28,33.30343246459961,1.734988950319724,76,4,0,1,1,1,1,0
628,6.29,33.13261795043945,2.0555754067208145,76,5,1,1,1,1,1,0
629,6.3,33.18455505371094,1.9966688215833384,76,4,0,1,1,1,1,0
630,6.31,33.112022399902344,1.7705127607059845,76,4,0,1,1,1,1,0
631,6.32,33.101417541503906,1.7644810038369436,76,3,0,0,1,1,1,0
632,6.33,32.87858581542969,1.8379108643392859,76,4,0,1,1,1,1,0
633,6.34,32.93405532836914,1.8722678890461806,76,5,1,1,1,1,1,0
634,6.35,33.130043029785156,1.882286813124025,76,4,0,1,1,1,1,0
635,6.36,33.335269927978516,1.7965232332385346,76,5,0,1,1,1,1,1
636,6.37,32.83269119262695,1.8439341779535092,76,4,0,1,1,1,1,0
637,6.38,33.262359619140625,1.6952286944718522,76,4,0,1,1,1,1,0
638,6.39,32.933502197265625,1.6848782132639213,76,4,0,1,1,1,1,0
639,6.4,33.07133865356445,1.8364366841330135,76,5,0,1,1,1,1,1
640,6.41,33.04329299926758,1.989196347468224,76,4,0,1,1,1,1,0
641,6.42,32.97075271606445,1.7413192194173142,76,4,0,1,1,1,1,0
642,6.43,33.20756912231445,1.8198038779475694,76,5,1,1,1,1,1,0
643,6.44,32.940452575683594,1.7242343563513167,76,5,1,1,1,1,1,0
644,6.45,33.45956802368164,1.8224704701466437,76,5,1,1,1,1,1,0
645,6.46,32.98569107055664,1.7682201113264209,76,4,0,1,1,1,1,0
646,6.47,33.12104415893555,1.771217854833793,76,4,0,1,1,1,1,0
647,6.48,32.88766098022461,1.7290712860438346,76,4,0,1,1,1,1,0
648,6.49,33.1417121887207,1.9259001072730288,76,4,0,1,1,1,1,0
649,6.5,33.21680450439453,1.872113367157326,76,4,0,1,1,1,1,0
650,6.51,33.25114822387695,1.8480274419128735,76,4,0,1,1,1,1,0
651,6.52,33.14316177368164,1.8299959526697898,76,4,0,1,1,1,1,0
652,6.53,33.02819061279297,1.7167706873783783,76,4,0,1,1,1,1,0
653,6.54,32.9537239074707,2.033538258895889,76,4,0,1,1,1,1,0
654,6.55,32.96638107299805,1.9264995118788741,76,4,0,1,1,1,1,0
655,6.56,33.154258728027344,2.032413634545785,76,4,0,1,1,1,1,0
656,6.57,32.903602600097656,1.9262895437265903,76,4,0,1,1,1,1,0
657,6.58,32.73535919189453,1.8900269860659402,76,4,0,1,1,1,1,0
658,6.59,32.82791519165039,1.965325837055213,76,4,0,1,1,1,1,0
659,6.6,33.07537078857422,1.756619364175539,76,4,0,1,1,1,1,0
660,6.61,33.010746002197266,1.8312286588197348,76,4,0,1,1,1,1,0
661,6.62,32.911277770996094,1.844725878044339,76,5,1,1,1,1,1,0
662,6.63,32.848876953125,1.744968783489953,76,5,1,1,1,1,1,0
663,6.64,32.61484909057617,1.8471881195477262,76,5,1,1,1,1,1,0
664,6.65,32.484703063964844,1.994390121214439,76,4,0,1,1,1,1,0
665,6.66,32.6621208190918,1.8032485207721969,76,5,1,1,1,1,1,0
666,6.67,32.536746978759766,1.7239486276764564,76,5,1,1,1,1,1,0
667,6.68,32.89793014526367,1.7282990374738492,76,4,0,1,1,1,1,0
668,6.69,32.92095184326172,1.9045722501358213,76,4,0,1,1,1,1,0
669,6.7,32.65171813964844,1.7124219159968268,76,4,0,1,1,1,1,0
670,6.71,33.07126998901367,1.9584162140359076,76,4,0,1,1,1,1,0
671,6.72,32.99824523925781,1.9710412247144433,76,4,0,1,1,1,1,0
672,6.73,32.864749908447266,1.9309302954914775,76,4,0,1,1,1,1,0
673,6.74,32.64131164550781,1.8630348517002813,76,4,0,1,1,1,1,0
674,6.75,32.82268524169922,1.7989460585059585,76,4,0,1,1,1,1,0
675,6.76,32.63792419433594,1.727454045488643,76,4,0,1,1,1,1,0
676,6.77,32.809627532958984,1.6960543559761851,76,4,0,1,1,1,1,0
677,6.78,32.74849319458008,1.8937829530678687,76,4,0,1,1,1,1,0
678,6.79,32.806793212890625,1.9016556129995168,76,4,0,1,1,1,1,0
679,6.8,32.91399383544922,1.8134524891572261,76,4,0,1,1,1,1,0
680,6.81,32.74099349975586,1.7566183652353107,76,4,0,1,1,1,1,0
681,6.82,32.8528938293457,1.9196372301430982,76,4,0,1,1,1,1,0
682,6.83,32.69903564453125,1.7688683982073068,76,3,0,0,1,1,1,0
683,6.84,32.62982940673828,1.7521120616702537,76,3,0,0,1,1,1,0
684,6.85,32.58289337158203,1.9334397026770311,76,4,0,1,1,1,1,0
685,6.86,32.85392379760742,1.8368697242648162,76,3,0,0,1,1,1,0
686,6.87,32.76455307006836,1.7655302985534185,76,3,0,0,1,1,1,0
687,6.88,32.706417083740234,1.8146911358306386,76,3,0,0,1,1,1,0
688,6.89,32.94075012207031,1.8074840007844168,76,4,0,1,1,1,1,0
689,6.9,33.08045959472656,2.007137895091857,76,4,0,1,1,1,1,0
690,6.91,33.29141616821289,1.9270191555845417,76,4,0,1,1,1,1,0
691,6.92,33.443546295166016,1.8781372622409633,76,4,0,1,1,1,1,0
692,6.93,33.00770950317383,2.023116498434058,76,4,0,1,1,1,1,0
693,6.94,33.52397918701172,1.6965224423038419,76,4,0,1,1,1,1,0
694,6.95,33.64959716796875,1.860134558786236,76,3,0,0,1,1,1,0
695,6.96,33.28487014770508,1.802917625110748,76,4,0,1,1,1,1,0
696,6.97,33.154293060302734,1.7688695627593671,76,4,0,1,1,1,1,0
697,6.98,33.40469741821289,1.8439414393594724,76,4,0,1,1,1,1,0
698,6.99,33.20338439941406,1.7459901657766428,76,4,0,1,1,1,1,0
699,7.0,33.26118087768555,1.8684173757534055,76,4,0,1,1,1,1,0
700,7.01,33.34855651855469,1.8146627511241766,76,4,0,1,1,1,1,0
701,7.02,33.280189514160156,1.834149425986015,76,4,0,1,1,1,1,0
702,7.03,33.231536865234375,1.7913959962798573,76,4,0,1,1,1,1,0
703,7.04,33.150020599365234,1.781403577535962,76,4,0,1,1,1,1,0
704,7.05,33.10624313354492,1.847538821751264,76,3,0,0,1,1,1,0
705,7.06,33.069828033447266,1.7163890656205354,76,4,0,1,1,1,1,0
706,7.07,33.42877960205078,1.8063808385914755,76,4,0,1,1,1,1,0
707,7.08,33.27294158935547,1.863062110414945,76,4,0,1,1,1,1,0
708,7.09,33.04463195800781,1.7948008927932098,76,4,0,1,1,1,1,0
709,7.1,32.85137939453125,1.7682530384643134,76,4,0,1,1,1,1,0
710,7.11,33.29841232299805,1.8772846952850575,76,4,0,1,1,1,1,0
711,7.12,32.904640197753906,1.706718969947605,76,4,0,1,1,1,1,0
712,7.13,32.60015869140625,1.7949376665536643,76,4,0,1,1,1,1,0
713,7.14,32.773475646972656,1.8117980709171344,76,4,0,1,1,1,1,0
714,7.15,32.5990104675293,1.8915610657338515,76,4,0,1,1,1,1,0
715,7.16,32.80870056152344,1.894231666879647,76,4,0,1,1,1,1,0
716,7.17,32.569278717041016,1.7672002876600794,76,4,0,1,1,1,1,0
717,7.18,32.784576416015625,1.766494453730235,76,4,0,1,1,1,1,0
718,7.19,33.027442932128906,1.9265786326252223,76,4,0,1,1,1,1,0
719,7.2,33.031585693359375,1.9399490436332925,76,4,0,1,1,1,1,0
720,7.21,33.22106170654297,1.670746413766856,76,4,0,1,1,1,1,0
721,7.22,32.86339569091797,1.7207539321100356,76,4,0,1,1,1,1,0
722,7.23,33.067230224609375,1.8351316083672742,76,4,0,1,1,1,1,0
723,7.24,33.311676025390625,1.7678499842756923,76,4,0,1,1,1,1,0
724,7.25,33.13573455810547,1.8971034447601778,76,4,0,1,1,1,1,0
725,7.26,33.30337142944336,1.8240684360055606,76,4,0,1,1,1,1,0
726,7.27,33.077178955078125,1.8270715314066845,76,4,0,1,1,1,1,0
727,7.28,33.323081970214844,1.7427289456152784,76,4,0,1,1,1,1,0
728,7.29,33.116065979003906,1.775502195000211,76,4,0,1,1,1,1,0
729,7.3,33.13492202758789,1.7233097019287424,76,4,0,1,1,1,1,0
730,7.31,33.38947296142578,1.8717363058814382,76,4,0,1,1,1,1,0
731,7.32,33.44709396362305,1.8409288284663932,76,4,0,1,1,1,1,0
732,7.33,33.058448791503906,1.780196510354785,76,4,0,1,1,1,1,0
733,7.34,32.854530334472656,1.973014429122436,76,4,0,1,1,1,1,0
734,7.35,33.20869064331055,1.7115180334681146,76,4,0,1,1,1,1,0
735,7.36,32.81843948364258,1.6502393662257315,76,4,0,1,1,1,1,0
736,7.37,32.952796936035156,1.7174980001480522,76,4,0,1,1,1,1,0
737,7.38,33.008968353271484,1.7704844218209852,76,4,0,1,1,1,1,0
738,7.39,32.76030731201172,1.8449125985659187,76,4,0,1,1,1,1,0
739,7.4,33.07288360595703,1.9103420139113743,76,4,0,1,1,1,1,0
740,7.41,33.09769821166992,1.7701977325216054,76,4,0,1,1,1,1,0
741,7.42,32.962547302246094,2.078895112535699,76,4,0,1,1,1,1,0
742,7.43,32.716312408447266,1.8729906363770321,76,4,0,1,1,1,1,0
743,7.44,32.68800354003906,2.0859010303797656,76,4,0,1,1,1,1,0
744,7.45,32.865867614746094,1.70029477874005,76,3,0,0,1,1,1,0
745,7.46,32.98230743408203,1.7509458599422913,76,4,0,1,1,1,1,0
746,7.47,32.82726287841797,1.7796051376110724,76,5,1,1,1,1,1,0
747,7.48,32.50435256958008,1.8469723983895356,76,5,1,1,1,1,1,0
748,7.49,32.92585754394531,1.7796945614333601,76,5,1,1,1,1,1,0
749,7.5,32.94652557373047,1.912229880025018,76,5,1,1,1,1,1,0
750,7.51,32.86708068847656,1.9266855936430958,76,5,1,1,1,1,1,0
751,7.52,32.95329666137695,1.7308979610302964,76,5,1,1,1,1,1,0
752,7.53,32.64844512939453,1.8707520679068368,76,5,1,1,1,1,1,0
753,7.54,32.79427719116211,1.6761286407878837,76,5,1,1,1,1,1,0
754,7.55,32.77388000488281,1.8151574050312993,76,5,1,1,1,1,1,0
755,7.56,32.87873458862305,1.8208784762568095,76,4,1,0,1,1,1,0
756,7.57,32.947757720947266,1.8869516281977474,76,5,1,1,1,1,1,0
757,7.58,33.21170425415039,1.975348248262441,76,5,1,1,1,1,1,0
758,7.59,32.94872283935547,1.8319418538386267,76,5,1,1,1,1,1,0
759,7.6,32.94264602661133,1.8247468989250744,76,5,1,1,1,1,1,0
760,7.61,33.08827590942383,1.7929542432063894,76,5,1,1,1,1,1,0
761,7.62,32.9676399230957,1.834829857862454,76,5,1,1,1,1,1,0
762,7.63,32.54994583129883,1.8155197576429984,76,5,1,1,1,1,1,0
763,7.64,32.56427764892578,1.835241633423575,76,5,1,1,1,1,1,0
764,7.65,32.524173736572266,1.7438764427633695,76,5,1,1,1,1,1,0
765,7.66,32.690982818603516,1.7247002134951912,76,5,1,1,1,1,1,0
766,7.67,32.85777282714844,1.6183944431872481,76,5,1,1,1,1,1,0
767,7.68,32.49817657470703,1.8123175504251148,76,5,1,1,1,1,1,0
768,7.69,32.950931549072266,1.7810408808529552,76,5,1,1,1,1,1,0
769,7.7,32.90292739868164,1.8834239768263115,76,5,1,1,1,1,1,0
770,7.71,32.99781036376953,1.7580071220425333,76,5,1,1,1,1,1,0
771,7.72,32.69291687011719,1.7792745616470418,76,5,1,1,1,1,1,0
772,7.73,32.63669204711914,2.0036735968464128,76,5,1,1,1,1,1,0
773,7.74,32.861392974853516,1.8396439282445767,76,5,1,1,1,1,1,0
774,7.75,32.87439727783203,1.8073715894591258,76,5,1,1,1,1,1,0
775,7.76,32.70841598510742,1.7613069250849012,76,5,1,1,1,1,1,0
776,7.77,32.60724639892578,1.7566158461573012,76,5,1,1,1,1,1,0
777,7.78,32.76155090332031,1.733721993141099,76,5,1,1,1,1,1,0
778,7.79,32.926727294921875,1.8522139825061634,76,5,1,1,1,1,1,0
779,7.8,32.88214111328125,1.8050477978423185,76,5,1,1,1,1,1,0
780,7.81,33.232177734375,1.9009738707082742,76,5,1,1,1,1,1,0
781,7.82,33.09499740600586,1.7475738972629724,76,5,1,1,1,1,1,0
782,7.83,32.91536331176758,1.7677935227903083,76,5,1,1,1,1,1,0
783,7.84,32.777652740478516,1.7277997908655713,76,5,1,1,1,1,1,0
784,7.85,33.13481521606445,1.726817013200931,76,5,1,1,1,1,1,0
785,7.86,33.329856872558594,1.8607790785869156,76,5,1,1,1,1,1,0
786,7.87,33.22993850708008,1.7900815943067605,76,5,1,1,1,1,1,0
787,7.88,33.54011917114258,1.7846026100613637,76,5,1,1,1,1,1,0
788,7.89,33.29705810546875,1.675049766600347,76,5,1,1,1,1,1,0
789,7.9,32.98511505126953,1.8181857303318625,76,5,1,1,1,1,1,0
790,7.91,33.182594299316406,1.7819657690197057,76,5,1,1,1,1,1,0
791,7.92,33.259124755859375,1.6894398202175844,76,5,1,1,1,1,1,0
792,7.93,33.08131790161133,1.8243646062234868,76,5,1,1,1,1,1,0
793,7.94,33.27447509765625,1.753565202958839,76,5,1,1,1,1,1,0
794,7.95,33.2024040222168,1.8176389600787606,76,5,1,1,1,1,1,0
795,7.96,33.216068267822266,1.7198484620366596,76,5,1,1,1,1,1,0
796,7.97,33.02873611450195,1.8343938615366369,76,5,1,1,1,1,1,0
797,7.98,33.43009567260742,1.9557343647662293,76,5,1,1,1,1,1,0
798,7.99,33.1176643371582,1.7332923501880884,76,5,1,1,1,1,1,0
799,8.0,33.5937385559082,1.7727079179708802,76,5,1,1,1,1,1,0
800,8.01,33.29875564575195,1.9768936481528694,76,5,1,1,1,1,1,0
801,8.02,33.09648132324219,1.7052314784693774,76,5,1,1,1,1,1,0
802,8.03,32.94085693359375,1.8361412977080047,76,5,1,1,1,1,1,0
803,8.04,32.842899322509766,1.7426984913108918,76,5,1,1,1,1,1,0
804,8.05,33.070556640625,1.7027303880990652,76,5,1,1,1,1,1,0
805,8.06,33.14509201049805,1.8245814740803936,76,5,1,1,1,1,1,0
806,8.07,33.40854263305664,1.8813541340478188,76,5,1,1,1,1,1,0
807,8.08,33.11505126953125,1.715868428739209,76,5,1,1,1,1,1,0
808,8.09,33.24629592895508,1.6977020251339148,76,5,1,1,1,1,1,0
809,8.1,33.32823944091797,1.705309658189105,76,5,1,1,1,1,1,0
810,8.11,33.46173858642578,1.7263268619258711,76,5,1,1,1,1,1,0
811,8.12,33.40568542480469,1.7524299927703453,76,5,1,1,1,1,1,0
812,8.13,33.13956832885742,1.669609877653137,76,5,1,1,1,1,1,0
813,8.14,33.332584381103516,1.760056983722575,76,5,1,1,1,1,1,0
814,8.15,33.32625198364258,1.7822421322184936,76,5,1,1,1,1,1,0
815,8.16,33.13257598876953,1.709214447019197,76,5,1,1,1,1,1,0
816,8.17,33.05437469482422,1.914629444912292,76,5,1,1,1,1,1,0
817,8.18,33.25061798095703,1.769211009418385,76,5,1,1,1,1,1,0
818,8.19,33.21422576904297,1.6646313490132678,76,5,1,1,1,1,1,0
819,8.2,33.41022872924805,1.676778241819811,76,5,1,1,1,1,1,0
820,8.21,33.516357421875,1.7948284651917734,76,5,1,1,1,1,1,0
821,8.22,34.00020217895508,1.810246140411474,76,5,1,1,1,1,1,0
822,8.23,33.590049743652344,1.8968369989603886,76,5,1,1,1,1,1,0
823,8.24,33.373558044433594,1.7974707640102914,76,4,0,1,1,1,1,0
824,8.25,33.398250579833984,1.8224697793964266,76,4,0,1,1,1,1,0
825,8.26,33.337493896484375,1.6788407158849763,76,4,0,1,1,1,1,0
826,8.27,33.563987731933594,1.776906318945413,76,4,0,1,1,1,1,0
827,8.28,33.06809997558594,1.7220019138900113,76,4,0,1,1,1,1,0
828,8.29,33.17615509033203,1.7941304175245223,76,4,0,1,1,1,1,0
829,8.3,33.23616409301758,1.8174147569939245,76,4,0,1,1,1,1,0
830,8.31,33.46839904785156,1.746110941792567,76,4,0,1,1,1,1,0
831,8.32,33.378074645996094,1.713182967508519,76,4,0,1,1,1,1,0
832,8.33,33.054603576660156,1.8775785662890294,76,4,0,1,1,1,1,0
833,8.34,33.030948638916016,1.6767856583516279,76,4,0,1,1,1,1,0
834,8.35,32.8764762878418,1.8179672811785963,76,4,0,1,1,1,1,0
835,8.36,33.03396224975586,1.724757554864339,76,4,0,1,1,1,1,0
836,8.37,32.99290466308594,1.856254602511123,76,5,1,1,1,1,1,0
837,8.38,33.36903762817383,1.67800390188198,76,5,1,1,1,1,1,0
838,8.39,33.646724700927734,1.8118192156735426,76,4,0,1,1,1,1,0
839,8.4,33.22957229614258,1.8141659437041844,76,4,0,1,1,1,1,0
840,8.41,33.11487579345703,1.76669127787296,76,4,0,1,1,1,1,0
841,8.42,33.484066009521484,1.8679149276051874,76,4,0,1,1,1,1,0
842,8.43,33.46818161010742,1.6900364636206269,76,4,0,1,1,1,1,0
843,8.44,33.24185562133789,1.9144975358635978,76,4,0,1,1,1,1,0
844,8.45,33.186866760253906,1.946355205772651,76,3,0,0,1,1,1,0
845,8.46,33.334205627441406,1.8701060692398153,76,5,1,1,1,1,1,0
846,8.47,33.05474853515625,1.6882575601816598,76,5,1,1,1,1,1,0
847,8.48,33.187103271484375,1.7624152863636042,76,5,1,1,1,1,1,0
848,8.49,33.08322525024414,1.8261703860307428,76,5,1,1,1,1,1,0
849,8.5,33.207923889160156,1.7340399961540176,76,5,1,1,1,1,1,0
850,8.51,33.07334899902344,1.7358230661476393,76,5,1,1,1,1,1,0
851,8.52,33.028297424316406,1.8656129851444327,76,5,1,1,1,1,1,0
852,8.53,32.99978256225586,1.7793558125204998,76,5,1,1,1,1,1,0
853,8.54,33.169349670410156,1.7576715941918095,76,5,1,1,1,1,1,0
854,8.55,33.28868865966797,1.7207557499420956,76,5,1,1,1,1,1,0
855,8.56,33.29477310180664,1.8380382246948492,76,5,1,1,1,1,1,0
856,8.57,33.19963836669922,1.6638830595842646,76,5,1,1,1,1,1,0
857,8.58,33.291725158691406,1.7115448301429572,76,5,1,1,1,1,1,0
858,8.59,33.269775390625,1.923049764836954,76,5,1,1,1,1,1,0
859,8.6,33.189456939697266,1.8029157631543795,76,5,1,1,1,1,1,0
860,8.61,33.286231994628906,1.8461069473937286,76,5,1,1,1,1,1,0
861,8.62,33.160667419433594,1.840322950470244,76,5,1,1,1,1,1,0
862,8.63,33.118019104003906,1.836550162077953,76,4,1,0,1,1,1,0
863,8.64,32.93819046020508,1.7938989808576506,76,5,1,1,1,1,1,0
864,8.65,33.17951583862305,1.6942531252359567,76,5,1,1,1,1,1,0
865,8.66,32.92569351196289,1.8072131440939918,76,5,1,1,1,1,1,0
866,8.67,33.242393493652344,1.689999191013678,76,5,1,1,1,1,1,0
867,8.68,33.141292572021484,1.758806414320186,76,5,1,1,1,1,1,0
868,8.69,33.0291633605957,1.7904163750130189,76,5,1,1,1,1,1,0
869,8.7,33.241817474365234,1.7454483890258887,76,5,1,1,1,1,1,0
870,8.71,33.41887664794922,1.8005540969863545,76,5,1,1,1,1,1,0
871,8.72,33.191776275634766,1.8059338972459256,76,5,1,1,1,1,1,0
872,8.73,33.40645980834961,1.8492207072575162,76,5,1,1,1,1,1,0
873,8.74,33.05723190307617,1.8292382986664864,76,5,1,1,1,1,1,0
874,8.75,33.23647689819336,1.9213036045613405,76,5,1,1,1,1,1,0
875,8.76,33.28648376464844,1.8560953563698457,76,5,1,1,1,1,1,0
876,8.77,33.10861587524414,1.8399459258725392,76,5,1,1,1,1,1,0
877,8.78,33.476993560791016,1.8159846797428174,76,5,1,1,1,1,1,0
878,8.79,33.348915100097656,1.721681421498148,76,5,1,1,1,1,1,0
879,8.8,33.24125671386719,1.7735263374353447,76,5,1,1,1,1,1,0
880,8.81,33.27607727050781,1.7712694045123965,76,5,1,1,1,1,1,0
881,8.82,33.359954833984375,1.7911152737758476,76,5,1,1,1,1,1,0
882,8.83,33.4248046875,1.777665756379213,76,5,1,1,1,1,1,0
883,8.84,33.05625915527344,1.7459388092021695,76,5,1,1,1,1,1,0
884,8.85,32.98342514038086,1.9468158504550945,76,5,1,1,1,1,1,0
885,8.86,33.13839340209961,1.6400648792818895,76,5,1,1,1,1,1,0
886,8.87,33.15260696411133,1.7843186808761147,76,5,1,1,1,1,1,0
887,8.88,33.24032974243164,1.7294471315988957,76,5,1,1,1,1,1,0
888,8.89,33.47969436645508,1.680868494712562,76,5,1,1,1,1,1,0
889,8.9,33.091773986816406,1.6643634025933371,76,5,1,1,1,1,1,0
890,8.91,33.52705001831055,1.7404918142282688,76,5,1,1,1,1,1,0
891,8.92,33.271934509277344,1.77141572617655,76,5,1,1,1,1,1,0
892,8.93,33.396095275878906,1.7549316332200668,76,5,1,1,1,1,1,0
893,8.94,33.41299819946289,1.7619890460961594,76,5,1,1,1,1,1,0
894,8.95,33.12716293334961,1.7004459514351693,76,5,1,1,1,1,1,0
895,8.96,33.31920623779297,1.7481646495191883,76,5,1,1,1,1,1,0
896,8.97,33.404075622558594,2.010891922025526,76,5,1,1,1,1,1,0
897,8.98,33.216949462890625,1.7217995823831551,76,4,0,1,1,1,1,0
898,8.99,33.21436309814453,1.746685999618477,76,5,1,1,1,1,1,0
899,9.0,33.22813415527344,1.800498682246474,76,4,0,1,1,1,1,0
900,9.01,33.24171829223633,1.694989605091024,76,4,0,1,1,1,1,0
901,9.02,33.58932876586914,1.6679649736506283,76,4,0,1,1,1,1,0
902,9.03,33.425968170166016,1.7373835858115707,76,4,0,1,1,1,1,0
903,9.04,33.30400848388672,1.8288221886142269,76,4,0,1,1,1,1,0
904,9.05,33.3517951965332,1.7947729586649825,76,4,0,1,1,1,1,0
905,9.06,33.235958099365234,1.6319260396589812,76,4,0,1,1,1,1,0
906,9.07,33.42173767089844,1.762527448292236,76,4,0,1,1,1,1,0
907,9.08,33.416927337646484,1.7898348581919332,76,4,0,1,1,1,1,0
908,9.09,33.158756256103516,1.771496067021185,76,4,0,1,1,1,1,0
909,9.1,33.29594802856445,1.6786322730120706,76,4,0,1,1,1,1,0
910,9.11,33.248435974121094,1.7239765366398965,76,4,0,1,1,1,1,0
911,9.12,33.43603515625,1.7739520849678148,76,4,0,1,1,1,1,0
912,9.13,33.491336822509766,1.8820702504848925,76,4,0,1,1,1,1,0
913,9.14,33.24979782104492,1.8174972832224177,76,4,0,1,1,1,1,0
914,9.15,33.31359100341797,1.7827499971976466,76,4,0,1,1,1,1,0
915,9.16,33.3394775390625,1.6853182519967902,76,4,0,1,1,1,1,0
916,9.17,33.21357727050781,1.8835305125804973,76,4,0,1,1,1,1,0
917,9.18,33.56492233276367,1.676482513715268,76,4,0,1,1,1,1,0
918,9.19,33.59370803833008,1.8530776105943352,76,4,0,1,1,1,1,0
919,9.2,33.98515701293945,1.900236908454547,76,4,0,1,1,1,1,0
920,9.21,33.80240249633789,1.9920117240244304,76,4,0,1,1,1,1,0
921,9.22,33.280487060546875,1.8111040784014996,76,4,0,1,1,1,1,0
922,9.23,33.115421295166016,1.7678509552948531,76,4,0,1,1,1,1,0
923,9.24,32.92709732055664,1.688934530251239,76,4,0,1,1,1,1,0
924,9.25,33.14505386352539,1.794573645154266,76,4,0,1,1,1,1,0
925,9.26,32.92951202392578,1.6551738396476907,76,4,0,1,1,1,1,0
926,9.27,33.079368591308594,1.7368343144041984,76,4,0,1,1,1,1,0
927,9.28,33.24223709106445,1.6602689805526099,76,4,0,1,1,1,1,0
928,9.29,33.005191802978516,1.6965278163027169,76,4,0,1,1,1,1,0
929,9.3,33.50107955932617,1.85924621731422,76,4,0,1,1,1,1,0
930,9.31,33.15835189819336,1.7299729873246876,76,4,0,1,1,1,1,0
931,9.32,33.28731918334961,1.820930945441312,76,4,0,1,1,1,1,0
932,9.33,33.35306167602539,1.676607682481409,76,4,0,1,1,1,1,0
933,9.34,33.52139663696289,1.742010086787454,76,4,0,1,1,1,1,0
934,9.35,33.47236251831055,1.838073200952212,76,4,0,1,1,1,1,0
935,9.36,33.22489929199219,1.7729672791813773,76,4,0,1,1,1,1,0
936,9.37,33.36509704589844,1.62637858159282,76,4,0,1,1,1,1,0
937,9.38,33.3437614440918,1.785414423347693,76,4,0,1,1,1,1,0
938,9.39,33.340965270996094,1.7656725156114763,76,4,0,1,1,1,1,0
939,9.4,33.304141998291016,1.8479447928114563,76,4,0,1,1,1,1,0
940,9.41,33.21214294433594,1.8814380932495993,76,4,0,1,1,1,1,0
941,9.42,33.35015106201172,1.7995046349412316,76,4,0,1,1,1,1,0
942,9.43,33.58657455444336,1.7786739819517934,76,4,0,1,1,1,1,0
943,9.44,33.460166931152344,2.022499431912801,76,4,0,1,1,1,1,0
944,9.45,33.6469612121582,1.8837717400599368,76,4,0,1,1,1,1,0
945,9.46,33.46303176879883,1.8096947790985582,76,4,0,1,1,1,1,0
946,9.47,33.37492370605469,1.8127929947472,76,4,0,1,1,1,1,0
947,9.48,33.82320022583008,1.7604550831020982,76,4,0,1,1,1,1,0
948,9.49,33.34465789794922,1.8867170953070798,76,4,0,1,1,1,1,0
949,9.5,33.50722122192383,1.7958042563898002,76,4,0,1,1,1,1,0
950,9.51,33.56947708129883,1.7463940055757727,76,4,0,1,1,1,1,0
951,9.52,33.75053405761719,1.7190979947803633,76,4,0,1,1,1,1,0
952,9.53,33.76231002807617,1.8566907661901717,76,4,0,1,1,1,1,0
953,9.54,33.51292419433594,1.7301172452738105,76,4,0,1,1,1,1,0
954,9.55,33.38614273071289,1.757296184602101,76,4,0,1,1,1,1,0
955,9.56,33.19070816040039,1.8309797797338292,76,4,0,1,1,1,1,0
956,9.57,33.37326431274414,1.8241153970733701,76,4,0,1,1,1,1,0
957,9.58,33.34104919433594,1.8392940228428374,76,4,0,1,1,1,1,0
958,9.59,33.59322738647461,1.723629426788221,76,4,0,1,1,1,1,0
959,9.6,33.2171745300293,1.7596808907401276,76,4,0,1,1,1,1,0
960,9.61,33.480770111083984,1.715842299866325,76,4,0,1,1,1,1,0
961,9.62,33.6749153137207,1.7330620338219702,76,4,0,1,1,1,1,0
962,9.63,33.39980697631836,1.7672834750980042,76,4,0,1,1,1,1,0
963,9.64,33.39578628540039,1.7346157569822052,76,4,0,1,1,1,1,0
964,9.65,33.28036880493164,1.6954616752876628,76,4,0,1,1,1,1,0
965,9.66,32.90768051147461,1.7627528760625286,76,4,0,1,1,1,1,0
966,9.67,33.108192443847656,1.7738669307360453,76,4,0,1,1,1,1,0
967,9.68,32.794395446777344,1.7794386246439842,76,4,0,1,1,1,1,0
968,9.69,33.05799102783203,1.7487400572317482,76,4,0,1,1,1,1,0
969,9.7,32.85136413574219,1.821153416952328,76,4,0,1,1,1,1,0
970,9.71,32.88596725463867,1.7824087471182857,76,4,0,1,1,1,1,0
971,9.72,32.99571228027344,1.6714977697671072,76,4,0,1,1,1,1,0
972,9.73,32.900936126708984,1.8660384981342917,76,4,0,1,1,1,1,0
973,9.74,32.956912994384766,1.7991392476637453,76,4,0,1,1,1,1,0
974,9.75,33.036827087402344,1.7837313908141674,76,4,0,1,1,1,1,0
975,9.76,33.36982727050781,1.9957458341082992,76,4,0,1,1,1,1,0
976,9.77,33.543766021728516,1.7239789263923606,76,4,0,1,1,1,1,0
977,9.78,33.2170295715332,1.852939116915889,76,4,0,1,1,1,1,0
978,9.79,33.132469177246094,1.803724431048003,76,4,0,1,1,1,1,0
979,9.8,33.38996505737305,1.7791627479499674,76,4,0,1,1,1,1,0
980,9.81,33.100624084472656,1.6954670976485815,76,4,0,1,1,1,1,0
981,9.82,33.34115219116211,1.8593234195607524,76,4,0,1,1,1,1,0
982,9.83,33.13185119628906,1.6719424937170868,76,5,1,1,1,1,1,0
983,9.84,33.38165283203125,1.8539433466592814,76,4,0,1,1,1,1,0
984,9.85,33.189788818359375,1.7456800212478805,76,4,0,1,1,1,1,0
985,9.86,33.34664535522461,1.8312043843112626,76,4,0,1,1,1,1,0
986,9.87,33.194637298583984,1.7658217205996722,76,4,0,1,1,1,1,0
987,9.88,33.40876770019531,1.8242001713841087,76,4,0,1,1,1,1,0
988,9.89,32.852699279785156,1.8334107845818608,76,4,0,1,1,1,1,0
989,9.9,33.05961990356445,1.7528593191891404,76,4,0,1,1,1,1,0
990,9.91,33.26750183105469,1.76864704989883,76,4,0,1,1,1,1,0
991,9.92,33.18994140625,1.8290181036632538,76,5,1,1,1,1,1,0
992,9.93,33.25819396972656,1.8961510697772586,76,4,0,1,1,1,1,0
993,9.94,33.273258209228516,1.702410435499147,76,4,0,1,1,1,1,0
994,9.95,33.253780364990234,1.9226507437873572,76,4,0,1,1,1,1,0
995,9.96,32.964569091796875,1.7696595298828264,76,5,1,1,1,1,1,0
996,9.97,32.89590835571289,1.754399532185375,76,5,1,1,1,1,1,0
997,9.98,32.871891021728516,1.7183974496458734,76,5,1,1,1,1,1,0
998,9.99,32.9832763671875,1.7369197687927016,76,5,1,1,1,1,1,0
999,10.0,32.78871536254883,1.8321015544900492,76,5,1,1,1,1,1,0
1000,10.01,32.536617279052734,1.8151051892848438,76,5,1,1,1,1,1,0
1001,10.02,32.616249084472656,1.8552869129683263,76,5,1,1,1,1,1,0
1002,10.03,32.65690231323242,1.8478703149781868,76,5,1,1,1,1,1,0
1003,10.04,32.910003662109375,1.7578352429198536,76,5,1,1,1,1,1,0
1004,10.05,32.719390869140625,1.7459998664018959,76,5,1,1,1,1,1,0
1005,10.06,32.588478088378906,1.7042864642741549,76,5,1,1,1,1,1,0
1006,10.07,32.79890823364258,1.8078999369493933,76,5,1,1,1,1,1,0
1007,10.08,32.582828521728516,1.7964923743494845,76,5,1,1,1,1,1,0
1008,10.09,32.47890853881836,1.8105215158108854,76,5,1,1,1,1,1,0
1009,10.1,32.678955078125,1.7831453406656674,76,5,1,1,1,1,1,0
1010,10.11,32.74973678588867,1.7114317119443931,76,5,1,1,1,1,1,0
1011,10.12,32.84766387939453,1.7985275213687888,76,5,1,1,1,1,1,0
1012,10.13,32.947391510009766,1.711399028984093,76,5,1,1,1,1,1,0
1013,10.14,32.97211456298828,1.6969695773551663,76,5,1,1,1,1,1,0
1014,10.15,33.1014404296875,1.7372430713245364,76,5,1,1,1,1,1,0
1015,10.16,33.283206939697266,1.7813138968957916,76,5,1,1,1,1,1,0
1016,10.17,33.09010696411133,1.8036014217256036,76,4,1,0,1,1,1,0
1017,10.18,33.45095443725586,1.7341832338811056,76,5,1,1,1,1,1,0
1018,10.19,33.27324676513672,1.827459207023576,76,5,1,1,1,1,1,0
1019,10.2,33.03453826904297,1.7760101830862445,76,5,1,1,1,1,1,0
1020,10.21,33.10719299316406,1.7364616714376537,76,5,1,1,1,1,1,0
1021,10.22,33.1305046081543,1.7847726595011357,76,5,1,1,1,1,1,0
1022,10.23,33.12150955200195,1.7985846511750392,76,5,1,1,1,1,1,0
1023,10.24,33.156890869140625,1.7891340733516672,76,5,1,1,1,1,1,0
1024,10.25,33.058441162109375,1.7741737819830818,76,5,1,1,1,1,1,0
1025,10.26,33.26865768432617,1.7771057464278053,76,5,1,1,1,1,1,0
1026,10.27,33.08293151855469,1.7474010355542324,76,5,1,1,1,1,1,0
1027,10.28,33.06640625,1.7395681481147507,76,5,1,1,1,1,1,0
1028,10.29,32.706153869628906,1.7423540384264857,76,5,1,1,1,1,1,0
1029,10.3,33.04481506347656,1.877738753376399,76,5,1,1,1,1,1,0
1030,10.31,32.96194839477539,1.7325665376185393,76,5,1,1,1,1,1,0
1031,10.32,32.71702194213867,1.7994991444919952,76,5,1,1,1,1,1,0
1032,10.33,32.76342010498047,1.7423243657737197,76,5,1,1,1,1,1,0
1033,10.34,33.084930419921875,1.8587124903142822,76,5,1,1,1,1,1,0
1034,10.35,33.26144027709961,1.8346120805815564,76,5,1,1,1,1,1,0
1035,10.36,33.15371322631836,1.7786009573266672,76,5,1,1,1,1,1,0
1036,10.37,33.27799606323242,1.859191156717921,76,5,1,1,1,1,1,0
1037,10.38,32.78505325317383,1.833494213659012,76,5,1,1,1,1,1,0
1038,10.39,33.056575775146484,1.8188195846218709,76,5,1,1,1,1,1,0
1039,10.4,33.0685920715332,1.80740268471754,76,5,1,1,1,1,1,0
1040,10.41,33.11566162109375,1.619905237325939,76,5,1,1,1,1,1,0
1041,10.42,33.2218132019043,1.8238982019160237,76,5,1,1,1,1,1,0
1042,10.43,33.18085861206055,1.9255387493182243,76,5,1,1,1,1,1,0
1043,10.44,33.10553741455078,1.7042852332169873,76,5,1,1,1,1,1,0
1044,10.45,33.12723159790039,1.834550999084064,76,5,1,1,1,1,1,0
1045,10.46,33.0977783203125,1.700965904057141,76,5,1,1,1,1,1,0
1046,10.47,32.97246170043945,1.6293859998730362,76,5,1,1,1,1,1,0
1047,10.48,32.8668098449707,1.7584383625425872,76,5,1,1,1,1,1,0
1048,10.49,32.47956466674805,1.7249363347504236,76,5,1,1,1,1,1,0
1049,10.5,32.51134490966797,1.8633558906433134,76,5,1,1,1,1,1,0
1050,10.51,32.91796875,1.7782347286121374,76,5,1,1,1,1,1,0
1051,10.52,33.16718673706055,1.841166023988675,76,5,1,1,1,1,1,0
1052,10.53,33.399410247802734,1.7677667803453812,76,5,1,1,1,1,1,0
1053,10.54,33.184059143066406,1.7004684359381863,76,5,1,1,1,1,1,0
1054,10.55,33.323787689208984,1.8213461146410674,76,5,1,1,1,1,1,0
1055,10.56,33.05675506591797,1.7669195855484452,76,5,1,1,1,1,1,0
1056,10.57,33.109642028808594,1.850698767591269,76,5,1,1,1,1,1,0
1057,10.58,32.99428176879883,1.6241916089474975,76,5,1,1,1,1,1,0
1058,10.59,33.23062515258789,1.7748265141423094,76,5,1,1,1,1,1,0
1059,10.6,33.204124450683594,1.7345344556551396,76,5,1,1,1,1,1,0
1060,10.61,32.80900573730469,1.7319621835952335,76,5,1,1,1,1,1,0
1061,10.62,33.087215423583984,1.8438251060724085,76,5,1,1,1,1,1,0
1062,10.63,33.033267974853516,1.9419088257985162,76,5,1,1,1,1,1,0
1063,10.64,32.81985855102539,1.6456616318149406,76,5,1,1,1,1,1,0
1064,10.65,32.530906677246094,1.8739028609800221,76,5,1,1,1,1,1,0
1065,10.66,32.78251266479492,1.8322930383356546,76,5,1,1,1,1,1,0
1066,10.67,32.71043395996094,1.6486958976272084,76,5,1,1,1,1,1,0
1067,10.68,32.87539291381836,1.894202782424111,76,5,1,1,1,1,1,0
1068,10.69,32.78178405761719,1.7927367624676191,76,5,1,1,1,1,1,0
1069,10.7,32.934471130371094,1.8627404884020815,76,5,1,1,1,1,1,0
1070,10.71,32.633663177490234,1.8147728820679494,76,5,1,1,1,1,1,0
1071,10.72,32.748382568359375,1.679583068172707,76,5,1,1,1,1,1,0
1072,10.73,32.813873291015625,1.7036394256129086,76,5,1,1,1,1,1,0
1073,10.74,32.83751678466797,1.8259513461492896,76,5,1,1,1,1,1,0
1074,10.75,32.877052307128906,1.8412203805166156,76,5,1,1,1,1,1,0
1075,10.76,33.04846954345703,1.776765065486748,76,5,1,1,1,1,1,0
1076,10.77,33.154380798339844,1.7551331446222114,76,5,1,1,1,1,1,0
1077,10.78,33.17900085449219,1.7152268934174264,76,5,1,1,1,1,1,0
1078,10.79,33.14651870727539,1.7552501185186136,76,5,1,1,1,1,1,0
1079,10.8,32.75726318359375,1.8322632399177736,76,5,1,1,1,1,1,0
1080,10.81,32.760318756103516,1.759344879818276,76,5,1,1,1,1,1,0
1081,10.82,32.76657485961914,1.7300610076304883,76,5,1,1,1,1,1,0
1082,10.83,32.984371185302734,1.89328264267998,76,5,1,1,1,1,1,0
1083,10.84,33.17299270629883,1.8270488719858144,76,5,1,1,1,1,1,0
1084,10.85,32.98098373413086,1.6600299345418805,76,5,1,1,1,1,1,0
1085,10.86,32.86759567260742,1.7978862371919995,76,5,1,1,1,1,1,0
1086,10.87,32.86187744140625,1.7701432207931882,76,5,1,1,1,1,1,0
1087,10.88,32.97959899902344,1.875657918437369,76,5,1,1,1,1,1,0
1088,10.89,32.88395309448242,1.9008987212653363,76,5,1,1,1,1,1,0
1089,10.9,33.09822463989258,1.9113868120572708,76,5,1,1,1,1,1,0
1090,10.91,32.90203857421875,1.7343921047245003,76,5,1,1,1,1,1,0
1091,10.92,32.987789154052734,1.811462882671288,76,5,1,1,1,1,1,0
1092,10.93,33.04378890991211,1.7185478068236466,76,5,1,1,1,1,1,0
1093,10.94,32.99705123901367,1.9157014013539737,76,5,1,1,1,1,1,0
1094,10.95,33.038787841796875,1.6807763549427257,76,5,1,1,1,1,1,0
1095,10.96,32.921077728271484,1.722729011019323,76,5,1,1,1,1,1,0
1096,10.97,32.785099029541016,1.7756129931719429,76,5,1,1,1,1,1,0
1097,10.98,33.057125091552734,1.774627045497158,76,5,1,1,1,1,1,0
1098,10.99,33.00574493408203,1.7006446998199334,76,5,1,1,1,1,1,0
1099,11.0,32.8921012878418,1.6424366225502163,76,5,1,1,1,1,1,0
1100,11.01,32.91453552246094,1.8082560016437628,76,5,1,1,1,1,1,0
1101,11.02,32.945377349853516,1.8110185014882514,76,5,1,1,1,1,1,0
1102,11.03,33.49083709716797,1.718460195742256,76,5,1,1,1,1,1,0
1103,11.04,33.12025833129883,1.8235663883095101,76,5,1,1,1,1,1,0
1104,11.05,32.90766143798828,1.8586781076577124,76,5,1,1,1,1,1,0
1105,11.06,33.22956466674805,1.711694117806131,76,5,1,1,1,1,1,0
1106,11.07,32.876548767089844,1.8606752790128247,76,5,1,1,1,1,1,0
1107,11.08,32.72440719604492,1.8195903820178663,76,5,1,1,1,1,1,0
1108,11.09,32.80473709106445,1.778115297854975,76,5,1,1,1,1,1,0
1109,11.1,33.047821044921875,1.9697988719239001,76,5,1,1,1,1,1,0
1110,11.11,33.032161712646484,1.844859157243982,76,5,1,1,1,1,1,0
1111,11.12,32.48481369018555,1.8007181278051874,76,5,1,1,1,1,1,0
1112,11.13,32.800636291503906,1.797829806616364,76,5,1,1,1,1,1,0
1113,11.14,32.894134521484375,1.775871264191271,76,5,1,1,1,1,1,0
1114,11.15,32.90240478515625,1.8676702835977583,76,5,1,1,1,1,1,0
1115,11.16,33.17048645019531,1.9353064368861204,76,5,1,1,1,1,1,0
1116,11.17,32.84384536743164,1.967451044101681,76,5,1,1,1,1,1,0
1117,11.18,32.88335037231445,1.8963940109511268,76,5,1,1,1,1,1,0
1118,11.19,32.770179748535156,1.8587656154205419,76,5,1,1,1,1,1,0
1119,11.2,32.93040084838867,1.8880898211269033,76,5,1,1,1,1,1,0
1120,11.21,32.876155853271484,1.803550690381634,76,5,1,1,1,1,1,0
1121,11.22,32.96867752075195,1.7641140278424736,76,5,1,1,1,1,1,0
1122,11.23,32.84227752685547,1.8897910786799326,76,5,1,1,1,1,1,0
1123,11.24,32.78539276123047,1.8310161408539358,76,5,1,1,1,1,1,0
1124,11.25,32.776336669921875,1.9379336491962846,76,5,1,1,1,1,1,0
1125,11.26,32.637264251708984,1.9367249450034452,76,5,1,1,1,1,1,0
1126,11.27,32.69382095336914,1.8445832622919316,76,5,1,1,1,1,1,0
1127,11.28,32.582637786865234,1.9510541654655424,76,5,1,1,1,1,1,0
1128,11.29,32.466617584228516,1.8014092815979739,76,5,1,1,1,1,1,0
1129,11.3,32.750484466552734,1.8117667352624376,76,5,1,1,1,1,1,0
1130,11.31,32.83613586425781,1.8199723570705455,76,5,1,1,1,1,1,0
1131,11.32,33.147918701171875,1.8810901419351704,76,5,1,1,1,1,1,0
1132,11.33,33.043399810791016,1.855695917017136,76,5,1,1,1,1,1,0
1133,11.34,33.258060455322266,1.9209102976096943,76,5,1,1,1,1,1,0
1134,11.35,33.20609664916992,1.7952457610464139,76,5,1,1,1,1,1,0
1135,11.36,33.319854736328125,2.058181404387782,76,5,1,1,1,1,1,0
1136,11.37,33.22798156738281,2.0322423207283515,76,5,1,1,1,1,1,0
1137,11.38,33.0526008605957,1.8669794618172693,76,5,1,1,1,1,1,0
1138,11.39,33.21625900268555,1.72907219059005,76,5,1,1,1,1,1,0
1139,11.4,32.94919204711914,1.8243922963669972,76,5,1,1,1,1,1,0
1140,11.41,32.86351776123047,1.8012498458279174,76,5,1,1,1,1,1,0
1141,11.42,33.22748947143555,1.7829422668424229,76,5,1,1,1,1,1,0
1142,11.43,33.244197845458984,1.7023220163072068,76,5,1,1,1,1,1,0
1143,11.44,33.22902297973633,1.8488117975832787,76,5,1,1,1,1,1,0
1144,11.45,33.0180549621582,1.8030530426711782,76,5,1,1,1,1,1,0
1145,11.46,33.17082214355469,1.847074716894951,76,5,1,1,1,1,1,0
1146,11.47,33.171939849853516,1.8050235939107666,76,5,1,1,1,1,1,0
1147,11.48,33.195682525634766,1.7306050445533503,76,5,1,1,1,1,1,0
1148,11.49,32.96520233154297,1.7930387888051014,76,5,1,1,1,1,1,0
1149,11.5,33.40863037109375,1.8069040500649145,76,5,1,1,1,1,1,0
1150,11.51,33.354698181152344,1.7814025710833261,76,5,1,1,1,1,1,0
1151,11.52,33.35074234008789,1.7338061708112449,76,5,1,1,1,1,1,0
1152,11.53,32.77440643310547,1.7788984357767688,76,5,1,1,1,1,1,0
1153,11.54,32.90870666503906,1.827647691596957,76,5,1,1,1,1,1,0
1154,11.55,33.17326354980469,1.839291741435801,76,5,1,1,1,1,1,0
1155,11.56,33.59613037109375,1.844018227313866,76,5,1,1,1,1,1,0
1156,11.57,33.077735900878906,1.9923278772758983,76,5,1,1,1,1,1,0
1157,11.58,33.22624588012695,1.834390742222468,76,5,1,1,1,1,1,0
1158,11.59,33.42585372924805,1.868394564414082,76,5,1,1,1,1,1,0
1159,11.6,33.275447845458984,1.7182890450900454,76,5,1,1,1,1,1,0
1160,11.61,33.222633361816406,1.7630408625175238,76,5,1,1,1,1,1,0
1161,11.62,33.23788070678711,1.79585592875661,76,5,1,1,1,1,1,0
1162,11.63,33.155643463134766,1.8930921491396338,76,5,1,1,1,1,1,0
1163,11.64,33.10077667236328,1.801695217833249,76,5,1,1,1,1,1,0
1164,11.65,32.82725524902344,1.8236429046519127,76,5,1,1,1,1,1,0
1165,11.66,32.88869857788086,1.8519701275422678,76,5,1,1,1,1,1,0
1166,11.67,32.97948455810547,1.779714308546525,76,5,1,1,1,1,1,0
1167,11.68,32.879051208496094,1.789407965087005,76,5,1,1,1,1,1,0
1168,11.69,33.023193359375,1.7718329168932467,76,5,1,1,1,1,1,0
1169,11.7,33.11579513549805,1.7585000920941736,76,5,1,1,1,1,1,0
1170,11.71,32.82243728637695,1.810524844797171,76,5,1,1,1,1,1,0
1171,11.72,32.98671340942383,1.8497026961361054,76,5,1,1,1,1,1,0
1172,11.73,33.32536697387695,1.8116039996439266,76,5,1,1,1,1,1,0
1173,11.74,33.31854248046875,1.6923646669371537,76,5,1,1,1,1,1,0
1174,11.75,33.0822868347168,1.6801777400521836,76,5,1,1,1,1,1,0
1175,11.76,32.99700164794922,1.8776055529090214,76,5,1,1,1,1,1,0
1176,11.77,33.205047607421875,1.7845444982313332,76,5,1,1,1,1,1,0
1177,11.78,33.029296875,1.7978577144634167,76,5,1,1,1,1,1,0
1178,11.79,33.043418884277344,1.752200189003247,76,5,1,1,1,1,1,0
1179,11.8,32.94135284423828,1.6857620680289696,76,5,1,1,1,1,1,0
1180,11.81,33.08600997924805,1.8778961438303183,76,5,1,1,1,1,1,0
1181,11.82,33.02922439575195,1.748770406303303,76,5,1,1,1,1,1,0
1182,11.83,33.26929473876953,1.7817113574741716,76,5,1,1,1,1,1,0
1183,11.84,33.4461555480957,1.880794588548236,76,5,1,1,1,1,1,0
1184,11.85,33.25537109375,1.8647791435732362,76,5,1,1,1,1,1,0
1185,11.86,33.26171112060547,1.9429125334298547,76,5,1,1,1,1,1,0
1186,11.87,33.206031799316406,1.7901376511516112,76,5,1,1,1,1,1,0
1187,11.88,33.09172821044922,1.8010615215567605,76,5,1,1,1,1,1,0
1188,11.89,33.068115234375,1.8352638383444528,76,5,1,1,1,1,1,0
1189,11.9,33.21152114868164,1.9075893796161127,76,5,1,1,1,1,1,0
1190,11.91,33.19164276123047,1.6649588365084047,76,5,1,1,1,1,1,0
1191,11.92,33.235679626464844,2.0172284183930747,76,5,1,1,1,1,1,0
1192,11.93,33.06370544433594,1.9142603596814538,76,5,1,1,1,1,1,0
1193,11.94,32.874019622802734,1.884703020337119,76,5,1,1,1,1,1,0
1194,11.95,32.93901062011719,1.7814009222068892,76,5,1,1,1,1,1,0
1195,11.96,33.06066131591797,1.9152858662275263,76,5,1,1,1,1,1,0
1196,11.97,32.9493408203125,1.760140118661133,76,5,1,1,1,1,1,0
1197,11.98,33.03651809692383,1.995814984824005,76,5,1,1,1,1,1,0
1198,11.99,32.97806167602539,1.9293756271611542,76,5,1,1,1,1,1,0
1199,12.0,33.07330322265625,1.8724287545763085,76,5,1,1,1,1,1,0
1200,12.01,32.992767333984375,1.9957454135947603,76,5,1,1,1,1,1,0
1201,12.02,32.68691635131836,1.8786423573840574,76,5,1,1,1,1,1,0
1202,12.03,33.3012580871582,1.7474823494898837,76,5,1,1,1,1,1,0
1203,12.04,33.01507568359375,2.071936367875248,76,5,1,1,1,1,1,0
1204,12.05,32.976173400878906,1.8589542706158313,76,5,1,1,1,1,1,0
1205,12.06,33.16557312011719,1.7811845794005197,76,5,1,1,1,1,1,0
1206,12.07,33.200035095214844,1.76343757442001,76,5,1,1,1,1,1,0
1207,12.08,33.14518356323242,1.7294232151409072,76,5,1,1,1,1,1,0
1208,12.09,32.861995697021484,1.8028027707508323,76,5,1,1,1,1,1,0
1209,12.1,33.07270812988281,1.8015776811424558,76,5,1,1,1,1,1,0
1210,12.11,33.248321533203125,1.6776818258045438,76,5,1,1,1,1,1,0
1211,12.12,33.0765495300293,1.8492162514508304,76,5,1,1,1,1,1,0
1212,12.13,32.780242919921875,1.7221203850515374,76,5,1,1,1,1,1,0
1213,12.14,32.90597152709961,1.6584967045455279,76,5,1,1,1,1,1,0
1214,12.15,33.041465759277344,1.7443057750104924,76,5,1,1,1,1,1,0
1215,12.16,33.28874206542969,1.832839141735063,76,5,1,1,1,1,1,0
1216,12.17,33.1155891418457,1.7229589374222514,76,5,1,1,1,1,1,0
1217,12.18,33.12351989746094,1.865936095110588,76,5,1,1,1,1,1,0
1218,12.19,33.324432373046875,1.6406121762988257,76,5,1,1,1,1,1,0
1219,12.2,33.30656051635742,1.8417624905774734,76,5,1,1,1,1,1,0
1220,12.21,33.09268569946289,1.8135022283047044,76,5,1,1,1,1,1,0
1221,12.22,33.56727600097656,1.9562471202337752,76,5,1,1,1,1,1,0
1222,12.23,33.284690856933594,1.7541336416647442,76,5,1,1,1,1,1,0
1223,12.24,33.24863052368164,1.8156270842296378,76,5,1,1,1,1,1,0
1224,12.25,33.0278434753418,1.8459194177283813,76,5,1,1,1,1,1,0
1225,12.26,32.974891662597656,1.7961330006733158,76,5,1,1,1,1,1,0
1226,12.27,33.4132194519043,1.9084537394622927,76,5,1,1,1,1,1,0
1227,12.28,33.4954948425293,1.8348019510198235,76,5,1,1,1,1,1,0
1228,12.29,33.621559143066406,1.8468624938483147,76,5,1,1,1,1,1,0
1229,12.3,33.67782974243164,1.643175797948978,76,5,1,1,1,1,1,0
1230,12.31,33.35541534423828,1.9067781358913274,76,5,1,1,1,1,1,0
1231,12.32,33.474517822265625,1.852697807599402,76,5,1,1,1,1,1,0
1232,12.33,33.39693832397461,1.7712414007853448,76,5,1,1,1,1,1,0
1233,12.34,33.45199203491211,1.7328858753745982,76,5,1,1,1,1,1,0
1234,12.35,33.13624572753906,1.8074845284096555,76,5,1,1,1,1,1,0
1235,12.36,33.024681091308594,1.799054501060042,76,5,1,1,1,1,1,0
1236,12.37,32.998382568359375,1.7496839820031738,76,5,1,1,1,1,1,0
1237,12.38,32.86354446411133,1.7166846966353357,76,5,1,1,1,1,1,0
1238,12.39,32.949684143066406,1.7978021741770511,76,5,1,1,1,1,1,0
1239,12.4,33.1012077331543,1.7592355940885702,76,5,1,1,1,1,1,0
1240,12.41,32.75178527832031,1.9446861253177614,76,5,1,1,1,1,1,0
1241,12.42,32.840579986572266,1.880027877927867,76,5,1,1,1,1,1,0
1242,12.43,32.92008972167969,1.845000800586802,76,5,1,1,1,1,1,0
1243,12.44,32.87446212768555,1.7831147850927385,76,5,1,1,1,1,1,0
1244,12.45,33.372657775878906,1.8742737672384218,76,5,1,1,1,1,1,0
1245,12.46,33.18391799926758,1.7854120730971548,76,5,1,1,1,1,1,0
1246,12.47,33.29860305786133,1.8504327727806291,76,5,1,1,1,1,1,0
1247,12.48,33.08073806762695,1.7838713228154004,76,5,1,1,1,1,1,0
1248,12.49,32.70166778564453,1.815513979436134,76,5,1,1,1,1,1,0
1249,12.5,32.64209747314453,1.8980239430333283,76,5,1,1,1,1,1,0
1250,12.51,32.96670150756836,1.895971367120714,76,5,1,1,1,1,1,0
1251,12.52,32.93465042114258,1.795156495656624,76,5,1,1,1,1,1,0
1252,12.53,32.93018341064453,1.8482668636323851,76,5,1,1,1,1,1,0
1253,12.54,33.020225524902344,1.8890466035318083,76,5,1,1,1,1,1,0
1254,12.55,32.6090087890625,1.8749377252048796,76,5,1,1,1,1,1,0
1255,12.56,32.85227966308594,1.8619135966133316,76,5,1,1,1,1,1,0
1256,12.57,32.781028747558594,1.8696526467001147,76,5,1,1,1,1,1,0
1257,12.58,32.909820556640625,1.8905240417410856,76,5,1,1,1,1,1,0
1258,12.59,32.74353790283203,1.7940159574615067,76,5,1,1,1,1,1,0
1259,12.6,32.70048141479492,1.6688325897400695,76,5,1,1,1,1,1,0
1260,12.61,32.57313537597656,1.79635796995147,76,5,1,1,1,1,1,0
1261,12.62,33.01544952392578,1.7987488191748529,76,5,1,1,1,1,1,0
1262,12.63,33.02568054199219,1.73867894854373,76,5,1,1,1,1,1,0
1263,12.64,33.474754333496094,1.7680204583113057,76,5,1,1,1,1,1,0
1264,12.65,33.43552780151367,1.7643698741723148,76,5,1,1,1,1,1,0
1265,12.66,33.22774124145508,2.0165523166746873,76,5,1,1,1,1,1,0
1266,12.67,33.325897216796875,1.8500286879543546,76,5,1,1,1,1,1,0
1267,12.68,33.256996154785156,1.8937031872796661,76,5,1,1,1,1,1,0
1268,12.69,33.205867767333984,1.9035765881432607,76,5,1,1,1,1,1,0
1269,12.7,33.21734619140625,1.7742058460927415,76,5,1,1,1,1,1,0
1270,12.71,33.12872314453125,1.9177851856545338,76,5,1,1,1,1,1,0
1271,12.72,33.26461410522461,2.0490778334887794,76,4,0,1,1,1,1,0
1272,12.73,33.45072937011719,2.217408958732192,76,4,0,1,1,1,1,0
1273,12.74,33.12523651123047,2.0699287468670304,76,4,0,1,1,1,1,0
1274,12.75,33.27732849121094,1.941419306431488,76,4,0,1,1,1,1,0
1275,12.76,33.032470703125,1.9074840875974088,76,4,0,1,1,1,1,0
1276,12.77,33.44454574584961,1.760313896455359,76,4,0,1,1,1,1,0
1277,12.78,33.25914764404297,1.8919274415222265,76,4,0,1,1,1,1,0
1278,12.79,33.2478141784668,1.901082553270152,76,4,0,1,1,1,1,0
1279,12.8,33.6326789855957,1.9596425154898556,76,4,0,1,1,1,1,0
1280,12.81,33.85781478881836,1.9319225424768827,76,4,0,1,1,1,1,0
1281,12.82,33.47612762451172,1.9585195469896406,76,4,0,1,1,1,1,0
1282,12.83,33.40774154663086,1.9116708112407659,76,5,1,1,1,1,1,0
1283,12.84,33.34434509277344,1.9070662219055743,76,4,0,1,1,1,1,0
1284,12.85,33.468971252441406,1.8326205658656645,76,4,0,1,1,1,1,0
1285,12.86,33.65827560424805,1.9175510619692047,76,4,0,1,1,1,1,0
1286,12.87,33.6561393737793,1.934965392600787,76,4,0,1,1,1,1,0
1287,12.88,33.203460693359375,1.8405141385823198,76,4,0,1,1,1,1,0
1288,12.89,33.44041442871094,1.8398684496161894,76,4,0,1,1,1,1,0
1289,12.9,33.63772201538086,1.8923508877415132,76,4,0,1,1,1,1,0
1290,12.91,33.84489059448242,1.8621769477241557,76,4,0,1,1,1,1,0
1291,12.92,33.850921630859375,1.7902213069597273,76,4,0,1,1,1,1,0
1292,12.93,34.183753967285156,2.227526403901467,76,4,0,1,1,1,1,0
1293,12.94,33.874088287353516,1.8138877987744755,76,4,0,1,1,1,1,0
1294,12.95,33.82318878173828,2.0089059894795755,76,5,1,1,1,1,1,0
1295,12.96,33.83270263671875,1.9447611715660262,76,5,1,1,1,1,1,0
1296,12.97,33.63692092895508,1.9186991218540956,76,5,1,1,1,1,1,0
1297,12.98,33.68190002441406,1.9907007534473857,76,5,1,1,1,1,1,0
1298,12.99,33.70520782470703,1.8806628215432974,76,5,1,1,1,1,1,0
1299,13.0,33.71640396118164,1.8489697522961912,76,5,1,1,1,1,1,0
1300,13.01,33.359375,1.9564238796790392,76,5,1,1,1,1,1,0
1301,13.02,33.67726516723633,1.8578790833016787,76,5,1,1,1,1,1,0
1302,13.03,33.74569320678711,1.7193318457655924,76,5,1,1,1,1,1,0
1303,13.04,33.752628326416016,1.8027477002253562,76,5,1,1,1,1,1,0
1304,13.05,33.86850357055664,1.971315217154661,76,5,1,1,1,1,1,0
1305,13.06,33.56828689575195,1.9346821313467952,76,5,1,1,1,1,1,0
1306,13.07,33.488609313964844,2.119765902137712,76,5,1,1,1,1,1,0
1307,13.08,33.78215789794922,1.8627132045011205,76,4,0,1,1,1,1,0
1308,13.09,33.56682205200195,1.8649155511272404,76,4,0,1,1,1,1,0
1309,13.1,33.54776382446289,1.8949937781095796,76,5,1,1,1,1,1,0
1310,13.11,33.56611251831055,2.0088288769939684,76,4,0,1,1,1,1,0
1311,13.12,33.772544860839844,2.006414597270832,76,4,0,1,1,1,1,0
1312,13.13,33.49999237060547,2.1728078749234814,76,4,0,1,1,1,1,0
1313,13.14,33.78350067138672,1.9954181020796968,76,4,0,1,1,1,1,0
1314,13.15,33.39860534667969,1.9348606242874273,76,4,0,1,1,1,1,0
1315,13.16,33.61153793334961,2.0099998967570056,76,5,1,1,1,1,1,0
1316,13.17,33.56192398071289,1.9155423775268503,76,5,1,1,1,1,1,0
1317,13.18,33.368465423583984,2.051410975491728,76,5,1,1,1,1,1,0
1318,13.19,33.258758544921875,2.176444831215847,76,3,0,0,1,1,1,0
1319,13.2,33.10502624511719,1.8484916584041793,76,4,0,1,1,1,1,0
1320,13.21,33.4093132019043,1.9515143264985941,76,5,1,1,1,1,1,0
1321,13.22,33.24827575683594,1.7463935250292202,76,4,0,1,1,1,1,0
1322,13.23,33.3079833984375,2.2348111039238394,76,3,0,0,1,1,1,0
1323,13.24,33.14857482910156,1.9762852209505855,76,4,0,1,1,1,1,0
1324,13.25,32.7584114074707,1.9677892303195412,76,4,0,1,1,1,1,0
1325,13.26,32.88405990600586,1.9933434820297318,76,3,0,0,1,1,1,0
1326,13.27,33.23789596557617,2.1519512020130795,76,4,0,1,1,1,1,0
1327,13.28,33.28502655029297,2.0278834301035733,76,3,0,0,1,1,1,0
1328,13.29,32.97590255737305,1.9408741293235707,76,4,0,1,1,1,1,0
1329,13.3,33.252716064453125,1.888409428682695,76,4,0,1,1,1,1,0
1330,13.31,33.20563507080078,1.8981314881704194,76,4,0,1,1,1,1,0
1331,13.32,33.28807830810547,2.0101970412826544,76,5,1,1,1,1,1,0
1332,13.33,33.457481384277344,1.797610432890601,76,5,1,1,1,1,1,0
1333,13.34,32.895912170410156,1.990403761823304,76,4,0,1,1,1,1,0
1334,13.35,33.066001892089844,1.8104440867215634,76,4,0,1,1,1,1,0
1335,13.36,33.172611236572266,1.755163817845832,76,4,0,1,1,1,1,0
1336,13.37,33.151634216308594,1.9117798633987004,76,4,0,1,1,1,1,0
1337,13.38,33.541908264160156,1.9216928211792699,76,4,0,1,1,1,1,0
1338,13.39,33.1883659362793,2.023585142575054,76,4,0,1,1,1,1,0
1339,13.4,33.33332824707031,2.25213125176718,76,4,0,1,1,1,1,0
1340,13.41,33.245849609375,2.1047815886580183,76,4,0,1,1,1,1,0
1341,13.42,32.824649810791016,1.9291975165508726,76,4,0,1,1,1,1,0
1342,13.43,33.03357696533203,2.001947443600769,76,4,0,1,1,1,1,0
1343,13.44,33.23054885864258,1.8756578370877215,76,4,0,1,1,1,1,0
1344,13.45,33.13417053222656,1.9067505618469518,76,4,0,1,1,1,1,0
1345,13.46,33.458370208740234,1.8052711067655218,76,4,0,1,1,1,1,0
1346,13.47,33.82931137084961,1.9748636953005985,76,4,0,1,1,1,1,0
1347,13.48,33.50904846191406,1.9344517091233295,76,4,0,1,1,1,1,0
1348,13.49,33.3387451171875,1.919091351396236,76,4,0,1,1,1,1,0
1349,13.5,33.44929504394531,1.8893639292462299,76,4,0,1,1,1,1,0
1350,13.51,33.31523132324219,1.8245229002452934,76,4,0,1,1,1,1,0
1351,13.52,33.23375701904297,1.9999263208190239,76,4,0,1,1,1,1,0
1352,13.53,33.16157531738281,1.957571089473375,76,4,0,1,1,1,1,0
1353,13.54,33.460330963134766,1.8945679627603862,76,4,0,1,1,1,1,0
1354,13.55,33.52996063232422,1.9556576914754593,76,4,0,1,1,1,1,0
1355,13.56,33.167606353759766,1.7964667173783881,76,4,0,1,1,1,1,0
1356,13.57,33.164794921875,1.7697747461193407,76,4,0,1,1,1,1,0
1357,13.58,33.369754791259766,1.7716109484863574,76,4,0,1,1,1,1,0
1358,13.59,33.58456039428711,1.9508231545327759,76,4,0,1,1,1,1,0
1359,13.6,33.36570358276367,2.076194174685248,76,4,0,1,1,1,1,0
1360,13.61,33.52088165283203,1.7873466346988256,76,5,1,1,1,1,1,0
1361,13.62,33.497806549072266,1.8866350694896827,76,4,0,1,1,1,1,0
1362,13.63,33.811988830566406,1.8674589303292215,76,5,1,1,1,1,1,0
1363,13.64,33.36457061767578,2.0772351044919315,76,4,0,1,1,1,1,0
1364,13.65,33.4454231262207,1.920031254839541,76,4,0,1,1,1,1,0
1365,13.66,33.505699157714844,2.1043327132964245,76,4,0,1,1,1,1,0
1366,13.67,33.57533645629883,1.961475872316017,76,4,0,1,1,1,1,0
1367,13.68,33.66456604003906,1.8874857169183599,76,5,1,1,1,1,1,0
1368,13.69,33.665016174316406,1.7048150015385921,76,5,1,1,1,1,1,0
1369,13.7,34.07761001586914,2.030487821253755,76,3,0,0,1,1,1,0
1370,13.71,33.72130584716797,1.7492290965687127,76,4,0,1,1,1,1,0
1371,13.72,33.2195930480957,1.9799203983990294,76,4,0,1,1,1,1,0
1372,13.73,33.223026275634766,1.9559679746311256,76,5,1,1,1,1,1,0
1373,13.74,33.3238639831543,1.8312310544310428,76,4,0,1,1,1,1,0
1374,13.75,33.129146575927734,1.8945758355009297,76,4,0,1,1,1,1,0
1375,13.76,32.865848541259766,1.9929094846786115,76,4,0,1,1,1,1,0
1376,13.77,33.13679122924805,1.9386827916970164,76,4,0,1,1,1,1,0
1377,13.78,33.524925231933594,1.909972958999332,76,4,0,1,1,1,1,0
1378,13.79,33.230220794677734,1.9103386591765286,76,4,0,1,1,1,1,0
1379,13.8,33.41655731201172,2.011613306554902,76,3,0,0,1,1,1,0
1380,13.81,33.487064361572266,2.1198821592921755,76,3,0,0,1,1,1,0
1381,13.82,33.533119201660156,2.1921868554641444,76,4,0,1,1,1,1,0
1382,13.83,33.1258659362793,1.774772101613279,76,4,0,1,1,1,1,0
1383,13.84,33.57149887084961,1.9031811811827384,76,4,0,1,1,1,1,0
1384,13.85,33.35938262939453,2.0083070706569104,76,4,0,1,1,1,1,0
1385,13.86,33.40224075317383,2.0749464119137215,76,5,1,1,1,1,1,0
1386,13.87,33.65361785888672,2.0985014402398776,76,4,0,1,1,1,1,0
1387,13.88,33.36182403564453,1.934685503023745,76,4,0,1,1,1,1,0
1388,13.89,33.383541107177734,2.070028540379378,76,4,0,1,1,1,1,0
1389,13.9,33.2679557800293,1.748770646258344,76,5,1,1,1,1,1,0
1390,13.91,33.59794616699219,1.908375346469828,76,5,1,1,1,1,1,0
1391,13.92,33.238521575927734,1.9355150918252866,76,5,1,1,1,1,1,0
1392,13.93,33.604366302490234,1.96736276150908,76,5,1,1,1,1,1,0
1393,13.94,33.35666275024414,1.843609177626749,76,5,1,1,1,1,1,0
1394,13.95,33.277347564697266,1.9200287912236582,76,4,0,1,1,1,1,0
1395,13.96,33.032596588134766,1.9917055429622759,76,5,1,1,1,1,1,0
1396,13.97,33.10883712768555,1.8375215946968888,76,5,1,1,1,1,1,0
1397,13.98,33.22638702392578,2.072702870489044,76,5,1,1,1,1,1,0
1398,13.99,33.32992935180664,2.0091022160384706,76,5,1,1,1,1,1,0
1399,14.0,33.172607421875,1.8415737106337782,76,4,0,1,1,1,1,0
1400,14.01,33.64533615112305,2.2633140537712024,76,5,1,1,1,1,1,0
1401,14.02,33.432796478271484,1.9402301596774216,76,5,1,1,1,1,1,0
1402,14.03,33.37181091308594,1.9583684802682817,76,5,1,1,1,1,1,0
1403,14.04,33.48357391357422,1.8978639203975916,76,4,0,1,1,1,1,0
1404,14.05,33.42361068725586,1.8638647867744507,76,5,1,1,1,1,1,0
1405,14.06,33.14654541015625,1.6718222009097605,76,5,1,1,1,1,1,0
1406,14.07,33.3121452331543,1.8576577449509941,76,5,1,1,1,1,1,0
1407,14.08,33.8456916809082,2.079298063834624,76,5,1,1,1,1,1,0
1408,14.09,33.723201751708984,1.7399691375188684,76,5,1,1,1,1,1,0
1409,14.1,33.63644790649414,1.8604820004395104,76,5,1,1,1,1,1,0
1410,14.11,33.609527587890625,2.040512485836867,76,5,1,1,1,1,1,0
1411,14.12,33.803375244140625,2.13480704085909,76,5,1,1,1,1,1,0
1412,14.13,33.36241912841797,2.1252009613218004,76,5,1,1,1,1,1,0
1413,14.14,33.437721252441406,1.895626727417743,76,5,1,1,1,1,1,0
1414,14.15,33.450157165527344,1.955223659987528,76,5,1,1,1,1,1,0
1415,14.16,33.296695709228516,1.8600042199768305,76,5,1,1,1,1,1,0
1416,14.17,33.01503372192383,2.130560120217466,76,5,1,1,1,1,1,0
1417,14.18,33.483665466308594,1.9686010515384367,76,5,1,1,1,1,1,0
1418,14.19,33.68901824951172,1.82727093265034,76,5,1,1,1,1,1,0
1419,14.2,33.503963470458984,1.9694167800743576,76,5,1,1,1,1,1,0
1420,14.21,33.67573547363281,1.8120154533160466,76,4,0,1,1,1,1,0
1421,14.22,33.617000579833984,2.1510214454260295,76,4,0,1,1,1,1,0
1422,14.23,33.7745475769043,2.04797115434208,76,4,0,1,1,1,1,0
1423,14.24,33.76294708251953,1.8615588606367406,76,4,0,1,1,1,1,0
1424,14.25,33.561073303222656,2.1139762085197513,76,4,0,1,1,1,1,0
1425,14.26,33.37980270385742,1.8997406672184498,76,4,0,1,1,1,1,0
1426,14.27,33.50894546508789,1.7278341506252002,76,4,0,1,1,1,1,0
1427,14.28,33.49424743652344,2.047856459014293,76,4,0,1,1,1,1,0
1428,14.29,33.218204498291016,1.9230426632643554,76,4,0,1,1,1,1,0
1429,14.3,33.11165237426758,1.8965767107094667,76,5,1,1,1,1,1,0
1430,14.31,33.46028518676758,2.066617105116537,76,4,0,1,1,1,1,0
1431,14.32,33.40376281738281,2.076777483259882,76,5,1,1,1,1,1,0
1432,14.33,33.43332290649414,2.0001461486870196,76,4,0,1,1,1,1,0
1433,14.34,33.56575012207031,1.8521577654566537,76,5,1,1,1,1,1,0
1434,14.35,33.6783447265625,1.8170911225744593,76,4,0,1,1,1,1,0
1435,14.36,33.586875915527344,2.221126597019631,76,4,0,1,1,1,1,0
1436,14.37,33.61063766479492,2.1788602877148735,76,4,0,1,1,1,1,0
1437,14.38,33.72866439819336,1.9432672842633578,76,4,0,1,1,1,1,0
1438,14.39,33.96780776977539,1.9965226667359341,76,4,0,1,1,1,1,0
1439,14.4,34.04937744140625,1.910262340487593,76,4,0,1,1,1,1,0
1440,14.41,33.980224609375,1.9479725765172686,76,4,0,1,1,1,1,0
1441,14.42,33.87340545654297,1.8547751285815175,76,4,0,1,1,1,1,0
1442,14.43,34.12253952026367,1.6730816177392855,76,4,0,1,1,1,1,0
1443,14.44,33.99824523925781,1.7143501523036833,76,4,0,1,1,1,1,0
1444,14.45,33.75305938720703,2.0703149941049537,76,4,0,1,1,1,1,0
1445,14.46,33.4311637878418,2.1010926606619806,76,4,0,1,1,1,1,0
1446,14.47,33.28158187866211,2.2462432300834285,76,4,0,1,1,1,1,0
1447,14.48,33.64808654785156,2.186504276728974,76,4,0,1,1,1,1,0
1448,14.49,33.737091064453125,2.0557012507792436,76,4,0,1,1,1,1,0
1449,14.5,33.56438446044922,2.0391166479883944,76,4,0,1,1,1,1,0
1450,14.51,33.710514068603516,2.051757136855282,76,4,0,1,1,1,1,0
1451,14.52,33.82271194458008,1.7915352657515302,76,4,0,1,1,1,1,0
1452,14.53,33.66600799560547,1.8570154491062973,76,4,0,1,1,1,1,0
1453,14.54,33.933372497558594,2.057643780607329,76,4,0,1,1,1,1,0
1454,14.55,33.775657653808594,2.071643951288113,76,4,0,1,1,1,1,0
1455,14.56,33.67909622192383,2.0187623226422793,76,4,0,1,1,1,1,0
1456,14.57,33.45457458496094,1.877684235049237,76,4,0,1,1,1,1,0
1457,14.58,33.614471435546875,1.9403849190432738,76,4,0,1,1,1,1,0
1458,14.59,33.65192794799805,2.0754990413804038,76,4,0,1,1,1,1,0
1459,14.6,33.9749870300293,1.9103389587099977,76,4,0,1,1,1,1,0
1460,14.61,33.977760314941406,1.8491374926235598,76,4,0,1,1,1,1,0
1461,14.62,33.86648941040039,2.05141601486258,76,4,0,1,1,1,1,0
1462,14.63,34.06720733642578,1.9306202760530509,76,3,0,0,1,1,1,0
1463,14.64,33.7746696472168,2.152900850238663,76,4,0,1,1,1,1,0
1464,14.65,33.86557388305664,1.949077014516442,76,4,0,1,1,1,1,0
1465,14.66,33.79949951171875,1.7873432839019603,76,4,0,1,1,1,1,0
1466,14.67,33.816131591796875,1.8755542914526524,76,4,0,1,1,1,1,0
1467,14.68,33.75166702270508,1.8681803322771924,76,4,0,1,1,1,1,0
1468,14.69,33.81602096557617,1.9779263636982223,76,3,0,0,1,1,1,0
1469,14.7,33.946693420410156,1.9191129836949914,76,3,0,0,1,1,1,0
1470,14.71,33.871482849121094,1.71633115574026,76,3,0,0,1,1,1,0
1471,14.72,33.46949005126953,1.8995780379969587,76,5,1,1,1,1,1,0
1472,14.73,33.47873306274414,2.0141471811404044,76,5,1,1,1,1,1,0
1473,14.74,33.749359130859375,1.8041280399996416,76,5,1,1,1,1,1,0
1474,14.75,33.333587646484375,1.8818350281384395,76,5,1,1,1,1,1,0
1475,14.76,33.34225082397461,1.7602515370423117,76,5,1,1,1,1,1,0
1476,14.77,33.153106689453125,1.8129520886891823,76,5,1,1,1,1,1,0
1477,14.78,33.17532730102539,1.8206878452234943,76,5,1,1,1,1,1,0
1478,14.79,33.260353088378906,1.765501663627189,76,5,1,1,1,1,1,0
1479,14.8,33.157676696777344,1.692630299187863,76,5,1,1,1,1,1,0
1480,14.81,33.03864288330078,1.8785898958987683,76,5,1,1,1,1,1,0
1481,14.82,33.425872802734375,1.733521777754867,76,5,1,1,1,1,1,0
1482,14.83,33.2958984375,1.8038269610347828,76,5,1,1,1,1,1,0
1483,14.84,33.290889739990234,1.8854471468660015,76,5,1,1,1,1,1,0
1484,14.85,33.26567840576172,1.830464012646658,76,5,1,1,1,1,1,0
1485,14.86,33.40680694580078,1.9906286080669973,76,5,1,1,1,1,1,0
1486,14.87,33.429683685302734,2.030495749392129,76,5,1,1,1,1,1,0
1487,14.88,33.529541015625,1.8017223882875697,76,5,1,1,1,1,1,0
1488,14.89,33.34623718261719,1.7655835483318945,76,5,1,1,1,1,1,0
1489,14.9,33.07926940917969,1.780814790583697,76,5,1,1,1,1,1,0
1490,14.91,33.26805114746094,1.62240633419558,76,5,1,1,1,1,1,0
1491,14.92,33.05453872680664,1.7756367386540195,76,5,1,1,1,1,1,0
1492,14.93,32.877113342285156,1.9139498324634345,76,5,1,1,1,1,1,0
1493,14.94,32.95286560058594,1.6979142154791127,76,5,1,1,1,1,1,0
1494,14.95,33.12491226196289,1.6707476467079911,76,5,1,1,1,1,1,0
1495,14.96,33.26678466796875,1.8328323566915539,76,5,1,1,1,1,1,0
1496,14.97,32.96648406982422,1.7636862515132423,76,5,1,1,1,1,1,0
1497,14.98,32.804908752441406,1.6884643177560426,76,5,1,1,1,1,1,0
1498,14.99,32.73344421386719,1.8058524691300237,76,5,1,1,1,1,1,0
1499,15.0,33.28750228881836,1.8404587248561755,76,5,1,1,1,1,1,0
1500,15.01,33.219276428222656,1.8157349717312858,76,5,1,1,1,1,1,0
1501,15.02,33.36375045776367,1.7876835066527714,76,5,1,1,1,1,1,0
1502,15.03,33.34097671508789,2.035042281784259,76,5,1,1,1,1,1,0
1503,15.04,33.36761474609375,1.7607117644256334,76,5,1,1,1,1,1,0
1504,15.05,32.80593490600586,1.7721741154858228,76,5,1,1,1,1,1,0
1505,15.06,32.834720611572266,1.9062789348506257,76,5,1,1,1,1,1,0
1506,15.07,33.26614761352539,1.950048505916475,76,5,1,1,1,1,1,0
1507,15.08,33.35478210449219,1.609006777697282,76,5,1,1,1,1,1,0
1508,15.09,33.20814895629883,1.6890819995216522,76,5,1,1,1,1,1,0
1509,15.1,33.05461120605469,1.7854112184609399,76,5,1,1,1,1,1,0
1510,15.11,33.32853698730469,1.7697497364527688,76,5,1,1,1,1,1,0
1511,15.12,33.13190460205078,2.051196437144959,76,5,1,1,1,1,1,0
1512,15.13,33.328311920166016,1.7538840668926585,76,5,1,1,1,1,1,0
1513,15.14,33.31786346435547,1.9102054553469003,76,5,1,1,1,1,1,0
1514,15.15,33.4171257019043,1.7880406743529371,76,5,1,1,1,1,1,0
1515,15.16,33.376731872558594,1.7399163096723238,76,4,0,1,1,1,1,0
1516,15.17,32.951416015625,1.8726690491672404,76,5,1,1,1,1,1,0
1517,15.18,33.0568962097168,1.6837203295039287,76,4,0,1,1,1,1,0
1518,15.19,33.33390808105469,1.9672814222832309,76,4,0,1,1,1,1,0
1519,15.2,33.21574020385742,1.6983198736082286,76,4,0,1,1,1,1,0
1520,15.21,32.86600112915039,1.636210396153542,76,4,0,1,1,1,1,0
1521,15.22,33.143070220947266,2.0916550999530865,76,4,0,1,1,1,1,0
1522,15.23,33.315162658691406,1.9481531805359773,76,4,0,1,1,1,1,0
1523,15.24,33.39384460449219,1.8811421483984743,76,4,0,1,1,1,1,0
1524,15.25,33.26818084716797,1.820686001452141,76,4,0,1,1,1,1,0
1525,15.26,33.27971649169922,1.7992000260348198,76,4,0,1,1,1,1,0
1526,15.27,33.270206451416016,1.7437025144409408,76,5,1,1,1,1,1,0
1527,15.28,33.62452697753906,1.7317686153972385,76,4,0,1,1,1,1,0
1528,15.29,33.526573181152344,1.8672442026906022,76,4,0,1,1,1,1,0
1529,15.3,33.277400970458984,1.726758370536514,76,4,0,1,1,1,1,0
1530,15.31,33.3112907409668,1.8067927427543349,76,5,1,1,1,1,1,0
1531,15.32,33.219261169433594,1.8274552826524848,76,5,1,1,1,1,1,0
1532,15.33,33.48975372314453,1.949610525523362,76,5,1,1,1,1,1,0
1533,15.34,33.12439727783203,1.7997227603811226,76,5,1,1,1,1,1,0
1534,15.35,33.599830627441406,1.8010539601683224,76,5,1,1,1,1,1,0
1535,15.36,33.53966522216797,1.826715625938288,76,5,1,1,1,1,1,0
1536,15.37,33.265960693359375,1.9292486216520486,76,5,1,1,1,1,1,0
1537,15.38,33.46247100830078,2.0485102366023527,76,4,0,1,1,1,1,0
1538,15.39,33.26601028442383,1.7517392279924995,76,4,0,1,1,1,1,0
1539,15.4,33.17668151855469,1.8813575607469333,76,4,0,1,1,1,1,0
1540,15.41,33.146949768066406,1.9138657847030458,76,5,1,1,1,1,1,0
1541,15.42,33.15599822998047,1.8123432355821019,76,5,1,1,1,1,1,0
1542,15.43,32.967803955078125,1.8930683051766217,76,5,1,1,1,1,1,0
1543,15.44,33.07536315917969,1.883002392526579,76,5,1,1,1,1,1,0
1544,15.45,32.91846466064453,1.7415253506293047,76,5,1,1,1,1,1,0
1545,15.46,33.22372817993164,1.7145538746337248,76,5,1,1,1,1,1,0
1546,15.47,33.16545486450195,1.7664068883951887,76,5,1,1,1,1,1,0
1547,15.48,33.353153228759766,1.760967541831531,76,4,0,1,1,1,1,0
1548,15.49,33.3814582824707,1.8014199331799223,76,5,1,1,1,1,1,0
1549,15.5,33.398353576660156,1.7628101914629752,76,5,1,1,1,1,1,0
1550,15.51,33.32965850830078,1.6863564837577034,76,5,1,1,1,1,1,0
1551,15.52,33.557865142822266,2.042199392823394,76,5,1,1,1,1,1,0
1552,15.53,33.14530563354492,1.7890173745828257,76,5,1,1,1,1,1,0
1553,15.54,32.99809646606445,2.0037448537038265,76,5,1,1,1,1,1,0
1554,15.55,33.073726654052734,1.924651117600699,76,5,1,1,1,1,1,0
1555,15.56,33.12551498413086,1.8721660305030148,76,5,1,1,1,1,1,0
1556,15.57,33.27326965332031,1.941413018735735,76,5,1,1,1,1,1,0
1557,15.58,33.17694854736328,1.6678756890066675,76,5,1,1,1,1,1,0
1558,15.59,33.59417724609375,1.9022600501415232,76,5,1,1,1,1,1,0
1559,15.6,33.283809661865234,2.0023484426765563,76,5,1,1,1,1,1,0
1560,15.61,33.31449508666992,2.0093051821635965,76,5,1,1,1,1,1,0
1561,15.62,33.231624603271484,1.8613186893200204,76,4,0,1,1,1,1,0
1562,15.63,33.5537223815918,1.9328991034473715,76,4,0,1,1,1,1,0
1563,15.64,33.28179931640625,2.053610259290444,76,5,1,1,1,1,1,0
1564,15.65,33.3477668762207,1.8352405109879197,76,4,0,1,1,1,1,0
1565,15.66,33.44268035888672,1.887376797123967,76,4,0,1,1,1,1,0
1566,15.67,33.47947692871094,1.8128465186053813,76,4,0,1,1,1,1,0
1567,15.68,33.78502655029297,1.6902348787447508,76,4,0,1,1,1,1,0
1568,15.69,33.71208190917969,1.8047424969652293,76,4,0,1,1,1,1,0
1569,15.7,33.94329071044922,1.7675391432312615,76,4,0,1,1,1,1,0
1570,15.71,34.35056686401367,1.800723381497575,76,4,0,1,1,1,1,0
1571,15.72,33.9902229309082,1.8507826952656703,76,4,0,1,1,1,1,0
1572,15.73,34.032493591308594,1.8629844692942663,76,4,0,1,1,1,1,0
1573,15.74,33.47959518432617,2.017602363277222,76,3,0,0,1,1,1,0
1574,15.75,33.757755279541016,1.7584362582738693,76,3,0,0,1,1,1,0
1575,15.76,33.62874984741211,1.761504307223589,76,4,0,1,1,1,1,0
1576,15.77,33.83658981323242,1.8449357416014092,76,5,1,1,1,1,1,0
1577,15.78,33.46688461303711,1.847024456764237,76,3,0,0,1,1,1,0
1578,15.79,33.77269744873047,1.9139789969102885,76,4,0,1,1,1,1,0
1579,15.8,33.835365295410156,1.790424769642064,76,3,0,0,1,1,1,0
1580,15.81,33.93656921386719,1.8576861503745765,76,3,0,0,1,1,1,0
1581,15.82,33.56919860839844,1.7935695718566806,76,3,0,0,1,1,1,0
1582,15.83,33.575164794921875,1.8977934317798242,76,3,0,0,1,1,1,0
1583,15.84,33.571983337402344,1.873740493317489,76,3,0,0,1,1,1,0
1584,15.85,33.39645004272461,1.7819910139875472,76,3,0,0,1,1,1,0
1585,15.86,33.50727081298828,1.719012076077815,76,3,0,0,1,1,1,0
1586,15.87,33.6869010925293,1.8664864220772288,76,3,0,0,1,1,1,0
1587,15.88,33.83519744873047,1.8146637811699542,76,3,0,0,1,1,1,0
1588,15.89,33.48603057861328,1.701617389285886,76,3,0,0,1,1,1,0
1589,15.9,33.46659851074219,1.9942665866816875,76,3,0,0,1,1,1,0
1590,15.91,33.759849548339844,1.9593095232729094,76,3,0,0,1,1,1,0
1591,15.92,33.992183685302734,1.8490308113794527,76,4,0,1,1,1,1,0
1592,15.93,33.63393783569336,1.8192853199348296,76,3,0,0,1,1,1,0
1593,15.94,33.56023406982422,1.8934381567915053,76,3,0,0,1,1,1,0
1594,15.95,33.68594741821289,1.8142206466066968,76,4,0,1,1,1,1,0
1595,15.96,33.882991790771484,1.7817421726172291,76,3,0,0,1,1,1,0
1596,15.97,33.7707633972168,2.0991687437431334,76,3,0,0,1,1,1,0
1597,15.98,33.85162353515625,1.9514348093047995,76,3,0,0,1,1,1,0
1598,15.99,33.482017517089844,1.7488849483709636,76,3,0,0,1,1,1,0
1599,16.0,33.78617858886719,1.7576703788090673,76,4,0,1,1,1,1,0
1600,16.01,33.6423454284668,1.759685204708823,76,4,0,1,1,1,1,0
1601,16.02,33.69529342651367,1.8882245244841156,76,3,0,0,1,1,1,0
1602,16.03,33.50337219238281,2.089741100725697,76,3,0,0,1,1,1,0
1603,16.04,33.49698257446289,1.9278519048243612,76,3,0,0,1,1,1,0
1604,16.05,33.296390533447266,1.9299247047167278,76,4,0,1,1,1,1,0
1605,16.06,33.56144332885742,1.796358033652016,76,3,0,0,1,1,1,0
1606,16.07,33.1292839050293,1.8095531548613948,76,4,0,1,1,1,1,0
1607,16.08,33.16220474243164,1.9442489774492229,76,4,0,1,1,1,1,0
1608,16.09,33.20735549926758,1.7786523788236093,76,4,0,1,1,1,1,0
1609,16.1,33.48720932006836,1.8798945961503937,76,3,0,0,1,1,1,0
1610,16.11,33.55717849731445,1.8741935782119705,76,3,0,0,1,1,1,0
1611,16.12,33.65235900878906,1.72898701024112,76,4,0,1,1,1,1,0
1612,16.13,33.471561431884766,1.8187104118854363,76,3,0,0,1,1,1,0
1613,16.14,33.63938522338867,1.7713516686542257,76,4,0,1,1,1,1,0
1614,16.15,33.62424850463867,2.0192300314962925,76,3,0,0,1,1,1,0
1615,16.16,33.774295806884766,1.6933994570723265,76,4,0,1,1,1,1,0
1616,16.17,33.511878967285156,1.7746271529497586,76,3,0,0,1,1,1,0
1617,16.18,33.59138870239258,1.7514518008442388,76,3,0,0,1,1,1,0
1618,16.19,33.5689811706543,1.9190092383608592,76,3,0,0,1,1,1,0
1619,16.2,33.58687973022461,1.8209308407090976,76,3,0,0,1,1,1,0
1620,16.21,33.6793212890625,1.8012805596791441,76,3,0,0,1,1,1,0
1621,16.22,34.03850173950195,1.9360535025366241,76,3,0,0,1,1,1,0
1622,16.23,33.5615348815918,1.8141908457270486,76,3,0,0,1,1,1,0
1623,16.24,34.00859069824219,1.9398193086463666,76,4,0,1,1,1,1,0
1624,16.25,34.0238037109375,1.9750712228830138,76,3,0,0,1,1,1,0
1625,16.26,33.977294921875,1.9921075313316978,76,3,0,0,1,1,1,0
1626,16.27,34.026119232177734,1.7980527178212748,76,3,0,0,1,1,1,0
1627,16.28,33.73392868041992,1.8736882406889852,76,3,0,0,1,1,1,0
1628,16.29,33.611724853515625,1.8049905978589027,76,4,0,1,1,1,1,0
1629,16.3,33.496761322021484,1.889871938100346,76,3,0,0,1,1,1,0
1630,16.31,33.98007583618164,1.8481600495769415,76,3,0,0,1,1,1,0
1631,16.32,33.782630920410156,1.8567397168534756,76,3,0,0,1,1,1,0
1632,16.33,33.650718688964844,1.886606594438056,76,4,0,1,1,1,1,0
1633,16.34,33.71505355834961,2.01519124981352,76,3,0,0,1,1,1,0
1634,16.35,33.65433120727539,1.7215400242053627,76,3,0,0,1,1,1,0
1635,16.36,33.622894287109375,1.8841983756176164,76,3,0,0,1,1,1,0
1636,16.37,34.23526382446289,1.8311182259820697,76,3,0,0,1,1,1,0
1637,16.38,33.946170806884766,2.0459519500102794,76,3,0,0,1,1,1,0
1638,16.39,33.87004089355469,1.9697169748353611,76,3,0,0,1,1,1,0
1639,16.4,34.104366302490234,1.9379878111031021,76,3,0,0,1,1,1,0
1640,16.41,33.54810333251953,2.1373122583278517,76,3,0,0,1,1,1,0
1641,16.42,33.39975357055664,1.8213168282971524,76,3,0,0,1,1,1,0
1642,16.43,33.4686164855957,2.0709888377963384,76,3,0,0,1,1,1,0
1643,16.44,33.61122512817383,1.994846997822919,76,3,0,0,1,1,1,0
1644,16.45,33.82435607910156,1.916999375547071,76,3,0,0,1,1,1,0
1645,16.46,33.949317932128906,1.7189006033198941,76,3,0,0,1,1,1,0
1646,16.47,33.643646240234375,1.7314135497490382,76,3,0,0,1,1,1,0
1647,16.48,33.81241226196289,2.2932041550314515,76,3,0,0,1,1,1,0
1648,16.49,34.20317077636719,1.9763374439611594,76,3,0,0,1,1,1,0
1649,16.5,34.04138946533203,1.8685547426213678,76,3,0,0,1,1,1,0
1650,16.51,33.83988952636719,1.803637890629545,76,4,0,1,1,1,1,0
1651,16.52,33.96145248413086,1.9024765001268924,76,4,0,1,1,1,1,0
1652,16.53,33.80384826660156,1.9845893146773081,76,4,0,1,1,1,1,0
1653,16.54,33.629188537597656,2.019628184630608,76,3,0,0,1,1,1,0
1654,16.55,33.77330780029297,1.9475357158177904,76,3,0,0,1,1,1,0
1655,16.56,33.435367584228516,1.8832157285121889,76,3,0,0,1,1,1,0
1656,16.57,33.28367233276367,1.7889678929014357,76,4,0,1,1,1,1,0
1657,16.58,33.221275329589844,1.931654718264195,76,4,0,1,1,1,1,0
1658,16.59,33.4627685546875,2.073571453997255,76,3,0,0,1,1,1,0
1659,16.6,33.41871643066406,2.0850223377309596,76,4,0,1,1,1,1,0
1660,16.61,33.88897705078125,2.021684247369525,76,3,0,0,1,1,1,0
1661,16.62,33.57158660888672,1.7110521990003658,76,3,0,0,1,1,1,0
1662,16.63,33.46414566040039,1.798466826343482,76,3,0,0,1,1,1,0
1663,16.64,33.575775146484375,2.07752576093889,76,3,0,0,1,1,1,0
1664,16.65,33.7122917175293,2.1302090487639056,76,3,0,0,1,1,1,0
1665,16.66,34.00614929199219,1.910887377653406,76,4,0,1,1,1,1,0
1666,16.67,34.07603454589844,1.9955188116831373,76,4,0,1,1,1,1,0
1667,16.68,34.05200958251953,1.9096100853693923,76,3,0,0,1,1,1,0
1668,16.69,34.14860916137695,1.883960867703692,76,4,0,1,1,1,1,0
1669,16.7,34.01356887817383,2.1274145526524464,76,3,0,0,1,1,1,0
1670,16.71,34.205284118652344,2.237386647686261,76,3,0,0,1,1,1,0
1671,16.72,34.4329948425293,1.8753940398149316,76,3,0,0,1,1,1,0
1672,16.73,34.27342224121094,2.091981856030876,76,4,0,1,1,1,1,0
1673,16.74,34.075111389160156,2.0262780616697516,76,4,0,1,1,1,1,0
1674,16.75,34.057884216308594,1.8650982664710218,76,4,0,1,1,1,1,0
1675,16.76,33.86518859863281,1.815961503859759,76,4,0,1,1,1,1,0
1676,16.77,34.09089660644531,2.092915671572112,76,4,0,1,1,1,1,0
1677,16.78,33.95250701904297,1.9196115498299213,76,4,0,1,1,1,1,0
1678,16.79,34.26457214355469,1.9100259565448947,76,4,0,1,1,1,1,0
1679,16.8,34.30887985229492,2.1649467535752,76,4,0,1,1,1,1,0
1680,16.81,34.12262725830078,1.9931173534671345,76,3,0,0,1,1,1,0
1681,16.82,34.59800720214844,1.6684734361660234,76,3,0,0,1,1,1,0
1682,16.83,34.50885772705078,2.2554388745038034,76,3,0,0,1,1,1,0
1683,16.84,34.068206787109375,1.8459415768609608,76,4,0,1,1,1,1,0
1684,16.85,34.09468078613281,1.9807578938650017,76,3,0,0,1,1,1,0
1685,16.86,34.2095947265625,1.8211248606490082,76,3,0,0,1,1,1,0
1686,16.87,34.234989166259766,1.8835325581121019,76,3,0,0,1,1,1,0
1687,16.88,34.13959503173828,2.104402918281712,76,3,0,0,1,1,1,0
1688,16.89,34.078529357910156,2.1451560479899388,76,3,0,0,1,1,1,0
1689,16.9,34.00664520263672,1.9751923657266488,76,4,0,1,1,1,1,0
1690,16.91,33.89384841918945,1.8062359977695897,76,4,0,1,1,1,1,0
1691,16.92,33.873878479003906,1.978816340213976,76,4,0,1,1,1,1,0
1692,16.93,33.71623611450195,1.9506653707905461,76,4,0,1,1,1,1,0
1693,16.94,34.13422393798828,2.086261880064927,76,4,0,1,1,1,1,0
1694,16.95,33.912479400634766,1.7946014335859304,76,4,0,1,1,1,1,0
1695,16.96,34.48263168334961,2.059585571084164,76,4,0,1,1,1,1,0
1696,16.97,34.26942443847656,1.9761069563704632,76,4,0,1,1,1,1,0
1697,16.98,34.39668655395508,2.1913001840423068,76,4,0,1,1,1,1,0
1698,16.99,34.22263717651367,1.9031859716500383,76,4,0,1,1,1,1,0
1699,17.0,34.01382064819336,1.8364403192819632,76,4,0,1,1,1,1,0
1700,17.01,33.97944641113281,2.208367756282401,76,4,0,1,1,1,1,0
1701,17.02,34.31655502319336,1.937368760521544,76,4,0,1,1,1,1,0
1702,17.03,34.05963897705078,1.714352199446547,76,4,0,1,1,1,1,0
1703,17.04,34.243492126464844,1.9373730529578423,76,4,0,1,1,1,1,0
1704,17.05,34.012351989746094,1.946923325928335,76,4,0,1,1,1,1,0
1705,17.06,34.18167495727539,1.9798233654764537,76,4,0,1,1,1,1,0
1706,17.07,33.784393310546875,1.8325104042600842,76,4,0,1,1,1,1,0
1707,17.08,33.87192153930664,1.8435868456065172,76,4,0,1,1,1,1,0
1708,17.09,33.98484420776367,1.8269646683213727,76,4,0,1,1,1,1,0
1709,17.1,33.61172866821289,1.9180710416990796,76,4,0,1,1,1,1,0
1710,17.11,33.898372650146484,2.0746811226963233,76,3,0,0,1,1,1,0
1711,17.12,34.01844787597656,2.136303726690842,76,3,0,0,1,1,1,0
1712,17.13,33.6376838684082,1.7920100931574265,76,4,0,1,1,1,1,0
1713,17.14,33.854583740234375,1.9542022599496067,76,3,0,0,1,1,1,0
1714,17.15,33.72317123413086,1.799835967328563,76,3,0,0,1,1,1,0
1715,17.16,33.59463882446289,1.8189544474770476,76,4,0,1,1,1,1,0
1716,17.17,33.45698928833008,1.9968718670537613,76,3,0,0,1,1,1,0
1717,17.18,33.81615447998047,1.8331956271205865,76,3,0,0,1,1,1,0
1718,17.19,33.58674621582031,1.7144407769721655,76,3,0,0,1,1,1,0
1719,17.2,33.91554641723633,1.7345047152027444,76,3,0,0,1,1,1,0
1720,17.21,33.554168701171875,1.8756564134237095,76,3,0,0,1,1,1,0
1721,17.22,33.77163314819336,1.7896933249233107,76,3,0,0,1,1,1,0
1722,17.23,34.21835708618164,1.9682758931300437,76,3,0,0,1,1,1,0
1723,17.24,33.89118957519531,1.9755738618802685,76,3,0,0,1,1,1,0
1724,17.25,33.766845703125,1.7610254352377617,76,3,0,0,1,1,1,0
1725,17.26,33.99013900756836,1.9200999535998002,76,3,0,0,1,1,1,0
1726,17.27,33.87321853637695,2.0224002356152644,76,3,0,0,1,1,1,0
1727,17.28,33.57172393798828,1.9979216412104452,76,3,0,0,1,1,1,0
1728,17.29,33.797489166259766,1.9882937637779434,76,3,0,0,1,1,1,0
1729,17.3,33.79457092285156,2.2332714679605115,76,3,0,0,1,1,1,0
1730,17.31,33.909603118896484,1.8918204914191283,76,3,0,0,1,1,1,0
1731,17.32,33.66189193725586,2.07011773332599,76,3,0,0,1,1,1,0
1732,17.33,33.94583511352539,1.9796964362616225,76,3,0,0,1,1,1,0
1733,17.34,33.75139236450195,1.8104416214705439,76,3,0,0,1,1,1,0
1734,17.35,33.65319061279297,2.0446515662739277,76,3,0,0,1,1,1,0
1735,17.36,33.71653747558594,1.752430732875703,76,4,0,1,1,1,1,0
1736,17.37,33.695865631103516,1.8875889111748112,76,4,0,1,1,1,1,0
1737,17.38,33.75897216796875,1.8348044875003287,76,4,0,1,1,1,1,0
1738,17.39,33.77838897705078,1.9010030335550723,76,3,0,0,1,1,1,0
1739,17.4,34.14118576049805,1.9280593484032196,76,3,0,0,1,1,1,0
1740,17.41,33.959716796875,2.0485118380751497,76,3,0,0,1,1,1,0
1741,17.42,33.94892883300781,1.8787747736978195,76,3,0,0,1,1,1,0
1742,17.43,34.03014373779297,2.095156217966054,76,3,0,0,1,1,1,0
1743,17.44,34.11140441894531,2.0227740541848838,76,3,0,0,1,1,1,0
1744,17.45,34.12504196166992,2.013182627284957,76,3,0,0,1,1,1,0
1745,17.46,34.09114074707031,1.7140877969691368,76,3,0,0,1,1,1,0
1746,17.47,34.27891540527344,1.8813279919863,76,3,0,0,1,1,1,0
1747,17.48,34.42550277709961,2.1034053447236993,76,3,0,0,1,1,1,0
1748,17.49,34.267608642578125,1.7826624385711571,76,3,0,0,1,1,1,0
1749,17.5,34.12393569946289,1.8896074200261166,76,3,0,0,1,1,1,0
1750,17.51,34.12416076660156,1.925900859946646,76,4,0,1,1,1,1,0
1751,17.52,33.98301315307617,1.7934625843317449,76,3,0,0,1,1,1,0
1752,17.53,34.079158782958984,2.0701968931525108,76,3,0,0,1,1,1,0
1753,17.54,34.032108306884766,2.1879183054353,76,4,0,1,1,1,1,0
1754,17.55,34.29991912841797,2.05184779335907,76,4,0,1,1,1,1,0
1755,17.56,34.24818801879883,2.067222755603038,76,3,0,0,1,1,1,0
1756,17.57,34.169708251953125,1.8618255811533249,76,3,0,0,1,1,1,0
1757,17.58,34.43635940551758,1.795634550606634,76,3,0,0,1,1,1,0
1758,17.59,34.16179656982422,1.985217184884221,76,3,0,0,1,1,1,0
1759,17.6,34.42316436767578,1.9318916150776368,76,3,0,0,1,1,1,0
1760,17.61,34.077293395996094,2.0576176350439868,76,3,0,0,1,1,1,0
1761,17.62,34.09403610229492,1.7711807183673223,76,3,0,0,1,1,1,0
1762,17.63,33.96963119506836,1.7497719700071812,76,3,0,0,1,1,1,0
1763,17.64,33.920467376708984,1.8263062099757685,76,3,0,0,1,1,1,0
1764,17.65,34.19017791748047,2.0627438436140952,76,3,0,0,1,1,1,0
1765,17.66,34.316219329833984,2.048637836737211,76,3,0,0,1,1,1,0
1766,17.67,34.164302825927734,2.0194291650984195,76,3,0,0,1,1,1,0
1767,17.68,34.336124420166016,2.1500937351840923,76,3,0,0,1,1,1,0
1768,17.69,34.296974182128906,1.9188304438514405,76,3,0,0,1,1,1,0
1769,17.7,33.982757568359375,1.7841781425335625,76,3,0,0,1,1,1,0
1770,17.71,34.16225814819336,2.1140743558564923,76,3,0,0,1,1,1,0
1771,17.72,34.078330993652344,1.89359462511112,76,3,0,0,1,1,1,0
1772,17.73,33.93873977661133,1.8147755095767675,76,3,0,0,1,1,1,0
1773,17.74,34.04356384277344,2.0519289035845936,76,3,0,0,1,1,1,0
1774,17.75,34.05406188964844,2.0166795176411636,76,3,0,0,1,1,1,0
1775,17.76,33.92644500732422,2.1803894877952663,76,3,0,0,1,1,1,0
1776,17.77,33.87290573120117,1.8700542658370183,76,3,0,0,1,1,1,0
1777,17.78,34.206146240234375,2.168155494491766,76,3,0,0,1,1,1,0
1778,17.79,33.90520477294922,1.9287546035419951,76,3,0,0,1,1,1,0
1779,17.8,34.00432205200195,1.951512489040174,76,3,0,0,1,1,1,0
1780,17.81,33.97722625732422,1.8798661813410555,76,3,0,0,1,1,1,0
1781,17.82,33.77809524536133,1.887592084045636,76,3,0,0,1,1,1,0
1782,17.83,34.077293395996094,2.1335620656611334,76,3,0,0,1,1,1,0
1783,17.84,33.969608306884766,2.102998323841079,76,3,0,0,1,1,1,0
1784,17.85,33.91555404663086,1.952153811664594,76,4,0,1,1,1,1,0
1785,17.86,33.701324462890625,2.063224310556281,76,3,0,0,1,1,1,0
1786,17.87,33.64767074584961,1.8161769176515445,76,3,0,0,1,1,1,0
1787,17.88,33.87453842163086,2.0189136129449117,76,4,0,1,1,1,1,0
1788,17.89,33.779449462890625,1.8405161490269177,76,3,0,0,1,1,1,0
1789,17.9,34.078369140625,1.8707219848581476,76,3,0,0,1,1,1,0
1790,17.91,33.73506164550781,2.2067639052716204,76,3,0,0,1,1,1,0
1791,17.92,34.02189636230469,1.927978468115637,76,3,0,0,1,1,1,0
1792,17.93,34.115447998046875,1.8955469587206213,76,3,0,0,1,1,1,0
1793,17.94,33.75118637084961,1.8224688165504397,76,3,0,0,1,1,1,0
1794,17.95,33.90753173828125,1.8370070205983802,76,3,0,0,1,1,1,0
1795,17.96,34.20018005371094,1.8653952433942553,76,3,0,0,1,1,1,0
1796,17.97,34.20674133300781,2.0576913804548775,76,3,0,0,1,1,1,0
1797,17.98,34.047603607177734,2.2482952092016966,76,3,0,0,1,1,1,0
1798,17.99,33.94398880004883,1.794826934892755,76,3,0,0,1,1,1,0
1799,18.0,33.787574768066406,1.7847383913328347,76,3,0,0,1,1,1,0
1800,18.01,33.77880096435547,2.240669617025288,76,3,0,0,1,1,1,0
1801,18.02,33.76093673706055,1.75619060940385,76,3,0,0,1,1,1,0
1802,18.03,33.73922348022461,1.7212522304217308,76,3,0,0,1,1,1,0
1803,18.04,34.165287017822266,1.9918321665352696,76,3,0,0,1,1,1,0
1804,18.05,33.74836730957031,1.888285930394677,76,4,0,1,1,1,1,0
1805,18.06,33.96395492553711,2.007539453563522,76,3,0,0,1,1,1,0
1806,18.07,34.20758056640625,2.0866698986384633,76,3,0,0,1,1,1,0
1807,18.08,34.088871002197266,1.7860781536666996,76,3,0,0,1,1,1,0
1808,18.09,33.896080017089844,1.7871760831146302,76,3,0,0,1,1,1,0
1809,18.1,33.61084747314453,1.6579763703425774,76,3,0,0,1,1,1,0
1810,18.11,33.65473937988281,1.8761094422847764,76,3,0,0,1,1,1,0
1811,18.12,33.65876388549805,1.9579869828289,76,3,0,0,1,1,1,0
1812,18.13,33.57989501953125,2.0932976773588545,76,3,0,0,1,1,1,0
1813,18.14,33.8425407409668,2.0208386015646376,76,3,0,0,1,1,1,0
1814,18.15,33.861637115478516,1.8379330992715521,76,3,0,0,1,1,1,0
1815,18.16,33.87158966064453,1.7802847473800292,76,3,0,0,1,1,1,0
1816,18.17,33.92002868652344,1.9865811163566354,76,3,0,0,1,1,1,0
1817,18.18,33.822792053222656,2.062863499282382,76,3,0,0,1,1,1,0
1818,18.19,33.965858459472656,1.9755775692648974,76,3,0,0,1,1,1,0
1819,18.2,34.4190559387207,2.284859717676779,76,3,0,0,1,1,1,0
1820,18.21,33.88057327270508,2.050709282969025,76,3,0,0,1,1,1,0
1821,18.22,33.9992790222168,2.1042118806247685,76,3,0,0,1,1,1,0
1822,18.23,33.87507247924805,1.8854732520479975,76,3,0,0,1,1,1,0
1823,18.24,33.77336883544922,2.0202240304140564,76,3,0,0,1,1,1,0
1824,18.25,33.60490798950195,2.2389993033236903,76,3,0,0,1,1,1,0
1825,18.26,33.8984489440918,2.0853254873817297,76,3,0,0,1,1,1,0
1826,18.27,34.140777587890625,1.8698654860817323,76,3,0,0,1,1,1,0
1827,18.28,34.17660903930664,1.8964757957214413,76,3,0,0,1,1,1,0
1828,18.29,34.178775787353516,1.941674329926415,76,4,1,0,1,1,1,0
1829,18.3,34.28732681274414,1.959108757272394,76,3,0,0,1,1,1,0
1830,18.31,34.34943389892578,1.9624999401322705,76,3,0,0,1,1,1,0
1831,18.32,34.452781677246094,1.9845892185707956,76,3,0,0,1,1,1,0
1832,18.33,34.59904098510742,2.189998156409344,76,5,1,1,1,1,1,0
1833,18.34,34.47942352294922,2.1166481338490013,76,4,1,0,1,1,1,0
1834,18.35,34.310176849365234,1.9605105688806155,76,3,0,0,1,1,1,0
1835,18.36,34.36977767944336,2.1507924153502085,76,3,0,0,1,1,1,0
1836,18.37,33.863739013671875,1.9019446955370483,76,4,1,0,1,1,1,0
1837,18.38,33.99932098388672,2.078033472058804,76,4,0,1,1,1,1,0
1838,18.39,34.26896286010742,2.2758295465917677,76,3,0,0,1,1,1,0
1839,18.4,33.84477996826172,1.8905286019460876,76,3,0,0,1,1,1,0
1840,18.41,34.2325439453125,1.9920050023681368,76,3,0,0,1,1,1,0
1841,18.42,33.81961441040039,2.0098482391663333,76,4,0,1,1,1,1,0
1842,18.43,34.005516052246094,2.158749410500605,76,3,0,0,1,1,1,0
1843,18.44,33.69199752807617,1.8832167413305116,76,4,1,0,1,1,1,0
1844,18.45,33.78580856323242,1.829151776623638,76,3,0,0,1,1,1,0
1845,18.46,33.89552307128906,1.988290674863313,76,3,0,0,1,1,1,0
1846,18.47,33.912845611572266,1.9821940578792452,76,4,1,0,1,1,1,0
1847,18.48,33.930816650390625,2.112675378868471,76,4,1,0,1,1,1,0
1848,18.49,34.1534423828125,1.9755787471315642,76,4,1,0,1,1,1,0
1849,18.5,33.78779602050781,1.939819701952219,76,3,0,0,1,1,1,0
1850,18.51,33.765464782714844,2.091315597360575,76,4,0,1,1,1,1,0
1851,18.52,33.679656982421875,2.052318241007761,76,4,1,0,1,1,1,0
1852,18.53,33.58387756347656,1.8777925794174826,76,3,0,0,1,1,1,0
1853,18.54,33.545021057128906,1.8793093593697412,76,4,1,0,1,1,1,0
1854,18.55,33.65557098388672,1.9642041562759327,76,4,1,0,1,1,1,0
1855,18.56,33.70081329345703,2.1027827174678486,76,4,1,0,1,1,1,0
1856,18.57,33.60114669799805,1.8530533546653292,76,4,1,0,1,1,1,0
1857,18.58,33.62546920776367,1.931839948008914,76,3,0,0,1,1,1,0
1858,18.59,33.74739456176758,1.9180436896660034,76,4,1,0,1,1,1,0
1859,18.6,33.741737365722656,2.085495769740621,76,4,1,0,1,1,1,0
1860,18.61,33.8697395324707,1.8292368180283758,76,4,1,0,1,1,1,0
1861,18.62,33.71648025512695,2.0599262846621618,76,4,1,0,1,1,1,0
1862,18.63,33.603389739990234,2.001475162459437,76,4,1,0,1,1,1,0
1863,18.64,33.911094665527344,1.9482047870040964,76,3,0,0,1,1,1,0
1864,18.65,33.93301010131836,2.0374691946211563,76,4,0,1,1,1,1,0
1865,18.66,34.11235809326172,2.0770134259926905,76,3,0,0,1,1,1,0
1866,18.67,34.35462188720703,1.7463391440053198,76,3,0,0,1,1,1,0
1867,18.68,34.004295349121094,1.838507100550616,76,4,1,0,1,1,1,0
1868,18.69,34.23601150512695,1.9590019308588473,76,4,1,0,1,1,1,0
1869,18.7,34.036441802978516,1.9346293360054947,76,3,0,0,1,1,1,0
1870,18.71,33.87884521484375,1.7606223297941679,76,4,1,0,1,1,1,0
1871,18.72,34.04188919067383,1.842768029191812,76,4,1,0,1,1,1,0
1872,18.73,33.79255676269531,2.0457995825616613,76,4,1,0,1,1,1,0
1873,18.74,33.79778289794922,1.719943498977721,76,4,1,0,1,1,1,0
1874,18.75,33.38335418701172,1.69440607519138,76,4,1,0,1,1,1,0
1875,18.76,33.901031494140625,1.9050158995171687,76,4,1,0,1,1,1,0
1876,18.77,33.91960525512695,1.8998384571737272,76,3,0,0,1,1,1,0
1877,18.78,33.97706604003906,1.8505393113365114,76,4,1,0,1,1,1,0
1878,18.79,34.14103317260742,1.8976059642118175,76,3,0,0,1,1,1,0
1879,18.8,33.923885345458984,1.7814925042288392,76,3,0,0,1,1,1,0
1880,18.81,34.2127799987793,1.9571909958551181,76,3,0,0,1,1,1,0
1881,18.82,34.268802642822266,1.740748415067702,76,3,0,0,1,1,1,0
1882,18.83,34.105926513671875,2.03285862535987,76,3,0,0,1,1,1,0
1883,18.84,34.24967575073242,1.8292351079971623,76,3,0,0,1,1,1,0
1884,18.85,34.11417007446289,1.759151592380494,76,3,0,0,1,1,1,0
1885,18.86,34.1423225402832,1.6994432475657484,76,3,0,0,1,1,1,0
1886,18.87,34.259517669677734,1.7338393554651366,76,3,0,0,1,1,1,0
1887,18.88,34.32895278930664,2.0611842690177307,76,3,0,0,1,1,1,0
1888,18.89,33.96220397949219,1.8637155244626658,76,3,0,0,1,1,1,0
1889,18.9,33.946327209472656,1.8457508062629082,76,3,0,0,1,1,1,0
1890,18.91,34.061885833740234,1.8407348235294303,76,3,0,0,1,1,1,0
1891,18.92,34.1677360534668,1.7559295957240784,76,3,0,0,1,1,1,0
1892,18.93,34.35639953613281,2.06056154690297,76,3,0,0,1,1,1,0
1893,18.94,34.38380432128906,1.849644381607169,76,3,0,0,1,1,1,0
1894,18.95,34.375282287597656,1.927924638379461,76,3,0,0,1,1,1,0
1895,18.96,34.400150299072266,1.8702682221231843,76,4,0,1,1,1,1,0
1896,18.97,34.326698303222656,1.9459960975770267,76,3,0,0,1,1,1,0
1897,18.98,34.15663528442383,1.9096864700655618,76,3,0,0,1,1,1,0
1898,18.99,34.32552719116211,1.9142601603952116,76,3,0,0,1,1,1,0
1899,19.0,34.27370834350586,1.7857783892680108,76,3,0,0,1,1,1,0
1900,19.01,34.10294723510742,1.918490944540559,76,4,0,1,1,1,1,0
1901,19.02,33.77311706542969,1.6135045557135068,76,3,0,0,1,1,1,0
1902,19.03,34.2048225402832,2.042106813574643,76,3,0,0,1,1,1,0
1903,19.04,33.943668365478516,1.916928098079149,76,3,0,0,1,1,1,0
1904,19.05,33.86372756958008,1.8006678872298438,76,3,0,0,1,1,1,0
1905,19.06,34.024269104003906,2.007713939253298,76,3,0,0,1,1,1,0
1906,19.07,33.965980529785156,1.6270819070481781,76,3,0,0,1,1,1,0
1907,19.08,33.867401123046875,1.7485143718653313,76,3,0,0,1,1,1,0
1908,19.09,34.10868453979492,1.9393555662196043,76,3,0,0,1,1,1,0
1909,19.1,33.99999237060547,1.837852715306721,76,3,0,0,1,1,1,0
1910,19.11,34.00065994262695,1.935847782654003,76,3,0,0,1,1,1,0
1911,19.12,33.976318359375,1.7917893469194996,76,3,0,0,1,1,1,0
1912,19.13,33.96235656738281,1.7051980502650488,76,3,0,0,1,1,1,0
1913,19.14,34.19049072265625,2.021013090445572,76,3,0,0,1,1,1,0
1914,19.15,34.29848098754883,2.103543837586066,76,2,0,0,0,1,1,0
1915,19.16,33.80668640136719,1.8739825942572088,76,3,0,0,1,1,1,0
1916,19.17,33.985443115234375,2.0511945216044274,76,3,0,0,1,1,1,0
1917,19.18,34.08708190917969,1.853885350708648,76,3,0,0,1,1,1,0
1918,19.19,33.832420349121094,1.9068512331594873,76,3,0,0,1,1,1,0
1919,19.2,34.26247787475586,1.8423907181621273,76,3,0,0,1,1,1,0
1920,19.21,34.1884765625,2.1804799046924312,76,3,0,0,1,1,1,0
1921,19.22,33.867279052734375,1.812016337509804,76,3,0,0,1,1,1,0
1922,19.23,34.188777923583984,1.863196923865458,76,3,0,0,1,1,1,0
1923,19.24,33.817474365234375,2.0074360025176547,76,3,0,0,1,1,1,0
1924,19.25,33.59309387207031,2.0254853461474522,76,3,0,0,1,1,1,0
1925,19.26,33.76306915283203,1.9962949109783712,76,3,0,0,1,1,1,0
1926,19.27,33.99232864379883,1.8096143212617977,76,3,0,0,1,1,1,0
1927,19.28,33.99595642089844,1.8138042039685276,76,3,0,0,1,1,1,0
1928,19.29,33.57305145263672,1.7759792899669238,76,3,0,0,1,1,1,0
1929,19.3,33.930259704589844,1.7543705851196076,76,3,0,0,1,1,1,0
1930,19.31,33.55374526977539,2.028872080188596,76,3,0,0,1,1,1,0
1931,19.32,33.436344146728516,1.9084548987938925,76,3,0,0,1,1,1,0
1932,19.33,33.71169662475586,1.859810133243894,76,3,0,0,1,1,1,0
1933,19.34,33.47116470336914,1.6681423166090648,76,3,0,0,1,1,1,0
1934,19.35,33.77892303466797,1.8598113639095757,76,3,0,0,1,1,1,0
1935,19.36,33.54814910888672,2.087940404436296,76,3,0,0,1,1,1,0
1936,19.37,33.80181121826172,1.9995277740008015,76,3,0,0,1,1,1,0
1937,19.38,33.87189483642578,1.8016404098805925,76,3,0,0,1,1,1,0
1938,19.39,33.92080307006836,1.928574259795213,76,3,0,0,1,1,1,0
1939,19.4,33.97246551513672,1.875523471852834,76,3,0,0,1,1,1,0
1940,19.41,33.853939056396484,1.885871623360398,76,3,0,0,1,1,1,0
1941,19.42,33.77450942993164,1.781716217602282,76,3,0,0,1,1,1,0
1942,19.43,33.77417755126953,1.6615692112259695,76,4,0,1,1,1,1,0
1943,19.44,33.77206039428711,1.9880634151323069,76,3,0,0,1,1,1,0
1944,19.45,33.84815979003906,1.9328975838027143,76,3,0,0,1,1,1,0
1945,19.46,33.83366394042969,1.6791404132795975,76,3,0,0,1,1,1,0
1946,19.47,33.78109359741211,1.7441582725912024,76,3,0,0,1,1,1,0
1947,19.48,33.922855377197266,1.8074845284096555,76,3,0,0,1,1,1,0
1948,19.49,33.791893005371094,2.00446945743647,76,4,1,0,1,1,1,0
1949,19.5,33.96392059326172,1.9329023203499798,76,3,0,0,1,1,1,0
1950,19.51,33.7396240234375,2.1277488331710197,76,3,0,0,1,1,1,0
1951,19.52,33.84658432006836,1.8025244172863955,76,3,0,0,1,1,1,0
1952,19.53,34.0886116027832,2.0316039678100357,76,3,0,0,1,1,1,0
1953,19.54,34.218597412109375,2.048634000876708,76,3,0,0,1,1,1,0
1954,19.55,34.13847351074219,2.0906714467854894,76,3,0,0,1,1,1,0
1955,19.56,33.57806396484375,1.8635698381094015,76,4,1,0,1,1,1,0
1956,19.57,33.88373565673828,1.9477685267744407,76,3,0,0,1,1,1,0
1957,19.58,33.390159606933594,1.8738483328364395,76,3,0,0,1,1,1,0
1958,19.59,33.48834228515625,1.9565491406584306,76,3,0,0,1,1,1,0
1959,19.6,33.44047927856445,2.1019981962981626,76,3,0,0,1,1,1,0
1960,19.61,33.55311965942383,1.7616445539452925,76,3,0,0,1,1,1,0
1961,19.62,33.73786163330078,2.0348458196564216,76,3,0,0,1,1,1,0
1962,19.63,33.723384857177734,2.134410547724313,76,3,0,0,1,1,1,0
1963,19.64,33.617637634277344,1.8844915733431251,76,3,0,0,1,1,1,0
1964,19.65,33.29006576538086,1.7962780402894971,76,3,0,0,1,1,1,0
1965,19.66,33.51438903808594,2.068695484377543,76,3,0,0,1,1,1,0
1966,19.67,33.53588104248047,1.6636453812768486,76,3,0,0,1,1,1,0
1967,19.68,33.414520263671875,2.0816095756162025,76,3,0,0,1,1,1,0
1968,19.69,33.63108825683594,2.0959222916681255,76,3,0,0,1,1,1,0
1969,19.7,33.66526412963867,1.7741801033435554,76,4,0,1,1,1,1,0
1970,19.71,33.77596664428711,2.243164785936014,76,4,0,1,1,1,1,0
1971,19.72,33.431453704833984,2.053553425448975,76,4,0,1,1,1,1,0
1972,19.73,33.32266616821289,1.8054360612777536,76,3,0,0,1,1,1,0
1973,19.74,33.41448211669922,1.7189268188571891,76,3,0,0,1,1,1,0
1974,19.75,33.919952392578125,2.0746605976600154,76,4,0,1,1,1,1,0
1975,19.76,33.76121139526367,1.7464884717223494,76,4,0,1,1,1,1,0
1976,19.77,33.62063217163086,1.8045725748118988,76,4,0,1,1,1,1,0
1977,19.78,33.808494567871094,1.8201353085792034,76,4,0,1,1,1,1,0
1978,19.79,33.54593276977539,1.8626309612840992,76,4,0,1,1,1,1,0
1979,19.8,33.832271575927734,1.9986214388059251,76,4,0,1,1,1,1,0
1980,19.81,33.758419036865234,1.7598266152062478,76,4,0,1,1,1,1,0
1981,19.82,33.552494049072266,1.8133651928889285,76,5,1,1,1,1,1,0
1982,19.83,33.290428161621094,1.734676135176815,76,5,1,1,1,1,1,0
1983,19.84,33.483489990234375,1.8608882022107966,76,5,1,1,1,1,1,0
1984,19.85,33.714881896972656,1.9234056206444305,76,5,1,1,1,1,1,0
1985,19.86,33.52067565917969,1.804495482380015,76,5,1,1,1,1,1,0
1986,19.87,33.23057556152344,1.6338276300264583,76,4,0,1,1,1,1,0
1987,19.88,33.255523681640625,1.9777238034895062,76,4,0,1,1,1,1,0
1988,19.89,33.27192687988281,1.866170377880221,76,3,0,0,1,1,1,0
1989,19.9,33.34506607055664,1.719012431141169,76,4,0,1,1,1,1,0
1990,19.91,33.40724563598633,1.8624188313076737,76,4,0,1,1,1,1,0
1991,19.92,33.49850845336914,1.754367214811744,76,4,0,1,1,1,1,0
1992,19.93,33.49490737915039,1.8800306171710581,76,4,0,1,1,1,1,0
1993,19.94,33.792457580566406,1.9640235909436574,76,4,0,1,1,1,1,0
1994,19.95,33.502559661865234,1.8413319684379477,76,4,0,1,1,1,1,0
1995,19.96,33.764034271240234,1.8992121337884698,76,4,0,1,1,1,1,0
1996,19.97,33.72001266479492,1.6992668590581197,76,4,0,1,1,1,1,0
1997,19.98,33.74867248535156,1.7529980814537822,76,4,0,1,1,1,1,0
1998,19.99,33.41548538208008,1.8400587520504041,76,4,0,1,1,1,1,0
1999,20.0,33.31707000732422,1.7331118570464696,76,4,0,1,1,1,1,0
2000,20.01,33.34941482543945,1.8745943669308205,76,4,0,1,1,1,1,0
2001,20.02,33.35920333862305,2.106324562633774,76,4,0,1,1,1,1,0
2002,20.03,33.3870735168457,1.9379895826476756,76,4,0,0,1,1,1,1
2003,20.04,33.386199951171875,1.7429543514495682,76,3,0,0,1,1,1,0
2004,20.05,33.17579650878906,1.9365405173753503,76,3,0,0,1,1,1,0
2005,20.06,33.72035598754883,2.01645816265774,76,3,0,0,1,1,1,0
2006,20.07,33.650657653808594,1.7934875398421435,76,4,0,1,1,1,1,0
2007,20.08,33.55307388305664,1.8299750387896585,76,4,0,1,1,1,1,0
2008,20.09,33.46601867675781,1.835131566792222,76,4,0,1,1,1,1,0
2009,20.1,33.52250289916992,2.122476577905338,76,4,0,1,1,1,1,0
2010,20.11,32.920223236083984,1.8273745630240452,76,3,0,0,1,1,1,0
2011,20.12,33.29159927368164,1.8877487742233225,76,4,0,1,1,1,1,0
2012,20.13,33.180538177490234,1.8342564112037862,76,4,0,1,1,1,1,0
2013,20.14,33.24922561645508,1.8805070826299515,76,4,0,1,1,1,1,0
2014,20.15,33.03426742553711,1.7688715468019474,76,4,0,1,1,1,1,0
2015,20.16,33.24396514892578,1.7861980770901118,76,4,0,1,1,1,1,0
2016,20.17,33.5132942199707,1.8536708822692902,76,4,0,1,1,1,1,0
2017,20.18,33.319889068603516,1.7610788428708695,76,4,0,1,1,1,1,0
2018,20.19,33.09170150756836,1.915675787753134,76,4,0,1,1,1,1,0
2019,20.2,33.16106414794922,1.886290321606622,76,4,0,1,1,1,1,0
2020,20.21,33.16565704345703,2.0167509580793137,76,4,0,1,1,1,1,0
2021,20.22,33.34416580200195,1.7856335436247512,76,4,0,1,1,1,1,0
2022,20.23,33.29616928100586,1.9169287746735777,76,4,0,1,1,1,1,0
2023,20.24,33.4950065612793,1.8501110377717596,76,4,0,1,1,1,1,0
2024,20.25,33.51872634887695,1.8961780133647184,76,4,0,1,1,1,1,0
2025,20.26,33.5535888671875,1.9925144354933102,76,4,0,1,1,1,1,0
2026,20.27,33.416324615478516,1.8324588287028452,76,4,0,1,1,1,1,0
2027,20.28,33.67500686645508,1.7872332983031463,76,4,0,1,1,1,1,0
2028,20.29,33.62049865722656,1.725166077520416,76,4,0,1,1,1,1,0
2029,20.3,33.37559127807617,1.8961540975455804,76,4,0,1,1,1,1,0
2030,20.31,33.163665771484375,1.9577010705106124,76,4,0,1,1,1,1,0
2031,20.32,33.608829498291016,1.9823201343992456,76,4,0,1,1,1,1,0
2032,20.33,33.846858978271484,1.8418985937631354,76,4,0,1,1,1,1,0
2033,20.34,33.482452392578125,1.7985826362755235,76,4,0,1,1,1,1,0
2034,20.35,33.6574592590332,1.963337444489266,76,4,0,1,1,1,1,0
2035,20.36,33.424922943115234,1.7356567705306805,76,4,0,1,1,1,1,0
2036,20.37,33.5091667175293,2.0652595848253976,76,5,0,1,1,1,1,1
2037,20.38,33.399208068847656,1.6935749925817671,76,4,0,1,1,1,1,0
2038,20.39,33.35587692260742,1.8044960531599672,76,4,0,1,1,1,1,0
2039,20.4,33.195655822753906,1.7403720291419538,76,4,0,1,1,1,1,0
2040,20.41,33.4364013671875,1.7930118909966088,76,4,0,1,1,1,1,0
2041,20.42,33.33768081665039,1.7582367743216303,76,5,0,1,1,1,1,1
2042,20.43,33.14081573486328,1.7365460018752579,76,4,0,1,1,1,1,0
2043,20.44,33.14662170410156,1.8689303230387195,76,4,0,1,1,1,1,0
2044,20.45,33.65748596191406,1.8314218169479048,76,4,0,0,1,1,1,1
2045,20.46,33.315330505371094,1.986426403360526,76,4,0,1,1,1,1,0
2046,20.47,33.257205963134766,1.7629804604042996,76,3,0,0,1,1,1,0
2047,20.48,33.38777542114258,1.792903827654906,76,4,0,1,1,1,1,0
2048,20.49,33.37446594238281,2.031871389335137,76,4,0,1,1,1,1,0
2049,20.5,33.07490921020508,1.7583242475670267,76,5,0,1,1,1,1,1
2050,20.51,33.0258903503418,1.9807543117319182,76,4,0,1,1,1,1,0
2051,20.52,33.10735321044922,1.737644070370303,76,4,0,1,1,1,1,0
2052,20.53,33.45606231689453,1.9110449324346692,76,4,0,1,1,1,1,0
2053,20.54,33.07625961303711,1.8943634365167419,76,5,1,1,1,1,1,0
2054,20.55,33.26607894897461,1.9824458565378662,76,3,0,0,1,1,1,0
2055,20.56,33.182090759277344,1.942241207053721,76,5,0,1,1,1,1,1
2056,20.57,33.40188217163086,1.7141760766009682,76,5,0,1,1,1,1,1
2057,20.58,33.34977340698242,1.8652102256317544,76,4,0,1,1,1,1,0
2058,20.59,33.3021354675293,1.7521651096414401,76,4,0,1,1,1,1,0
2059,20.6,33.6416130065918,1.8754767606811427,76,3,0,0,1,1,1,0
2060,20.61,33.37520980834961,2.080388775231152,76,4,0,1,1,1,1,0
2061,20.62,32.91366958618164,1.8612903803238983,76,5,0,1,1,1,1,1
2062,20.63,33.14931106567383,1.9110183781078667,76,4,0,0,1,1,1,1
2063,20.64,33.23866653442383,1.766266609450405,76,4,0,1,1,1,1,0
2064,20.65,33.31120300292969,1.8934077894786805,76,5,0,1,1,1,1,1
2065,20.66,33.29341125488281,2.046316190584033,76,4,0,1,1,1,1,0
2066,20.67,33.310935974121094,1.7986070965646608,76,5,0,1,1,1,1,1
2067,20.68,33.43449401855469,2.1130262402524074,76,3,0,0,1,1,1,0
2068,20.69,33.11787033081055,1.9585212415252482,76,3,0,0,1,1,1,0
2069,20.7,33.322967529296875,2.092705060071941,76,3,0,0,1,1,1,0
2070,20.71,33.03443145751953,1.9238003805207977,76,4,0,0,1,1,1,1
2071,20.72,33.16445541381836,1.9195114682580117,76,3,0,0,1,1,1,0
2072,20.73,33.2260627746582,1.835130381930592,76,3,0,0,1,1,1,0
2073,20.74,33.66606140136719,1.831227783902494,76,3,0,0,1,1,1,0
2074,20.75,33.4976692199707,1.9674592650154414,76,3,0,0,1,1,1,0
2075,20.76,33.46751022338867,1.8397231971947903,76,3,0,0,1,1,1,0
2076,20.77,33.56146240234375,2.0060174345919104,76,2,0,0,0,1,1,0
2077,20.78,33.34524917602539,1.9592365140283727,76,2,0,0,0,1,1,0
2078,20.79,33.49540328979492,1.7716102594471101,76,2,0,0,0,1,1,0
2079,20.8,33.58076095581055,1.825377743441832,76,2,0,0,0,1,1,0
2080,20.81,33.059974670410156,1.7929361738056557,76,3,0,0,0,1,1,1
2081,20.82,33.18366241455078,1.827649507476565,76,3,0,0,1,1,1,0
2082,20.83,32.97018051147461,2.0086071316348946,76,4,0,0,1,1,1,1
2083,20.84,32.743553161621094,1.968200677490406,76,3,0,0,0,1,1,1
2084,20.85,32.81180191040039,1.9409796736472844,76,3,0,0,0,1,1,1
2085,20.86,32.80353927612305,2.1440648079686224,76,2,0,0,0,1,1,0
2086,20.87,32.95761489868164,1.8380728273834437,76,4,0,0,1,1,1,1
2087,20.88,32.96634292602539,2.1514907799742433,76,3,0,0,1,1,1,0
2088,20.89,32.62276840209961,1.9699252479435374,76,3,0,0,0,1,1,1
2089,20.9,33.18811798095703,1.8677814758732056,76,3,0,0,0,1,1,1
2090,20.91,33.089385986328125,1.976182874868142,76,2,0,0,0,1,1,0
2091,20.92,33.31190490722656,2.1046143892185945,76,2,0,0,0,1,1,0
2092,20.93,33.58637237548828,1.7974691510978265,76,2,0,0,0,1,1,0
2093,20.94,33.4718017578125,1.862712590117217,76,3,0,0,0,1,1,1
2094,20.95,33.1953010559082,2.0706984980740883,76,2,0,0,0,1,1,0
2095,20.96,33.40126037597656,2.122356616457992,76,2,0,0,0,1,1,0
2096,20.97,33.4054069519043,1.9980288878519,76,2,0,0,0,1,1,0
2097,20.98,33.17295837402344,1.7817432431174198,76,2,0,0,0,1,1,0
2098,20.99,33.144630432128906,1.7528543572864228,76,2,0,0,0,1,1,0
2099,21.0,33.24571990966797,1.8681536383180357,76,2,0,0,0,1,1,0
2100,21.01,33.01701354980469,1.8951002874532021,76,2,0,0,0,1,1,0
2101,21.02,33.305885314941406,1.985897634954195,76,2,0,0,0,1,1,0
2102,21.03,33.04500198364258,1.9436807527151712,76,2,0,0,0,1,1,0
2103,21.04,32.468448638916016,1.7990588902735798,76,4,0,1,1,1,1,0
2104,21.05,32.76459503173828,1.7905605781074592,76,3,0,0,1,1,1,0
2105,21.06,32.71201705932617,1.8827687657123697,76,2,0,0,0,1,1,0
2106,21.07,32.92832946777344,2.168153224846565,76,2,0,0,0,1,1,0
2107,21.08,32.817874908447266,2.1807761607783216,76,3,0,0,1,1,1,0
2108,21.09,32.72871780395508,1.81895876769094,76,2,0,0,0,1,1,0
2109,21.1,32.755584716796875,1.677853662820537,76,2,0,0,0,1,1,0
2110,21.11,32.81045150756836,1.8844104223406424,76,2,0,0,0,1,1,0
2111,21.12,32.940025329589844,1.8805835946278446,76,2,0,0,0,1,1,0
2112,21.13,33.12931442260742,1.9251268237166186,76,2,0,0,0,1,1,0
2113,21.14,32.64506149291992,2.041373102674638,76,2,0,0,0,1,1,0
2114,21.15,32.716880798339844,1.737724831069582,76,2,0,0,0,1,1,0
2115,21.16,32.74639892578125,1.8656100611526274,76,2,0,0,0,1,1,0
2116,21.17,32.93836212158203,1.845046298477736,76,2,0,0,0,1,1,0
2117,21.18,32.598812103271484,1.9681980222086104,76,2,0,0,0,1,1,0
2118,21.19,32.61251449584961,2.0232922049091355,76,2,0,0,0,1,1,0
2119,21.2,32.96937561035156,2.016607355850277,76,2,0,0,0,1,1,0
2120,21.21,32.829830169677734,1.889708338440797,76,3,0,0,1,1,1,0
2121,21.22,32.57652282714844,1.9127254138999896,76,2,0,0,0,1,1,0
2122,21.23,32.81106185913086,2.0694413939803527,76,2,0,0,0,1,1,0
2123,21.24,32.779747009277344,1.8133921884974773,76,2,0,0,0,1,1,0
2124,21.25,32.5618782043457,1.9138679772034424,76,3,0,0,0,1,1,1
2125,21.26,32.81925582885742,1.9071210604327167,76,3,0,0,0,1,1,1
2126,21.27,32.39633560180664,2.1085772522167066,76,2,0,0,0,1,1,0
2127,21.28,32.733882904052734,1.7215099041556354,76,3,0,0,0,1,1,1
2128,21.29,32.69864273071289,1.8040792053511183,76,2,0,0,0,1,1,0
2129,21.3,32.86385726928711,1.994017524218344,76,2,0,0,0,1,1,0
2130,21.31,32.90107345581055,1.8073203096582218,76,2,0,0,0,1,1,0
2131,21.32,33.03274917602539,1.8240026513337704,76,3,0,0,0,1,1,1
2132,21.33,32.9251594543457,1.860157327875746,76,3,0,0,0,1,1,1
2133,21.34,33.17286682128906,2.0338370356976263,76,2,0,0,0,1,1,0
2134,21.35,32.94462203979492,1.9694689721521819,76,2,0,0,0,1,1,0
2135,21.36,33.073211669921875,1.8179678687046428,76,2,0,0,0,1,1,0
2136,21.37,33.207191467285156,1.7381297792165369,76,3,0,0,1,1,1,0
2137,21.38,33.04391098022461,1.9054682342945073,76,3,0,0,0,1,1,1
2138,21.39,33.12646484375,1.8806697383070576,76,3,0,0,1,1,1,0
2139,21.4,33.13172149658203,2.015414636704784,76,3,0,0,1,1,1,0
2140,21.41,33.314598083496094,1.9714432858087858,76,4,0,0,1,1,1,1
2141,21.42,33.68538284301758,1.7895499472442142,76,2,0,0,0,1,1,0
2142,21.43,33.32772445678711,2.0164566113936817,76,3,0,0,1,1,1,0
2143,21.44,33.35185241699219,1.7349969755112595,76,2,0,0,0,1,1,0
2144,21.45,32.987510681152344,1.9278483035302978,76,3,0,0,1,1,1,0
2145,21.46,33.250099182128906,1.9833811495281126,76,2,0,0,0,1,1,0
2146,21.47,33.391624450683594,1.72293601576367,76,4,0,0,1,1,1,1
2147,21.48,32.982810974121094,1.8516509670433046,76,3,0,0,1,1,1,0
2148,21.49,32.93503952026367,1.9886898432226738,76,3,0,0,1,1,1,0
2149,21.5,32.92101287841797,2.1890854654860146,76,2,0,0,0,1,1,0
2150,21.51,33.21393585205078,1.965908544422246,76,2,0,0,0,1,1,0
2151,21.52,32.939483642578125,1.8440473806853894,76,4,0,0,1,1,1,1
2152,21.53,32.80768966674805,2.132742316566174,76,3,0,0,1,1,1,0
2153,21.54,33.084564208984375,1.935229880705946,76,2,0,0,0,1,1,0
2154,21.55,33.37471389770508,1.7800274810415837,76,2,0,0,0,1,1,0
2155,21.56,33.20439529418945,1.9185647288821872,76,2,0,0,0,1,1,0
2156,21.57,33.22421646118164,1.9550185719297724,76,3,0,0,1,1,1,0
2157,21.58,33.22690963745117,2.022505486390758,76,3,0,0,1,1,1,0
2158,21.59,32.94187545776367,1.7556777123795575,76,3,0,0,0,1,1,1
2159,21.6,33.55792236328125,1.77456746766156,76,3,0,0,1,1,1,0
2160,21.61,33.436832427978516,1.7123358405350038,76,3,0,0,1,1,1,0
2161,21.62,33.2452278137207,2.019456012866241,76,2,0,0,0,1,1,0
2162,21.63,33.517269134521484,1.9140784310616366,76,2,0,0,0,1,1,0
2163,21.64,32.91352081298828,1.9624971799415023,76,3,0,0,1,1,1,0
2164,21.65,33.02134704589844,1.9114385330611925,76,3,0,0,1,1,1,0
2165,21.66,32.92094039916992,1.924812341846884,76,3,0,0,1,1,1,0
2166,21.67,32.979434967041016,1.7172382805016635,76,3,0,0,0,1,1,1
2167,21.68,33.26710510253906,1.8964712095750509,76,3,0,0,1,1,1,0
2168,21.69,32.72798156738281,1.8984738245634265,76,2,0,0,0,1,1,0
2169,21.7,32.99382400512695,1.8494617895888597,76,3,0,0,1,1,1,0
2170,21.71,32.87049865722656,1.9109157504113787,76,3,0,0,1,1,1,0
2171,21.72,32.9803352355957,1.9117817190910023,76,3,0,0,1,1,1,0
2172,21.73,32.91983413696289,1.9874370775166605,76,3,0,0,1,1,1,0
2173,21.74,32.774776458740234,2.180667164758731,76,3,0,0,1,1,1,0
2174,21.75,32.664466857910156,1.7917913268815657,76,3,0,0,1,1,1,0
2175,21.76,33.222442626953125,2.0036461568258996,76,3,0,0,1,1,1,0
2176,21.77,32.898746490478516,1.7489985014478673,76,3,0,0,1,1,1,0
2177,21.78,32.96329116821289,1.8604560981978477,76,2,0,0,0,1,1,0
2178,21.79,32.95779800415039,1.7695767343876143,76,2,0,0,0,1,1,0
2179,21.8,33.22261428833008,1.9008406728848533,76,3,0,0,0,1,1,1
2180,21.81,33.3136100769043,2.0237391825473328,76,2,0,0,0,1,1,0
2181,21.82,33.36864471435547,2.0230917168050695,76,2,0,0,0,1,1,0
2182,21.83,32.86164474487305,1.8429084670848428,76,3,0,0,1,1,1,0
2183,21.84,32.57748794555664,1.7918447755326123,76,4,0,0,1,1,1,1
2184,21.85,32.22083282470703,1.8096114754442105,76,3,0,0,1,1,1,0
2185,21.86,32.16510009765625,1.9398479858381346,76,3,0,0,1,1,1,0
2186,21.87,31.868680953979492,1.9498190192351978,76,3,0,0,1,1,1,0
2187,21.88,32.25090408325195,1.9641558057297794,76,2,0,0,0,1,1,0
2188,21.89,32.421043395996094,1.619417996836953,76,2,0,0,0,1,1,0
2189,21.9,32.53947448730469,2.0698321553660195,76,3,0,1,0,1,1,0
2190,21.91,32.41364669799805,1.7875663930717993,76,2,0,0,0,1,1,0
2191,21.92,32.32585525512695,1.8695942402937429,76,2,0,0,0,1,1,0
2192,21.93,32.53370666503906,1.8333309930103716,76,2,0,0,0,1,1,0
2193,21.94,32.75884246826172,1.7178537658122015,76,4,0,0,1,1,1,1
2194,21.95,32.75736618041992,1.857336337250959,76,3,0,0,1,1,1,0
2195,21.96,32.609031677246094,2.1326784642031646,76,3,0,1,0,1,1,0
2196,21.97,32.71073532104492,1.8900570444228362,76,2,0,0,0,1,1,0
2197,21.98,32.773983001708984,1.8921155523468645,76,2,0,0,0,1,1,0
2198,21.99,32.61954879760742,1.699059777061548,76,2,0,0,0,1,1,0
2199,22.0,32.821876525878906,1.9167926654505925,76,3,0,0,1,1,1,0
2200,22.01,32.79360580444336,1.76547155894808,76,4,0,0,1,1,1,1
2201,22.02,32.92668914794922,2.1249680173477445,76,2,0,0,0,1,1,0
2202,22.03,32.87808609008789,1.830959772964009,76,2,0,0,0,1,1,0
2203,22.04,32.784461975097656,2.0646099285636517,76,3,0,0,1,1,1,0
2204,22.05,32.883113861083984,1.6869468684479227,76,2,0,0,0,1,1,0
2205,22.06,32.626426696777344,1.7990541405935356,76,3,0,0,1,1,1,0
2206,22.07,32.562744140625,1.9968989798949417,76,2,0,0,0,1,1,0
2207,22.08,33.0103645324707,1.8515955363655685,76,2,0,0,0,1,1,0
2208,22.09,32.896419525146484,2.000547108398183,76,3,0,0,1,1,1,0
2209,22.1,32.734375,1.7415775601719825,76,3,0,0,1,1,1,0
2210,22.11,32.81943130493164,2.264196941506574,76,3,0,0,1,1,1,0
2211,22.12,32.82282257080078,1.8433899542588792,76,2,0,0,0,1,1,0
2212,22.13,32.911598205566406,2.071208895711839,76,3,0,0,1,1,1,0
2213,22.14,33.22893142700195,1.9171301175580018,76,3,0,1,0,1,1,0
2214,22.15,33.1720085144043,1.9176338938923374,76,3,0,1,0,1,1,0
2215,22.16,33.04513168334961,1.8339616512271357,76,3,0,1,0,1,1,0
2216,22.17,32.97443771362305,2.1323437757707047,76,3,0,0,1,1,1,0
2217,22.18,33.41120147705078,1.8639230452710944,76,3,0,1,0,1,1,0
2218,22.19,33.28074264526367,1.9921076270791518,76,2,0,0,0,1,1,0
2219,22.2,32.950767517089844,1.8342273933825657,76,2,0,0,0,1,1,0
2220,22.21,33.262550354003906,1.7711273353486308,76,2,0,0,0,1,1,0
2221,22.22,33.142303466796875,1.8164502178835662,76,2,0,0,0,1,1,0
2222,22.23,33.13480758666992,1.9853695903494402,76,3,0,0,1,1,1,0
2223,22.24,33.20024490356445,1.8375479032741187,76,3,0,1,0,1,1,0
2224,22.25,32.790618896484375,1.8953099873428516,76,2,0,0,0,1,1,0
2225,22.26,32.83193588256836,1.7499191954445255,76,4,0,1,1,1,1,0
2226,22.27,32.47929382324219,1.9663718251984434,76,4,0,1,1,1,1,0
2227,22.28,32.937110900878906,1.850917929080076,76,3,0,0,1,1,1,0
2228,22.29,32.84226608276367,1.9064406923206,76,3,0,0,1,1,1,0
2229,22.3,32.85577392578125,1.6902376773024423,76,4,0,1,1,1,1,0
2230,22.31,32.640071868896484,1.7117551930922628,76,3,0,1,0,1,1,0
2231,22.32,32.884178161621094,2.0103973352771214,76,2,0,0,0,1,1,0
2232,22.33,32.811092376708984,1.9550416798587575,76,2,0,0,0,1,1,0
2233,22.34,32.694252014160156,1.8593021585041862,76,2,0,0,0,1,1,0
2234,22.35,32.357696533203125,1.892742490780224,76,2,0,0,0,1,1,0
2235,22.36,32.599998474121094,1.90215321974986,76,2,0,0,0,1,1,0
2236,22.37,32.63505554199219,2.0077913605513498,76,2,0,0,0,1,1,0
2237,22.38,32.56898880004883,1.8084504111003625,76,3,0,0,0,1,1,1
2238,22.39,32.670326232910156,1.8305453045657891,76,2,0,0,0,1,1,0
2239,22.4,32.597068786621094,1.8353161249069163,76,2,0,0,0,1,1,0
2240,22.41,32.589744567871094,1.9400001997902487,76,5,0,1,1,1,1,1
2241,22.42,32.918182373046875,1.8395894836649889,76,2,0,0,0,1,1,0
2242,22.43,33.01629638671875,1.916371773417667,76,2,0,0,0,1,1,0
2243,22.44,32.98740005493164,1.9142922295230258,76,2,0,0,0,1,1,0
2244,22.45,33.16980743408203,1.962239535993059,76,2,0,0,0,1,1,0
2245,22.46,33.03519058227539,1.8069277854679162,76,2,0,0,0,1,1,0
2246,22.47,33.15692901611328,1.740258724230145,76,3,0,0,0,1,1,1
2247,22.48,33.00153732299805,2.040934996168772,76,2,0,0,0,1,1,0
2248,22.49,33.023353576660156,2.003921877989354,76,2,0,0,0,1,1,0
2249,22.5,33.11043167114258,2.103428218939163,76,2,0,0,0,1,1,0
2250,22.51,32.7112922668457,1.7722889960525898,76,2,0,0,0,1,1,0
2251,22.52,32.63666534423828,1.9683768092556597,76,2,0,0,0,1,1,0
2252,22.53,32.875144958496094,2.0102998189178996,76,2,0,0,0,1,1,0
2253,22.54,33.022491455078125,1.8885709593674023,76,2,0,0,0,1,1,0
2254,22.55,32.78114700317383,1.8064348480795396,76,2,0,0,0,1,1,0
2255,22.56,32.67604446411133,1.8849161031330302,76,2,0,0,0,1,1,0
2256,22.57,32.86748123168945,2.0466065410189467,76,2,0,0,0,1,1,0
2257,22.58,32.7723388671875,2.0426668335734472,76,2,0,0,0,1,1,0
2258,22.59,32.585731506347656,1.8463211581015198,76,2,0,0,0,1,1,0
2259,22.6,32.26646041870117,1.9445823907726172,76,2,0,0,0,1,1,0
2260,22.61,32.67813491821289,1.8223842338240652,76,2,0,0,0,1,1,0
2261,22.62,32.37617111206055,1.8888343098492721,76,2,0,0,0,1,1,0
2262,22.63,32.501495361328125,2.042988517177936,76,2,0,0,0,1,1,0
2263,22.64,32.3238525390625,2.0431332898631878,76,3,0,0,1,1,1,0
2264,22.65,32.365989685058594,2.024944222144744,76,2,0,0,0,1,1,0
2265,22.66,32.41184616088867,1.84859399598054,76,2,0,0,0,1,1,0
2266,22.67,32.07529067993164,1.940230257981196,76,2,0,0,0,1,1,0
2267,22.68,32.13739776611328,2.131056288168177,76,2,0,0,0,1,1,0
2268,22.69,32.00044250488281,1.8618279578772599,76,3,0,0,0,1,1,1
2269,22.7,31.979135513305664,1.9190383656712184,76,4,0,0,1,1,1,1
2270,22.71,32.443172454833984,1.8847014213539888,76,3,0,0,1,1,1,0
2271,22.72,32.4536247253418,1.8746679051706907,76,3,0,0,1,1,1,0
2272,22.73,32.29706954956055,1.7963069491188621,76,3,0,0,0,1,1,1
2273,22.74,32.14055252075195,1.748883181598093,76,2,0,0,0,1,1,0
2274,22.75,32.401859283447266,1.894573016626481,76,3,0,0,1,1,1,0
2275,22.76,32.43577194213867,1.7240048434584954,76,2,0,0,0,1,1,0
2276,22.77,32.32795715332031,1.7226415018589192,76,2,0,0,0,1,1,0
2277,22.78,32.726463317871094,2.226247636736055,76,2,0,0,0,1,1,0
2278,22.79,32.50448226928711,1.7261234461943755,76,2,0,0,0,1,1,0
2279,22.8,32.56912612915039,1.7539130002337733,76,2,0,0,0,1,1,0
2280,22.81,32.589927673339844,1.9990796954928571,76,2,0,0,0,1,1,0
2281,22.82,32.7021369934082,1.8772285990694417,76,2,0,0,0,1,1,0
2282,22.83,32.569156646728516,1.8727012194123966,76,4,0,1,1,1,1,0
2283,22.84,32.56431579589844,1.7702859076545736,76,3,0,1,0,1,1,0
2284,22.85,32.712013244628906,1.789471397572072,76,3,0,1,0,1,1,0
2285,22.86,32.68647384643555,2.0173757582469403,76,4,0,1,1,1,1,0
2286,22.87,32.640560150146484,1.8688289153788327,76,3,0,0,1,1,1,0
2287,22.88,32.23094177246094,1.7911998422909228,76,4,0,1,1,1,1,0
2288,22.89,32.2479133605957,1.9163719923830107,76,4,0,1,1,1,1,0
2289,22.9,32.18507385253906,1.751601759813907,76,4,0,1,1,1,1,0
2290,22.91,32.05663299560547,1.9471011277093715,76,2,0,0,0,1,1,0
2291,22.92,32.35274124145508,1.8258446055410855,76,3,0,1,0,1,1,0
2292,22.93,32.37184143066406,1.7088613473597414,76,2,0,0,0,1,1,0
2293,22.94,32.52996826171875,1.8070434120262457,76,3,0,1,0,1,1,0
2294,22.95,32.48055648803711,1.9211458188606616,76,3,0,0,1,1,1,0
2295,22.96,32.31488037109375,1.9714689295115448,76,5,0,1,1,1,1,1
2296,22.97,32.360206604003906,1.8769421118660081,76,3,0,0,0,1,1,1
2297,22.98,32.39071273803711,1.8831878094581016,76,3,0,0,0,1,1,1
2298,22.99,32.3344841003418,1.9787627753189856,76,3,0,0,0,1,1,1
2299,23.0,32.6629638671875,1.9258538652726913,76,2,0,0,0,1,1,0
2300,23.01,32.24663162231445,1.8628169519501032,76,2,0,0,0,1,1,0
2301,23.02,32.412940979003906,1.7565307418898861,76,3,0,1,0,1,1,0
2302,23.03,32.62577438354492,1.792453015088507,76,2,0,0,0,1,1,0
2303,23.04,32.9453239440918,2.2542848611031414,76,3,0,1,0,1,1,0
2304,23.05,32.846553802490234,2.157917162902456,76,3,0,1,0,1,1,0
2305,23.06,32.74479293823242,1.8457782168966481,76,3,0,1,0,1,1,0
2306,23.07,32.826419830322266,1.7037862714463432,76,2,0,0,0,1,1,0
2307,23.08,32.80923080444336,2.0408368268014465,76,3,0,1,0,1,1,0
2308,23.09,32.852378845214844,1.8865300840609156,76,2,0,0,0,1,1,0
2309,23.1,32.76164627075195,1.7590063541340146,76,2,0,0,0,1,1,0
2310,23.11,32.81972885131836,1.7885457197490988,76,2,0,0,0,1,1,0
2311,23.12,32.741119384765625,2.105447318427155,76,2,0,0,0,1,1,0
2312,23.13,32.814002990722656,1.9589071917525727,76,2,0,0,0,1,1,0
2313,23.14,32.85409927368164,1.9708121501070588,76,2,0,0,0,1,1,0
2314,23.15,32.7965087890625,1.9928398120202733,76,2,0,0,0,1,1,0
2315,23.16,32.86549758911133,1.8406784009477588,76,2,0,0,0,1,1,0
2316,23.17,32.6505241394043,1.9000263268517505,76,2,0,0,0,1,1,0
2317,23.18,32.809749603271484,2.0960364134069502,76,2,0,0,0,1,1,0
2318,23.19,32.6724739074707,1.8260570151099789,76,2,0,0,0,1,1,0
2319,23.2,32.75286102294922,2.056604138157202,76,2,0,0,0,1,1,0
2320,23.21,32.583229064941406,2.0507080180427253,76,3,0,1,0,1,1,0
2321,23.22,32.692596435546875,1.7374128598156382,76,2,0,0,0,1,1,0
2322,23.23,32.93400955200195,1.7931307763191577,76,3,0,1,0,1,1,0
2323,23.24,33.18329620361328,2.1115418933839636,76,2,0,0,0,1,1,0
2324,23.25,32.900821685791016,1.787763415154745,76,3,0,1,0,1,1,0
2325,23.26,32.772056579589844,1.8536436912513754,76,2,0,0,0,1,1,0
2326,23.27,32.74205017089844,2.047635046451609,76,2,0,0,0,1,1,0
2327,23.28,32.51022720336914,1.864887337647086,76,3,0,1,0,1,1,0
2328,23.29,32.495243072509766,1.8222547745586044,76,3,0,1,0,1,1,0
2329,23.3,32.4546012878418,1.998148466993895,76,2,0,0,0,1,1,0
2330,23.31,32.8233528137207,1.8908484630373008,76,3,0,0,0,1,1,1
2331,23.32,32.94257736206055,1.8040533391104572,76,2,0,0,0,1,1,0
2332,23.33,32.612060546875,1.958647575901296,76,2,0,0,0,1,1,0
2333,23.34,32.6843147277832,1.7848483596707803,76,2,0,0,0,1,1,0
2334,23.35,32.7313346862793,1.8570928878616706,76,2,0,0,0,1,1,0
2335,23.36,32.71693801879883,1.8486997119615718,76,2,0,0,0,1,1,0
2336,23.37,32.84897232055664,1.877472424266412,76,2,0,0,0,1,1,0
2337,23.38,32.822181701660156,1.8806597586955522,76,2,0,0,0,1,1,0
2338,23.39,32.90724182128906,2.0255624083456207,76,2,0,0,0,1,1,0
2339,23.4,32.82075881958008,1.7627769462704346,76,2,0,0,0,1,1,0
2340,23.41,32.697296142578125,1.8325368263978612,76,2,0,0,0,1,1,0
2341,23.42,33.09217834472656,1.8168980155994774,76,2,0,0,0,1,1,0
2342,23.43,32.88151931762695,2.05686087230111,76,2,0,0,0,1,1,0
2343,23.44,33.052467346191406,1.911702664391582,76,2,0,0,0,1,1,0
2344,23.45,32.840087890625,1.8220049837091854,76,2,0,0,0,1,1,0
2345,23.46,33.409969329833984,1.7933748467813393,76,2,0,0,0,1,1,0
2346,23.47,33.24274826049805,1.7711872227017833,76,2,0,0,0,1,1,0
2347,23.48,33.17344284057617,2.0259802036357604,76,3,0,0,1,1,1,0
2348,23.49,32.987632751464844,2.151673967789063,76,2,0,0,0,1,1,0
2349,23.5,32.756385803222656,1.7911188731164556,76,2,0,0,0,1,1,0
2350,23.51,32.92799377441406,1.7259763569604154,76,2,0,0,0,1,1,0
2351,23.52,32.98617935180664,2.2671767867350403,76,2,0,0,0,1,1,0
2352,23.53,32.917057037353516,1.994642063249807,76,2,0,0,0,1,1,0
2353,23.54,32.74613952636719,2.147253721458747,76,2,0,0,0,1,1,0
2354,23.55,32.9715461730957,1.8614209365035252,76,2,0,0,0,1,1,0
2355,23.56,32.947940826416016,1.909189987593102,76,2,0,0,0,1,1,0
2356,23.57,33.17510223388672,1.8983683283812418,76,2,0,0,0,1,1,0
2357,23.58,33.093658447265625,1.8987912021057562,76,2,0,0,0,1,1,0
2358,23.59,32.84785079956055,1.7926488191602235,76,2,0,0,0,1,1,0
2359,23.6,32.87688064575195,2.0183894998552265,76,3,1,0,0,1,1,0
2360,23.61,33.006324768066406,1.9543255552402077,76,3,0,0,0,1,1,1
2361,23.62,33.25589370727539,1.8372482106744208,76,2,0,0,0,1,1,0
2362,23.63,32.88237380981445,1.8989998917846298,76,2,0,0,0,1,1,0
2363,23.64,32.95829772949219,1.8979147235594491,76,2,0,0,0,1,1,0
2364,23.65,33.039066314697266,1.9235611386845233,76,2,0,0,0,1,1,0
2365,23.66,32.698909759521484,1.6377434040920817,76,2,0,0,0,1,1,0
2366,23.67,32.810970306396484,1.8517290627572274,76,2,0,0,0,1,1,0
2367,23.68,33.09825897216797,1.7068376973108836,76,2,0,0,0,1,1,0
2368,23.69,32.873443603515625,1.8972136760772398,76,2,0,0,0,1,1,0
2369,23.7,33.257972717285156,1.7799409243697932,76,2,0,0,0,1,1,0
2370,23.71,32.8704719543457,1.8176380786121338,76,3,0,0,1,1,1,0
2371,23.72,33.212928771972656,1.8368995518012385,76,3,0,0,1,1,1,0
2372,23.73,33.15864181518555,2.0833421214860994,76,3,0,0,1,1,1,0
2373,23.74,33.08233642578125,1.9961462635309783,76,2,0,0,0,1,1,0
2374,23.75,32.84965896606445,1.8333864973308267,76,2,0,0,0,1,1,0
2375,23.76,33.327117919921875,1.736341586361835,76,2,0,0,0,1,1,0
2376,23.77,33.42381286621094,1.912538472506137,76,3,0,0,1,1,1,0
2377,23.78,33.29500961303711,1.9599474771465204,76,3,0,0,1,1,1,0
2378,23.79,33.38999938964844,1.8713108449911262,76,3,0,0,1,1,1,0
2379,23.8,33.4817008972168,1.752766567537146,76,4,0,1,1,1,1,0
2380,23.81,33.469085693359375,2.023878829472423,76,3,0,0,1,1,1,0
2381,23.82,33.30918502807617,2.0065161808086076,76,2,0,0,0,1,1,0
2382,23.83,33.187435150146484,1.7464237838304921,76,2,0,0,0,1,1,0
2383,23.84,33.36388397216797,1.7490026891074144,76,3,0,0,1,1,1,0
2384,23.85,33.041954040527344,2.10677260620085,76,3,0,0,1,1,1,0
2385,23.86,33.061527252197266,1.9580116338043012,76,3,0,0,1,1,1,0
2386,23.87,32.91181564331055,1.8876714007643094,76,3,0,0,1,1,1,0
2387,23.88,32.79023361206055,2.0796396383491653,76,3,0,0,1,1,1,0
2388,23.89,32.91024398803711,1.9592067382358296,76,4,0,1,1,1,1,0
2389,23.9,33.32444381713867,1.6481801302383103,76,4,0,1,1,1,1,0
2390,23.91,32.774940490722656,1.6219410191758612,76,4,0,1,1,1,1,0
2391,23.92,32.952789306640625,1.6993236443943804,76,4,0,1,1,1,1,0
2392,23.93,32.9896240234375,1.9753672368222261,76,3,0,0,1,1,1,0
2393,23.94,32.865726470947266,1.931035237545877,76,4,0,1,1,1,1,0
2394,23.95,32.875328063964844,1.8371701845937984,76,4,0,1,1,1,1,0
2395,23.96,32.68391418457031,1.7101497562321453,76,4,0,1,1,1,1,0
2396,23.97,32.92063903808594,1.9408783353989052,76,4,0,1,1,1,1,0
2397,23.98,32.55183029174805,1.8980291484750131,76,4,0,1,1,1,1,0
2398,23.99,32.54689025878906,1.782836224929829,76,4,0,1,1,1,1,0
2399,24.0,32.7595329284668,1.85463900363791,76,4,0,1,1,1,1,0
2400,24.01,32.27389144897461,1.7190023785114918,76,2,0,0,0,1,1,0
2401,24.02,32.56261444091797,1.988817579465682,76,3,0,0,0,1,1,1
2402,24.03,32.47062683105469,1.9167179371939065,76,3,0,0,1,1,1,0
2403,24.04,32.34713363647461,1.7598550823601455,76,2,0,0,0,1,1,0
2404,24.05,32.89141082763672,1.9601280676598902,76,3,0,0,1,1,1,0
2405,24.06,32.89303970336914,2.0698338693578613,76,3,0,0,1,1,1,0
2406,24.07,32.86653137207031,1.8292332519864474,76,3,0,0,1,1,1,0
2407,24.08,32.74020004272461,1.9937134306189581,76,3,0,0,1,1,1,0
2408,24.09,32.77852249145508,1.8412177907340812,76,3,0,0,1,1,1,0
2409,24.1,32.55012512207031,1.9044381021436314,76,2,0,0,0,1,1,0
2410,24.11,32.80329132080078,1.6773168799904405,76,3,0,0,1,1,1,0
2411,24.12,32.83731460571289,1.7971641547262556,76,3,0,0,1,1,1,0
2412,24.13,32.8176383972168,1.848808702595084,76,3,0,0,1,1,1,0
2413,24.14,32.891380310058594,1.8530234577783102,76,3,0,0,0,1,1,1
2414,24.15,32.97486877441406,2.14925735493401,76,4,0,1,1,1,1,0
2415,24.16,32.580474853515625,1.7318734008896246,76,3,0,0,1,1,1,0
2416,24.17,32.75462341308594,1.788016133519671,76,3,0,0,1,1,1,0
2417,24.18,32.71311950683594,1.8022175671102418,76,3,0,0,1,1,1,0
2418,24.19,32.686370849609375,1.7978036170507872,76,3,0,0,1,1,1,0
2419,24.2,32.94524002075195,1.8632515589967056,76,3,0,0,1,1,1,0
2420,24.21,32.66592025756836,1.9676691051081578,76,2,0,0,0,1,1,0
2421,24.22,32.68745422363281,1.8869583601807138,76,3,0,0,1,1,1,0
2422,24.23,32.53084945678711,1.8159797012682397,76,3,0,0,1,1,1,0
2423,24.24,32.458621978759766,1.758437191082304,76,3,0,0,1,1,1,0
2424,24.25,32.692970275878906,1.9347887429550827,76,4,0,1,1,1,1,0
2425,24.26,32.49152755737305,1.9244228641314987,76,4,0,1,1,1,1,0
2426,24.27,32.73811340332031,1.9852753601567354,76,3,0,0,1,1,1,0
2427,24.28,32.74410629272461,1.8799487054256203,76,3,0,0,1,1,1,0
2428,24.29,32.94718933105469,1.8206932089393335,76,3,0,0,1,1,1,0
2429,24.3,32.74860382080078,1.8364346899951798,76,3,0,0,1,1,1,0
2430,24.31,32.591163635253906,1.7468858854157807,76,3,0,0,1,1,1,0
2431,24.32,32.63362121582031,1.8133090546905697,76,3,0,0,1,1,1,0
2432,24.33,32.856658935546875,1.9491802163062353,76,3,0,0,1,1,1,0
2433,24.34,32.954288482666016,1.790475318924056,76,3,0,0,1,1,1,0
2434,24.35,32.74264907836914,2.007039811732072,76,4,0,0,1,1,1,1
2435,24.36,32.75872039794922,1.9067751750005137,76,3,0,0,1,1,1,0
2436,24.37,32.72890090942383,1.8449949699707808,76,4,1,0,1,1,1,0
2437,24.38,32.70502853393555,1.8439377776217716,76,3,0,0,1,1,1,0
2438,24.39,32.7773323059082,1.8467773345759086,76,3,0,0,1,1,1,0
2439,24.4,33.120906829833984,1.9203682371552129,76,3,0,0,1,1,1,0
2440,24.41,33.02385330200195,1.8298394454962994,76,3,0,0,1,1,1,0
2441,24.42,33.165618896484375,1.6572898618804668,76,3,0,0,1,1,1,0
2442,24.43,32.67866516113281,1.8568245424906447,76,3,0,0,1,1,1,0
2443,24.44,32.815853118896484,1.6648418197992372,76,3,0,0,1,1,1,0
2444,24.45,32.82601547241211,1.954126483092224,76,4,0,0,1,1,1,1
2445,24.46,32.80797576904297,1.7823901213630047,76,3,0,0,1,1,1,0
2446,24.47,32.66875457763672,1.8614263877541326,76,3,0,0,1,1,1,0
2447,24.48,32.59419631958008,2.0256338179741444,76,4,0,0,1,1,1,1
2448,24.49,32.737300872802734,1.881144237096888,76,3,0,0,1,1,1,0
2449,24.5,32.9243049621582,1.8470514767439146,76,3,0,0,1,1,1,0
2450,24.51,32.815948486328125,2.11565664068245,76,3,0,0,1,1,1,0
2451,24.52,32.527748107910156,1.773502929348728,76,3,0,0,1,1,1,0
2452,24.53,32.84748458862305,1.8786698972692115,76,3,0,0,1,1,1,0
2453,24.54,32.904991149902344,2.1412831033994304,76,3,0,0,1,1,1,0
2454,24.55,32.82151412963867,2.0121137180547466,76,3,0,0,1,1,1,0
2455,24.56,33.049835205078125,1.9093725617950283,76,3,0,0,1,1,1,0
2456,24.57,32.73921585083008,1.7068353059089056,76,3,0,0,1,1,1,0
2457,24.58,32.512516021728516,1.9179614721232547,76,3,0,0,1,1,1,0
2458,24.59,32.54737854003906,1.9289870510445257,76,3,0,0,1,1,1,0
2459,24.6,33.010292053222656,1.9371397015795788,76,3,0,0,1,1,1,0
2460,24.61,32.78134536743164,1.9117816392784857,76,3,0,0,1,1,1,0
2461,24.62,32.761173248291016,1.978614044648233,76,3,0,0,1,1,1,0
2462,24.63,32.744083404541016,1.7346779824061127,76,3,0,0,1,1,1,0
2463,24.64,32.788970947265625,1.8266879501456619,76,4,0,1,1,1,1,0
2464,24.65,33.00876998901367,2.0502233712961635,76,3,0,0,1,1,1,0
2465,24.66,33.38833999633789,1.8470812018079181,76,3,0,0,1,1,1,0
2466,24.67,33.4538688659668,2.2239818357522925,76,4,0,0,1,1,1,1
2467,24.68,33.5021858215332,2.0996430920268114,76,3,0,0,1,1,1,0
2468,24.69,33.7049446105957,1.708155911698035,76,4,0,0,1,1,1,1
2469,24.7,33.717098236083984,1.8285809093745045,76,3,0,0,1,1,1,0
2470,24.71,33.73155212402344,2.0407387835637882,76,3,0,0,1,1,1,0
2471,24.72,33.3077392578125,2.052728657968725,76,3,0,0,1,1,1,0
2472,24.73,33.49608612060547,2.028048942579899,76,3,0,0,1,1,1,0
2473,24.74,33.57911682128906,1.9075904194816775,76,3,0,0,1,1,1,0
2474,24.75,33.727989196777344,1.6710177197549096,76,3,0,0,1,1,1,0
2475,24.76,33.59749984741211,2.038651929751139,76,3,0,0,1,1,1,0
2476,24.77,33.766754150390625,2.1440836722750998,76,3,0,0,1,1,1,0
2477,24.78,33.53321838378906,2.2958650123263755,76,3,0,0,1,1,1,0
2478,24.79,33.65529251098633,2.0495391640391207,76,3,0,0,1,1,1,0
2479,24.8,33.20893859863281,1.8845930895785525,76,3,0,0,1,1,1,0
2480,24.81,33.20563507080078,1.9050468827573714,76,3,0,0,1,1,1,0
2481,24.82,33.32973861694336,1.8409527675398871,76,3,0,0,1,1,1,0
2482,24.83,33.26386260986328,2.017202335225272,76,3,0,0,1,1,1,0
2483,24.84,33.10918045043945,1.773530553213878,76,3,0,0,1,1,1,0
2484,24.85,33.12641525268555,1.9075871598975893,76,3,0,0,1,1,1,0
2485,24.86,32.724395751953125,1.8540737617974303,76,3,0,0,1,1,1,0
2486,24.87,32.86857223510742,2.0667083279955785,76,4,0,0,1,1,1,1
2487,24.88,32.94704055786133,1.8413322999065043,76,3,0,0,1,1,1,0
2488,24.89,33.50254440307617,1.6341694608219104,76,3,0,0,1,1,1,0
2489,24.9,33.24676513671875,1.7105249645458127,76,3,0,0,1,1,1,0
2490,24.91,33.12980270385742,1.8229965550819645,76,3,0,0,1,1,1,0
2491,24.92,33.14971923828125,1.96311207628647,76,3,0,0,1,1,1,0
2492,24.93,33.29749298095703,1.969160448290367,76,3,0,0,1,1,1,0
2493,24.94,33.29795837402344,1.8614252196300671,76,3,0,0,1,1,1,0
2494,24.95,33.08466339111328,1.9340644881548759,76,3,0,0,1,1,1,0
2495,24.96,33.182918548583984,2.0699982574035993,76,3,0,0,1,1,1,0
2496,24.97,32.925445556640625,1.882468470583338,76,3,0,0,1,1,1,0
2497,24.98,32.90241622924805,1.966063562323834,76,3,0,0,1,1,1,0
2498,24.99,32.842063903808594,2.0115675367946597,76,3,0,0,1,1,1,0
2499,25.0,32.56099319458008,2.140487541925776,76,3,0,0,1,1,1,0
2500,25.01,32.7140998840332,2.0926042333502846,76,3,0,0,1,1,1,0
2501,25.02,32.616241455078125,2.008331312936553,76,3,0,0,1,1,1,0
2502,25.03,32.65821838378906,1.9548925689337524,76,3,0,0,1,1,1,0
2503,25.04,32.720970153808594,1.8322982847848674,76,3,0,0,1,1,1,0
2504,25.05,32.52393341064453,2.110472271034336,76,3,0,0,1,1,1,0
2505,25.06,32.75363540649414,1.8919817510461785,76,3,0,0,1,1,1,0
2506,25.07,32.699031829833984,2.0414480515322015,76,3,0,0,1,1,1,0
2507,25.08,32.94028091430664,2.210840287452418,76,3,0,0,1,1,1,0
2508,25.09,32.62812423706055,2.1374053898467817,76,4,0,0,1,1,1,1
2509,25.1,32.49782943725586,2.0289420572283117,76,3,0,0,1,1,1,0
2510,25.11,33.12593078613281,1.8822627714849605,76,3,0,0,1,1,1,0
2511,25.12,32.72700119018555,1.9729411536294146,76,3,0,0,1,1,1,0
2512,25.13,32.97502517700195,1.9549730186912893,76,4,0,0,1,1,1,1
2513,25.14,32.75066375732422,1.9777238420633527,76,4,0,0,1,1,1,1
2514,25.15,32.83547592163086,1.9442204436677883,76,4,0,0,1,1,1,1
2515,25.16,33.057090759277344,1.940979398499042,76,3,0,0,1,1,1,0
2516,25.17,33.470703125,1.8790207532488885,76,3,0,0,1,1,1,0
2517,25.18,33.21535873413086,1.7923704850357896,76,3,0,0,1,1,1,0
2518,25.19,33.25790023803711,1.8371717626445128,76,3,0,0,1,1,1,0
2519,25.2,32.785221099853516,1.9512863611408622,76,3,0,0,1,1,1,0
2520,25.21,32.89654541015625,2.0617706215133307,76,3,0,0,1,1,1,0
2521,25.22,32.70906066894531,1.7794653846205584,76,3,0,0,1,1,1,0
2522,25.23,32.725975036621094,1.5338223092955359,76,3,0,0,1,1,1,0
2523,25.24,32.916873931884766,1.541261105104975,76,3,0,0,1,1,1,0
2524,25.25,33.088130950927734,1.7624413524674964,76,3,0,0,1,1,1,0
2525,25.26,32.83384323120117,1.8180524260982642,76,3,0,0,1,1,1,0
2526,25.27,32.89187240600586,1.8418800518342229,76,3,0,0,1,1,1,0
2527,25.28,33.020606994628906,1.8438569727157696,76,3,0,0,1,1,1,0
2528,25.29,32.92454147338867,1.837929902952511,76,3,0,0,1,1,1,0
2529,25.3,32.88671875,1.9218722227524314,76,3,0,0,1,1,1,0
2530,25.31,32.9370231628418,1.8031600746811138,76,3,0,0,1,1,1,0
2531,25.32,32.985206604003906,1.7831159831201766,76,3,0,0,1,1,1,0
2532,25.33,33.2220344543457,1.7468257982109012,76,3,0,0,1,1,1,0
2533,25.34,33.00074005126953,1.6765756403127021,76,3,0,0,1,1,1,0
2534,25.35,32.42091751098633,1.8612360770512224,76,4,0,0,1,1,1,1
2535,25.36,32.581424713134766,1.8710922780236765,76,3,0,0,1,1,1,0
2536,25.37,32.76449966430664,1.8545337084813336,76,3,0,0,1,1,1,0
2537,25.38,32.742916107177734,1.9020185601923336,76,3,0,0,1,1,1,0
2538,25.39,33.16096496582031,1.9736748437674074,76,3,0,0,1,1,1,0
2539,25.4,32.85776138305664,1.9374988761674659,76,3,0,0,1,1,1,0
2540,25.41,32.95814514160156,1.7045215640240392,76,3,0,0,1,1,1,0
2541,25.42,32.921966552734375,1.972054560934355,76,3,0,0,1,1,1,0
2542,25.43,32.85704040527344,1.8951237435390207,76,3,0,0,1,1,1,0
2543,25.44,32.65699005126953,1.8526182701677225,76,3,0,0,1,1,1,0
2544,25.45,32.746253967285156,1.6938397368721285,76,3,0,0,1,1,1,0
2545,25.46,32.94119644165039,2.0733032289836175,76,3,0,0,1,1,1,0
2546,25.47,33.180908203125,1.7109393826739276,76,3,0,0,1,1,1,0
2547,25.48,33.45806121826172,1.989499482514963,76,3,0,0,1,1,1,0
2548,25.49,33.48370361328125,1.8351023549388934,76,3,0,0,1,1,1,0
2549,25.5,33.312103271484375,1.8607771105360806,76,3,0,0,1,1,1,0
2550,25.51,33.42717361450195,1.7743121242996744,76,3,0,0,1,1,1,0
2551,25.52,33.16658401489258,1.9492820427482844,76,3,0,0,1,1,1,0
2552,25.53,33.170867919921875,1.7215418855340472,76,3,0,0,1,1,1,0
2553,25.54,33.13593292236328,1.9877912706720957,76,3,0,0,1,1,1,0
2554,25.55,32.84885025024414,1.9343780574812997,76,3,0,0,0,1,1,1
2555,25.56,32.94017028808594,1.836678385263448,76,2,0,0,0,1,1,0
2556,25.57,33.31718826293945,1.9232495545077,76,2,0,0,0,1,1,0
2557,25.58,33.18560028076172,1.8452422688632641,76,2,0,0,0,1,1,0
2558,25.59,33.140655517578125,1.9575489272922375,76,2,0,0,0,1,1,0
2559,25.6,33.20940399169922,1.9118498962329562,76,2,0,0,0,1,1,0
2560,25.61,33.25120544433594,2.012514132058076,76,2,0,0,0,1,1,0
2561,25.62,33.086795806884766,1.7362579710278372,76,4,0,0,1,1,1,1
2562,25.63,33.024513244628906,1.8883905959854375,76,3,0,0,0,1,1,1
2563,25.64,32.82997131347656,1.7275457713494258,76,3,0,0,1,1,1,0
2564,25.65,33.056983947753906,1.8380697143166582,76,3,0,0,1,1,1,0
2565,25.66,33.37885284423828,2.044260992631042,76,3,0,0,1,1,1,0
2566,25.67,33.011505126953125,1.8762191381592201,76,3,0,0,1,1,1,0
2567,25.68,33.01945114135742,2.0316751275394025,76,3,0,0,1,1,1,0
2568,25.69,33.018733978271484,1.8637570245584327,76,2,0,0,0,1,1,0
2569,25.7,33.43345260620117,1.8749119006083097,76,3,0,0,1,1,1,0
2570,25.71,33.08818435668945,1.8856861466565278,76,3,0,0,1,1,1,0
2571,25.72,33.19457244873047,1.8337117076327911,76,3,0,0,1,1,1,0
2572,25.73,33.2115592956543,1.9360804622175725,76,3,0,0,1,1,1,0
2573,25.74,33.02403259277344,1.807708274908546,76,4,0,0,1,1,1,1
2574,25.75,33.03065490722656,1.7714101702016203,76,4,0,0,1,1,1,1
2575,25.76,32.99054718017578,1.8519376383724604,76,3,0,0,1,1,1,0
2576,25.77,33.01250457763672,1.82617105448371,76,4,0,0,1,1,1,1
2577,25.78,32.852378845214844,1.8456731396464634,76,4,0,0,1,1,1,1
2578,25.79,32.812557220458984,1.945359137569516,76,3,0,0,1,1,1,0
2579,25.8,33.31715393066406,1.8624193638566793,76,3,0,0,1,1,1,0
2580,25.81,33.07451248168945,1.850108068663695,76,3,0,0,1,1,1,0
2581,25.82,33.53696060180664,1.8120740104276991,76,3,0,0,1,1,1,0
2582,25.83,33.04188919067383,1.9393049241608444,76,3,0,0,1,1,1,0
2583,25.84,33.066566467285156,1.8781385824591101,76,3,0,0,1,1,1,0
2584,25.85,32.68242645263672,1.863191703010193,76,4,0,0,1,1,1,1
2585,25.86,32.90200424194336,1.8050490024506143,76,3,0,0,1,1,1,0
2586,25.87,33.10243225097656,2.0213076983527083,76,4,0,0,1,1,1,1
2587,25.88,32.504947662353516,1.811546290712496,76,4,0,0,1,1,1,1
2588,25.89,32.787498474121094,1.7909465294770874,76,3,0,0,1,1,1,0
2589,25.9,32.9833984375,1.9772220004368133,76,4,0,0,1,1,1,1
2590,25.91,32.63597106933594,1.7687318731166004,76,4,0,0,1,1,1,1
2591,25.92,33.0849723815918,1.8586276071442338,76,4,0,0,1,1,1,1
2592,25.93,33.22554397583008,2.0232165457618323,76,3,0,0,1,1,1,0
2593,25.94,33.14132308959961,1.8956254395034529,76,4,0,0,1,1,1,1
2594,25.95,33.01405334472656,1.9050983754007074,76,4,0,0,1,1,1,1
2595,25.96,32.72890090942383,1.976183762813446,76,4,0,1,1,1,1,0
2596,25.97,32.93931579589844,1.9582908582046292,76,3,0,0,1,1,1,0
2597,25.98,32.74980545043945,1.9211723920551718,76,3,0,0,1,1,1,0
2598,25.99,32.958187103271484,1.8518108219666571,76,4,0,0,1,1,1,1
2599,26.0,32.89699172973633,1.77237155723593,76,3,0,0,1,1,1,0
2600,26.01,32.781715393066406,1.8318289233991008,76,3,0,0,1,1,1,0
2601,26.02,32.67571258544922,1.8887587177914493,76,3,0,0,1,1,1,0
2602,26.03,32.599369049072266,1.9536881477222747,76,3,0,0,1,1,1,0
2603,26.04,32.59626007080078,1.9308012980029974,76,3,0,0,1,1,1,0
2604,26.05,32.806732177734375,1.946556660061559,76,3,0,0,1,1,1,0
2605,26.06,32.73051071166992,1.6739175880421033,76,3,0,0,1,1,1,0
2606,26.07,32.86896896362305,1.990325491661449,76,3,0,0,1,1,1,0
2607,26.08,32.781002044677734,1.9638211895738218,76,3,0,0,1,1,1,0
2608,26.09,32.75674819946289,1.7790483970009774,76,4,0,0,1,1,1,1
2609,26.1,32.72572326660156,1.9581809871368439,76,3,0,0,1,1,1,0
2610,26.11,32.77967071533203,1.84073285477221,76,4,0,0,1,1,1,1
2611,26.12,32.592254638671875,1.771386561870233,76,3,0,0,1,1,1,0
2612,26.13,32.65644836425781,1.7671995969010954,76,4,0,0,1,1,1,1
2613,26.14,32.93787384033203,1.9339115900440982,76,3,0,0,1,1,1,0
2614,26.15,32.929039001464844,1.9486925626872622,76,3,0,0,1,1,1,0
2615,26.16,32.808223724365234,1.8696209952927911,76,3,0,0,1,1,1,0
2616,26.17,32.463287353515625,1.9256393892728594,76,3,0,0,1,1,1,0
2617,26.18,32.753902435302734,1.9549124586496238,76,4,0,0,1,1,1,1
2618,26.19,32.22361373901367,1.7659274016878883,76,4,0,0,1,1,1,1
2619,26.2,32.6683235168457,1.8874306312603781,76,4,0,0,1,1,1,1
2620,26.21,32.432491302490234,1.9921364707034273,76,3,0,0,1,1,1,0
2621,26.22,32.524635314941406,1.9131651986448603,76,4,0,0,1,1,1,1
2622,26.23,32.28825759887695,1.845990233964337,76,3,0,0,1,1,1,0
2623,26.24,32.530643463134766,1.9050193437212153,76,4,0,0,1,1,1,1
2624,26.25,32.45002746582031,1.8559417283765025,76,4,0,0,1,1,1,1
2625,26.26,32.726951599121094,1.8350487110634583,76,4,0,0,1,1,1,1
2626,26.27,32.717681884765625,1.9621674522949286,76,3,0,0,1,1,1,0
2627,26.28,32.95842742919922,2.0962095562717025,76,3,0,0,1,1,1,0
2628,26.29,32.711334228515625,1.8374178099656104,76,4,0,0,1,1,1,1
2629,26.3,32.84422302246094,1.756985300158626,76,3,0,0,1,1,1,0
2630,26.31,32.93639373779297,1.884276499032754,76,3,0,0,1,1,1,0
2631,26.32,32.830039978027344,1.7198288038544558,76,4,0,0,1,1,1,1
2632,26.33,32.762149810791016,2.0186107942347826,76,3,0,0,1,1,1,0
2633,26.34,33.02117919921875,1.8610223122420153,76,4,0,0,1,1,1,1
2634,26.35,32.99250411987305,2.00925708155943,76,3,0,0,1,1,1,0
2635,26.36,32.91466522216797,1.9025741294092784,76,4,0,0,1,1,1,1
2636,26.37,32.67934799194336,1.940386727711662,76,4,0,0,1,1,1,1
2637,26.38,32.732994079589844,1.8541076948931419,76,3,0,0,1,1,1,0
2638,26.39,32.954193115234375,1.9856730598504377,76,3,0,0,1,1,1,0
2639,26.4,33.10987091064453,2.0901975992916655,76,3,0,0,1,1,1,0
2640,26.41,33.00747299194336,1.8126824068104204,76,4,0,0,1,1,1,1
2641,26.42,33.03691101074219,1.7388807200216547,76,4,0,0,1,1,1,1
2642,26.43,33.26815414428711,1.8561015220405641,76,3,0,0,1,1,1,0
2643,26.44,33.49114227294922,1.7879879440504205,76,4,0,0,1,1,1,1
2644,26.45,33.067867279052734,1.8193059373559066,76,3,0,0,1,1,1,0
2645,26.46,33.18245315551758,1.6438074110386511,76,3,0,0,1,1,1,0
2646,26.47,33.15100860595703,1.854318368718101,76,3,0,0,1,1,1,0
2647,26.48,32.99703598022461,1.8759569042708666,76,3,0,0,1,1,1,0
2648,26.49,32.96480941772461,1.7086541779233215,76,3,0,0,1,1,1,0
2649,26.5,32.746822357177734,1.953380763723365,76,4,0,0,1,1,1,1
2650,26.51,32.82436752319336,1.83839629567643,76,4,0,0,1,1,1,1
2651,26.52,32.87004470825195,1.9766138672941937,76,4,0,0,1,1,1,1
2652,26.53,32.66142272949219,1.9421823712948154,76,3,0,0,1,1,1,0
2653,26.54,32.888851165771484,1.8733867343705448,76,3,0,0,1,1,1,0
2654,26.55,32.77861785888672,1.7194477055130397,76,3,0,0,1,1,1,0
2655,26.56,32.828758239746094,1.781039488659905,76,4,0,0,1,1,1,1
2656,26.57,32.78914260864258,1.9294026208370045,76,4,0,0,1,1,1,1
2657,26.58,32.8612174987793,1.9451251949288428,76,3,0,0,1,1,1,0
2658,26.59,32.765464782714844,1.7790450948786365,76,4,0,0,1,1,1,1
2659,26.6,32.93636703491211,1.9236725309904763,76,3,0,0,1,1,1,0
2660,26.61,32.65488815307617,1.820601587331711,76,4,0,0,1,1,1,1
2661,26.62,32.59114456176758,1.84426092050403,76,4,0,0,1,1,1,1
2662,26.63,32.55052947998047,2.0108407292288932,76,4,0,0,1,1,1,1
2663,26.64,32.571231842041016,1.991483308447895,76,4,0,0,1,1,1,1
2664,26.65,32.45209884643555,1.7898933097636132,76,3,0,0,1,1,1,0
2665,26.66,32.46398162841797,2.0161573402253463,76,3,0,0,1,1,1,0
2666,26.67,32.79219055175781,1.908296890289229,76,3,0,0,1,1,1,0
2667,26.68,32.670597076416016,1.9580330893809574,76,3,0,0,1,1,1,0
2668,26.69,33.01454162597656,2.0148007967043617,76,3,0,0,1,1,1,0
2669,26.7,32.97049331665039,1.7790176424016266,76,3,0,0,1,1,1,0
2670,26.71,33.11003494262695,1.887488142174693,76,3,0,0,1,1,1,0
2671,26.72,33.04442596435547,1.7844332498949707,76,4,0,0,1,1,1,1
2672,26.73,33.22364044189453,1.9015252715031672,76,3,0,0,1,1,1,0
2673,26.74,33.08698654174805,1.8237578688791625,76,3,0,0,1,1,1,0
2674,26.75,33.08356475830078,1.8480789338908514,76,4,0,0,1,1,1,1
2675,26.76,32.94815444946289,1.879413104063875,76,3,0,0,1,1,1,0
2676,26.77,32.67729568481445,1.683478064836469,76,4,0,0,1,1,1,1
2677,26.78,32.85078048706055,2.1237921371971042,76,3,0,0,1,1,1,0
2678,26.79,32.949337005615234,2.0451397157442144,76,3,0,0,1,1,1,0
2679,26.8,32.82738494873047,1.783337161244453,76,3,0,0,1,1,1,0
2680,26.81,32.73883819580078,1.9715228860584897,76,4,0,0,1,1,1,1
2681,26.82,32.679222106933594,1.8105255190225134,76,3,0,0,1,1,1,0
2682,26.83,32.62761306762695,2.0175988654561476,76,3,0,0,1,1,1,0
2683,26.84,32.78373336791992,2.063032529204045,76,3,0,0,1,1,1,0
2684,26.85,32.98716354370117,1.868210027452214,76,3,0,0,0,1,1,1
2685,26.86,33.19537353515625,1.601276615119134,76,4,0,0,1,1,1,1
2686,26.87,33.322574615478516,1.7282913784663283,76,3,0,0,1,1,1,0
2687,26.88,33.349586486816406,1.7503721580443248,76,4,0,0,1,1,1,1
2688,26.89,33.41508102416992,1.7351989113304773,76,3,0,0,1,1,1,0
2689,26.9,32.8503532409668,1.8135043317928843,76,3,0,0,1,1,1,0
2690,26.91,33.05620574951172,1.780022616306678,76,2,0,0,0,1,1,0
2691,26.92,33.0689811706543,1.8709917215184904,76,2,0,0,0,1,1,0
2692,26.93,33.09600830078125,1.9901754591408158,76,3,0,0,1,1,1,0
2693,26.94,33.0814208984375,1.7790444194391186,76,4,0,0,1,1,1,1
2694,26.95,32.748958587646484,1.9585179693126278,76,3,0,0,1,1,1,0
2695,26.96,32.95328903198242,1.8836374068221964,76,4,0,0,1,1,1,1
2696,26.97,32.658050537109375,1.7702812316278063,76,3,0,0,0,1,1,1
2697,26.98,32.52356719970703,1.944298686313311,76,4,0,0,1,1,1,1
2698,26.99,32.77234649658203,1.9342226597228787,76,3,0,0,1,1,1,0
2699,27.0,32.862972259521484,1.9522538416558148,76,3,0,0,0,1,1,1
2700,27.01,32.72666931152344,1.9001601037347984,76,3,0,0,0,1,1,1
2701,27.02,32.94293212890625,1.9571949524593828,76,2,0,0,0,1,1,0
2702,27.03,32.904869079589844,1.9989492944766534,76,3,0,0,0,1,1,1
2703,27.04,33.25368881225586,1.7702288342901489,76,3,0,0,1,1,1,0
2704,27.05,32.93024444580078,1.7713788738304541,76,3,0,0,1,1,1,0
2705,27.06,32.905521392822266,1.775469874987357,76,2,0,0,0,1,1,0
2706,27.07,32.912269592285156,1.7983835965146149,76,3,0,0,1,1,1,0
2707,27.08,33.34471130371094,1.9727144654180275,76,4,0,0,1,1,1,1
2708,27.09,32.799232482910156,1.7619857986008447,76,2,0,0,0,1,1,0
2709,27.1,33.060482025146484,1.8002241681759676,76,2,0,0,0,1,1,0
2710,27.11,33.021324157714844,1.9205761712576748,76,3,0,0,0,1,1,1
2711,27.12,32.92273712158203,1.8216721132914393,76,3,0,0,0,1,1,1
2712,27.13,32.987003326416016,1.7808421296719104,76,3,0,0,0,1,1,1
2713,27.14,32.82701873779297,1.9948449707998186,76,2,0,0,0,1,1,0
2714,27.15,32.99800109863281,1.7522845239463254,76,2,0,0,0,1,1,0
2715,27.16,33.04378128051758,1.9385786178327726,76,2,0,0,0,1,1,0
2716,27.17,33.2058219909668,1.8861081423315502,76,3,0,0,0,1,1,1
2717,27.18,33.11443328857422,1.7660404637724667,76,3,0,0,0,1,1,1
2718,27.19,33.1090202331543,1.8869538317614805,76,2,0,0,0,1,1,0
2719,27.2,32.77418899536133,1.7623573736844553,76,2,0,0,0,1,1,0
2720,27.21,32.74024200439453,1.8069300654972356,76,2,0,0,0,1,1,0
2721,27.22,33.30986785888672,1.9081402681252815,76,3,0,0,1,1,1,0
2722,27.23,33.015987396240234,1.9430387832302065,76,2,0,0,0,1,1,0
2723,27.24,33.01594161987305,2.0803344699742317,76,3,0,0,1,1,1,0
2724,27.25,32.95866775512695,1.9119370453508793,76,3,0,0,1,1,1,0
2725,27.26,33.16781997680664,1.7619037250470293,76,2,0,0,0,1,1,0
2726,27.27,33.511009216308594,1.9249175579729156,76,3,0,0,1,1,1,0
2727,27.28,33.0424690246582,1.9655257933480883,76,3,0,0,1,1,1,0
2728,27.29,33.389156341552734,1.7792622981510895,76,3,0,0,1,1,1,0
2729,27.3,32.991416931152344,1.7513686673201163,76,3,0,0,1,1,1,0
2730,27.31,32.874305725097656,1.7439303427816595,76,3,0,0,0,1,1,1
2731,27.32,32.98533248901367,1.9075182504765709,76,4,0,0,1,1,1,1
2732,27.33,33.0937385559082,1.9255385115799926,76,4,0,1,1,1,1,0
2733,27.34,32.99399948120117,1.7890019094738876,76,4,0,0,1,1,1,1
2734,27.35,33.08263397216797,2.0004765194673864,76,2,0,0,0,1,1,0
2735,27.36,33.16446304321289,1.8859959269907418,76,2,0,0,0,1,1,0
2736,27.37,33.05384063720703,1.8429858155475403,76,3,0,0,1,1,1,0
2737,27.38,32.746158599853516,1.7526285487347193,76,2,0,0,0,1,1,0
2738,27.39,32.96882247924805,1.9204711542625066,76,4,0,0,1,1,1,1
2739,27.4,33.14448928833008,1.9594380651436083,76,3,0,0,1,1,1,0
2740,27.41,32.988094329833984,2.0681160385766693,76,3,0,0,0,1,1,1
2741,27.42,33.100929260253906,1.932201094911805,76,3,0,0,1,1,1,0
2742,27.43,33.21894454956055,1.839646592823478,76,3,0,0,1,1,1,0
2743,27.44,33.52190017700195,2.000473010785787,76,3,0,0,1,1,1,0
2744,27.45,33.38754653930664,1.8093348968296794,76,3,0,0,1,1,1,0
2745,27.46,33.45354461669922,2.0723901986007416,76,3,0,0,1,1,1,0
2746,27.47,33.54469680786133,1.8500273167451882,76,3,0,0,1,1,1,0
2747,27.48,33.089881896972656,2.069392903088651,76,4,0,0,1,1,1,1
2748,27.49,33.29591369628906,1.7923704424566904,76,4,0,0,1,1,1,1
2749,27.5,33.01011657714844,1.8271289170059721,76,3,0,0,1,1,1,0
2750,27.51,33.233219146728516,1.8478660210654982,76,3,0,0,1,1,1,0
2751,27.52,33.194801330566406,1.6708705282454834,76,3,0,0,1,1,1,0
2752,27.53,33.42123031616211,1.6534259403241316,76,3,0,0,1,1,1,0
2753,27.54,33.33591842651367,1.8743243753510843,76,3,0,0,1,1,1,0
2754,27.55,33.202552795410156,2.052460794389723,76,4,0,0,1,1,1,1
2755,27.56,33.13789367675781,1.822827288173716,76,3,0,0,1,1,1,0
2756,27.57,33.2352294921875,1.8785327826971507,76,4,0,0,1,1,1,1
2757,27.58,33.21839904785156,2.026772273895533,76,3,0,0,1,1,1,0
2758,27.59,33.31744384765625,1.9202823546615877,76,3,0,0,1,1,1,0
2759,27.6,33.38270568847656,2.0897107200675267,76,3,0,0,1,1,1,0
2760,27.61,33.388301849365234,1.9970281203600013,76,3,0,0,1,1,1,0
2761,27.62,33.55376434326172,1.990121529098204,76,3,0,0,1,1,1,0
2762,27.63,33.26405715942383,1.9037814470775059,76,3,0,0,1,1,1,0
2763,27.64,33.54245376586914,1.9176264937801937,76,2,0,0,0,1,1,0
2764,27.65,32.993568420410156,1.986402796348175,76,3,0,0,1,1,1,0
2765,27.66,33.285030364990234,2.0414248939279704,76,2,0,0,0,1,1,0
2766,27.67,33.26836013793945,1.963109180929863,76,2,0,0,0,1,1,0
2767,27.68,33.0618896484375,2.0120881563168984,76,2,0,0,0,1,1,0
2768,27.69,33.09492111206055,1.9137925766339774,76,3,0,0,1,1,1,0
2769,27.7,33.296226501464844,1.7947478510061405,76,2,0,0,0,1,1,0
2770,27.71,33.152957916259766,2.0257816198425633,76,2,0,0,0,1,1,0
2771,27.72,33.22986602783203,1.6504863248890445,76,2,0,0,0,1,1,0
2772,27.73,33.44926071166992,1.7658427677872623,76,2,0,0,0,1,1,0
2773,27.74,32.91676330566406,1.940979752261998,76,2,0,0,0,1,1,0
2774,27.75,33.22740173339844,1.8341464934364298,76,2,0,0,0,1,1,0
2775,27.76,33.0422248840332,1.8440770300647584,76,2,0,0,0,1,1,0
2776,27.77,33.24043273925781,1.9432180005121817,76,2,0,0,0,1,1,0
2777,27.78,33.39691162109375,2.022797972208482,76,2,0,0,0,1,1,0
2778,27.79,33.222862243652344,1.7169059008298748,76,2,0,0,0,1,1,0
2779,27.8,32.974449157714844,2.0253145010521516,76,2,0,0,0,1,1,0
2780,27.81,33.260746002197266,1.9917052173624996,76,2,0,0,0,1,1,0
2781,27.82,32.876197814941406,1.8623075851406696,76,2,0,0,0,1,1,0
2782,27.83,32.84103012084961,1.9144424104819122,76,2,0,0,0,1,1,0
2783,27.84,33.01991271972656,2.1304631620737537,76,3,0,0,0,1,1,1
2784,27.85,32.997154235839844,1.7681602097565456,76,3,0,0,0,1,1,1
2785,27.86,32.76277542114258,1.7127749497768874,76,4,0,0,1,1,1,1
2786,27.87,32.865962982177734,1.9014226530376341,76,3,0,0,0,1,1,1
2787,27.88,33.03193283081055,1.7948237893179253,76,2,0,0,0,1,1,0
2788,27.89,33.13554763793945,1.9880896311479208,76,3,0,0,1,1,1,0
2789,27.9,33.175010681152344,1.7560474940966238,76,3,0,0,1,1,1,0
2790,27.91,32.886905670166016,1.7537952846320026,76,3,0,0,0,1,1,1
2791,27.92,32.69423294067383,1.8357046153871244,76,3,0,0,0,1,1,1
2792,27.93,32.79543685913086,2.06823435057042,76,2,0,0,0,1,1,0
2793,27.94,32.43641662597656,1.8590901822039372,76,2,0,0,0,1,1,0
2794,27.95,32.586891174316406,1.7345283416920105,76,4,0,0,1,1,1,1
2795,27.96,32.822471618652344,1.6800563112622808,76,2,0,0,0,1,1,0
2796,27.97,33.08409881591797,1.8592410469229588,76,2,0,0,0,1,1,0
2797,27.98,33.40277862548828,1.9684770225578758,76,3,0,0,1,1,1,0
2798,27.99,33.33805847167969,2.009452324649128,76,3,0,0,1,1,1,0
2799,28.0,33.49810028076172,1.8463159515151468,76,4,0,0,1,1,1,1
2800,28.01,32.93765640258789,1.884305454679369,76,2,0,0,0,1,1,0
2801,28.02,32.79264450073242,1.819373212776794,76,3,0,0,0,1,1,1
2802,28.03,32.67174530029297,1.7692118934392513,76,4,0,0,1,1,1,1
2803,28.04,32.77776336669922,1.8647841349769059,76,3,0,0,0,1,1,1
2804,28.05,33.44584274291992,1.977265979994631,76,2,0,0,0,1,1,0
2805,28.06,33.45378112792969,1.7543026434853346,76,3,0,0,1,1,1,0
2806,28.07,33.594573974609375,1.9673589804692293,76,2,0,0,0,1,1,0
2807,28.08,32.930240631103516,1.7948764888496527,76,3,0,0,1,1,1,0
2808,28.09,33.159358978271484,1.9130680699810827,76,3,0,0,1,1,1,0
2809,28.1,32.948001861572266,1.6573509625811293,76,3,0,0,1,1,1,0
2810,28.11,32.69380569458008,1.7903580044486447,76,4,0,1,1,1,1,0
2811,28.12,33.12917709350586,1.9646090728728391,76,3,0,1,0,1,1,0
2812,28.13,33.55305480957031,1.7389959354279723,76,3,0,0,1,1,1,0
2813,28.14,33.18570327758789,2.073306007247081,76,2,0,0,0,1,1,0
2814,28.15,33.07217025756836,1.9403620494180496,76,3,0,1,0,1,1,0
2815,28.16,32.9666633605957,1.9134803188302156,76,2,0,0,0,1,1,0
2816,28.17,32.89122009277344,1.7472914831078272,76,3,0,0,1,1,1,0
2817,28.18,33.00627899169922,1.9592162204071424,76,2,0,0,0,1,1,0
2818,28.19,32.700809478759766,1.8204652749108923,76,3,0,0,1,1,1,0
2819,28.2,33.08472442626953,1.8471835349384327,76,3,0,0,1,1,1,0
2820,28.21,32.980995178222656,1.9004757945988373,76,3,0,0,1,1,1,0
2821,28.22,32.980045318603516,1.697707350462746,76,2,0,0,0,1,1,0
2822,28.23,33.07551574707031,1.794496059400936,76,2,0,0,0,1,1,0
2823,28.24,33.359283447265625,1.854535498031413,76,2,0,0,0,1,1,0
2824,28.25,33.2849006652832,1.9892507628337361,76,4,0,0,1,1,1,1
2825,28.26,32.909027099609375,1.7849082568448869,76,3,0,0,0,1,1,1
2826,28.27,33.08576583862305,1.763555533292281,76,3,0,0,1,1,1,0
2827,28.28,33.11631774902344,1.8207146065428372,76,3,0,0,1,1,1,0
2828,28.29,33.061546325683594,1.8444535204450596,76,3,0,0,1,1,1,0
2829,28.3,32.7677001953125,1.933907605526152,76,3,0,0,1,1,1,0
2830,28.31,33.13047790527344,1.727685286085666,76,4,0,0,1,1,1,1
2831,28.32,32.851295471191406,1.807815136808779,76,3,0,0,1,1,1,0
2832,28.33,32.92724609375,2.010125690536119,76,3,0,0,1,1,1,0
2833,28.34,32.95217514038086,2.0484393823599074,76,3,0,0,1,1,1,0
2834,28.35,32.95559310913086,2.0886839341526455,76,3,0,0,1,1,1,0
2835,28.36,32.975502014160156,1.9176271701320025,76,3,0,0,1,1,1,0
2836,28.37,33.304691314697266,2.0143727669053133,76,2,0,0,0,1,1,0
2837,28.38,33.15827178955078,2.1401874823788165,76,3,0,0,1,1,1,0
2838,28.39,33.25209045410156,1.9584944738879717,76,3,0,0,1,1,1,0
2839,28.4,33.01431655883789,1.9407446723960569,76,2,0,0,0,1,1,0
2840,28.41,33.31550598144531,1.9104216640479283,76,3,0,0,0,1,1,1
2841,28.42,33.03708267211914,1.958472672777652,76,3,0,0,0,1,1,1
2842,28.43,32.98481750488281,1.977728394103088,76,3,0,0,1,1,1,0
2843,28.44,32.887454986572266,2.0961868034626487,76,3,0,0,1,1,1,0
2844,28.45,32.963199615478516,1.961869893985677,76,3,0,0,0,1,1,1
2845,28.46,33.193050384521484,1.908560996705292,76,3,0,0,1,1,1,0
2846,28.47,32.996891021728516,1.8700322904323143,76,3,0,0,1,1,1,0
2847,28.48,32.90364074707031,1.8971883155585032,76,3,0,0,1,1,1,0
2848,28.49,32.88323211669922,1.9100013653030485,76,3,0,0,1,1,1,0
2849,28.5,32.853172302246094,1.8749117174900372,76,4,0,0,1,1,1,1
2850,28.51,32.58626174926758,2.0318988048890194,76,3,0,0,1,1,1,0
2851,28.52,32.84086608886719,1.9612761060689918,76,4,0,0,1,1,1,1
2852,28.53,32.792816162109375,1.9827438477888994,76,4,0,0,1,1,1,1
2853,28.54,32.89423370361328,1.877131724414214,76,3,0,0,1,1,1,0
2854,28.55,32.20763397216797,1.787430143707587,76,4,0,0,1,1,1,1
2855,28.56,32.3575325012207,1.9089546098987935,76,4,0,0,1,1,1,1
2856,28.57,32.21490478515625,1.7702509065419862,76,4,0,0,1,1,1,1
2857,28.58,32.40489196777344,1.8604835587211965,76,4,0,0,1,1,1,1
2858,28.59,32.5987434387207,1.944767291515415,76,4,0,0,1,1,1,1
2859,28.6,32.54734802246094,1.9975242985697041,76,4,0,0,1,1,1,1
2860,28.61,32.364784240722656,1.797692319214888,76,4,0,0,1,1,1,1
2861,28.62,32.77323913574219,1.83749621997018,76,4,0,0,1,1,1,1
2862,28.63,32.862693786621094,2.0225213350337667,76,4,0,0,1,1,1,1
2863,28.64,32.98723602294922,1.813530483937372,76,4,0,0,1,1,1,1
2864,28.65,32.89482498168945,2.043379838091767,76,4,0,0,1,1,1,1
2865,28.66,33.04407501220703,2.1537601744008823,76,3,0,0,1,1,1,0
2866,28.67,32.90747833251953,1.7976357127909983,76,4,0,0,1,1,1,1
2867,28.68,32.791194915771484,1.841960529260526,76,4,0,0,1,1,1,1
2868,28.69,33.138999938964844,1.9156999676296398,76,3,0,0,1,1,1,0
2869,28.7,33.341094970703125,2.1639356186118963,76,4,0,0,1,1,1,1
2870,28.71,33.09797286987305,1.9486152990958077,76,4,0,0,1,1,1,1
2871,28.72,32.83740234375,1.8631428604360083,76,3,0,0,1,1,1,0
2872,28.73,32.616546630859375,2.146837719727832,76,4,0,0,1,1,1,1
2873,28.74,32.30431365966797,1.7309177800156614,76,4,0,0,1,1,1,1
2874,28.75,32.357784271240234,1.6943702270567307,76,4,0,0,1,1,1,1
2875,28.76,32.58150100708008,2.0576872648517623,76,4,0,0,1,1,1,1
2876,28.77,32.61338806152344,1.7947713433230055,76,4,0,0,1,1,1,1
2877,28.78,32.70131301879883,1.8777352591333927,76,4,0,0,1,1,1,1
2878,28.79,32.904903411865234,2.0438759622448286,76,4,0,0,1,1,1,1
2879,28.8,32.83335876464844,1.8144440249751812,76,4,0,0,1,1,1,1
2880,28.81,32.56162643432617,1.7509651469973437,76,4,0,0,1,1,1,1
2881,28.82,32.89875411987305,1.8677805772377347,76,4,0,0,1,1,1,1
2882,28.83,32.60098648071289,1.849053779080789,76,4,0,0,1,1,1,1
2883,28.84,33.04957580566406,1.828030153292329,76,3,0,0,0,1,1,1
2884,28.85,32.80113220214844,1.8682059640681032,76,3,0,0,0,1,1,1
2885,28.86,33.05919647216797,1.9204416911408262,76,3,0,0,0,1,1,1
2886,28.87,33.04098129272461,1.791452224935022,76,2,0,0,0,1,1,0
2887,28.88,32.911842346191406,2.0003504430843773,76,2,0,0,0,1,1,0
2888,28.89,32.88821029663086,1.9555291351997437,76,3,0,0,1,1,1,0
2889,28.9,33.484134674072266,2.104326712972243,76,2,0,0,0,1,1,0
2890,28.91,33.25566101074219,2.159934893445263,76,2,0,0,0,1,1,0
2891,28.92,33.60904312133789,1.9282361793063487,76,3,0,0,1,1,1,0
2892,28.93,33.19450759887695,1.970709693993914,76,3,0,0,1,1,1,0
2893,28.94,33.02389144897461,2.021904766071172,76,3,0,0,1,1,1,0
2894,28.95,32.996971130371094,1.814689433114327,76,3,0,0,1,1,1,0
2895,28.96,32.89259719848633,2.0884661011264734,76,3,0,0,1,1,1,0
2896,28.97,33.172340393066406,2.1071536748695694,76,3,0,0,1,1,1,0
2897,28.98,32.997581481933594,1.908008510261198,76,2,0,0,0,1,1,0
2898,28.99,33.21700668334961,1.768787355711558,76,4,0,0,1,1,1,1
2899,29.0,33.1098518371582,1.943041845921664,76,2,0,0,0,1,1,0
2900,29.01,33.27617263793945,1.9892155873585131,76,3,0,0,1,1,1,0
2901,29.02,33.010963439941406,1.9879878160227662,76,3,0,0,1,1,1,0
2902,29.03,32.817138671875,1.8170544827965005,76,2,0,0,0,1,1,0
2903,29.04,33.030460357666016,2.1140247955565425,76,2,0,0,0,1,1,0
2904,29.05,32.98605728149414,1.8588726203936254,76,3,0,0,1,1,1,0
2905,29.06,33.45860290527344,1.8930157598502224,76,3,0,0,1,1,1,0
2906,29.07,33.01629638671875,1.791145501188503,76,3,0,0,1,1,1,0
2907,29.08,33.242652893066406,1.8903368218989716,76,3,0,0,1,1,1,0
2908,29.09,33.35110092163086,2.241290831573516,76,3,0,0,1,1,1,0
2909,29.1,33.42745590209961,1.9596702601946794,76,4,0,0,1,1,1,1
2910,29.11,33.29835891723633,1.7555960609787273,76,4,0,0,1,1,1,1
2911,29.12,33.19083786010742,1.8866368083626053,76,3,0,0,1,1,1,0
2912,29.13,33.253684997558594,1.8110244625320744,76,4,0,0,1,1,1,1
2913,29.14,33.48958206176758,1.9764881408976966,76,3,0,0,0,1,1,1
2914,29.15,33.20950698852539,1.8043488623209958,76,3,0,0,1,1,1,0
2915,29.16,33.027618408203125,1.901079342703979,76,2,0,0,0,1,1,0
2916,29.17,33.18815612792969,2.172599670447581,76,3,0,0,1,1,1,0
2917,29.18,33.06401443481445,1.932385166803289,76,3,0,0,1,1,1,0
2918,29.19,33.034053802490234,2.056110213241621,76,3,0,0,0,1,1,1
2919,29.2,33.18429946899414,1.8126807232482125,76,2,0,0,0,1,1,0
2920,29.21,33.2773323059082,2.00526532555907,76,2,0,0,0,1,1,0
2921,29.22,33.04880142211914,1.67074703023536,76,3,0,0,0,1,1,1
2922,29.23,33.235252380371094,1.97377834423203,76,3,0,0,0,1,1,1
2923,29.24,33.01279067993164,1.7619943070389155,76,2,0,0,0,1,1,0
2924,29.25,32.96558380126953,1.9309109292310733,76,4,0,0,1,1,1,1
2925,29.26,32.93205642700195,1.8925172220054682,76,3,0,0,1,1,1,0
2926,29.27,33.19944381713867,1.7844027163758103,76,3,0,0,1,1,1,0
2927,29.28,33.157596588134766,2.0582768004940695,76,3,0,0,1,1,1,0
2928,29.29,33.542728424072266,1.6884628492262692,76,3,0,0,1,1,1,0
2929,29.3,33.43520736694336,1.9290183018577072,76,3,0,0,1,1,1,0
2930,29.31,33.922332763671875,1.8538882520267232,76,3,0,0,1,1,1,0
2931,29.32,33.710636138916016,1.8545599196953226,76,4,0,0,1,1,1,1
2932,29.33,33.53683853149414,1.8427684846103247,76,4,0,0,1,1,1,1
2933,29.34,33.52235794067383,1.8150764327396909,76,3,0,0,1,1,1,0
2934,29.35,33.54703903198242,1.9282386720111577,76,4,0,1,1,1,1,0
2935,29.36,33.57273864746094,1.700258695795625,76,3,0,0,1,1,1,0
2936,29.37,33.296783447265625,2.0139974836816217,76,3,0,0,1,1,1,0
2937,29.38,32.873748779296875,1.8468902391091655,76,4,0,0,1,1,1,1
2938,29.39,32.99149703979492,1.7998340174195355,76,3,0,0,1,1,1,0
2939,29.4,33.54450607299805,1.9851958693745562,76,3,0,0,1,1,1,0
2940,29.41,33.50795364379883,1.7410601611232526,76,3,0,0,1,1,1,0
2941,29.42,33.471256256103516,1.7964995939421597,76,3,0,0,1,1,1,0
2942,29.43,33.59450912475586,1.931035474603615,76,3,0,0,1,1,1,0
2943,29.44,33.75695037841797,1.8324319058207117,76,3,0,0,1,1,1,0
2944,29.45,33.332733154296875,1.8405393888123005,76,4,0,0,1,1,1,1
2945,29.46,33.45137405395508,1.900102976368973,76,3,0,0,1,1,1,0
2946,29.47,33.4325065612793,1.9474332691788427,76,4,0,1,1,1,1,0
2947,29.48,33.48161697387695,1.699204773655296,76,3,0,0,1,1,1,0
2948,29.49,33.638458251953125,1.848997486572001,76,3,0,0,1,1,1,0
2949,29.5,33.57130813598633,1.805990644901987,76,3,0,0,1,1,1,0
2950,29.51,34.041099548339844,1.8339527070692272,76,2,0,0,0,1,1,0
2951,29.52,33.7426643371582,1.9064913869670408,76,2,0,0,0,1,1,0
2952,29.53,33.60065460205078,1.8870915069188319,76,3,0,1,0,1,1,0
2953,29.54,33.52626037597656,1.9512551737111261,76,2,0,0,0,1,1,0
2954,29.55,33.901187896728516,1.6445054165901232,76,2,0,0,0,1,1,0
2955,29.56,34.0805549621582,2.122191035387107,76,2,0,0,0,1,1,0
2956,29.57,33.90617370605469,2.0048938173257342,76,2,0,0,0,1,1,0
2957,29.58,33.75578308105469,1.880773103719696,76,3,0,0,0,1,1,1
2958,29.59,33.66864013671875,1.6698839268403776,76,2,0,0,0,1,1,0
2959,29.6,33.910438537597656,1.9773983703893943,76,2,0,0,0,1,1,0
2960,29.61,33.94127655029297,2.0486804321550673,76,2,0,0,0,1,1,0
2961,29.62,33.97260665893555,1.7025005305869971,76,2,0,0,0,1,1,0
2962,29.63,33.362693786621094,1.9883231999344073,76,3,0,0,0,1,1,1
2963,29.64,33.51945877075195,2.0514900761770374,76,3,0,0,0,1,1,1
2964,29.65,33.6648063659668,2.1029054281286226,76,3,0,0,1,1,1,0
2965,29.66,33.75418472290039,2.145742054882504,76,3,0,0,1,1,1,0
2966,29.67,33.92804718017578,1.9831786655849621,76,2,0,0,0,1,1,0
2967,29.68,33.778831481933594,1.8677016004206681,76,3,0,0,0,1,1,1
2968,29.69,33.78127670288086,1.6366092221781074,76,3,0,0,0,1,1,1
2969,29.7,33.4572639465332,1.8756899764058745,76,3,0,0,0,1,1,1
2970,29.71,33.592811584472656,1.7130381742418979,76,3,0,0,0,1,1,1
2971,29.72,33.38612365722656,1.7024991862078764,76,3,0,0,0,1,1,1
2972,29.73,33.464473724365234,1.7740624208784874,76,4,0,0,1,1,1,1
2973,29.74,34.2249641418457,2.0248682102739055,76,2,0,0,0,1,1,0
2974,29.75,34.32237243652344,1.6985295836724636,76,2,0,0,0,1,1,0
2975,29.76,34.370243072509766,1.8521600103998521,76,2,0,0,0,1,1,0
2976,29.77,34.662681579589844,1.7655888201538947,76,3,0,0,0,1,1,1
2977,29.78,34.35637283325195,1.804051478326256,76,2,0,0,0,1,1,0
2978,29.79,34.60603332519531,1.8556967804021505,76,2,0,0,0,1,1,0
2979,29.8,34.33723449707031,1.8168903101678162,76,2,0,0,0,1,1,0
2980,29.81,34.1895637512207,1.879865917541705,76,3,0,0,1,1,1,0
2981,29.82,34.06864547729492,2.0755752023656884,76,3,0,0,1,1,1,0
2982,29.83,33.96533203125,2.0559368290809172,76,3,0,0,1,1,1,0
2983,29.84,33.94240951538086,1.8843328510630306,76,3,0,0,1,1,1,0
2984,29.85,33.77647399902344,1.7365778161677417,76,3,0,0,1,1,1,0
2985,29.86,33.69957733154297,1.7960710353482703,76,3,0,0,0,1,1,1
2986,29.87,33.55649948120117,1.8932779279041207,76,3,0,0,0,1,1,1
2987,29.88,33.963863372802734,1.821019387302689,76,2,0,0,0,1,1,0
2988,29.89,33.53668975830078,1.8069005877178084,76,3,0,0,0,1,1,1
2989,29.9,33.89305114746094,1.7191273360663375,76,3,0,0,0,1,1,1
2990,29.91,33.40315246582031,1.7558441974842989,76,3,0,0,0,1,1,1
2991,29.92,33.58424758911133,1.7969414941851471,76,4,0,0,1,1,1,1
2992,29.93,33.923492431640625,1.8858698635421103,76,4,0,0,1,1,1,1
2993,29.94,33.51978302001953,1.7144965924969366,76,3,0,0,0,1,1,1
2994,29.95,33.37156295776367,1.9563719050634818,76,3,0,0,0,1,1,1
2995,29.96,33.589176177978516,1.7840687957334176,76,3,0,0,1,1,1,0
2996,29.97,33.58359146118164,1.7235968201887235,76,4,0,0,1,1,1,1
2997,29.98,33.78580856323242,1.8360835912750104,76,4,0,0,1,1,1,1
2998,29.99,34.14079284667969,1.8533476511111262,76,4,0,0,1,1,1,1
2999,30.0,34.04289627075195,1.8190926765572688,76,4,0,0,1,1,1,1
3000,30.01,34.04472351074219,1.8201340091573335,76,4,0,0,1,1,1,1
3001,30.02,33.87490463256836,1.742470184468834,76,3,0,0,0,1,1,1
3002,30.03,33.8743782043457,1.8309290986105493,76,2,0,0,0,1,1,0
3003,30.04,33.713111877441406,1.890847030651063,76,3,0,0,0,1,1,1
3004,30.05,33.56418991088867,2.0930597429493045,76,3,0,0,1,1,1,0
3005,30.06,33.82387161254883,1.8473232035012725,76,3,0,0,1,1,1,0
3006,30.07,34.08370590209961,1.802802707265898,76,2,0,0,0,1,1,0
3007,30.08,34.1242561340332,1.922163146912609,76,2,0,0,0,1,1,0
3008,30.09,33.57523727416992,1.8822034187323122,76,2,0,0,0,1,1,0
3009,30.1,34.36997985839844,1.881572765971583,76,3,0,0,1,1,1,0
3010,30.11,34.33108139038086,1.7730488836355036,76,2,0,0,0,1,1,0
3011,30.12,34.051414489746094,1.801911299795165,76,3,0,0,0,1,1,1
3012,30.13,34.127960205078125,1.9035181003936295,76,3,0,0,0,1,1,1
3013,30.14,34.090885162353516,1.8862148905072094,76,3,0,0,0,1,1,1
3014,30.15,34.054840087890625,2.1219354280862732,76,2,0,0,1,0,1,0
3015,30.16,33.95345687866211,2.2740692401162774,76,2,0,0,0,1,1,0
3016,30.17,33.885929107666016,2.022549197968804,76,3,0,0,1,1,1,0
3017,30.18,33.77949523925781,1.8599214057342837,76,3,0,0,0,1,1,1
3018,30.19,34.00791931152344,1.7572987461047482,76,3,0,0,0,1,1,1
3019,30.2,34.088783264160156,1.9515619933456896,76,3,0,0,0,1,1,1
3020,30.21,33.8121452331543,2.034848987874542,76,3,0,0,0,1,1,1
3021,30.22,34.00132751464844,1.9305168922389424,76,3,0,0,0,1,1,1
3022,30.23,34.2570915222168,1.8869535891696272,76,3,0,0,0,1,1,1
3023,30.24,34.07145309448242,1.8642406777250882,76,3,0,0,0,1,1,1
3024,30.25,34.30906295776367,1.943806628814117,76,3,0,0,0,1,1,1
3025,30.26,34.29412078857422,1.8891776444437425,76,3,0,0,0,1,1,1
3026,30.27,34.566444396972656,1.7938241517188604,76,3,0,0,0,1,1,1
3027,30.28,34.233951568603516,1.798138148074872,76,3,0,0,0,1,1,1
3028,30.29,34.02634811401367,2.0659840372411034,76,3,0,0,0,1,1,1
3029,30.3,34.15702819824219,2.069055610511912,76,2,0,0,0,1,1,0
3030,30.31,33.82426452636719,2.2040155793666036,76,3,0,0,0,1,1,1
3031,30.32,34.25150680541992,1.970639100954784,76,3,0,0,0,1,1,1
3032,30.33,34.302940368652344,1.8363540327065702,76,3,0,0,0,1,1,1
3033,30.34,34.33388137817383,2.0710628990897364,76,3,0,0,0,1,1,1
3034,30.35,34.26059341430664,1.8368745215263198,76,2,0,0,0,1,1,0
3035,30.36,34.11585998535156,1.7509111258197498,76,3,0,0,0,1,1,1
3036,30.37,34.23771286010742,1.7849913242731406,76,3,0,0,0,1,1,1
3037,30.38,33.99087142944336,1.892933946523822,76,3,0,0,0,1,1,1
3038,30.39,33.998207092285156,2.035926557675687,76,2,0,0,0,1,1,0
3039,30.4,34.04846954345703,1.7974704881306147,76,3,0,0,0,1,1,1
3040,30.41,34.19633483886719,2.1187009898300633,76,2,0,0,0,1,1,0
3041,30.42,34.267372131347656,1.677852162276408,76,3,0,0,0,1,1,1
3042,30.43,34.164920806884766,2.5032970995113506,76,2,0,0,0,1,1,0
3043,30.44,34.03776931762695,2.2206539723598673,76,2,0,0,0,1,1,0
3044,30.45,33.912628173828125,2.0558188484696585,76,2,0,0,0,1,1,0
3045,30.46,34.05336380004883,2.1664684962619285,76,2,0,0,0,1,1,0
3046,30.47,33.84489440917969,2.2109029608237987,76,2,0,0,0,1,1,0
3047,30.48,34.23394775390625,2.1683214887761975,76,2,0,0,0,1,1,0
3048,30.49,34.073089599609375,2.1731305035147397,76,3,0,0,0,1,1,1
3049,30.5,33.95969009399414,2.0671481507305782,76,3,0,0,1,1,1,0
3050,30.51,34.291900634765625,2.1245954765020447,76,2,0,0,0,1,1,0
3051,30.52,34.29767608642578,2.341730336840436,76,2,0,0,0,1,1,0
3052,30.53,34.546268463134766,2.1615712674491343,76,2,0,0,0,1,1,0
3053,30.54,34.28849792480469,2.259754199953323,76,2,0,0,0,1,1,0
3054,30.55,34.12907409667969,2.3151045885648336,76,1,0,0,0,0,1,0
3055,30.56,33.88581848144531,2.220924468140074,76,2,0,0,0,1,1,0
3056,30.57,34.102622985839844,2.0484588572638414,76,2,0,0,0,1,1,0
3057,30.58,33.63850021362305,1.90278148200458,76,3,0,0,0,1,1,1
3058,30.59,34.25971221923828,2.5085885706611344,76,2,0,0,0,0,1,1
3059,30.6,34.02919387817383,1.8833206353721628,76,3,0,0,0,1,1,1
3060,30.61,33.95743179321289,1.7789318085670192,76,3,0,0,0,1,1,1
3061,30.62,33.9466438293457,2.1152101994072847,76,3,0,0,0,1,1,1
3062,30.63,33.62519454956055,2.2148144205525804,76,3,0,0,0,1,1,1
3063,30.64,33.996700286865234,1.83333034797198,76,2,0,0,0,1,1,0
3064,30.65,34.04961395263672,2.1284902009049245,76,3,0,0,0,1,1,1
3065,30.66,34.35799026489258,2.023954181150497,76,3,0,0,0,1,1,1
3066,30.67,34.03544998168945,1.971248651582903,76,3,0,0,0,1,1,1
3067,30.68,33.97559356689453,2.09210220986028,76,3,0,0,0,1,1,1
3068,30.69,34.02998352050781,2.161412449786224,76,3,0,0,0,1,1,1
3069,30.7,33.895992279052734,1.9333924374384077,76,2,0,0,0,1,1,0
3070,30.71,33.65951919555664,1.8732316531035622,76,3,0,0,0,1,1,1
3071,30.72,33.40331268310547,1.6261296976503243,76,3,0,0,0,1,1,1
3072,30.73,33.543251037597656,1.9449135795976396,76,3,0,0,0,1,1,1
3073,30.74,33.230770111083984,2.088399269341785,76,3,0,0,0,1,1,1
3074,30.75,33.76319122314453,2.219661734998879,76,2,0,0,0,1,1,0
3075,30.76,33.30752944946289,2.00103110399919,76,3,0,0,0,1,1,1
3076,30.77,33.53144073486328,1.8915304766951442,76,2,0,0,0,1,1,0
3077,30.78,33.10569763183594,2.096683755315257,76,3,0,0,0,1,1,1
3078,30.79,33.160247802734375,2.123577330688973,76,2,0,0,0,1,1,0
3079,30.8,33.66144943237305,1.9090036192044468,76,3,0,0,0,1,1,1
3080,30.81,33.7872428894043,1.983057125748455,76,3,0,0,0,1,1,1
3081,30.82,33.85716247558594,1.9110718456841642,76,2,0,0,0,1,1,0
3082,30.83,33.58070755004883,1.8749149118073631,76,3,0,0,0,1,1,1
3083,30.84,33.509159088134766,2.1596749746427095,76,3,0,0,0,1,1,1
3084,30.85,33.59825897216797,2.0335726020477582,76,3,0,0,0,1,1,1
3085,30.86,33.22878646850586,2.1114445135938342,76,3,0,0,0,1,1,1
3086,30.87,33.437164306640625,1.884543263275943,76,3,0,0,0,1,1,1
3087,30.88,33.58614730834961,1.9970437891823476,76,2,0,0,0,1,1,0
3088,30.89,33.786865234375,2.054507158494921,76,2,0,0,0,1,1,0
3089,30.9,33.62657928466797,2.080265818263786,76,3,0,0,0,1,1,1
3090,30.91,33.205501556396484,2.301783963842711,76,2,0,0,0,1,1,0
3091,30.92,33.34217071533203,1.961095280869208,76,3,0,0,0,1,1,1
3092,30.93,33.29498291015625,2.064389388948693,76,2,0,0,0,1,1,0
3093,30.94,33.535987854003906,2.066321923495503,76,2,0,0,0,1,1,0
3094,30.95,33.58857345581055,1.8361959484112256,76,2,0,0,0,1,1,0
3095,30.96,33.64653396606445,1.8610505433120061,76,3,0,0,0,1,1,1
3096,30.97,33.52088928222656,2.0647091292798185,76,3,0,0,0,1,1,1
3097,30.98,33.6236457824707,2.134596416556151,76,3,0,0,0,1,1,1
3098,30.99,33.49366760253906,1.9143162375692386,76,3,0,0,0,1,1,1
3099,31.0,34.0478515625,2.040243186672518,76,2,0,0,0,1,1,0
3100,31.01,33.76581573486328,1.9948416434345335,76,2,0,0,0,1,1,0
3101,31.02,33.72206115722656,1.9242157322912508,76,3,0,0,0,1,1,1
3102,31.03,33.23240661621094,1.797639012598487,76,3,0,0,0,1,1,1
3103,31.04,33.40962219238281,1.8305467945683065,76,2,0,0,0,0,1,1
3104,31.05,33.4393196105957,2.100166349822624,76,2,0,0,0,0,1,1
3105,31.06,33.77263641357422,1.8505694132730173,76,2,0,0,0,0,1,1
3106,31.07,33.796852111816406,1.9864831413867312,76,2,0,0,0,0,1,1
3107,31.08,34.07316970825195,1.8512166038686753,76,2,0,0,0,0,1,1
3108,31.09,33.70240783691406,1.9817947938465243,76,3,0,0,0,1,1,1
3109,31.1,33.602542877197266,2.070896256150567,76,3,0,0,0,1,1,1
3110,31.11,33.987369537353516,1.9054140689231311,76,3,0,0,0,1,1,1
3111,31.12,33.864906311035156,1.7760099897787498,76,3,0,0,0,1,1,1
3112,31.13,33.86175537109375,1.874194056524683,76,1,0,0,0,0,0,1
3113,31.14,33.58563995361328,2.1873017582496526,76,2,0,0,0,1,0,1
3114,31.15,33.922462463378906,1.8894451703584814,76,1,0,0,0,0,0,1
3115,31.16,33.8349723815918,1.9822469334778612,76,2,0,0,0,1,0,1
3116,31.17,34.107513427734375,1.7947119878668967,76,2,0,0,0,1,0,1
3117,31.18,33.71328353881836,2.0096735591486117,76,3,0,0,0,1,1,1
3118,31.19,33.52448654174805,1.8906855128203777,76,3,0,0,0,1,1,1
3119,31.2,33.337738037109375,1.8433126020553003,76,2,0,0,0,1,0,1
3120,31.21,33.58753204345703,2.04171939646455,76,3,0,0,0,1,1,1
3121,31.22,33.60836410522461,1.8745153719413576,76,2,0,0,0,1,0,1
3122,31.23,34.076881408691406,1.7090917332383295,76,2,0,0,0,1,0,1
3123,31.24,34.272743225097656,2.010002439888232,76,1,0,0,0,0,0,1
3124,31.25,34.64797592163086,2.1852668239728548,76,1,0,0,0,0,0,1
3125,31.26,34.636592864990234,2.025366137901853,76,2,0,0,0,1,0,1
3126,31.27,34.3734016418457,1.9594393111146797,76,2,0,0,0,1,0,1
3127,31.28,34.04899215698242,2.052387688152054,76,1,0,0,0,0,0,1
3128,31.29,34.12431716918945,2.0195275817494274,76,1,0,0,0,0,0,1
3129,31.3,34.0894889831543,2.1805929599029814,76,1,0,0,0,0,0,1
3130,31.31,33.6983528137207,2.047390603674977,76,1,0,0,0,0,0,1
3131,31.32,33.88006591796875,2.038843197926646,76,2,0,0,0,1,0,1
3132,31.33,33.99384689331055,2.2222747537564733,76,2,0,0,0,1,0,1
3133,31.34,33.89479064941406,2.0939410929033135,76,2,0,0,0,1,0,1
3134,31.35,34.12602233886719,1.9745929771989044,76,2,0,0,0,1,0,1
3135,31.36,33.69969177246094,1.8544224006994254,76,1,0,0,0,1,0,0
3136,31.37,34.015750885009766,2.0759116837110905,76,1,0,0,0,0,0,1
3137,31.38,33.79155731201172,2.0515323892298705,76,1,0,0,0,0,0,1
3138,31.39,34.0982666015625,2.228831681207425,76,1,0,0,0,0,0,1
3139,31.4,34.19956970214844,2.180570099159195,76,0,0,0,0,0,0,0
3140,31.41,34.23801040649414,2.3783617337283705,76,1,0,0,0,0,0,1
3141,31.42,34.21027374267578,2.168984429171428,76,2,0,0,0,1,0,1
3142,31.43,33.98411178588867,2.0869301177386474,76,1,0,0,0,0,0,1
3143,31.44,33.828975677490234,2.1864385748016844,76,1,0,0,0,1,0,0
3144,31.45,34.01161575317383,2.0396317504916226,76,1,0,0,0,1,0,0
3145,31.46,34.0577507019043,2.2974963418745484,76,0,0,0,0,0,0,0
3146,31.47,34.47125244140625,2.0375005882604276,76,1,0,0,0,1,0,0
3147,31.48,34.960060119628906,2.3149505201292375,76,0,0,0,0,0,0,0
3148,31.49,34.839561462402344,2.102477966270055,76,1,0,0,0,1,0,0
3149,31.5,34.47277069091797,2.007706453155579,76,1,0,0,0,1,0,0
3150,31.51,34.22503662109375,2.037350294364602,76,2,0,0,0,1,0,1
3151,31.52,34.526031494140625,2.116793419279618,76,1,0,0,0,1,0,0
3152,31.53,34.18171310424805,2.119646921086912,76,1,0,0,0,1,0,0
3153,31.54,34.55413055419922,2.1310532987799164,76,0,0,0,0,0,0,0
3154,31.55,34.56308364868164,2.0099998777788817,76,0,0,0,0,0,0,0
3155,31.56,34.60509490966797,2.076199098783925,76,0,0,0,0,0,0,0
3156,31.57,34.933837890625,2.177754051209549,76,0,0,0,0,0,0,0
3157,31.58,35.033748626708984,2.2004704211878834,76,0,0,0,0,0,0,0
3158,31.59,34.80531311035156,2.1342153861235875,76,0,0,0,0,0,0,0
3159,31.6,34.89383316040039,2.2325567619755584,76,0,0,0,0,0,0,0
3160,31.61,35.05500793457031,1.9608736138854883,76,1,0,0,0,1,0,0
3161,31.62,34.75560760498047,2.4298554843022844,76,0,0,0,0,0,0,0
3162,31.63,34.87449645996094,2.300043745211668,76,1,0,0,0,1,0,0
3163,31.64,35.04927444458008,2.1906162346040996,76,1,0,0,0,1,0,0
3164,31.65,35.1651496887207,2.1758230429716923,76,0,0,0,0,0,0,0
3165,31.66,34.91500473022461,2.2550438285085903,76,1,0,0,0,1,0,0
3166,31.67,35.0052375793457,2.103282318627681,76,0,0,0,0,0,0,0
3167,31.68,35.23242950439453,2.2106278134562793,76,0,0,0,0,0,0,0
3168,31.69,35.29214859008789,2.3998538455981535,76,0,0,0,0,0,0,0
3169,31.7,34.80691146850586,2.3447173225206073,76,0,0,0,0,0,0,0
3170,31.71,34.872623443603516,2.1490446145149225,76,0,0,0,0,0,0,0
3171,31.72,34.69725799560547,2.069443753467133,76,0,0,0,0,0,0,0
3172,31.73,34.74030685424805,2.368395438766063,76,0,0,0,0,0,0,0
3173,31.74,34.880496978759766,2.1336387465020965,76,0,0,0,0,0,0,0
3174,31.75,34.65610122680664,1.905702321120083,76,0,0,0,0,0,0,0
3175,31.76,34.571571350097656,2.0937539470699287,76,1,0,0,0,0,0,1
3176,31.77,34.76483917236328,2.2071039575975346,76,1,0,0,0,1,0,0
3177,31.78,34.677398681640625,2.0520743467950027,76,0,0,0,0,0,0,0
3178,31.79,34.588478088378906,2.0568148482449646,76,0,0,0,0,0,0,0
3179,31.8,34.738555908203125,2.064090488208977,76,0,0,0,0,0,0,0
3180,31.81,34.8752555847168,2.060759722433422,76,0,0,0,0,0,0,0
3181,31.82,34.64084243774414,2.1708275246382716,76,0,0,0,0,0,0,0
3182,31.83,34.88756561279297,2.03570485948178,76,0,0,0,0,0,0,0
3183,31.84,34.910884857177734,2.1830494618789205,76,0,0,0,0,0,0,0
3184,31.85,34.95381546020508,2.197223616613217,76,0,0,0,0,0,0,0
3185,31.86,34.87565612792969,2.2343970920671117,76,0,0,0,0,0,0,0
3186,31.87,35.00942611694336,2.1587722549220087,76,0,0,0,0,0,0,0
3187,31.88,35.014896392822266,2.328346835593861,76,0,0,0,0,0,0,0
3188,31.89,34.54643630981445,1.6312579462462646,76,0,0,0,0,0,0,0
3189,31.9,35.02660369873047,2.351641062656718,76,0,0,0,0,0,0,0
3190,31.91,34.752559661865234,2.4021210208692563,76,0,0,0,0,0,0,0
3191,31.92,34.812198638916016,2.1304026077284477,76,1,0,0,0,1,0,0
3192,31.93,35.15420913696289,2.117666620864174,76,1,0,0,0,1,0,0
3193,31.94,35.21135330200195,2.3184019747845066,76,0,0,0,0,0,0,0
3194,31.95,35.048057556152344,2.2327838289313244,76,0,0,0,0,0,0,0
3195,31.96,35.307926177978516,2.4342105069804796,76,0,0,0,0,0,0,0
3196,31.97,35.55062484741211,2.013905795784255,76,0,0,0,0,0,0,0
3197,31.98,35.43952560424805,2.3462778685500787,76,0,0,0,0,0,0,0
3198,31.99,35.72167205810547,2.2709909049273045,76,0,0,0,0,0,0,0
3199,32.0,35.8150520324707,2.6562230065298644,76,0,0,0,0,0,0,0
3200,32.01,35.729305267333984,2.331397447114087,76,0,0,0,0,0,0,0
3201,32.02,36.35163116455078,2.5241611397128603,76,0,0,0,0,0,0,0
3202,32.03,36.43658447265625,2.309566645412679,76,0,0,0,0,0,0,0
3203,32.04,36.14509582519531,2.197951833828281,76,0,0,0,0,0,0,0
3204,32.05,36.24337387084961,2.2647514055275657,76,0,0,0,0,0,0,0
3205,32.06,36.402591705322266,2.415368799836797,76,0,0,0,0,0,0,0
3206,32.07,36.297325134277344,1.8109937032922867,76,0,0,0,0,0,0,0
3207,32.08,36.44725799560547,2.3493406843211937,76,0,0,0,0,0,0,0
3208,32.09,36.64249038696289,2.3622502038157793,76,0,0,0,0,0,0,0
3209,32.1,36.6067008972168,2.4652001797589946,76,0,0,0,0,0,0,0
3210,32.11,36.70029830932617,2.47347941348718,76,0,0,0,0,0,0,0
3211,32.12,36.76384353637695,2.876820501441576,76,0,0,0,0,0,0,0
3212,32.13,36.26456069946289,2.6104769362344458,76,0,0,0,0,0,0,0
3213,32.14,36.347900390625,2.529788222073617,76,0,0,0,0,0,0,0
3214,32.15,36.16474914550781,2.339459495405807,76,0,0,0,0,0,0,0
3215,32.16,36.265769958496094,2.0125814746035373,76,0,0,0,0,0,0,0
3216,32.17,36.22057342529297,2.543817704635676,76,0,0,0,0,0,0,0
3217,32.18,36.37607955932617,2.147234050022411,76,0,0,0,0,0,0,0
3218,32.19,35.88335037231445,2.3554425086649373,76,0,0,0,0,0,0,0
3219,32.2,35.78565216064453,1.9752997649428874,76,0,0,0,0,0,0,0
3220,32.21,35.9337043762207,2.3205592415463703,76,0,0,0,0,0,0,0
3221,32.22,35.64863204956055,2.2965403448596335,76,0,0,0,0,0,0,0
3222,32.23,36.29417037963867,2.387068395784532,76,0,0,0,0,0,0,0
3223,32.24,36.34996032714844,1.7025226294708993,76,0,0,0,0,0,0,0
3224,32.25,36.57588195800781,1.9622690713697668,76,0,0,0,0,0,0,0
3225,32.26,36.51415252685547,1.8039126465079658,76,0,0,0,0,0,0,0
3226,32.27,36.62202072143555,2.2705552854657434,76,0,0,0,0,0,0,0
3227,32.28,36.35128402709961,2.430986171972338,76,0,0,0,0,0,0,0
3228,32.29,36.52424240112305,2.517384110546881,76,0,0,0,0,0,0,0
3229,32.3,36.370338439941406,1.9724610376817184,76,0,0,0,0,0,0,0
3230,32.31,36.22669219970703,2.0131580834003566,76,0,0,0,0,0,0,0
3231,32.32,35.763240814208984,2.2501994662577722,76,0,0,0,0,0,0,0
3232,32.33,35.901493072509766,1.7246463207424578,76,1,0,0,0,0,1,0
3233,32.34,35.688114166259766,1.917111089431151,76,2,0,0,0,1,1,0
3234,32.35,35.83368682861328,2.1077703235231775,76,1,0,0,0,0,1,0
3235,32.36,35.726802825927734,1.9460246445324194,76,1,0,0,0,1,0,0
3236,32.37,35.327301025390625,1.95491316112907,76,1,0,0,0,1,0,0
3237,32.38,35.37828826904297,2.0050209778744996,76,1,0,0,0,1,0,0
3238,32.39,35.63994216918945,1.9734684644627984,76,2,0,0,0,1,1,0
3239,32.4,35.441078186035156,2.07298871545238,76,0,0,0,0,0,0,0
3240,32.41,35.88846969604492,2.0688874783249798,76,2,0,0,0,1,1,0
3241,32.42,35.8091926574707,1.7121618719599132,76,1,0,0,0,0,1,0
3242,32.43,35.8050651550293,2.3323210463065345,76,1,0,0,0,1,0,0
3243,32.44,35.75496292114258,1.7135074092661087,76,1,0,0,0,1,0,0
3244,32.45,35.708133697509766,2.2964504443973484,76,1,0,0,0,1,0,0
3245,32.46,35.65088653564453,2.0542929063628788,76,2,0,0,0,1,1,0
3246,32.47,35.681785583496094,2.325984222463802,76,1,0,0,0,1,0,0
3247,32.48,36.16765594482422,2.2898467906392783,76,1,0,0,0,1,0,0
3248,32.49,35.80047607421875,1.8340132885195033,76,1,0,0,0,1,0,0
3249,32.5,35.94570541381836,1.7917561497422558,76,1,0,0,0,0,1,0
3250,32.51,36.054195404052734,1.911906852155483,76,1,0,0,0,1,0,0
3251,32.52,36.11488723754883,2.551041137579925,76,1,0,0,1,0,0,0
3252,32.53,36.11811828613281,2.2113811972007675,76,0,0,0,0,0,0,0
3253,32.54,35.994346618652344,2.06371290981532,76,1,0,0,1,0,0,0
3254,32.55,36.03276062011719,2.2204939517822004,76,0,0,0,0,0,0,0
3255,32.56,35.78525924682617,1.9207859497267663,76,0,0,0,0,0,0,0
3256,32.57,35.525272369384766,2.14067974382772,76,3,0,0,1,1,1,0
3257,32.58,35.82900619506836,2.0043259078939006,76,0,0,0,0,0,0,0
3258,32.59,35.69462966918945,2.3891472914670193,76,0,0,0,0,0,0,0
3259,32.6,35.79424285888672,2.160322375795964,76,0,0,0,0,0,0,0
3260,32.61,35.99858856201172,2.5998655437042273,76,1,0,0,1,0,0,0
3261,32.62,36.32435607910156,2.2391738158213386,76,0,0,0,0,0,0,0
3262,32.63,36.31259536743164,2.478228233931386,76,2,0,0,1,0,1,0
3263,32.64,35.58564376831055,2.410354141239169,76,1,0,0,1,0,0,0
3264,32.65,36.0123176574707,2.4167341273259115,76,1,0,0,1,0,0,0
3265,32.66,35.9655876159668,1.9060177745139133,76,2,0,0,1,1,0,0
3266,32.67,36.012386322021484,1.9351742025818655,76,3,0,0,1,1,1,0
3267,32.68,35.752403259277344,1.7427252353948763,76,2,0,0,1,0,1,0
3268,32.69,36.027976989746094,1.6967298115146296,76,1,0,0,1,0,0,0
3269,32.7,36.20894241333008,1.8312302420064133,76,2,0,0,1,0,1,0
3270,32.71,35.803955078125,1.6732594215201184,76,2,0,0,1,0,1,0
3271,32.72,36.05324935913086,1.6794634588957957,76,3,0,0,1,1,1,0
3272,32.73,35.753353118896484,1.8573917198229373,76,3,0,0,1,1,1,0
3273,32.74,35.91513442993164,1.7097658534791795,76,3,0,0,1,1,1,0
3274,32.75,35.596370697021484,1.926863223724659,76,3,0,0,1,1,1,0
3275,32.76,35.4944953918457,1.8026079003279334,76,3,0,0,1,1,1,0
3276,32.77,35.31370162963867,1.7312769795649416,76,3,0,0,1,1,1,0
3277,32.78,34.854469299316406,1.9277453647194243,76,3,0,0,1,1,1,0
3278,32.79,35.17322540283203,1.9820454307001123,76,3,0,0,1,1,1,0
3279,32.8,35.1765251159668,1.9127728707162241,76,3,0,0,1,1,1,0
3280,32.81,35.32598876953125,2.278879387515618,76,3,0,0,1,1,1,0
3281,32.82,35.006168365478516,1.9172183199842778,76,3,0,0,1,1,1,0
3282,32.83,35.17049026489258,2.1130617737948985,76,3,0,0,1,1,1,0
3283,32.84,35.27772903442383,1.7994737635814286,76,3,0,0,1,1,1,0
3284,32.85,35.3262939453125,2.240755601219373,76,3,0,0,1,1,1,0
3285,32.86,35.231571197509766,2.1733881110848197,76,3,0,0,1,1,1,0
3286,32.87,35.30772018432617,1.982930557435472,76,3,0,0,1,1,1,0
3287,32.88,35.351322174072266,2.202954707932022,76,3,0,0,1,1,1,0
3288,32.89,35.31400680541992,2.322414446719284,76,3,0,0,1,1,1,0
3289,32.9,35.42115020751953,2.264967329121539,76,3,0,0,1,1,1,0
3290,32.91,35.46293640136719,1.8779241415554757,76,3,0,0,1,1,1,0
3291,32.92,35.60798645019531,2.061214477904905,76,3,0,0,1,1,1,0
3292,32.93,35.2596321105957,1.7956071818120236,76,3,0,0,1,1,1,0
3293,32.94,35.562652587890625,2.0615553108488665,76,3,0,0,1,1,1,0
3294,32.95,35.495025634765625,1.916324584887461,76,3,0,0,1,1,1,0
3295,32.96,35.20157241821289,2.1976341163246733,76,3,0,0,1,1,1,0
3296,32.97,35.44536590576172,2.1012840726677475,76,3,0,0,1,1,1,0
3297,32.98,35.262046813964844,2.1692654652444907,76,3,0,0,1,1,1,0
3298,32.99,34.66746139526367,2.0874163662742022,76,3,0,0,1,1,1,0
3299,33.0,34.800697326660156,1.9238003606875955,76,3,0,0,1,1,1,0
3300,33.01,34.89153289794922,1.7025242203045563,76,3,0,0,1,1,1,0
3301,33.02,34.98926544189453,2.066807058843596,76,3,0,0,1,1,1,0
3302,33.03,35.1297607421875,2.152618829563483,76,3,0,0,1,1,1,0
3303,33.04,35.260459899902344,2.1141402136049012,76,3,0,0,1,1,1,0
3304,33.05,35.721435546875,2.030391119507614,76,3,0,0,1,1,1,0
3305,33.06,35.1307487487793,1.8970196560550685,76,3,0,0,1,1,1,0
3306,33.07,35.220516204833984,1.708478695723148,76,4,0,1,1,1,1,0
3307,33.08,35.30379867553711,2.199496017994004,76,4,0,1,1,1,1,0
3308,33.09,35.56550979614258,1.739053266079344,76,3,0,0,1,1,1,0
3309,33.1,35.17039489746094,1.792707030021848,76,3,0,0,1,1,1,0
3310,33.11,35.04424285888672,2.032266127304282,76,3,0,0,1,1,1,0
3311,33.12,35.435028076171875,2.279383997104574,76,3,0,0,1,1,1,0
3312,33.13,34.86480712890625,1.9800467738052936,76,3,0,0,1,1,1,0
3313,33.14,35.187442779541016,2.021728278620767,76,3,0,0,1,1,1,0
3314,33.15,34.97682571411133,1.9883097124779268,76,3,0,0,1,1,1,0
3315,33.16,34.58465576171875,1.7658135762482132,76,4,0,1,1,1,1,0
3316,33.17,34.70305252075195,1.989449810095101,76,3,0,0,1,1,1,0
3317,33.18,34.71604919433594,2.0132020737542375,76,3,0,0,1,1,1,0
3318,33.19,34.97156524658203,1.995350371462348,76,3,0,0,1,1,1,0
3319,33.2,34.9312744140625,1.9666721356029404,76,3,0,0,1,1,1,0
3320,33.21,35.047393798828125,2.194589678887842,76,2,0,0,0,1,1,0
3321,33.22,35.0593376159668,1.9690338391390783,76,2,0,0,0,1,1,0
3322,33.23,35.078643798828125,1.7752229130541322,76,2,0,0,0,1,1,0
3323,33.24,34.74223327636719,1.9216140948120934,76,2,0,0,0,1,1,0
3324,33.25,34.52566909790039,1.8634647610130004,76,2,0,0,0,1,1,0
3325,33.26,34.77497863769531,2.1674848911073408,76,2,0,0,0,1,1,0
3326,33.27,34.821834564208984,2.1626976573970222,76,2,0,0,0,1,1,0
3327,33.28,35.17396926879883,1.9874332866914162,76,2,0,0,0,1,1,0
3328,33.29,35.196231842041016,2.1933979293159105,76,2,0,0,0,1,1,0
3329,33.3,34.841339111328125,1.9799180478307505,76,2,0,0,0,1,1,0
3330,33.31,34.59020233154297,2.3023899896213544,76,2,0,0,0,1,1,0
3331,33.32,34.803306579589844,2.148972761453344,76,2,0,0,0,1,1,0
3332,33.33,34.601810455322266,2.149741612727325,76,2,0,0,0,1,1,0
3333,33.34,34.580379486083984,2.0542900652424847,76,2,0,0,0,1,1,0
3334,33.35,34.497066497802734,1.962271579164018,76,2,0,0,0,1,1,0
3335,33.36,34.966819763183594,1.8275707376456682,76,2,0,0,0,1,1,0
3336,33.37,34.704830169677734,2.1002850904134935,76,2,0,0,0,1,1,0
3337,33.38,34.5780029296875,1.873551392728769,76,2,0,0,0,1,1,0
3338,33.39,34.626121520996094,2.0552605003974467,76,2,0,0,0,1,1,0
3339,33.4,34.85309600830078,1.9863539298972162,76,2,0,0,0,1,1,0
3340,33.41,34.89323806762695,2.025092206199404,76,2,0,0,0,1,1,0
3341,33.42,35.13808059692383,2.0400006163429323,76,2,0,0,0,1,1,0
3342,33.43,34.97148513793945,2.1994089844770612,76,2,0,0,0,1,1,0
3343,33.44,34.871646881103516,2.120235894232803,76,3,0,0,1,1,1,0
3344,33.45,34.88508224487305,2.132109339938295,76,2,0,0,0,1,1,0
3345,33.46,34.764705657958984,2.0479021069276704,76,2,0,0,0,1,1,0
3346,33.47,34.7374267578125,2.1552276399081656,76,2,0,0,0,1,1,0
3347,33.48,34.49165725708008,2.0012288461231034,76,2,0,0,0,1,1,0
3348,33.49,34.5432014465332,2.2887195102390656,76,2,0,0,0,1,1,0
3349,33.5,34.607784271240234,2.2030875315471143,76,2,0,0,0,1,1,0
3350,33.51,34.71369552612305,2.0056472544175024,76,2,0,0,0,1,1,0
3351,33.52,34.87110900878906,2.0644872329017385,76,2,0,0,0,1,1,0
3352,33.53,34.9022216796875,2.1563453089869844,76,2,0,0,0,1,1,0
3353,33.54,34.5815544128418,2.1228516469665086,76,2,0,0,0,1,1,0
3354,33.55,34.63374328613281,2.078026643147023,76,2,0,0,0,1,1,0
3355,33.56,34.71357345581055,2.149443927624951,76,2,0,0,0,1,1,0
3356,33.57,34.37923812866211,1.9964245491049186,76,2,0,0,0,1,1,0
3357,33.58,34.144752502441406,2.082400495664775,76,2,0,0,0,1,1,0
3358,33.59,34.225914001464844,2.001299294145303,76,2,0,0,0,1,1,0
3359,33.6,34.43156051635742,2.013182399896657,76,2,0,0,0,1,1,0
3360,33.61,34.174617767333984,2.079831172260382,76,2,0,0,0,1,1,0
3361,33.62,34.34185791015625,2.0309850097590205,76,2,0,0,0,1,1,0
3362,33.63,34.5088996887207,2.285301582586999,76,2,0,0,0,1,1,0
3363,33.64,34.748558044433594,2.094854636604261,76,2,0,0,0,1,1,0
3364,33.65,33.86137008666992,2.2309003509254226,76,2,0,0,0,1,1,0
3365,33.66,34.107173919677734,2.2798671904664722,76,2,0,0,0,1,1,0
3366,33.67,33.9743537902832,2.166909482214069,76,2,0,0,0,1,1,0
3367,33.68,34.607879638671875,2.3848905842955905,76,2,0,0,0,1,1,0
3368,33.69,34.782161712646484,2.226791142317844,76,2,0,0,0,1,1,0
3369,33.7,34.758907318115234,2.150812870102796,76,2,0,0,0,1,1,0
3370,33.71,34.39780044555664,2.513841266390563,76,2,0,0,0,1,1,0
3371,33.72,34.66965103149414,2.181556444215002,76,2,0,0,0,1,1,0
3372,33.73,34.902767181396484,2.3427088384078423,76,2,0,0,0,1,1,0
3373,33.74,34.73344802856445,2.299703464148938,76,2,0,0,0,1,1,0
3374,33.75,34.53343963623047,2.042037026133904,76,2,0,0,0,1,1,0
3375,33.76,34.50836181640625,2.168086826035825,76,2,0,0,0,1,1,0
3376,33.77,34.439453125,2.17331162159437,76,2,0,0,0,1,1,0
3377,33.78,34.362613677978516,2.293057132697002,76,3,0,0,1,1,1,0
3378,33.79,34.423675537109375,2.032260214542674,76,2,0,0,0,1,1,0
3379,33.8,34.31124496459961,2.1030923219045388,76,2,0,0,0,1,1,0
3380,33.81,34.258644104003906,1.8404890227424051,76,2,0,0,0,1,1,0
3381,33.82,34.029537200927734,2.238970760542299,76,2,0,0,0,1,1,0
3382,33.83,34.27362823486328,2.263314820647196,76,2,0,0,0,1,1,0
3383,33.84,34.53704071044922,2.2402937839532293,76,3,0,0,1,1,1,0
3384,33.85,34.43558120727539,2.028940289893944,76,2,0,0,0,1,1,0
3385,33.86,34.414554595947266,2.1136698406608803,76,2,0,0,0,1,1,0
3386,33.87,34.25898742675781,1.8614276173707864,76,3,0,0,1,1,1,0
3387,33.88,34.411293029785156,2.237030065874577,76,2,0,0,0,1,1,0
3388,33.89,34.127784729003906,1.9402050271803626,76,3,0,0,1,1,1,0
3389,33.9,34.817848205566406,2.0882990567588875,76,2,0,0,0,1,1,0
3390,33.91,34.418453216552734,2.0076082930605366,76,2,0,0,0,1,1,0
3391,33.92,34.54359436035156,2.2718725471788948,76,2,0,0,0,1,1,0
3392,33.93,34.34654235839844,2.392381621403017,76,2,0,0,0,1,1,0
3393,33.94,34.49403762817383,2.0570377484165867,76,3,0,0,1,1,1,0
3394,33.95,34.88088607788086,2.2475521793623314,76,3,0,0,1,1,1,0
3395,33.96,34.712684631347656,1.9952233211078376,76,3,0,0,1,1,1,0
3396,33.97,34.60531997680664,2.1794051963549794,76,3,0,0,1,1,1,0
3397,33.98,34.693424224853516,2.0873140230825453,76,3,0,0,1,1,1,0
3398,33.99,34.75666046142578,2.1571276831335506,76,2,0,0,0,1,1,0
3399,34.0,34.58019256591797,2.3276351781313442,76,2,0,0,0,1,1,0
3400,34.01,34.41834259033203,2.1982944292854163,76,2,0,0,0,1,1,0
3401,34.02,34.375946044921875,2.2688525898802485,76,2,0,0,0,1,1,0
3402,34.03,34.42369079589844,2.298102527273634,76,2,0,0,0,1,1,0
3403,34.04,34.46371841430664,1.964536017853371,76,2,0,0,0,1,1,0
3404,34.05,34.29092788696289,1.9321185123664972,76,2,0,0,0,1,1,0
3405,34.06,34.13612365722656,2.1030728904117972,76,3,0,0,1,1,1,0
3406,34.07,34.136714935302734,2.144035659672163,76,3,0,0,1,1,1,0
3407,34.08,34.07957458496094,1.91630085080897,76,3,0,0,1,1,1,0
3408,34.09,34.43075180053711,2.078099095234176,76,3,0,0,1,1,1,0
3409,34.1,34.40251922607422,2.169125030898078,76,3,0,0,1,1,1,0
3410,34.11,34.19514465332031,1.9857726884523077,76,3,0,0,1,1,1,0
3411,34.12,34.20183563232422,2.3221762296217356,76,4,0,1,1,1,1,0
3412,34.13,33.936397552490234,2.0380637924870086,76,3,0,0,1,1,1,0
3413,34.14,33.726837158203125,1.8968680755719523,76,3,0,0,1,1,1,0
3414,34.15,34.10738754272461,2.2508675817612986,76,3,0,0,1,1,1,0
3415,34.16,34.129356384277344,2.21925885931723,76,3,0,0,1,1,1,0
3416,34.17,34.57047653198242,2.060118558865476,76,3,0,0,1,1,1,0
3417,34.18,34.7322883605957,2.0200531746761454,76,3,0,0,1,1,1,0
3418,34.19,34.39534378051758,1.8371147115167816,76,3,0,0,1,1,1,0
3419,34.2,34.61255645751953,2.367511955645587,76,3,0,0,1,1,1,0
3420,34.21,34.42973709106445,2.200136712423718,76,3,0,0,1,1,1,0
3421,34.22,34.75851058959961,2.1154653570281288,76,3,0,0,1,1,1,0
3422,34.23,34.67887878417969,2.122878175078955,76,3,0,0,1,1,1,0
3423,34.24,34.39698028564453,2.199906795967844,76,4,0,1,1,1,1,0
3424,34.25,34.30356979370117,2.0915303066069657,76,3,0,0,1,1,1,0
3425,34.26,34.28612518310547,2.0068870465703808,76,4,1,0,1,1,1,0
3426,34.27,34.65654373168945,2.022204261917468,76,3,0,0,1,1,1,0
3427,34.28,34.28312683105469,2.0386768216200433,76,3,0,0,1,1,1,0
3428,34.29,34.382362365722656,1.8638650323714332,76,3,0,0,1,1,1,0
3429,34.3,34.31446838378906,2.1823819493629775,76,3,0,0,1,1,1,0
3430,34.31,34.44965362548828,1.9070962117097527,76,3,0,0,1,1,1,0
3431,34.32,34.30918502807617,2.1634483665778337,76,3,0,0,1,1,1,0
3432,34.33,34.415287017822266,1.955432959818985,76,3,0,0,1,1,1,0
3433,34.34,34.35198974609375,2.011115464012139,76,4,1,0,1,1,1,0
3434,34.35,34.504066467285156,2.1349694278874907,76,2,0,0,0,1,1,0
3435,34.36,34.58222579956055,2.0080086936016563,76,2,0,0,0,1,1,0
3436,34.37,34.501766204833984,2.091197496710448,76,3,0,0,1,1,1,0
3437,34.38,34.99032211303711,2.1410512677202984,76,2,0,0,0,1,1,0
3438,34.39,34.53404235839844,1.9697211967817996,76,2,0,0,0,1,1,0
3439,34.4,34.68771743774414,2.0691292248001996,76,3,1,0,0,1,1,0
3440,34.41,34.62399673461914,2.0545029065660323,76,2,0,0,0,1,1,0
3441,34.42,34.615360260009766,2.175958136330186,76,2,0,0,0,1,1,0
3442,34.43,34.69038391113281,2.020400290540966,76,3,0,0,1,1,1,0
3443,34.44,34.79662322998047,2.111752667485008,76,2,0,0,0,1,1,0
3444,34.45,34.57659912109375,2.136101161193779,76,3,1,0,0,1,1,0
3445,34.46,34.72877502441406,2.0904989583360973,76,3,0,0,1,1,1,0
3446,34.47,34.85340118408203,2.1951320036735127,76,4,1,0,1,1,1,0
3447,34.48,34.90596008300781,2.136400151925096,76,3,1,0,0,1,1,0
3448,34.49,34.61082458496094,2.074657030556857,76,5,1,1,1,1,1,0
3449,34.5,34.65262985229492,2.046531557394631,76,4,1,0,1,1,1,0
3450,34.51,34.79637145996094,2.127110819744031,76,3,0,0,1,1,1,0
3451,34.52,34.71664810180664,2.3864219268730316,76,4,1,0,1,1,1,0
3452,34.53,35.18498992919922,2.081468798620248,76,3,1,0,0,1,1,0
3453,34.54,34.83930206298828,2.152048769633411,76,3,1,0,0,1,1,0
3454,34.55,34.78508377075195,1.9777025229543164,76,4,1,0,1,1,1,0
3455,34.56,34.95513153076172,2.003467851511152,76,4,1,0,1,1,1,0
3456,34.57,34.899505615234375,2.151137698057415,76,4,1,0,1,1,1,0
3457,34.58,34.70308303833008,2.0114952105851454,76,4,1,0,1,1,1,0
3458,34.59,34.71879196166992,2.0590793878416718,76,4,1,0,1,1,1,0
3459,34.6,34.998165130615234,2.071064630478952,76,4,1,0,1,1,1,0
3460,34.61,34.480899810791016,2.1332159588662956,76,3,1,0,0,1,1,0
3461,34.62,34.50755310058594,1.9105256960034196,76,4,1,1,0,1,1,0
3462,34.63,34.18535614013672,2.1913937541454316,76,4,1,1,0,1,1,0
3463,34.64,34.05596923828125,1.9700240367078852,76,4,1,1,0,1,1,0
3464,34.65,34.01183319091797,1.9906571856808524,76,3,1,0,0,1,1,0
3465,34.66,34.289241790771484,2.0424285480272073,76,4,1,1,0,1,1,0
3466,34.67,34.27444839477539,2.1051640506030864,76,4,1,1,0,1,1,0
3467,34.68,34.72645950317383,2.2172506825016236,76,4,1,1,0,1,1,0
3468,34.69,34.74652099609375,2.180133827376222,76,4,1,1,0,1,1,0
3469,34.7,34.45055389404297,2.1175012135035987,76,4,1,1,0,1,1,0
3470,34.71,34.526031494140625,2.1537445652821177,76,4,1,1,0,1,1,0
3471,34.72,34.36861801147461,2.1868209772057314,76,3,1,0,0,1,1,0
3472,34.73,34.201141357421875,1.9461261068449207,76,3,1,0,0,1,1,0
3473,34.74,34.4334716796875,1.941872498107698,76,3,1,0,0,1,1,0
3474,34.75,34.39212417602539,2.203361257280766,76,4,1,1,0,1,1,0
3475,34.76,34.34727096557617,2.1254822048948916,76,4,1,1,0,1,1,0
3476,34.77,34.412193298339844,2.1759812821857705,76,3,1,0,0,1,1,0
3477,34.78,33.979339599609375,1.9698231814352096,76,4,1,1,0,1,1,0
3478,34.79,33.835205078125,2.2028640186467934,76,4,1,1,0,1,1,0
3479,34.8,34.25783157348633,2.2718681647303587,76,4,1,0,1,1,1,0
3480,34.81,34.28607940673828,2.0477842967861917,76,4,1,1,0,1,1,0
3481,34.82,34.14470672607422,2.201022787776807,76,3,1,0,0,1,1,0
3482,34.83,34.119991302490234,1.8303289557750098,76,3,1,0,0,1,1,0
3483,34.84,34.20331573486328,1.8265630772734747,76,3,1,0,0,1,1,0
3484,34.85,34.19142532348633,1.9558639607650792,76,3,1,0,0,1,1,0
3485,34.86,34.51194381713867,2.03897054240755,76,5,1,1,1,1,1,0
3486,34.87,33.992820739746094,2.1742805781958086,76,5,1,1,1,1,1,0
3487,34.88,33.90544509887695,2.3203636371235774,76,5,1,1,1,1,1,0
3488,34.89,33.80099868774414,1.8745107320669647,76,3,1,0,0,1,1,0
3489,34.9,33.72251892089844,1.8978680207850978,76,3,1,0,0,1,1,0
3490,34.91,34.06025695800781,1.9795954034728318,76,3,1,0,0,1,1,0
3491,34.92,34.09280014038086,2.040340300212887,76,4,1,1,0,1,1,0
3492,34.93,34.16694259643555,2.1028760721141455,76,4,1,1,0,1,1,0
3493,34.94,34.16592025756836,1.8525915167119065,76,5,1,1,1,1,1,0
3494,34.95,34.008026123046875,2.092104689656683,76,4,1,1,0,1,1,0
3495,34.96,34.10748291015625,2.1076532353955506,76,4,1,1,0,1,1,0
3496,34.97,34.54649353027344,2.1181292895794708,76,3,1,0,0,1,1,0
3497,34.98,34.433998107910156,2.248849488842285,76,4,1,1,0,1,1,0
3498,34.99,34.52054977416992,2.3341989441152453,76,3,1,0,0,1,1,0
3499,35.0,34.480464935302734,2.1627065472245146,76,3,1,0,0,1,1,0
3500,35.01,34.260807037353516,2.033371270291068,76,3,1,0,0,1,1,0
3501,35.02,34.65156173706055,2.05509110966345,76,4,1,1,0,1,1,0
3502,35.03,34.51112365722656,2.1417005046620035,76,5,1,1,1,1,1,0
3503,35.04,34.20909881591797,2.2657659465890987,76,3,1,0,0,1,1,0
3504,35.05,34.42478561401367,2.2716691737531374,76,4,1,1,0,1,1,0
3505,35.06,33.93667984008789,1.9781241399316545,76,4,1,1,0,1,1,0
3506,35.07,34.26829147338867,2.214271558586765,76,4,1,1,0,1,1,0
3507,35.08,33.92210006713867,2.075331899917164,76,5,1,1,1,1,1,0
3508,35.09,34.19400405883789,2.2524237318626494,76,4,1,1,0,1,1,0
3509,35.1,34.28925704956055,2.053749323900025,76,5,1,1,1,1,1,0
3510,35.11,33.93630599975586,1.950229093744251,76,5,1,1,1,1,1,0
3511,35.12,34.36604309082031,1.9059405422538236,76,4,1,1,0,1,1,0
3512,35.13,34.43905258178711,2.305496445697387,76,5,1,1,1,1,1,0
3513,35.14,34.444576263427734,2.0437471315342832,76,4,1,1,0,1,1,0
3514,35.15,34.24851608276367,2.133218015344834,76,4,1,1,0,1,1,0
3515,35.16,34.40351867675781,2.1958831730929433,76,4,1,1,0,1,1,0
3516,35.17,34.23849105834961,2.2309218495071304,76,4,1,1,0,1,1,0
3517,35.18,34.669517517089844,2.055358565482877,76,4,1,1,0,1,1,0
3518,35.19,34.75091552734375,2.1863896428615384,76,4,1,1,0,1,1,0
3519,35.2,34.599063873291016,2.18057239964055,76,4,1,1,0,1,1,0
3520,35.21,34.17228698730469,2.117968655264842,76,5,1,1,1,1,1,0
3521,35.22,34.03666687011719,2.0575202801873598,76,5,1,1,1,1,1,0
3522,35.23,34.30830001831055,1.9940365454081401,76,5,1,1,1,1,1,0
3523,35.24,34.029605865478516,2.156846922586468,76,4,1,1,0,1,1,0
3524,35.25,34.432472229003906,2.201476680042278,76,5,1,1,1,1,1,0
3525,35.26,33.91828918457031,2.2601309321519136,76,4,1,1,0,1,1,0
3526,35.27,33.800376892089844,1.9949167151079588,76,5,1,1,1,1,1,0
3527,35.28,34.16353988647461,1.9337783726577977,76,5,1,1,1,1,1,0
3528,35.29,34.30776596069336,2.171270612010239,76,4,1,1,0,1,1,0
3529,35.3,34.46721267700195,1.9619127788338941,76,4,1,1,0,1,1,0
3530,35.31,34.138057708740234,1.7147877446749367,76,4,1,1,0,1,1,0
3531,35.32,34.27608871459961,2.0517997047082415,76,5,1,1,1,1,1,0
3532,35.33,33.912017822265625,2.2272161595365683,76,4,1,1,0,1,1,0
3533,35.34,34.23104476928711,2.2047685407410937,76,4,1,1,0,1,1,0
3534,35.35,33.72686767578125,1.986075193615616,76,5,1,1,1,1,1,0
3535,35.36,33.89197540283203,2.1586585782164716,76,5,1,1,1,1,1,0
3536,35.37,33.982051849365234,2.1939488598763477,76,4,1,1,0,1,1,0
3537,35.38,33.85523986816406,1.9944676006765172,76,4,1,1,0,1,1,0
3538,35.39,34.464027404785156,2.3771633778810255,76,4,1,1,0,1,1,0
3539,35.4,34.26148986816406,1.9858770759105784,76,4,1,1,0,1,1,0
3540,35.41,34.29781723022461,1.9694965784444647,76,4,1,1,0,1,1,0
3541,35.42,34.02626037597656,2.091553000641705,76,4,1,1,0,1,1,0
3542,35.43,34.21076583862305,1.959894992594552,76,4,1,1,0,1,1,0
3543,35.44,34.33986282348633,1.812955244890029,76,4,1,1,0,1,1,0
3544,35.45,33.96141052246094,2.084082550995539,76,4,1,1,0,1,1,0
3545,35.46,34.29144287109375,2.2027693079177757,76,4,1,1,0,1,1,0
3546,35.47,34.33771896362305,1.7833137749786654,76,5,1,1,1,1,1,0
3547,35.48,34.35481643676758,1.983334651334815,76,4,1,1,0,1,1,0
3548,35.49,34.0115966796875,1.9832758420891101,76,5,1,1,1,1,1,0
3549,35.5,34.041378021240234,1.9426023054255224,76,5,1,1,1,1,1,0
3550,35.51,34.09514617919922,1.8679667290825166,76,4,1,1,0,1,1,0
3551,35.52,34.09330749511719,1.9916085096155716,76,5,1,1,1,1,1,0
3552,35.53,34.026817321777344,2.101691026222666,76,4,1,1,0,1,1,0
3553,35.54,33.83108139038086,1.8215118752103827,76,5,1,1,1,1,1,0
3554,35.55,33.89961624145508,1.9458929817598027,76,5,1,1,1,1,1,0
3555,35.56,33.664085388183594,1.935817834294118,76,4,1,1,0,1,1,0
3556,35.57,34.037357330322266,2.1004269127897683,76,5,1,1,1,1,1,0
3557,35.58,33.994140625,2.283594041331702,76,4,1,1,0,1,1,0
3558,35.59,33.75809097290039,1.9139958239464359,76,4,1,1,0,1,1,0
3559,35.6,33.907447814941406,1.9856981163754464,76,4,1,1,0,1,1,0
3560,35.61,34.14102554321289,2.0176428535276276,76,4,1,1,0,1,1,0
3561,35.62,33.969085693359375,1.9368752970080865,76,4,1,1,0,1,1,0
3562,35.63,34.12611389160156,1.998325567075672,76,5,1,1,1,1,1,0
3563,35.64,34.0825080871582,1.9950132624941428,76,4,1,1,0,1,1,0
3564,35.65,33.7464485168457,1.9342717979415218,76,4,1,1,0,1,1,0
3565,35.66,33.69965744018555,2.0341580903054637,76,4,1,1,0,1,1,0
3566,35.67,34.12887954711914,1.987312496531542,76,4,1,1,0,1,1,0
3567,35.68,33.800296783447266,2.0440618893712417,76,4,1,1,0,1,1,0
3568,35.69,33.592079162597656,1.9771438162117787,76,4,1,1,0,1,1,0
3569,35.7,33.4856071472168,2.1678800861771625,76,4,1,1,0,1,1,0
3570,35.71,33.96921157836914,1.971447833000052,76,4,1,1,0,1,1,0
3571,35.72,33.802547454833984,2.2928342213308963,76,4,1,1,0,1,1,0
3572,35.73,33.79253005981445,2.099857331295924,76,4,1,1,0,1,1,0
3573,35.74,33.740325927734375,2.142288934734594,76,4,1,1,0,1,1,0
3574,35.75,34.08234405517578,2.149442738551668,76,4,1,1,0,1,1,0
3575,35.76,34.329322814941406,1.9281580564455325,76,4,1,1,0,1,1,0
3576,35.77,34.38314437866211,1.9652502367557332,76,4,1,1,0,1,1,0
3577,35.78,33.93992233276367,1.7872401711286612,76,4,1,1,0,1,1,0
3578,35.79,34.42002868652344,2.0256829985892515,76,4,1,1,0,1,1,0
3579,35.8,34.197662353515625,2.114142342764378,76,4,1,1,0,1,1,0
3580,35.81,34.70962905883789,2.1373575663269757,76,4,1,1,0,1,1,0
3581,35.82,34.43821334838867,1.8514032055072167,76,5,1,1,1,1,1,0
3582,35.83,34.092655181884766,1.8970484775118428,76,5,1,1,1,1,1,0
3583,35.84,33.652870178222656,1.846216111752793,76,5,1,1,1,1,1,0
3584,35.85,33.47576141357422,1.8346150747630923,76,5,1,1,1,1,1,0
3585,35.86,34.02653503417969,1.7854958648510784,76,5,1,1,1,1,1,0
3586,35.87,33.887081146240234,1.8459908539019618,76,5,1,1,1,1,1,0
3587,35.88,33.8108024597168,2.1012624459217126,76,5,1,1,1,1,1,0
3588,35.89,33.82283020019531,2.1220043496126992,76,5,1,1,1,1,1,0
3589,35.9,34.13024139404297,2.0780246605562063,76,4,1,1,0,1,1,0
3590,35.91,34.04713439941406,2.130967085973577,76,5,1,1,1,1,1,0
3591,35.92,34.23017501831055,2.193946130060089,76,5,1,1,1,1,1,0
3592,35.93,33.8977165222168,2.3052476769027646,76,5,1,1,1,1,1,0
3593,35.94,33.85285568237305,2.293683888163167,76,5,1,1,1,1,1,0
3594,35.95,34.18739700317383,1.7807844306633263,76,5,1,1,1,1,1,0
3595,35.96,34.065250396728516,2.1641342743981995,76,5,1,1,1,1,1,0
3596,35.97,34.0759162902832,2.1509310671373574,76,5,1,1,1,1,1,0
3597,35.98,33.98925018310547,1.9536919747420118,76,5,1,1,1,1,1,0
3598,35.99,33.881797790527344,2.020047348908712,76,5,1,1,1,1,1,0
3599,36.0,33.789432525634766,2.08048124615095,76,5,1,1,1,1,1,0
3600,36.01,33.952178955078125,2.1383452947102515,76,4,1,1,0,1,1,0
3601,36.02,34.00679397583008,2.14422667179209,76,4,1,1,0,1,1,0
3602,36.03,34.2320671081543,2.1384318701024627,76,4,1,1,0,1,1,0
3603,36.04,34.11998748779297,1.8627376622906853,76,4,1,1,0,1,1,0
3604,36.05,33.78126525878906,1.7250206315332715,76,4,1,1,0,1,1,0
3605,36.06,34.18692398071289,2.0630531329515542,76,4,1,1,0,1,1,0
3606,36.07,33.942867279052734,2.092986660496188,76,4,1,1,0,1,1,0
3607,36.08,33.89204788208008,2.010176901556986,76,5,1,1,1,1,1,0
3608,36.09,34.11301803588867,2.0829033740107565,76,3,1,1,0,1,0,0
3609,36.1,33.896148681640625,1.9514363731522766,76,5,1,1,1,1,1,0
3610,36.11,33.950111389160156,2.013182399896657,76,3,1,1,0,1,0,0
3611,36.12,33.89064407348633,1.9399280369706233,76,4,1,1,1,1,0,0
3612,36.13,33.94862365722656,2.0109699607691094,76,3,1,1,0,1,0,0
3613,36.14,33.93280029296875,2.1536210405125216,76,4,1,1,1,1,0,0
3614,36.15,33.96049499511719,1.9852424777295627,76,4,1,1,1,1,0,0
3615,36.16,33.906063079833984,2.0236791158033185,76,4,1,1,1,1,0,0
3616,36.17,33.877174377441406,1.929506143429872,76,4,1,1,1,1,0,0
3617,36.18,34.08397674560547,2.1481837591648674,76,4,1,1,0,1,1,0
3618,36.19,34.00935363769531,2.207196460220343,76,4,1,1,0,1,1,0
3619,36.2,33.81583786010742,2.0819458237798854,76,4,1,1,0,1,1,0
3620,36.21,33.974937438964844,2.1372393861275527,76,4,1,1,0,1,1,0
3621,36.22,33.8640251159668,2.010223765665721,76,5,1,1,1,1,1,0
3622,36.23,33.871910095214844,1.9621968332412518,76,5,1,1,1,1,1,0
3623,36.24,33.653533935546875,1.6876377231611823,76,4,1,1,0,1,1,0
3624,36.25,33.8298454284668,2.0711329977920934,76,4,1,1,0,1,1,0
3625,36.26,33.47146987915039,1.9658548412777737,76,5,1,1,1,1,1,0
3626,36.27,33.440914154052734,2.1542937372562845,76,4,1,1,0,1,1,0
3627,36.28,33.69384765625,1.8895497313591278,76,5,1,1,1,1,1,0
3628,36.29,34.04520034790039,2.1066304685816704,76,5,1,1,1,1,1,0
3629,36.3,34.423824310302734,2.0649736305788733,76,5,1,1,1,1,1,0
3630,36.31,34.14259719848633,1.9738495207499565,76,5,1,1,1,1,1,0
3631,36.32,33.668067932128906,1.8621712528464638,76,5,1,1,1,1,1,0
3632,36.33,33.92385482788086,1.9066458437331852,76,5,1,1,1,1,1,0
3633,36.34,34.19658279418945,1.8946779993126583,76,4,1,1,0,1,1,0
3634,36.35,33.62578582763672,1.8342534996306568,76,5,1,1,1,1,1,0
3635,36.36,33.906829833984375,1.986906485368456,76,5,1,1,1,1,1,0
3636,36.37,34.13641357421875,1.8642406981802226,76,3,1,1,0,1,0,0
3637,36.38,33.88795471191406,1.944968969105506,76,4,1,1,1,1,0,0
3638,36.39,33.98881530761719,1.892773050141884,76,4,1,1,1,1,0,0
3639,36.4,34.025516510009766,1.8644608049084175,76,3,1,1,0,1,0,0
3640,36.41,34.403873443603516,1.6946405422358115,76,3,1,1,0,1,0,0
3641,36.42,34.159358978271484,1.73167398509598,76,3,1,1,0,1,0,0
3642,36.43,33.7484245300293,1.838477174604868,76,4,1,1,1,1,0,0
3643,36.44,34.158653259277344,1.7335285334264992,76,4,1,1,0,1,1,0
3644,36.45,34.12868881225586,1.8941240211502581,76,3,1,1,0,1,0,0
3645,36.46,34.011497497558594,1.686004140252814,76,3,1,1,0,1,0,0
3646,36.47,34.1213493347168,1.9372622712204377,76,3,1,1,0,1,0,0
3647,36.48,33.835289001464844,1.9114437219246774,76,4,1,1,1,1,0,0
3648,36.49,33.83802032470703,1.7771027841485918,76,5,1,1,1,1,1,0
3649,36.5,33.9926643371582,1.7873472749850008,76,5,1,1,1,1,1,0
3650,36.51,33.90932846069336,1.8674597678403682,76,5,1,1,1,1,1,0
3651,36.52,33.77423095703125,1.9963476424007036,76,5,1,1,1,1,1,0
3652,36.53,33.80760955810547,2.11754525200548,76,5,1,1,1,1,1,0
3653,36.54,33.85100173950195,1.6985581124177143,76,5,1,1,1,1,1,0
3654,36.55,33.46207046508789,1.6719435204279978,76,5,1,1,1,1,1,0
3655,36.56,33.301822662353516,1.7417808793639615,76,5,1,1,1,1,1,0
3656,36.57,33.821041107177734,1.8782496018426944,76,4,1,1,0,1,1,0
3657,36.58,33.75189971923828,1.8409021952236482,76,5,1,1,1,1,1,0
3658,36.59,33.90834426879883,2.0200208772454724,76,5,1,1,1,1,1,0
3659,36.6,33.704681396484375,1.7914563559486059,76,5,1,1,1,1,1,0
3660,36.61,33.55658721923828,1.742323708950437,76,5,1,1,1,1,1,0
3661,36.62,33.6245002746582,1.8091690643132412,76,5,1,1,1,1,1,0
3662,36.63,33.52812194824219,1.8578215797918756,76,5,1,1,1,1,1,0
3663,36.64,33.84514236450195,1.776229239341981,76,5,1,1,1,1,1,0
3664,36.65,34.022212982177734,2.05846741267199,76,5,1,1,1,1,1,0
3665,36.66,33.78504943847656,1.8050261299683033,76,5,1,1,1,1,1,0
3666,36.67,34.0360107421875,2.052781686541879,76,4,1,1,0,1,1,0
3667,36.68,33.619781494140625,1.8797331519165643,76,4,1,1,0,1,1,0
3668,36.69,33.76521682739258,1.9601313955739963,76,4,1,1,0,1,1,0
3669,36.7,33.510108947753906,1.7249675891529699,76,5,1,1,1,1,1,0
3670,36.71,33.43721389770508,1.7369206912103459,76,4,1,1,0,1,1,0
3671,36.72,33.45744705200195,1.8235712414833634,76,5,1,1,1,1,1,0
3672,36.73,33.544403076171875,1.8423090378501608,76,5,1,1,1,1,1,0
3673,36.74,33.359519958496094,1.6805092121663368,76,5,1,1,1,1,1,0
3674,36.75,33.43769454956055,1.8186548581764268,76,5,1,1,1,1,1,0
3675,36.76,33.52910614013672,1.6957586826516176,76,5,1,1,1,1,1,0
3676,36.77,33.83491134643555,1.7511361973467265,76,5,1,1,1,1,1,0
3677,36.78,33.57258605957031,1.8738714849365572,76,4,1,1,0,1,1,0
3678,36.79,34.03485870361328,1.7348776685739256,76,5,1,1,1,1,1,0
3679,36.8,33.8379020690918,1.871098700091539,76,4,1,1,0,1,1,0
3680,36.81,33.60939407348633,1.8663861079419855,76,5,1,1,1,1,1,0
3681,36.82,33.82420349121094,1.8978676790864772,76,5,1,1,1,1,1,0
3682,36.83,33.7183837890625,1.8745154533444668,76,5,1,1,1,1,1,0
3683,36.84,33.663326263427734,1.7079493714335612,76,5,1,1,1,1,1,0
3684,36.85,33.505401611328125,1.8102737514829406,76,5,1,1,1,1,1,0
3685,36.86,33.616477966308594,1.9039666636970651,76,5,1,1,1,1,1,0
3686,36.87,33.47129821777344,2.0895211506298623,76,5,1,1,1,1,1,0
3687,36.88,33.52606964111328,1.867352008808804,76,5,1,1,1,1,1,0
3688,36.89,33.50192642211914,1.806241214296531,76,4,1,1,0,1,1,0
3689,36.9,33.491729736328125,1.8982880117361853,76,5,1,1,1,1,1,0
3690,36.91,33.25893020629883,1.9018110040833855,76,5,1,1,1,1,1,0
3691,36.92,33.625732421875,1.6855299191717474,76,5,1,1,1,1,1,0
3692,36.93,33.09654235839844,1.978839555790877,76,5,1,1,1,1,1,0
3693,36.94,33.595088958740234,1.8861887551476757,76,5,1,1,1,1,1,0
3694,36.95,33.749759674072266,2.0948277536157445,76,5,1,1,1,1,1,0
3695,36.96,33.514137268066406,1.9072732661234433,76,5,1,1,1,1,1,0
3696,36.97,33.60831069946289,1.8065703398533997,76,5,1,1,1,1,1,0
3697,36.98,33.69271469116211,1.7644811335520212,76,5,1,1,1,1,1,0
3698,36.99,33.43439865112305,1.831859041247895,76,4,1,1,0,1,1,0
3699,37.0,33.92835235595703,1.8915331286832522,76,5,1,1,1,1,1,0
3700,37.01,33.54631423950195,1.8605375764181653,76,5,1,1,1,1,1,0
3701,37.02,33.52185821533203,2.0030705997077884,76,5,1,1,1,1,1,0
3702,37.03,33.70156478881836,1.9499270725838656,76,5,1,1,1,1,1,0
3703,37.04,33.76216125488281,1.767427342502937,76,5,1,1,1,1,1,0
3704,37.05,33.767372131347656,1.7449637991333746,76,5,1,1,1,1,1,0
3705,37.06,33.63474655151367,1.9616849523247708,76,5,1,1,1,1,1,0
3706,37.07,33.66534423828125,1.7745716594697905,76,5,1,1,1,1,1,0
3707,37.08,33.579017639160156,1.7568456803019417,76,5,1,1,1,1,1,0
3708,37.09,33.538360595703125,1.7571233675458253,76,5,1,1,1,1,1,0
3709,37.1,33.79043197631836,1.9305187496695635,76,5,1,1,1,1,1,0
3710,37.11,33.53825759887695,1.7609627327415138,76,5,1,1,1,1,1,0
3711,37.12,33.844696044921875,1.7434171319296734,76,5,1,1,1,1,1,0
3712,37.13,33.80072021484375,1.818623745564169,76,5,1,1,1,1,1,0
3713,37.14,33.97890090942383,1.7383284544211228,76,5,1,1,1,1,1,0
3714,37.15,33.90225601196289,1.8471846914128418,76,5,1,1,1,1,1,0
3715,37.16,33.85429763793945,1.8247445993502729,76,5,1,1,1,1,1,0
3716,37.17,33.86259078979492,1.7288702893602155,76,5,1,1,1,1,1,0
3717,37.18,33.604122161865234,1.876674023215187,76,5,1,1,1,1,1,0
3718,37.19,33.64446258544922,1.8280567027901347,76,5,1,1,1,1,1,0
3719,37.2,33.607574462890625,1.937759258427691,76,5,1,1,1,1,1,0
3720,37.21,33.9068489074707,1.7237454845471647,76,5,1,1,1,1,1,0
3721,37.22,33.54698944091797,2.060141580406679,76,5,1,1,1,1,1,0
3722,37.23,33.93504333496094,1.9038079420467056,76,5,1,1,1,1,1,0
3723,37.24,33.8110237121582,1.81881878763129,76,5,1,1,1,1,1,0
3724,37.25,33.97493362426758,1.8067953396612226,76,5,1,1,1,1,1,0
3725,37.26,34.17067337036133,1.7859971445119516,76,5,1,1,1,1,1,0
3726,37.27,33.85055923461914,1.7915314330238583,76,5,1,1,1,1,1,0
3727,37.28,33.88820266723633,1.7448738852762173,76,5,1,1,1,1,1,0
3728,37.29,33.79999542236328,1.9904534104406422,76,5,1,1,1,1,1,0
3729,37.3,33.66355514526367,1.7196833279169887,76,5,1,1,1,1,1,0
3730,37.31,33.524200439453125,1.7873118396301098,76,5,1,1,1,1,1,0
3731,37.32,33.49234390258789,1.9518478668249462,76,5,1,1,1,1,1,0
3732,37.33,33.57697677612305,1.9060223577043582,76,5,1,1,1,1,1,0
3733,37.34,33.65969467163086,1.675975297447027,76,5,1,1,1,1,1,0
3734,37.35,33.44076156616211,1.8024744810358986,76,5,1,1,1,1,1,0
3735,37.36,33.583702087402344,1.904364331339039,76,5,1,1,1,1,1,0
3736,37.37,33.524497985839844,1.7633496409433813,76,5,1,1,1,1,1,0
3737,37.38,33.5308952331543,1.9973991053469429,76,5,1,1,1,1,1,0
3738,37.39,33.52941131591797,1.7835079302129278,76,5,1,1,1,1,1,0
3739,37.4,33.72373962402344,1.8120703053460292,76,5,1,1,1,1,1,0
3740,37.41,33.685096740722656,1.9915078129778512,76,5,1,1,1,1,1,0
3741,37.42,33.877410888671875,1.7334666188230996,76,5,1,1,1,1,1,0
3742,37.43,33.68497085571289,1.9474361290753999,76,5,1,1,1,1,1,0
3743,37.44,33.79499816894531,1.9110760774244544,76,5,1,1,1,1,1,0
3744,37.45,33.51930618286133,2.067222884775202,76,5,1,1,1,1,1,0
3745,37.46,33.70903778076172,1.801139353976592,76,5,1,1,1,1,1,0
3746,37.47,33.800323486328125,1.7659870765737116,76,5,1,1,1,1,1,0
3747,37.48,33.653846740722656,1.934141761043587,76,5,1,1,1,1,1,0
3748,37.49,34.09722900390625,2.0216033389043324,76,5,1,1,1,1,1,0
3749,37.5,34.00204086303711,1.9435271881100458,76,5,1,1,1,1,1,0
3750,37.51,33.890010833740234,1.88162388733375,76,5,1,1,1,1,1,0
3751,37.52,34.31050109863281,1.7756396604110165,76,5,1,1,1,1,1,0
3752,37.53,33.778011322021484,1.936845807701458,76,5,1,1,1,1,1,0
3753,37.54,33.514041900634766,1.7090718620761034,76,5,1,1,1,1,1,0
3754,37.55,33.713504791259766,1.8771261155400627,76,5,1,1,1,1,1,0
3755,37.56,33.68901062011719,2.2417178048878994,76,5,1,1,1,1,1,0
3756,37.57,33.5636100769043,1.7829755853257565,76,5,1,1,1,1,1,0
3757,37.58,33.749664306640625,2.1571758641233396,76,5,1,1,1,1,1,0
3758,37.59,33.98297119140625,1.6945134187782347,76,5,1,1,1,1,1,0
3759,37.6,33.4420280456543,1.8347220952047276,76,5,1,1,1,1,1,0
3760,37.61,33.559993743896484,1.8703194281228768,76,5,1,1,1,1,1,0
3761,37.62,33.48320388793945,1.9152011202048589,76,5,1,1,1,1,1,0
3762,37.63,33.492122650146484,1.7800026368609134,76,5,1,1,1,1,1,0
3763,37.64,33.231842041015625,1.9106549243646769,76,5,1,1,1,1,1,0
3764,37.65,33.80081558227539,1.7225070044395185,76,5,1,1,1,1,1,0
3765,37.66,33.74644088745117,1.7361197384661422,76,5,1,1,1,1,1,0
3766,37.67,33.708709716796875,1.773640270109208,76,5,1,1,1,1,1,0
3767,37.68,33.63508224487305,1.8191499993075526,76,5,1,1,1,1,1,0
3768,37.69,33.73023986816406,1.71338787501845,76,5,1,1,1,1,1,0
3769,37.7,33.56993103027344,1.922655763506543,76,5,1,1,1,1,1,0
3770,37.71,33.461021423339844,1.9760569666058605,76,5,1,1,1,1,1,0
3771,37.72,33.34587478637695,1.7229077799845562,76,5,1,1,1,1,1,0
3772,37.73,33.359535217285156,1.9942135898206526,76,5,1,1,1,1,1,0
3773,37.74,33.50694274902344,1.7366919762547497,76,5,1,1,1,1,1,0
3774,37.75,33.2441520690918,1.8606210397873355,76,5,1,1,1,1,1,0
3775,37.76,33.486083984375,2.0024508039953464,76,5,1,1,1,1,1,0
3776,37.77,33.4106559753418,1.766045431837011,76,5,1,1,1,1,1,0
3777,37.78,33.39988708496094,1.849272929243104,76,5,1,1,1,1,1,0
3778,37.79,33.44879913330078,1.8870094771490145,76,5,1,1,1,1,1,0
3779,37.8,33.379634857177734,1.837635483088156,76,5,1,1,1,1,1,0
3780,37.81,33.443424224853516,1.7906668442831153,76,5,1,1,1,1,1,0
3781,37.82,33.65008544921875,1.774401427898218,76,5,1,1,1,1,1,0
3782,37.83,33.87617111206055,1.9032892767024872,76,5,1,1,1,1,1,0
3783,37.84,33.62713623046875,1.7944300196775862,76,5,1,1,1,1,1,0
3784,37.85,33.704925537109375,1.8462395690359639,76,5,1,1,1,1,1,0
3785,37.86,34.045982360839844,1.6665576199446002,76,5,1,1,1,1,1,0
3786,37.87,33.63105010986328,1.9247346349403343,76,5,1,1,1,1,1,0
3787,37.88,33.69621658325195,2.0090073900736587,76,5,1,1,1,1,1,0
3788,37.89,33.44394302368164,1.8606969959001414,76,5,1,1,1,1,1,0
3789,37.9,33.524044036865234,2.0905752115077307,76,5,1,1,1,1,1,0
3790,37.91,33.50102233886719,1.7557043782475086,76,5,1,1,1,1,1,0
3791,37.92,33.48998260498047,2.0777886123499187,76,5,1,1,1,1,1,0
3792,37.93,33.670780181884766,1.8934109324470316,76,5,1,1,1,1,1,0
3793,37.94,33.55708312988281,2.1274613624604344,76,5,1,1,1,1,1,0
3794,37.95,33.66494369506836,2.0508790356201163,76,4,0,1,1,1,1,0
3795,37.96,33.44907760620117,1.987988353304949,76,4,0,1,1,1,1,0
3796,37.97,33.1878776550293,1.8929821211690696,76,5,1,1,1,1,1,0
3797,37.98,33.55437088012695,1.8954677501742536,76,5,1,1,1,1,1,0
3798,37.99,33.54312515258789,2.0780766030557873,76,5,1,1,1,1,1,0
3799,38.0,33.40564727783203,1.823566513821689,76,5,1,1,1,1,1,0
3800,38.01,33.56052017211914,1.818075554352795,76,5,1,1,1,1,1,0
3801,38.02,33.62642288208008,1.8630334184019481,76,5,1,1,1,1,1,0
3802,38.03,33.848594665527344,2.0323859443976584,76,5,1,1,1,1,1,0
3803,38.04,33.833229064941406,1.819033758208151,76,5,1,1,1,1,1,0
3804,38.05,33.588706970214844,1.9632629917353115,76,5,1,1,1,1,1,0
3805,38.06,33.822959899902344,1.875659525126126,76,5,1,1,1,1,1,0
3806,38.07,33.917667388916016,2.1485371667261086,76,5,1,1,1,1,1,0
3807,38.08,34.02574920654297,1.8265230979150258,76,5,1,1,1,1,1,0
3808,38.09,33.92525863647461,1.9186244082219532,76,5,1,1,1,1,1,0
3809,38.1,33.66548538208008,1.7071043400161694,76,5,1,1,1,1,1,0
3810,38.11,33.70282745361328,1.8701334492610402,76,5,1,1,1,1,1,0
3811,38.12,33.629207611083984,1.8600005283171215,76,5,1,1,1,1,1,0
3812,38.13,34.249961853027344,1.8912983369689493,76,5,1,1,1,1,1,0
3813,38.14,34.33237838745117,1.9662461617556746,76,5,1,1,1,1,1,0
3814,38.15,34.119850158691406,2.035117632491424,76,5,1,1,1,1,1,0
3815,38.16,34.14482498168945,1.8473234513052939,76,5,1,1,1,1,1,0
3816,38.17,33.83066177368164,1.8401620975994575,76,5,1,1,1,1,1,0
3817,38.18,33.8027229309082,1.9204407774147416,76,5,1,1,1,1,1,0
3818,38.19,34.08951187133789,2.0593481317661078,76,5,1,1,1,1,1,0
3819,38.2,33.89080047607422,1.9594414331633712,76,5,1,1,1,1,1,0
3820,38.21,33.583534240722656,1.8364371826671335,76,5,1,1,1,1,1,0
3821,38.22,34.00949478149414,1.9018355808791345,76,5,1,1,1,1,1,0
3822,38.23,33.82477569580078,1.9170020818492939,76,5,1,1,1,1,1,0
3823,38.24,34.05310821533203,2.1459058009613385,76,5,1,1,1,1,1,0
3824,38.25,33.898963928222656,1.7579828997314662,76,5,1,1,1,1,1,0
3825,38.26,33.96689224243164,1.9833556790888391,76,5,1,1,1,1,1,0
3826,38.27,33.37068557739258,1.8767505288720905,76,5,1,1,1,1,1,0
3827,38.28,34.00532150268555,1.9957411320251603,76,5,1,1,1,1,1,0
3828,38.29,33.69132995605469,1.8796285522115812,76,5,1,1,1,1,1,0
3829,38.3,33.74080276489258,2.00481930954263,76,5,1,1,1,1,1,0
3830,38.31,33.941558837890625,2.0678947291577265,76,5,1,1,1,1,1,0
3831,38.32,33.882713317871094,1.8854390741606624,76,5,1,1,1,1,1,0
3832,38.33,33.945770263671875,1.901316718567975,76,5,1,1,1,1,1,0
3833,38.34,34.02894592285156,1.829965699938898,76,5,1,1,1,1,1,0
3834,38.35,34.11442947387695,1.825976442590835,76,5,1,1,1,1,1,0
3835,38.36,33.86730194091797,1.8604844403847791,76,5,1,1,1,1,1,0
3836,38.37,34.197532653808594,1.824825623433388,76,5,1,1,1,1,1,0
3837,38.38,33.87145233154297,1.837771352239568,76,5,1,1,1,1,1,0
3838,38.39,34.1792106628418,2.0384799425267204,76,5,1,1,1,1,1,0
3839,38.4,33.95869445800781,1.8773140229272078,76,5,1,1,1,1,1,0
3840,38.41,33.491302490234375,2.0669085164687417,76,5,1,1,1,1,1,0
3841,38.42,33.911434173583984,1.8626321900860225,76,5,1,1,1,1,1,0
3842,38.43,33.76266860961914,1.8544020914313575,76,5,1,1,1,1,1,0
3843,38.44,33.593360900878906,1.8159819279271097,76,5,1,1,1,1,1,0
3844,38.45,33.46683120727539,1.9022407730176192,76,5,1,1,1,1,1,0
3845,38.46,33.73841857910156,1.7479658046928717,76,5,1,1,1,1,1,0
3846,38.47,33.30619430541992,1.8789902950414192,76,5,1,1,1,1,1,0
3847,38.48,33.434722900390625,1.739712355947635,76,5,1,1,1,1,1,0
3848,38.49,33.2891960144043,1.870455900717984,76,5,1,1,1,1,1,0
3849,38.5,33.66328811645508,1.799632953963172,76,5,1,1,1,1,1,0
3850,38.51,33.59536361694336,1.7647959717167605,76,5,1,1,1,1,1,0
3851,38.52,33.445377349853516,1.7057558092864473,76,5,1,1,1,1,1,0
3852,38.53,33.27470397949219,1.9148378428065735,76,5,1,1,1,1,1,0
3853,38.54,33.78645324707031,1.8489169234197649,76,5,1,1,1,1,1,0
3854,38.55,33.79469680786133,2.0162613465333292,76,5,1,1,1,1,1,0
3855,38.56,33.76708984375,1.7402575405363576,76,5,1,1,1,1,1,0
3856,38.57,33.54400634765625,1.6903556440701342,76,5,1,1,1,1,1,0
3857,38.58,33.684051513671875,2.018112296188641,76,5,1,1,1,1,1,0
3858,38.59,33.08001708984375,1.7684755146077333,76,5,1,1,1,1,1,0
3859,38.6,32.8729133605957,1.7780306004587745,76,5,1,1,1,1,1,0
3860,38.61,33.04761505126953,1.8369788976350785,76,5,1,1,1,1,1,0
3861,38.62,33.17817306518555,1.8392665985381673,76,5,1,1,1,1,1,0
3862,38.63,33.17949676513672,1.9599499684401887,76,5,1,1,1,1,1,0
3863,38.64,33.26436996459961,1.7603702944587867,76,5,1,1,1,1,1,0
3864,38.65,33.1205940246582,1.8386423036134274,76,5,1,1,1,1,1,0
3865,38.66,33.084312438964844,1.9149154732088618,76,5,1,1,1,1,1,0
3866,38.67,33.011199951171875,2.0383853042178925,76,5,1,1,1,1,1,0
3867,38.68,33.18147277832031,1.9218200481235042,76,5,1,1,1,1,1,0
3868,38.69,33.0884895324707,1.7657296282302033,76,5,1,1,1,1,1,0
3869,38.7,33.14326858520508,1.917549550040214,76,5,1,1,1,1,1,0
3870,38.71,33.60957336425781,1.924213680434515,76,5,1,1,1,1,1,0
3871,38.72,33.56926727294922,1.8532649099419676,76,5,1,1,1,1,1,0
3872,38.73,34.02640151977539,1.9564806103832046,76,5,1,1,1,1,1,0
3873,38.74,33.77334213256836,2.0175783647528895,76,5,1,1,1,1,1,0
3874,38.75,33.71603775024414,1.9489732396436543,76,5,1,1,1,1,1,0
3875,38.76,33.46046447753906,1.828330981331618,76,5,1,1,1,1,1,0
3876,38.77,33.30564880371094,2.0028494929307348,76,5,1,1,1,1,1,0
3877,38.78,33.529659271240234,1.6837146200820385,76,5,1,1,1,1,1,0
3878,38.79,33.760074615478516,1.8051591493412662,76,5,1,1,1,1,1,0
3879,38.8,33.40230178833008,1.8226948047877158,76,5,1,1,1,1,1,0
3880,38.81,33.429805755615234,1.802164320252799,76,5,1,1,1,1,1,0
3881,38.82,33.55735397338867,1.8507848594495926,76,5,1,1,1,1,1,0
3882,38.83,33.660221099853516,1.9204689692968282,76,5,1,1,1,1,1,0
3883,38.84,33.32107925415039,1.8249901064296556,76,5,1,1,1,1,1,0
3884,38.85,33.291290283203125,1.9323053362129292,76,5,1,1,1,1,1,0
3885,38.86,33.37251663208008,1.8536712115314349,76,5,1,1,1,1,1,0
3886,38.87,33.108924865722656,1.8522453958926728,76,5,1,1,1,1,1,0
3887,38.88,33.212547302246094,1.9490761533516607,76,5,1,1,1,1,1,0
3888,38.89,33.12160110473633,2.041669256884156,76,5,1,1,1,1,1,0
3889,38.9,33.370975494384766,2.048365937055122,76,5,1,1,1,1,1,0
3890,38.91,33.2730827331543,1.827614999654997,76,5,1,1,1,1,1,0
3891,38.92,32.97624206542969,1.7355945802071697,76,5,1,1,1,1,1,0
3892,38.93,33.076229095458984,1.8705382893321965,76,5,1,1,1,1,1,0
3893,38.94,32.969200134277344,1.863598153419401,76,5,1,1,1,1,1,0
3894,38.95,33.168399810791016,1.6961468353125606,76,5,1,1,1,1,1,0
3895,38.96,33.07197189331055,1.7286735944877132,76,5,1,1,1,1,1,0
3896,38.97,33.125518798828125,1.8642187974835656,76,5,1,1,1,1,1,0
3897,38.98,33.057369232177734,1.7546559905837853,76,5,1,1,1,1,1,0
3898,38.99,33.407222747802734,1.9365184690910509,76,5,1,1,1,1,1,0
3899,39.0,33.271263122558594,1.9374730585019808,76,5,1,1,1,1,1,0
3900,39.01,33.069156646728516,1.9012100959923128,76,5,1,1,1,1,1,0
3901,39.02,33.086429595947266,1.829780789780517,76,5,1,1,1,1,1,0
3902,39.03,33.175296783447266,2.0032464458280606,76,5,1,1,1,1,1,0
3903,39.04,33.06211853027344,1.833302231037081,76,5,1,1,1,1,1,0
3904,39.05,32.80595397949219,1.810360332895503,76,5,1,1,1,1,1,0
3905,39.06,32.91114044189453,1.868745308251999,76,5,1,1,1,1,1,0
3906,39.07,33.27902603149414,1.602837180441161,76,5,1,1,1,1,1,0
3907,39.08,32.85636901855469,1.8683979536214284,76,5,1,1,1,1,1,0
3908,39.09,33.18115997314453,1.927613997007982,76,5,1,1,1,1,1,0
3909,39.1,33.09670639038086,1.8258706644983669,76,5,1,1,1,1,1,0
3910,39.11,33.02958679199219,1.887036793851361,76,5,1,1,1,1,1,0
3911,39.12,33.34518814086914,1.9279211757380668,76,5,1,1,1,1,1,0
3912,39.13,33.13302230834961,1.846320372990268,76,5,1,1,1,1,1,0
3913,39.14,33.177982330322266,2.3295234690690285,76,5,1,1,1,1,1,0
3914,39.15,33.2515869140625,1.7238877852411822,76,5,1,1,1,1,1,0
3915,39.16,33.258544921875,2.0549697576755044,76,5,1,1,1,1,1,0
3916,39.17,33.14019775390625,2.166495247432232,76,5,1,1,1,1,1,0
3917,39.18,33.3144416809082,2.006487182670646,76,5,1,1,1,1,1,0
3918,39.19,33.61728286743164,1.8706674659583022,76,5,1,1,1,1,1,0
3919,39.2,33.33925247192383,1.6503379725470448,76,5,1,1,1,1,1,0
3920,39.21,33.33203887939453,2.0781708656251356,76,5,1,1,1,1,1,0
3921,39.22,33.413909912109375,1.7849986117623933,76,5,1,1,1,1,1,0
3922,39.23,33.222633361816406,1.7121046880308572,76,5,1,1,1,1,1,0
3923,39.24,32.91205596923828,1.8992097034211242,76,5,1,1,1,1,1,0
3924,39.25,33.16940689086914,2.0136815121692497,76,5,1,1,1,1,1,0
3925,39.26,32.95143127441406,1.9557858102217995,76,5,1,1,1,1,1,0
3926,39.27,33.143028259277344,1.8665685567186594,76,5,1,1,1,1,1,0
3927,39.28,33.48527145385742,2.033938206169796,76,5,1,1,1,1,1,0
3928,39.29,33.211666107177734,1.7151669426047385,76,5,1,1,1,1,1,0
3929,39.3,33.10072326660156,1.950645496446365,76,5,1,1,1,1,1,0
3930,39.31,33.248199462890625,1.6197206581329424,76,5,1,1,1,1,1,0
3931,39.32,33.316314697265625,1.7687279478435451,76,5,1,1,1,1,1,0
3932,39.33,33.28002166748047,2.0083383788283267,76,5,1,1,1,1,1,0
3933,39.34,33.191078186035156,1.8682843886913756,76,5,1,1,1,1,1,0
3934,39.35,33.02470397949219,1.9213349605034777,76,5,1,1,1,1,1,0
3935,39.36,33.032020568847656,1.8297536815535294,76,5,1,1,1,1,1,0
3936,39.37,32.9614143371582,1.8035797575980368,76,5,1,1,1,1,1,0
3937,39.38,33.18497848510742,1.8299206609194827,76,5,1,1,1,1,1,0
3938,39.39,32.970218658447266,1.883111747651167,76,5,1,1,1,1,1,0
3939,39.4,33.07429504394531,1.8295916075662348,76,5,1,1,1,1,1,0
3940,39.41,32.8720817565918,1.957574986840079,76,5,1,1,1,1,1,0
3941,39.42,33.21525955200195,1.7186635862521513,76,5,1,1,1,1,1,0
3942,39.43,32.950355529785156,1.9340645078790606,76,5,1,1,1,1,1,0
3943,39.44,33.205810546875,1.7081816891803494,76,5,1,1,1,1,1,0
3944,39.45,33.14835739135742,1.7407486561369012,76,5,1,1,1,1,1,0
3945,39.46,33.176414489746094,1.9213064338772676,76,5,1,1,1,1,1,0
3946,39.47,33.308204650878906,1.86898613765866,76,5,1,1,1,1,1,0
3947,39.48,33.70542907714844,1.815103402893361,76,5,1,1,1,1,1,0
3948,39.49,33.31887435913086,1.6478464376575448,76,5,1,1,1,1,1,0
3949,39.5,33.61909103393555,1.8741685575202556,76,5,1,1,1,1,1,0
3950,39.51,33.62785339355469,1.7970525201183953,76,5,1,1,1,1,1,0
3951,39.52,33.62850570678711,1.9663397324418572,76,5,1,1,1,1,1,0
3952,39.53,33.46419143676758,1.7276821065965273,76,5,1,1,1,1,1,0
3953,39.54,33.911781311035156,1.8729922046269496,76,5,1,1,1,1,1,0
3954,39.55,33.522987365722656,1.8718978080611337,76,5,1,1,1,1,1,0
3955,39.56,33.48867416381836,1.8868787708756745,76,5,1,1,1,1,1,0
3956,39.57,33.34831619262695,2.025065301297051,76,5,1,1,1,1,1,0
3957,39.58,33.4557991027832,1.8313913794631105,76,5,1,1,1,1,1,0
3958,39.59,33.1284294128418,1.8647822427358314,76,5,1,1,1,1,1,0
3959,39.6,33.478660583496094,1.9791655807119772,76,5,1,1,1,1,1,0
3960,39.61,33.39893341064453,1.8324320515437986,76,5,1,1,1,1,1,0
3961,39.62,33.508026123046875,1.774514659463515,76,5,1,1,1,1,1,0
3962,39.63,33.544090270996094,1.9195039660736741,76,5,1,1,1,1,1,0
3963,39.64,33.68328094482422,1.7601373012231212,76,5,1,1,1,1,1,0
3964,39.65,33.50801467895508,1.9383484029623204,76,5,1,1,1,1,1,0
3965,39.66,33.38291549682617,1.7158372753696864,76,5,1,1,1,1,1,0
3966,39.67,33.37025451660156,1.9020275452713669,76,5,1,1,1,1,1,0
3967,39.68,33.61507797241211,1.791176313775497,76,5,1,1,1,1,1,0
3968,39.69,33.17894744873047,1.8848075408247786,76,5,1,1,1,1,1,0
3969,39.7,33.2761344909668,1.6777092538523914,76,5,1,1,1,1,1,0
3970,39.71,33.23099899291992,1.7818563935107898,76,5,1,1,1,1,1,0
3971,39.72,33.18852615356445,1.7828610189290004,76,5,1,1,1,1,1,0
3972,39.73,33.40825271606445,1.876506833496137,76,5,1,1,1,1,1,0
3973,39.74,33.54090881347656,2.183351493168888,76,5,1,1,1,1,1,0
3974,39.75,33.58214569091797,2.182587140805102,76,5,1,1,1,1,1,0
3975,39.76,33.430091857910156,1.8832168020930258,76,5,1,1,1,1,1,0
3976,39.77,33.58913040161133,2.0663506173185904,76,5,1,1,1,1,1,0
3977,39.78,33.8822135925293,1.8221125354427856,76,5,1,1,1,1,1,0
3978,39.79,33.59918975830078,1.6506408112977964,76,5,1,1,1,1,1,0
3979,39.8,33.57069778442383,1.8631698104460703,76,5,1,1,1,1,1,0
3980,39.81,33.620811462402344,1.8815667141701768,76,5,1,1,1,1,1,0
3981,39.82,33.394630432128906,1.939328376693645,76,5,1,1,1,1,1,0
3982,39.83,33.26163864135742,1.8659592533715945,76,5,1,1,1,1,1,0
3983,39.84,33.300907135009766,2.1410721985999723,76,5,1,1,1,1,1,0
3984,39.85,33.41279602050781,1.9699998071363578,76,5,1,1,1,1,1,0
3985,39.86,33.33371353149414,2.1004722354939145,76,5,1,1,1,1,1,0
3986,39.87,33.36170959472656,1.8987628691734149,76,5,1,1,1,1,1,0
3987,39.88,33.42803955078125,1.8640245561314746,76,5,1,1,1,1,1,0
3988,39.89,33.60976791381836,1.8157356545257746,76,5,1,1,1,1,1,0
3989,39.9,33.63583755493164,1.839728857878545,76,5,1,1,1,1,1,0
3990,39.91,33.58708190917969,1.9912307751950347,76,5,1,1,1,1,1,0
3991,39.92,33.297306060791016,1.9514837878039686,76,5,1,1,1,1,1,0
3992,39.93,33.24955749511719,2.040443466466943,76,5,1,1,1,1,1,0
3993,39.94,33.53925323486328,1.8234574788377331,76,5,1,1,1,1,1,0
3994,39.95,33.392208099365234,1.893941598401869,76,5,1,1,1,1,1,0
3995,39.96,33.394065856933594,2.0997622437224317,76,5,1,1,1,1,1,0
3996,39.97,33.36681365966797,1.8166150917491706,76,5,1,1,1,1,1,0
3997,39.98,32.840763092041016,1.824743993080381,76,4,0,1,1,1,1,0
3998,39.99,33.070613861083984,1.8269111822459387,76,4,0,1,1,1,1,0
3999,40.0,33.038108825683594,2.053897498437564,76,4,0,1,1,1,1,0
4000,40.01,32.89189529418945,2.010200817652172,76,4,0,1,1,1,1,0
4001,40.02,32.924015045166016,1.9899001912148648,76,4,0,1,1,1,1,0
4002,40.03,33.30263900756836,2.017200481963839,76,5,1,1,1,1,1,0
4003,40.04,33.45116424560547,1.9081071360047273,76,5,1,1,1,1,1,0
4004,40.05,33.37413787841797,1.962677846836943,76,5,1,1,1,1,1,0
4005,40.06,33.46923065185547,2.0103002174180014,76,4,0,1,1,1,1,0
4006,40.07,33.66212463378906,2.01879084212839,76,4,0,1,1,1,1,0
4007,40.08,33.483551025390625,1.8601378605187489,76,4,0,1,1,1,1,0
4008,40.09,33.59902572631836,1.8569081522194042,76,4,0,1,1,1,1,0
4009,40.1,33.65541076660156,1.9034204794301697,76,4,0,1,1,1,1,0
4010,40.11,33.687442779541016,1.9672811314233822,76,4,0,1,1,1,1,0
4011,40.12,33.61198806762695,1.8923511699670794,76,4,0,1,1,1,1,0
4012,40.13,33.59415817260742,1.899732414284173,76,4,0,1,1,1,1,0
4013,40.14,33.62541580200195,1.8919588609011475,76,4,0,1,1,1,1,0
4014,40.15,33.26744842529297,1.9854253979016436,76,4,0,1,1,1,1,0
4015,40.16,33.36638641357422,1.8036083590395005,76,4,0,1,1,1,1,0
4016,40.17,33.3165168762207,1.8200562030380596,76,4,0,1,1,1,1,0
4017,40.18,33.42223358154297,1.785999109523656,76,4,0,1,1,1,1,0
4018,40.19,33.47646713256836,1.8798682714571806,76,4,0,1,1,1,1,0
4019,40.2,33.70853805541992,1.9867835415459085,76,4,0,1,1,1,1,0
4020,40.21,33.603904724121094,2.1344779583773588,76,4,0,1,1,1,1,0
4021,40.22,33.53006362915039,2.0580595488123175,76,5,1,1,1,1,1,0
4022,40.23,33.63297653198242,1.7703075697775816,76,5,1,1,1,1,1,0
4023,40.24,33.65293502807617,1.9495839094756042,76,5,1,1,1,1,1,0
4024,40.25,33.75472640991211,1.703553130321624,76,5,1,1,1,1,1,0
4025,40.26,33.580726623535156,1.9758026547162681,76,5,1,1,1,1,1,0
4026,40.27,33.63115692138672,1.8548034753078622,76,5,1,1,1,1,1,0
4027,40.28,33.52033233642578,1.90372943790054,76,5,1,1,1,1,1,0
4028,40.29,33.33244705200195,1.9904240249496545,76,5,1,1,1,1,1,0
4029,40.3,33.555259704589844,1.7828322879075975,76,5,1,1,1,1,1,0
4030,40.31,33.5678596496582,1.852486311112028,76,5,1,1,1,1,1,0
4031,40.32,33.27950668334961,1.90979235973717,76,5,1,1,1,1,1,0
4032,40.33,33.722320556640625,1.7565880214406704,76,5,1,1,1,1,1,0
4033,40.34,33.47198486328125,2.058010048304535,76,5,1,1,1,1,1,0
4034,40.35,33.872276306152344,1.8520526381859697,76,5,1,1,1,1,1,0
4035,40.36,34.17740249633789,1.9515379841431884,76,5,1,1,1,1,1,0
4036,40.37,33.865413665771484,1.8758715406170832,76,5,1,1,1,1,1,0
4037,40.38,34.05145263671875,1.9414184222204671,76,5,1,1,1,1,1,0
4038,40.39,33.8193244934082,1.7487394900594742,76,5,1,1,1,1,1,0
4039,40.4,34.069095611572266,2.0939172770234427,76,5,1,1,1,1,1,0
4040,40.41,33.96409225463867,1.7907838616247331,76,5,1,1,1,1,1,0
4041,40.42,33.988983154296875,2.0566499443356174,76,5,1,1,1,1,1,0
4042,40.43,33.8003044128418,2.0077337806811153,76,5,1,1,1,1,1,0
4043,40.44,33.80500793457031,1.8122681366094961,76,5,1,1,1,1,1,0
4044,40.45,33.987579345703125,1.8110216189223312,76,5,1,1,1,1,1,0
4045,40.46,33.76197052001953,1.86660563469914,76,5,1,1,1,1,1,0
4046,40.47,33.60528564453125,1.9404100688672155,76,5,1,1,1,1,1,0
4047,40.48,33.76287841796875,1.7289887752897006,76,5,1,1,1,1,1,0
4048,40.49,33.94999694824219,1.975244984566356,76,5,1,1,1,1,1,0
4049,40.5,33.902740478515625,1.7341560171105748,76,5,1,1,1,1,1,0
4050,40.51,33.92650604248047,2.02380848885586,76,5,1,1,1,1,1,0
4051,40.52,33.924468994140625,2.0146705422509714,76,5,1,1,1,1,1,0
4052,40.53,33.59428024291992,1.7982183769126787,76,5,1,1,1,1,1,0
4053,40.54,34.29085922241211,1.6930696073973288,76,5,1,1,1,1,1,0
4054,40.55,33.97566223144531,1.9835849397721714,76,5,1,1,1,1,1,0
4055,40.56,34.35477828979492,1.9044459541093786,76,5,1,1,1,1,1,0
4056,40.57,33.966407775878906,1.9811343325006896,76,5,1,1,1,1,1,0
4057,40.58,33.96749496459961,1.993232978591369,76,5,1,1,1,1,1,0
4058,40.59,33.674034118652344,2.0344502509292,76,5,1,1,1,1,1,0
4059,40.6,33.82355880737305,2.0819688054994763,76,5,1,1,1,1,1,0
4060,40.61,33.755470275878906,1.6812501924091556,76,5,1,1,1,1,1,0
4061,40.62,33.982479095458984,2.0951582935836557,76,5,1,1,1,1,1,0
4062,40.63,33.74619674682617,1.9654264776418444,76,5,1,1,1,1,1,0
4063,40.64,33.709190368652344,2.022394916467981,76,5,1,1,1,1,1,0
4064,40.65,33.80638885498047,2.1234171085027964,76,5,1,1,1,1,1,0
4065,40.66,34.076805114746094,2.0006231290969416,76,5,1,1,1,1,1,0
4066,40.67,33.64744186401367,1.8365972609614878,76,5,1,1,1,1,1,0
4067,40.68,33.61250686645508,1.8389969795394434,76,5,1,1,1,1,1,0
4068,40.69,33.563865661621094,2.061992366232153,76,5,1,1,1,1,1,0
4069,40.7,33.75732421875,2.0326833798504897,76,5,1,1,1,1,1,0
4070,40.71,33.93873977661133,1.8411669770568788,76,5,1,1,1,1,1,0
4071,40.72,33.587799072265625,1.8989214500227407,76,5,1,1,1,1,1,0
4072,40.73,33.55263900756836,2.0001204340088177,76,5,1,1,1,1,1,0
4073,40.74,33.75841522216797,1.686949989036353,76,5,1,1,1,1,1,0
4074,40.75,33.76752853393555,1.9157419545502663,76,5,1,1,1,1,1,0
4075,40.76,33.883697509765625,2.114851394015899,76,5,1,1,1,1,1,0
4076,40.77,33.99342346191406,1.8130104261786835,76,5,1,1,1,1,1,0
4077,40.78,33.79777526855469,2.083217141458393,76,5,1,1,1,1,1,0
4078,40.79,33.92226028442383,1.927534008397273,76,5,1,1,1,1,1,0
4079,40.8,34.02017593383789,2.0182375465271654,76,5,1,1,1,1,1,0
4080,40.81,34.34032440185547,1.9839859008935756,76,5,1,1,1,1,1,0
4081,40.82,34.099952697753906,2.2084833739167897,76,5,1,1,1,1,1,0
4082,40.83,33.95835876464844,1.9106602151928245,76,5,1,1,1,1,1,0
4083,40.84,33.686737060546875,1.8533764107373611,76,5,1,1,1,1,1,0
4084,40.85,33.931114196777344,2.190182286170947,76,5,1,1,1,1,1,0
4085,40.86,34.23454666137695,2.063241528945272,76,5,1,1,1,1,1,0
4086,40.87,33.95972442626953,1.7210771904749977,76,5,1,1,1,1,1,0
4087,40.88,33.93418884277344,1.8159840075443126,76,5,1,1,1,1,1,0
4088,40.89,33.75184631347656,1.8898126426596888,76,5,1,1,1,1,1,0
4089,40.9,34.001243591308594,1.9049685097890983,76,5,1,1,1,1,1,0
4090,40.91,33.798336029052734,1.8614506165436249,76,5,1,1,1,1,1,0
4091,40.92,33.75003433227539,1.949512434048004,76,5,1,1,1,1,1,0
4092,40.93,33.40353775024414,1.8439303920713952,76,5,1,1,1,1,1,0
4093,40.94,33.48557662963867,1.8746209691878586,76,5,1,1,1,1,1,0
4094,40.95,34.02444839477539,2.0172454053331963,76,5,1,1,1,1,1,0
4095,40.96,33.71864700317383,1.8184095236823028,76,5,1,1,1,1,1,0
4096,40.97,33.563316345214844,2.0276596296247567,76,5,1,1,1,1,1,0
4097,40.98,33.89534378051758,1.9699219849997012,76,5,1,1,1,1,1,0
4098,40.99,33.70785903930664,1.8049387537446775,76,5,1,1,1,1,1,0
4099,41.0,33.38630676269531,1.8875891840026406,76,5,1,1,1,1,1,0
4100,41.01,33.37871170043945,1.679468228789163,76,5,1,1,1,1,1,0
4101,41.02,33.54644012451172,1.7944966121072405,76,5,1,1,1,1,1,0
4102,41.03,33.48390579223633,1.9214821292432906,76,5,1,1,1,1,1,0
4103,41.04,33.755001068115234,2.021287122020442,76,5,1,1,1,1,1,0
4104,41.05,33.80119323730469,1.9543567912625908,76,5,1,1,1,1,1,0
4105,41.06,33.92593765258789,2.3011975098357715,76,5,1,1,1,1,1,0
4106,41.07,33.778900146484375,1.9636936922224737,76,5,1,1,1,1,1,0
4107,41.08,34.03849792480469,1.7851037345275589,76,5,1,1,1,1,1,0
4108,41.09,33.8099250793457,1.7601351339492322,76,5,1,1,1,1,1,0
4109,41.1,33.702877044677734,1.9395054586201341,76,5,1,1,1,1,1,0
4110,41.11,33.96803283691406,1.9060676998856632,76,5,1,1,1,1,1,0
4111,41.12,33.56968307495117,1.9302552563423534,76,5,1,1,1,1,1,0
4112,41.13,33.87288284301758,2.013485788725855,76,5,1,1,1,1,1,0
4113,41.14,33.789756774902344,1.9586500591054223,76,5,1,1,1,1,1,0
4114,41.15,33.42623519897461,1.7810126880728256,76,5,1,1,1,1,1,0
4115,41.16,33.64719009399414,1.806517210737991,76,5,1,1,1,1,1,0
4116,41.17,33.922542572021484,1.9326100915261526,76,5,1,1,1,1,1,0
4117,41.18,33.64662170410156,1.8614235186793242,76,5,1,1,1,1,1,0
4118,41.19,33.743587493896484,1.9541960133871887,76,5,1,1,1,1,1,0
4119,41.2,33.95503616333008,1.798389461562372,76,5,1,1,1,1,1,0
4120,41.21,33.968692779541016,1.8677823540918965,76,5,1,1,1,1,1,0
4121,41.22,33.44728469848633,2.034354075054125,76,5,1,1,1,1,1,0
4122,41.23,33.449710845947266,1.9387313643332784,76,5,1,1,1,1,1,0
4123,41.24,33.8211669921875,1.8514830011691257,76,5,1,1,1,1,1,0
4124,41.25,33.656639099121094,1.8126532751095608,76,5,1,1,1,1,1,0
4125,41.26,33.95500564575195,1.9613056948730359,76,5,1,1,1,1,1,0
4126,41.27,33.54623794555664,1.8057094978223516,76,5,1,1,1,1,1,0
4127,41.28,33.73414611816406,1.9385055460749794,76,5,1,1,1,1,1,0
4128,41.29,33.90631866455078,1.98254787931149,76,5,1,1,1,1,1,0
4129,41.3,33.528892517089844,1.9520789519148247,76,5,1,1,1,1,1,0
4130,41.31,33.758323669433594,1.9109139537675586,76,5,1,1,1,1,1,0
4131,41.32,34.02789306640625,1.6882270044990546,76,5,1,1,1,1,1,0
4132,41.33,33.803009033203125,1.8629537284297533,76,5,1,1,1,1,1,0
4133,41.34,33.94450759887695,1.7288411134250843,76,5,1,1,1,1,1,0
4134,41.35,33.61848449707031,1.8719265679902566,76,5,1,1,1,1,1,0
4135,41.36,33.95001220703125,1.8241164636075164,76,5,1,1,1,1,1,0
4136,41.37,33.60734176635742,1.950533336798263,76,5,1,1,1,1,1,0
4137,41.38,33.69850158691406,1.8776524955615561,76,5,1,1,1,1,1,0
4138,41.39,33.72722625732422,2.2187837908737524,76,5,1,1,1,1,1,0
4139,41.4,34.074710845947266,1.8826021374979989,76,5,1,1,1,1,1,0
4140,41.41,34.17301559448242,2.0096610638729797,76,5,1,1,1,1,1,0
4141,41.42,33.800201416015625,1.7492873566530323,76,5,1,1,1,1,1,0
4142,41.43,33.92210006713867,1.9945419405244702,76,5,1,1,1,1,1,0
4143,41.44,33.95199203491211,1.9693870032270266,76,5,1,1,1,1,1,0
4144,41.45,34.019596099853516,1.9492829136025382,76,5,1,1,1,1,1,0
4145,41.46,33.79035186767578,2.060124113922644,76,5,1,1,1,1,1,0
4146,41.47,33.848819732666016,2.084465114127409,76,5,1,1,1,1,1,0
4147,41.48,33.63433837890625,1.9575762534916932,76,5,1,1,1,1,1,0
4148,41.49,33.946102142333984,2.1168351478343252,76,5,1,1,1,1,1,0
4149,41.5,33.42644119262695,1.9809336216307778,76,5,1,1,1,1,1,0
4150,41.51,33.848175048828125,2.063420104307007,76,5,1,1,1,1,1,0
4151,41.52,33.89923858642578,2.090020180204366,76,5,1,1,1,1,1,0
4152,41.53,33.98866271972656,1.8234905591361295,76,5,1,1,1,1,1,0
4153,41.54,33.48420715332031,1.8630430624604235,76,5,1,1,1,1,1,0
4154,41.55,33.609649658203125,1.9700513447712076,76,5,1,1,1,1,1,0
4155,41.56,34.055782318115234,1.9318898576951418,76,5,1,1,1,1,1,0
4156,41.57,34.25634765625,1.8578802536514265,76,5,1,1,1,1,1,0
4157,41.58,33.87318420410156,1.7973861828094522,76,5,1,1,1,1,1,0
4158,41.59,33.991600036621094,1.8664707200032753,76,5,1,1,1,1,1,0
4159,41.6,34.020896911621094,1.8059086067687455,76,5,1,1,1,1,1,0
4160,41.61,34.04318618774414,1.9456837928532045,76,5,1,1,1,1,1,0
4161,41.62,34.12016677856445,1.9052292232835988,76,5,1,1,1,1,1,0
4162,41.63,33.75135803222656,1.832648505925561,76,5,1,1,1,1,1,0
4163,41.64,33.91675567626953,1.9546063015646895,76,5,1,1,1,1,1,0
4164,41.65,33.92942810058594,1.864324302687995,76,5,1,1,1,1,1,0
4165,41.66,34.04016876220703,2.0320157901474367,76,5,1,1,1,1,1,0
4166,41.67,34.0357666015625,2.1753339292950393,76,5,1,1,1,1,1,0
4167,41.68,33.765953063964844,1.8700515629818182,76,5,1,1,1,1,1,0
4168,41.69,33.38467025756836,2.0916433639776804,76,5,1,1,1,1,1,0
4169,41.7,33.72416305541992,2.0622783361599986,76,5,1,1,1,1,1,0
4170,41.71,33.66644287109375,2.1255351771858617,76,5,1,1,1,1,1,0
4171,41.72,33.6584587097168,1.9675835132532493,76,5,1,1,1,1,1,0
4172,41.73,33.73142623901367,1.7944915527435972,76,5,1,1,1,1,1,0
4173,41.74,33.65367889404297,1.9243122487468598,76,5,1,1,1,1,1,0
4174,41.75,34.072505950927734,1.8271307125186251,76,5,1,1,1,1,1,0
4175,41.76,34.02470397949219,1.838967849824129,76,5,1,1,1,1,1,0
4176,41.77,33.899513244628906,1.8427388348862717,76,5,1,1,1,1,1,0
4177,41.78,33.867671966552734,1.808585098024771,76,5,1,1,1,1,1,0
4178,41.79,33.49552536010742,1.8376845573175224,76,5,1,1,1,1,1,0
4179,41.8,33.54777526855469,1.8658489236333673,76,5,1,1,1,1,1,0
4180,41.81,33.7941780090332,1.8012528742922675,76,5,1,1,1,1,1,0
4181,41.82,33.666893005371094,1.7545676604741562,76,5,1,1,1,1,1,0
4182,41.83,33.95134353637695,1.979628765115291,76,5,1,1,1,1,1,0
4183,41.84,33.85935592651367,1.884485146315319,76,5,1,1,1,1,1,0
4184,41.85,33.51666259765625,1.8536666841198102,76,5,1,1,1,1,1,0
4185,41.86,33.50078582763672,1.8896809695207564,76,5,1,1,1,1,1,0
4186,41.87,33.47519302368164,1.9688341034913341,76,5,1,1,1,1,1,0
4187,41.88,33.021114349365234,1.768107986893763,76,5,1,1,1,1,1,0
4188,41.89,33.535980224609375,1.9032591868252744,76,5,1,1,1,1,1,0
4189,41.9,33.31148910522461,1.8860065053891317,76,5,1,1,1,1,1,0
4190,41.91,33.340354919433594,1.9917300447580504,76,5,1,1,1,1,1,0
4191,41.92,33.00490188598633,1.8360862506334026,76,5,1,1,1,1,1,0
4192,41.93,33.1001091003418,2.0683106683981713,76,5,1,1,1,1,1,0
4193,41.94,33.203025817871094,1.9725367870717632,76,5,1,1,1,1,1,0
4194,41.95,33.263526916503906,1.9844177264683502,76,5,1,1,1,1,1,0
4195,41.96,33.281646728515625,2.0659368869782924,76,5,1,1,1,1,1,0
4196,41.97,33.20841598510742,1.8057125927267035,76,5,1,1,1,1,1,0
4197,41.98,33.40525436401367,1.8755520236381842,76,5,1,1,1,1,1,0
4198,41.99,33.328033447265625,1.8634156389958494,76,5,1,1,1,1,1,0
4199,42.0,33.37923049926758,1.7549399910772652,76,5,1,1,1,1,1,0
4200,42.01,33.541526794433594,1.6969698021549726,76,5,1,1,1,1,1,0
4201,42.02,33.10343933105469,1.7729981817629439,76,5,1,1,1,1,1,0
4202,42.03,33.156829833984375,1.9937385774011493,76,5,1,1,1,1,1,0
4203,42.04,33.22383499145508,2.0558673626480317,76,5,1,1,1,1,1,0
4204,42.05,33.234798431396484,1.888017149163648,76,5,1,1,1,1,1,0
4205,42.06,33.58750915527344,2.039341379700732,76,5,1,1,1,1,1,0
4206,42.07,33.45709228515625,2.066064481728869,76,5,1,1,1,1,1,0
4207,42.08,33.38909912109375,2.1007870287574,76,5,1,1,1,1,1,0
4208,42.09,33.23862838745117,1.884750322565816,76,5,1,1,1,1,1,0
4209,42.1,33.2943229675293,2.0164584747970005,76,5,1,1,1,1,1,0
4210,42.11,33.22260665893555,1.7488791681459912,76,5,1,1,1,1,1,0
4211,42.12,33.27899932861328,1.8061318937543493,76,5,1,1,1,1,1,0
4212,42.13,33.39002990722656,1.841898945840872,76,5,1,1,1,1,1,0
4213,42.14,33.17934799194336,1.7821924196281305,76,5,1,1,1,1,1,0
4214,42.15,33.15370178222656,1.8586814119852715,76,5,1,1,1,1,1,0
4215,42.16,33.39519119262695,2.0328147413859603,76,5,1,1,1,1,1,0
4216,42.17,33.35093307495117,2.0155650994921985,76,5,1,1,1,1,1,0
4217,42.18,33.1113166809082,2.046903223959042,76,5,1,1,1,1,1,0
4218,42.19,33.20258331298828,1.9737494159366928,76,5,1,1,1,1,1,0
4219,42.2,33.37109375,1.8883034106094774,76,5,1,1,1,1,1,0
4220,42.21,33.69744873046875,1.9580102018393546,76,5,1,1,1,1,1,0
4221,42.22,33.23767852783203,1.97377834423203,76,5,1,1,1,1,1,0
4222,42.23,33.36011505126953,1.872269040224619,76,5,1,1,1,1,1,0
4223,42.24,33.55976104736328,1.9985479951227862,76,5,1,1,1,1,1,0
4224,42.25,33.714271545410156,2.2153127479665122,76,5,1,1,1,1,1,0
4225,42.26,34.0220832824707,1.824664282451929,76,5,1,1,1,1,1,0
4226,42.27,34.053436279296875,1.8781384199911713,76,5,1,1,1,1,1,0
4227,42.28,34.219024658203125,1.9009938429652944,76,5,1,1,1,1,1,0
4228,42.29,34.19032287597656,1.9501286273511993,76,5,1,1,1,1,1,0
4229,42.3,34.23609161376953,2.0010468844446896,76,5,1,1,1,1,1,0
4230,42.31,34.12883377075195,2.036882326454922,76,5,1,1,1,1,1,0
4231,42.32,33.88010025024414,1.8055469240168052,76,5,1,1,1,1,1,0
4232,42.33,33.87880325317383,1.9334383610286718,76,5,1,1,1,1,1,0
4233,42.34,33.885040283203125,1.9334414191897276,76,5,1,1,1,1,1,0
4234,42.35,34.08235168457031,1.8892868440393793,76,5,1,1,1,1,1,0
4235,42.36,33.83466720581055,1.914706227053005,76,5,1,1,1,1,1,0
4236,42.37,33.98004913330078,2.0676093792068904,76,5,1,1,1,1,1,0
4237,42.38,33.92609405517578,2.0245002427569876,76,5,1,1,1,1,1,0
4238,42.39,33.69450759887695,2.0363948482503096,76,5,1,1,1,1,1,0
4239,42.4,33.8717041015625,2.2007683456148928,76,5,1,1,1,1,1,0
4240,42.41,33.84033966064453,1.9149486469279466,76,5,1,1,1,1,1,0
4241,42.42,33.894493103027344,1.9255122165739855,76,5,1,1,1,1,1,0
4242,42.43,33.92375564575195,1.977098763106038,76,5,1,1,1,1,1,0
4243,42.44,33.95497131347656,2.212754473351167,76,5,1,1,1,1,1,0
4244,42.45,34.0768928527832,1.9773229615770274,76,5,1,1,1,1,1,0
4245,42.46,33.98221969604492,2.232068795916451,76,4,1,1,1,1,0,0
4246,42.47,33.90724182128906,2.2479144740055026,76,4,1,1,1,1,0,0
4247,42.48,33.91901397705078,1.9924579075125524,76,4,1,1,1,1,0,0
4248,42.49,33.210025787353516,2.0511974600016805,76,5,1,1,1,1,1,0
4249,42.5,33.06355285644531,1.808888590486922,76,5,1,1,1,1,1,0
4250,42.51,33.120121002197266,1.85863230719871,76,4,1,1,1,1,0,0
4251,42.52,33.58759689331055,1.8262812433834696,76,4,1,1,1,1,0,0
4252,42.53,33.533687591552734,2.012212113353129,76,4,1,1,1,1,0,0
4253,42.54,33.65593338012695,2.016460792230479,76,4,1,1,1,1,0,0
4254,42.55,33.33700180053711,2.0150893653038016,76,5,1,1,1,1,1,0
4255,42.56,33.30146026611328,1.7909210273549083,76,5,1,1,1,1,1,0
4256,42.57,33.97291564941406,1.9181486208002616,76,5,1,1,1,1,1,0
4257,42.58,33.58964920043945,1.8406804941123869,76,5,1,1,1,1,1,0
4258,42.59,33.154266357421875,1.7895772381535435,76,5,1,1,1,1,1,0
4259,42.6,33.35956573486328,1.8569063135876882,76,5,1,1,1,1,1,0
4260,42.61,33.44120788574219,1.8769384027316476,76,4,1,1,1,1,0,0
4261,42.62,33.3664665222168,1.8093950270150667,76,4,1,1,1,1,0,0
4262,42.63,33.5284423828125,1.9924855781946718,76,5,1,1,1,1,1,0
4263,42.64,33.405731201171875,1.9257524441813505,76,5,1,1,1,1,1,0
4264,42.65,33.239044189453125,1.9276206859331286,76,5,1,1,1,1,1,0
4265,42.66,33.4516487121582,1.822829171638819,76,5,1,1,1,1,1,0
4266,42.67,33.554386138916016,2.0385788054935743,76,4,1,1,1,1,0,0
4267,42.68,33.56596374511719,1.851515024448966,76,5,1,1,1,1,1,0
4268,42.69,33.208133697509766,1.7422427892130805,76,5,1,1,1,1,1,0
4269,42.7,33.218719482421875,2.26715263693209,76,5,1,1,1,1,1,0
4270,42.71,33.22697067260742,1.7248133904081806,76,5,1,1,1,1,1,0
4271,42.72,33.13944625854492,1.9774948471183151,76,5,1,1,1,1,1,0
4272,42.73,33.47246170043945,1.7559940420470628,76,5,1,1,1,1,1,0
4273,42.74,33.10088348388672,1.8105277945372187,76,5,1,1,1,1,1,0
4274,42.75,33.36592483520508,1.7998048685131198,76,5,1,1,1,1,1,0
4275,42.76,33.09798812866211,1.8060739888524255,76,5,1,1,1,1,1,0
4276,42.77,33.087501525878906,1.9294089279013227,76,5,1,1,1,1,1,0
4277,42.78,33.62215805053711,1.94417642294732,76,5,1,1,1,1,1,0
4278,42.79,33.63188171386719,2.240667906030306,76,5,1,1,1,1,1,0
4279,42.8,33.30559158325195,2.0208407346478943,76,4,1,1,1,1,0,0
4280,42.81,33.598262786865234,1.9799297043042028,76,5,1,1,1,1,1,0
4281,42.82,33.6417350769043,2.082328431391851,76,5,1,1,1,1,1,0
4282,42.83,33.73158264160156,2.0441866134311804,76,5,1,1,1,1,1,0
4283,42.84,33.80240249633789,1.9516903907039447,76,5,1,1,1,1,1,0
4284,42.85,34.04402542114258,1.954149513719001,76,5,1,1,1,1,1,0
4285,42.86,33.817543029785156,1.9385297068567435,76,5,1,1,1,1,1,0
4286,42.87,33.87571716308594,2.014946212621502,76,5,1,1,1,1,1,0
4287,42.88,33.69020462036133,2.0071327445577998,76,5,1,1,1,1,1,0
4288,42.89,33.64198303222656,1.7316996548263293,76,5,1,1,1,1,1,0
4289,42.9,33.793643951416016,1.7889417122067504,76,5,1,1,1,1,1,0
4290,42.91,33.99540710449219,1.9811342169719328,76,5,1,1,1,1,1,0
4291,42.92,33.83208465576172,2.0677058531502346,76,5,1,1,1,1,1,0
4292,42.93,34.01001739501953,2.063493790230529,76,5,1,1,1,1,1,0
4293,42.94,34.08746337890625,2.1949456387689668,76,5,1,1,1,1,1,0
4294,42.95,34.10263442993164,1.905389758512163,76,5,1,1,1,1,1,0
4295,42.96,33.62464141845703,2.0068428132547123,76,5,1,1,1,1,1,0
4296,42.97,33.300010681152344,1.970407830641711,76,5,1,1,1,1,1,0
4297,42.98,33.34115219116211,2.0403196540673325,76,5,1,1,1,1,1,0
4298,42.99,33.48958206176758,1.9248375762213112,76,5,1,1,1,1,1,0
4299,43.0,33.523563385009766,2.0149917352519524,76,5,1,1,1,1,1,0
4300,43.01,33.5115852355957,2.015887304288071,76,5,1,1,1,1,1,0
4301,43.02,33.4885368347168,2.050779593756552,76,5,1,1,1,1,1,0
4302,43.03,33.658084869384766,2.207762129407364,76,5,1,1,1,1,1,0
4303,43.04,33.373451232910156,2.1024719788141266,76,5,1,1,1,1,1,0
4304,43.05,33.315467834472656,2.0474824130155125,76,5,1,1,1,1,1,0
4305,43.06,33.0329704284668,2.0366143828763175,76,5,1,1,1,1,1,0
4306,43.07,33.44995880126953,2.0853266581392575,76,5,1,1,1,1,1,0
4307,43.08,33.70354461669922,2.125886894859972,76,5,1,1,1,1,1,0
4308,43.09,33.73405075073242,1.8892789694664396,76,4,1,0,1,1,1,0
4309,43.1,33.87330627441406,2.1233496521131343,76,5,1,1,1,1,1,0
4310,43.11,34.158023834228516,1.983410735520069,76,5,1,1,1,1,1,0
4311,43.12,33.74946212768555,1.8446175354134557,76,4,0,1,1,1,1,0
4312,43.13,33.34238052368164,1.9304954865278985,76,4,0,1,1,1,1,0
4313,43.14,33.41061019897461,1.6973795065747452,76,5,1,1,1,1,1,0
4314,43.15,33.20228958129883,1.927843455634126,76,4,0,1,1,1,1,0
4315,43.16,33.562652587890625,2.0806245467751014,76,4,0,1,1,1,1,0
4316,43.17,33.36866760253906,1.878431527870729,76,4,0,1,1,1,1,0
4317,43.18,33.63722229003906,2.0402172107649434,76,4,0,1,1,1,1,0
4318,43.19,33.42811965942383,2.104518429000384,76,4,0,1,1,1,1,0
4319,43.2,33.42180252075195,2.0486337774410943,76,4,0,1,1,1,1,0
4320,43.21,33.273284912109375,1.766269546695079,76,4,0,1,1,1,1,0
4321,43.22,33.18146896362305,1.7542510953522152,76,5,1,1,1,1,1,0
4322,43.23,33.12240219116211,1.8548270502364597,76,5,1,1,1,1,1,0
4323,43.24,33.33359909057617,2.0244673096840797,76,5,1,1,1,1,1,0
4324,43.25,33.31380844116211,1.75983229445959,76,5,1,1,1,1,1,0
4325,43.26,33.268856048583984,1.82170575997793,76,5,1,1,1,1,1,0
4326,43.27,33.83716583251953,2.0386741458515094,76,5,1,1,1,1,1,0
4327,43.28,33.664695739746094,1.958087688913195,76,5,1,1,1,1,1,0
4328,43.29,33.5056037902832,1.8864003961213094,76,5,1,1,1,1,1,0
4329,43.3,34.03821563720703,1.8736929233350894,76,5,1,1,1,1,1,0
4330,43.31,33.917564392089844,1.8159354497513562,76,5,1,1,1,1,1,0
4331,43.32,33.361846923828125,2.1067034217611695,76,5,1,1,1,1,1,0
4332,43.33,33.2218017578125,1.8334899693069637,76,5,1,1,1,1,1,0
4333,43.34,33.643096923828125,1.855695012521293,76,5,1,1,1,1,1,0
4334,43.35,33.40385055541992,2.018147251535077,76,5,1,1,1,1,1,0
4335,43.36,33.44342041015625,1.9718580718258034,76,5,1,1,1,1,1,0
4336,43.37,33.40853500366211,2.1385529989823704,76,5,1,1,1,1,1,0
4337,43.38,33.301666259765625,2.1328118189165286,76,4,0,1,1,1,1,0
4338,43.39,33.28071594238281,1.8515098736636344,76,5,1,1,1,1,1,0
4339,43.4,33.33780288696289,1.8765390802465929,76,5,1,1,1,1,1,0
4340,43.41,33.43675994873047,1.882575678427172,76,5,1,1,1,1,1,0
4341,43.42,33.37822341918945,2.114730702390907,76,5,1,1,1,1,1,0
4342,43.43,33.575191497802734,2.0120162659270293,76,4,0,1,1,1,1,0
4343,43.44,33.53740692138672,2.208667819316712,76,5,1,1,1,1,1,0
4344,43.45,33.59795379638672,1.8995035161361826,76,5,1,1,1,1,1,0
4345,43.46,32.92265319824219,2.029903256973151,76,5,1,1,1,1,1,0
4346,43.47,33.042694091796875,1.7036774745558427,76,5,1,1,1,1,1,0
4347,43.48,33.154571533203125,1.7962221750639547,76,4,0,1,1,1,1,0
4348,43.49,33.36412048339844,1.9673565567261566,76,4,0,1,1,1,1,0
4349,43.5,33.357826232910156,1.9777213345851614,76,4,0,1,1,1,1,0
4350,43.51,33.465152740478516,1.8670578051379363,76,5,1,1,1,1,1,0
4351,43.52,33.416664123535156,2.2286533549193686,76,4,0,1,1,1,1,0
4352,43.53,32.89753723144531,1.9142613959194061,76,4,0,1,1,1,1,0
4353,43.54,32.893367767333984,1.915905152988061,76,5,1,1,1,1,1,0
4354,43.55,33.244537353515625,1.720814198139007,76,5,1,1,1,1,1,0
4355,43.56,33.57555389404297,2.096520804644408,76,4,0,1,1,1,1,0
4356,43.57,33.58199691772461,1.9353065551515214,76,4,0,1,1,1,1,0
4357,43.58,33.537235260009766,1.9479749460359355,76,4,0,1,1,1,1,0
4358,43.59,33.18594741821289,2.01241194140458,76,4,0,1,1,1,1,0
4359,43.6,32.91043472290039,1.9201323622558797,76,5,1,1,1,1,1,0
4360,43.61,33.274715423583984,1.8270755192435693,76,4,0,1,1,1,1,0
4361,43.62,33.47807312011719,2.080048607479119,76,4,0,1,1,1,1,0
4362,43.63,33.6496467590332,2.0425910143278334,76,4,0,1,1,1,1,0
4363,43.64,33.7613410949707,2.028028453447286,76,5,1,1,1,1,1,0
4364,43.65,33.88394546508789,2.00713735343178,76,5,1,1,1,1,1,0
4365,43.66,33.62858963012695,1.8659841899330725,76,5,1,1,1,1,1,0
4366,43.67,33.39370346069336,2.0843414093537462,76,5,1,1,1,1,1,0
4367,43.68,33.327964782714844,1.8157462536172042,76,5,1,1,1,1,1,0
4368,43.69,33.57311248779297,2.1155565472050273,76,5,1,1,1,1,1,0
4369,43.7,33.751956939697266,1.8598098460812136,76,5,1,1,1,1,1,0
4370,43.71,33.524757385253906,2.1003330951097223,76,5,1,1,1,1,1,0
4371,43.72,33.94198989868164,1.7763134642711016,76,5,1,1,1,1,1,0
4372,43.73,33.41204071044922,1.9590360910517741,76,5,1,1,1,1,1,0
4373,43.74,33.15522003173828,2.1760706025420506,76,5,1,1,1,1,1,0
4374,43.75,33.14387512207031,1.9070892407703888,76,5,1,1,1,1,1,0
4375,43.76,33.51195526123047,1.9296917968724905,76,5,1,1,1,1,1,0
4376,43.77,33.78926467895508,2.1531640848326776,76,5,1,1,1,1,1,0
4377,43.78,33.51399230957031,2.004422430248564,76,5,1,1,1,1,1,0
4378,43.79,33.80219650268555,2.0869392206614505,76,5,1,1,1,1,1,0
4379,43.8,33.41154861450195,2.189093777672997,76,5,1,1,1,1,1,0
4380,43.81,33.254150390625,1.8641139206835993,76,5,1,1,1,1,1,0
4381,43.82,33.369625091552734,2.17803062797521,76,5,1,1,1,1,1,0
4382,43.83,33.7757568359375,2.102450364266662,76,5,1,1,1,1,1,0
4383,43.84,33.57671356201172,1.9167683998446976,76,5,1,1,1,1,1,0
4384,43.85,33.45421600341797,2.047246812164467,76,5,1,1,1,1,1,0
4385,43.86,33.365570068359375,1.8586298648132165,76,5,1,1,1,1,1,0
4386,43.87,33.38370895385742,1.956250376755502,76,5,1,1,1,1,1,0
4387,43.88,33.487403869628906,1.8003597247710519,76,5,1,1,1,1,1,0
4388,43.89,33.19424819946289,2.135711754277823,76,5,1,1,1,1,1,0
4389,43.9,33.233516693115234,1.7845483459691307,76,5,1,1,1,1,1,0
4390,43.91,33.46482467651367,1.8515126344827386,76,5,1,1,1,1,1,0
4391,43.92,33.36309814453125,2.078219537177995,76,5,1,1,1,1,1,0
4392,43.93,33.435176849365234,2.0384535137364175,76,5,1,1,1,1,1,0
4393,43.94,33.49855422973633,1.9799533306794963,76,5,1,1,1,1,1,0
4394,43.95,33.74327087402344,2.255548798291147,76,5,1,1,1,1,1,0
4395,43.96,33.806434631347656,2.2204108509366915,76,5,1,1,1,1,1,0
4396,43.97,33.8427734375,1.7783416669714023,76,5,1,1,1,1,1,0
4397,43.98,33.21614074707031,1.9842654881869044,76,5,1,1,1,1,1,0
4398,43.99,33.43886947631836,2.0912699302754505,76,5,1,1,1,1,1,0
4399,44.0,33.56181335449219,2.040322589430092,76,5,1,1,1,1,1,0
4400,44.01,33.72381591796875,2.2401757212285474,76,5,1,1,1,1,1,0
4401,44.02,33.23427200317383,1.9022620254048166,76,5,1,1,1,1,1,0
4402,44.03,33.432533264160156,1.9541189283680866,76,5,1,1,1,1,1,0
4403,44.04,33.508113861083984,2.0766328700930403,76,5,1,1,1,1,1,0
4404,44.05,33.605384826660156,1.8785674111448867,76,5,1,1,1,1,1,0
4405,44.06,33.291996002197266,2.018928715136001,76,5,1,1,1,1,1,0
4406,44.07,33.37799072265625,1.8801036384119527,76,5,1,1,1,1,1,0
4407,44.08,33.621517181396484,1.8196702939373075,76,5,1,1,1,1,1,0
4408,44.09,33.51866912841797,1.9008961726442726,76,5,1,1,1,1,1,0
4409,44.1,33.37007141113281,1.830246601705748,76,5,1,1,1,1,1,0
4410,44.11,33.60177230834961,2.065450171299917,76,5,1,1,1,1,1,0
4411,44.12,33.48878479003906,2.0021435424015475,76,5,1,1,1,1,1,0
4412,44.13,33.26898193359375,2.0495394059995684,76,5,1,1,1,1,1,0
4413,44.14,33.64163589477539,1.9464301876727927,76,5,1,1,1,1,1,0
4414,44.15,33.30392837524414,1.7443879330271295,76,5,1,1,1,1,1,0
4415,44.16,33.41497039794922,1.8926144378780119,76,5,1,1,1,1,1,0
4416,44.17,33.44233322143555,2.030718673754809,76,5,1,1,1,1,1,0
4417,44.18,33.82982635498047,2.0855152095628244,76,5,1,1,1,1,1,0
4418,44.19,33.55795669555664,2.0420357651753793,76,5,1,1,1,1,1,0
4419,44.2,33.231571197509766,1.8163668040108996,76,5,1,1,1,1,1,0
4420,44.21,33.46891784667969,1.7441622968981059,76,5,1,1,1,1,1,0
4421,44.22,33.538917541503906,2.1255822078415108,76,5,1,1,1,1,1,0
4422,44.23,33.15021514892578,1.9544392734582947,76,5,1,1,1,1,1,0
4423,44.24,33.07630157470703,2.0794438858519193,76,5,1,1,1,1,1,0
4424,44.25,33.124000549316406,1.9580092959044608,76,5,1,1,1,1,1,0
4425,44.26,33.130645751953125,1.9696169698705712,76,5,1,1,1,1,1,0
4426,44.27,32.75032424926758,1.9214834097598879,76,5,1,1,1,1,1,0
4427,44.28,32.886924743652344,1.920438870504753,76,5,1,1,1,1,1,0
4428,44.29,32.95486831665039,1.8121261661604657,76,5,1,1,1,1,1,0
4429,44.3,33.10608673095703,2.0518846280454044,76,5,1,1,1,1,1,0
4430,44.31,33.2572021484375,1.9844606911345366,76,5,1,1,1,1,1,0
4431,44.32,33.225791931152344,2.118349249556947,76,5,1,1,1,1,1,0
4432,44.33,33.339698791503906,1.8720337172923351,76,5,1,1,1,1,1,0
4433,44.34,33.42009353637695,1.9492845085447434,76,5,1,1,1,1,1,0
4434,44.35,33.398338317871094,1.9795194424183524,76,5,1,1,1,1,1,0
4435,44.36,33.38169479370117,1.97812923099555,76,5,1,1,1,1,1,0
4436,44.37,33.82801818847656,1.9404162025397056,76,5,1,1,1,1,1,0
4437,44.38,33.69380569458008,1.8965781387837222,76,5,1,1,1,1,1,0
4438,44.39,33.54194259643555,1.8161487031800614,76,5,1,1,1,1,1,0
4439,44.4,33.46253967285156,1.8957322151955214,76,5,1,1,1,1,1,0
4440,44.41,33.75828552246094,1.9328270110277195,76,5,1,1,1,1,1,0
4441,44.42,33.76251220703125,2.015246326172567,76,5,1,1,1,1,1,0
4442,44.43,33.511474609375,1.9498446440889619,76,5,1,1,1,1,1,0
4443,44.44,33.39738845825195,1.9257486804749437,76,5,1,1,1,1,1,0
4444,44.45,33.55017852783203,2.052651184696687,76,5,1,1,1,1,1,0
4445,44.46,33.43370056152344,1.865183397135442,76,5,1,1,1,1,1,0
4446,44.47,33.49256134033203,1.7051085227906322,76,5,1,1,1,1,1,0
4447,44.48,33.52619934082031,2.0484827454158583,76,5,1,1,1,1,1,0
4448,44.49,33.4643669128418,1.9778273717309776,76,5,1,1,1,1,1,0
4449,44.5,32.93745040893555,1.9629799855298593,76,5,1,1,1,1,1,0
4450,44.51,33.35126495361328,1.8821510362368183,76,5,1,1,1,1,1,0
4451,44.52,33.26085662841797,1.8439601053849948,76,5,1,1,1,1,1,0
4452,44.53,32.85350799560547,1.928811653625843,76,5,1,1,1,1,1,0
4453,44.54,32.8636360168457,1.8629894245646554,76,5,1,1,1,1,1,0
4454,44.55,32.91761016845703,2.011911642005765,76,5,1,1,1,1,1,0
4455,44.56,32.85884475708008,1.9043330365233642,76,5,1,1,1,1,1,0
4456,44.57,33.01700973510742,1.8115785988229558,76,5,1,1,1,1,1,0
4457,44.58,33.179649353027344,1.9723291765597644,76,5,1,1,1,1,1,0
4458,44.59,33.00818634033203,1.8146880877574951,76,5,1,1,1,1,1,0
4459,44.6,32.98976516723633,1.9910068207833658,76,5,1,1,1,1,1,0
4460,44.61,33.12162399291992,1.9504348614393388,76,5,1,1,1,1,1,0
4461,44.62,33.367374420166016,1.8160698020986905,76,5,1,1,1,1,1,0
4462,44.63,33.44532775878906,1.8940224719679846,76,5,1,1,1,1,1,0
4463,44.64,33.52012634277344,1.7722875324107223,76,5,1,1,1,1,1,0
4464,44.65,33.27273178100586,1.908144116527382,76,5,1,1,1,1,1,0
4465,44.66,33.23818588256836,1.8402968059515827,76,5,1,1,1,1,1,0
4466,44.67,33.41339111328125,1.8837736840873978,76,4,1,1,1,1,0,0
4467,44.68,33.40204620361328,1.9438885087605868,76,5,1,1,1,1,1,0
4468,44.69,33.1058464050293,1.876677407648354,76,5,1,1,1,1,1,0
4469,44.7,33.301998138427734,1.9285249961821371,76,5,1,1,1,1,1,0
4470,44.71,33.29628372192383,1.7645362309596153,76,5,1,1,1,1,1,0
4471,44.72,33.11351776123047,1.8347212635387322,76,5,1,1,1,1,1,0
4472,44.73,33.052249908447266,1.7655038459288892,76,5,1,1,1,1,1,0
4473,44.74,33.60842514038086,1.7158360081300061,76,5,1,1,1,1,1,0
4474,44.75,33.39131164550781,1.7793580635830522,76,5,1,1,1,1,1,0
4475,44.76,33.438541412353516,1.992257073698249,76,5,1,1,1,1,1,0
4476,44.77,33.06901550292969,1.7766258405885824,76,5,1,1,1,1,1,0
4477,44.78,33.33319091796875,1.784988332349711,76,5,1,1,1,1,1,0
4478,44.79,33.38942337036133,1.8863982323524005,76,5,1,1,1,1,1,0
4479,44.8,33.7398567199707,2.012465349935559,76,5,1,1,1,1,1,0
4480,44.81,33.302005767822266,1.9769415327990432,76,5,1,1,1,1,1,0
4481,44.82,33.436790466308594,1.7884594153654136,76,5,1,1,1,1,1,0
4482,44.83,33.45096969604492,2.0406174379898316,76,5,1,1,1,1,1,0
4483,44.84,33.301109313964844,2.0293106667630334,76,5,1,1,1,1,1,0
4484,44.85,33.67523956298828,1.882630379306199,76,5,1,1,1,1,1,0
4485,44.86,33.778926849365234,1.7281241594274483,76,4,1,1,1,1,0,0
4486,44.87,33.66655349731445,2.128428918327708,76,5,1,1,1,1,1,0
4487,44.88,33.36374282836914,1.9100244586545077,76,5,1,1,1,1,1,0
4488,44.89,33.020545959472656,1.9068830467821307,76,5,1,1,1,1,1,0
4489,44.9,33.31575012207031,1.8802684389417863,76,5,1,1,1,1,1,0
4490,44.91,33.65821075439453,1.9876091439885932,76,5,1,1,1,1,1,0
4491,44.92,33.78646469116211,2.1424010851600213,76,5,1,1,1,1,1,0
4492,44.93,33.50458908081055,2.020176595770707,76,4,1,1,1,1,0,0
4493,44.94,33.39442825317383,2.042203324813721,76,5,1,1,1,1,1,0
4494,44.95,33.75657272338867,2.099142970000773,76,4,1,1,1,1,0,0
4495,44.96,33.470542907714844,1.9722578968169742,76,4,1,1,1,1,0,0
4496,44.97,33.90902328491211,2.206628900002562,76,5,1,1,1,1,1,0
4497,44.98,33.856224060058594,1.9457879588090248,76,5,1,1,1,1,1,0
4498,44.99,33.62498474121094,1.956473825152038,76,5,1,1,1,1,1,0
4499,45.0,33.473209381103516,1.7919252542017843,76,5,1,1,1,1,1,0
4500,45.01,33.10661315917969,1.9852708254178204,76,5,1,1,1,1,1,0
4501,45.02,33.3306999206543,1.7685337554050027,76,5,1,1,1,1,1,0
4502,45.03,33.258148193359375,2.1929658011760673,76,5,1,1,1,1,1,0
4503,45.04,32.949710845947266,1.8383928511549466,76,4,1,1,1,1,0,0
4504,45.05,33.48386764526367,2.1036398059965484,76,5,1,1,1,1,1,0
4505,45.06,33.061309814453125,1.8956249162870629,76,4,1,1,1,1,0,0
4506,45.07,33.20589828491211,2.1456457205638984,76,5,1,1,1,1,1,0
4507,45.08,33.359256744384766,1.8614454112968084,76,5,1,1,1,1,1,0
4508,45.09,33.15689468383789,2.178532519099145,76,5,1,1,1,1,1,0
4509,45.1,33.09730911254883,1.9649687495220238,76,5,1,1,1,1,1,0
4510,45.11,33.39388656616211,1.8586559772172895,76,5,1,1,1,1,1,0
4511,45.12,33.70217514038086,1.7880173496064684,76,5,1,1,1,1,1,0
4512,45.13,33.32246017456055,1.7353398551456114,76,5,1,1,1,1,1,0
4513,45.14,33.232444763183594,1.9109384933369773,76,5,1,1,1,1,1,0
4514,45.15,33.00157928466797,1.8069608728032776,76,5,1,1,1,1,1,0
4515,45.16,33.33616256713867,1.9310911337717873,76,5,1,1,1,1,1,0
4516,45.17,33.59564208984375,1.7915442087590008,76,5,1,1,1,1,1,0
4517,45.18,33.51836013793945,2.034156139984362,76,5,1,1,1,1,1,0
4518,45.19,33.26994323730469,1.9181298812248797,76,5,1,1,1,1,1,0
4519,45.2,33.4984016418457,2.0999438948896256,76,4,1,1,1,1,0,0
4520,45.21,33.63985824584961,1.7743985040818222,76,4,1,1,1,1,0,0
4521,45.22,33.65910720825195,1.8673209312731385,76,4,1,1,1,1,0,0
4522,45.23,33.539100646972656,1.8125654352610432,76,4,1,1,1,1,0,0
4523,45.24,33.60211944580078,1.8790678432361194,76,5,1,1,1,1,1,0
4524,45.25,33.4616813659668,1.7598019627230344,76,4,1,1,1,1,0,0
4525,45.26,33.65048599243164,1.722902200423604,76,5,1,1,1,1,1,0
4526,45.27,33.422096252441406,1.9751183984764211,76,5,1,1,1,1,1,0
4527,45.28,33.771324157714844,1.73625276395589,76,5,1,1,1,1,1,0
4528,45.29,33.65691375732422,1.9780295259909315,76,5,1,1,1,1,1,0
4529,45.3,33.30028533935547,1.8116056947344905,76,5,1,1,1,1,1,0
4530,45.31,33.318031311035156,1.7194462412676303,76,5,1,1,1,1,1,0
4531,45.32,33.25655746459961,1.8192332016948622,76,5,1,1,1,1,1,0
4532,45.33,33.029083251953125,1.878111623810039,76,5,1,1,1,1,1,0
4533,45.34,33.14555358886719,1.8349112889983046,76,5,1,1,1,1,1,0
4534,45.35,33.36711883544922,1.850783530024114,76,5,1,1,1,1,1,0
4535,45.36,33.310691833496094,1.8256497081112857,76,5,1,1,1,1,1,0
4536,45.37,33.399410247802734,1.9768887854478434,76,5,1,1,1,1,1,0
4537,45.38,33.2934455871582,1.9636960427849524,76,5,1,1,1,1,1,0
4538,45.39,33.617515563964844,1.8592705565848247,76,5,1,1,1,1,1,0
4539,45.4,33.44163513183594,1.9569346611039944,76,5,1,1,1,1,1,0
4540,45.41,33.2192497253418,1.8751533620553222,76,5,1,1,1,1,1,0
4541,45.42,33.12505340576172,2.0739816197148584,76,5,1,1,1,1,1,0
4542,45.43,33.03614807128906,1.8455096318930366,76,5,1,1,1,1,1,0
4543,45.44,33.466060638427734,2.0397530799055064,76,5,1,1,1,1,1,0
4544,45.45,33.102195739746094,1.7794365666308842,76,5,1,1,1,1,1,0
4545,45.46,33.348480224609375,1.7497997069072717,76,5,1,1,1,1,1,0
4546,45.47,33.441429138183594,1.7759240535314225,76,5,1,1,1,1,1,0
4547,45.48,33.15169906616211,1.8254306684338828,76,5,1,1,1,1,1,0
4548,45.49,33.37993240356445,1.8567430451527245,76,5,1,1,1,1,1,0
4549,45.5,33.02097702026367,1.825023305250399,76,5,1,1,1,1,1,0
4550,45.51,33.23467254638672,1.923405342983119,76,5,1,1,1,1,1,0
4551,45.52,33.18271255493164,1.8243573714522023,76,5,1,1,1,1,1,0
4552,45.53,33.46379470825195,1.94758776955886,76,5,1,1,1,1,1,0
4553,45.54,33.23064041137695,2.056524863196349,76,5,1,1,1,1,1,0
4554,45.55,33.189327239990234,1.9096796983662776,76,5,1,1,1,1,1,0
4555,45.56,33.451053619384766,1.7549897474584,76,5,1,1,1,1,1,0
4556,45.57,33.49467468261719,1.8732285984623733,76,5,1,1,1,1,1,0
4557,45.58,33.296504974365234,2.091192133642793,76,5,1,1,1,1,1,0
4558,45.59,33.53418731689453,2.1188206181370433,76,5,1,1,1,1,1,0
4559,45.6,33.64067077636719,1.916951565657791,76,5,1,1,1,1,1,0
4560,45.61,33.5511360168457,1.7327672156254557,76,5,1,1,1,1,1,0
4561,45.62,33.695281982421875,1.7200299034191437,76,5,1,1,1,1,1,0
4562,45.63,33.81267166137695,2.0889754446194115,76,5,1,1,1,1,1,0
4563,45.64,33.878448486328125,2.045338471629308,76,5,1,1,1,1,1,0
4564,45.65,33.55338668823242,1.9243187707161056,76,5,1,1,1,1,1,0
4565,45.66,33.4437255859375,1.9874634169595318,76,5,1,1,1,1,1,0
4566,45.67,33.254329681396484,2.053946448026656,76,5,1,1,1,1,1,0
4567,45.68,33.24778366088867,1.9803285160595832,76,5,1,1,1,1,1,0
4568,45.69,33.201255798339844,1.9940157833122434,76,5,1,1,1,1,1,0
4569,45.7,33.344669342041016,1.8576899287425528,76,5,1,1,1,1,1,0
4570,45.71,33.341957092285156,2.1881986530827455,76,5,1,1,1,1,1,0
4571,45.72,33.755069732666016,2.0190343546712444,76,5,1,1,1,1,1,0
4572,45.73,33.556785583496094,1.7154896304701854,76,5,1,1,1,1,1,0
4573,45.74,33.779335021972656,2.101121696630661,76,5,1,1,1,1,1,0
4574,45.75,33.96910095214844,1.9144223892403087,76,5,1,1,1,1,1,0
4575,45.76,34.01127243041992,1.938918790475831,76,5,1,1,1,1,1,0
4576,45.77,33.99922180175781,1.935714008774946,76,5,1,1,1,1,1,0
4577,45.78,33.79184341430664,2.015490607653928,76,5,1,1,1,1,1,0
4578,45.79,33.09507751464844,1.7959386597523666,76,5,1,1,1,1,1,0
4579,45.8,33.241859436035156,1.8185637422284717,76,5,1,1,1,1,1,0
4580,45.81,33.08376693725586,1.9315028143901491,76,5,1,1,1,1,1,0
4581,45.82,33.31333541870117,1.8280293394491145,76,5,1,1,1,1,1,0
4582,45.83,33.32138442993164,1.885629976677525,76,5,1,1,1,1,1,0
4583,45.84,33.326114654541016,2.001848581876503,76,5,1,1,1,1,1,0
4584,45.85,33.55081558227539,1.7626381097908974,76,5,1,1,1,1,1,0
4585,45.86,33.24332809448242,1.9018658336749024,76,5,1,1,1,1,1,0
4586,45.87,33.27247619628906,1.7561888934079959,76,5,1,1,1,1,1,0
4587,45.88,33.020355224609375,1.9883174826374017,76,5,1,1,1,1,1,0
4588,45.89,33.24864196777344,1.9387113479513338,76,5,1,1,1,1,1,0
4589,45.9,32.831668853759766,1.7038199176298074,76,5,1,1,1,1,1,0
4590,45.91,32.95172882080078,1.7918139531607744,76,5,1,1,1,1,1,0
4591,45.92,33.19194412231445,1.9198256660011053,76,5,1,1,1,1,1,0
4592,45.93,33.0413818359375,1.8322665294101605,76,5,1,1,1,1,1,0
4593,45.94,33.27986526489258,1.7420415604219268,76,5,1,1,1,1,1,0
4594,45.95,33.41305923461914,1.8303303313153918,76,5,1,1,1,1,1,0
4595,45.96,32.77964782714844,1.8573885877845124,76,5,1,1,1,1,1,0
4596,45.97,33.05608367919922,1.8699190287560459,76,5,1,1,1,1,1,0
4597,45.98,32.73503875732422,1.865611022192932,76,5,1,1,1,1,1,0
4598,45.99,32.98548889160156,1.7976935818020678,76,5,1,1,1,1,1,0
4599,46.0,33.462459564208984,2.1865224259678144,76,5,1,1,1,1,1,0
4600,46.01,33.23786926269531,1.7346460562934596,76,5,1,1,1,1,1,0
4601,46.02,33.27311325073242,1.864776985401005,76,5,1,1,1,1,1,0
4602,46.03,33.006919860839844,2.0538034405570995,76,5,1,1,1,1,1,0
4603,46.04,33.12564468383789,1.9186693432322017,76,5,1,1,1,1,1,0
4604,46.05,32.9116096496582,1.8908739691183822,76,5,1,1,1,1,1,0
4605,46.06,32.99531173706055,1.9067540429310363,76,5,1,1,1,1,1,0
4606,46.07,33.15946578979492,1.8084835971503739,76,5,1,1,1,1,1,0
4607,46.08,33.045082092285156,1.8498616058591402,76,5,1,1,1,1,1,0
4608,46.09,32.954708099365234,1.874276779469489,76,5,1,1,1,1,1,0
4609,46.1,33.24687576293945,1.8497894530333385,76,5,1,1,1,1,1,0
4610,46.11,33.314884185791016,2.068454554006237,76,5,1,1,1,1,1,0
4611,46.12,33.49945068359375,1.741524014462391,76,5,1,1,1,1,1,0
4612,46.13,33.40501022338867,2.055965667831641,76,5,1,1,1,1,1,0
4613,46.14,33.74139404296875,1.8929870583443165,76,5,1,1,1,1,1,0
4614,46.15,33.37632751464844,1.7773229506133716,76,5,1,1,1,1,1,0
4615,46.16,33.584983825683594,1.9246304097295772,76,5,1,1,1,1,1,0
4616,46.17,33.318336486816406,1.8052456802210997,76,5,1,1,1,1,1,0
4617,46.18,33.38188171386719,1.7628693443408285,76,5,1,1,1,1,1,0
4618,46.19,33.24281311035156,1.919639316701045,76,5,1,1,1,1,1,0
4619,46.2,33.52592468261719,1.789550970439849,76,5,1,1,1,1,1,0
4620,46.21,33.37496566772461,1.932071945339481,76,5,1,1,1,1,1,0
4621,46.22,33.380088806152344,1.9326162992703027,76,5,1,1,1,1,1,0
4622,46.23,33.369205474853516,1.7983885918851232,76,5,1,1,1,1,1,0
4623,46.24,33.81600570678711,1.7407501572448991,76,5,1,1,1,1,1,0
4624,46.25,33.76629638671875,1.8591684373520934,76,5,1,1,1,1,1,0
4625,46.26,33.64512252807617,1.81585350378807,76,5,1,1,1,1,1,0
4626,46.27,33.68037033081055,1.8476459917319725,76,5,1,1,1,1,1,0
4627,46.28,33.80485916137695,1.8825019729071797,76,5,1,1,1,1,1,0
4628,46.29,33.78407669067383,2.134993250392029,76,5,1,1,1,1,1,0
4629,46.3,33.678977966308594,1.8814091948541802,76,5,1,1,1,1,1,0
4630,46.31,33.76130294799805,1.7425499771941648,76,5,1,1,1,1,1,0
4631,46.32,33.677467346191406,1.829019167351472,76,5,1,1,1,1,1,0
4632,46.33,33.46790313720703,1.878588992267665,76,5,1,1,1,1,1,0
4633,46.34,33.65517044067383,1.9702302540653356,76,5,1,1,1,1,1,0
4634,46.35,33.572757720947266,1.8290168209836455,76,5,1,1,1,1,1,0
4635,46.36,33.52117919921875,1.9932628010986266,76,5,1,1,1,1,1,0
4636,46.37,33.53362274169922,1.6653529080136773,76,5,1,1,1,1,1,0
4637,46.38,33.34756088256836,1.8362441989581473,76,5,1,1,1,1,1,0
4638,46.39,33.25811767578125,2.0040440559350334,76,5,1,1,1,1,1,0
4639,46.4,33.324310302734375,1.8660712120031095,76,5,1,1,1,1,1,0
4640,46.41,33.62124252319336,1.9376833405463232,76,5,1,1,1,1,1,0
4641,46.42,33.200111389160156,1.9075162306518028,76,5,1,1,1,1,1,0
4642,46.43,33.21139907836914,2.0209161995905682,76,5,1,1,1,1,1,0
4643,46.44,33.2560920715332,1.8886498512481302,76,5,1,1,1,1,1,0
4644,46.45,33.41746520996094,1.8169751486480188,76,5,1,1,1,1,1,0
4645,46.46,33.656471252441406,1.9435316239698495,76,5,1,1,1,1,1,0
4646,46.47,33.381439208984375,1.7858351365721723,76,5,1,1,1,1,1,0
4647,46.48,33.38405990600586,1.795777931068295,76,5,1,1,1,1,1,0
4648,46.49,33.39118957519531,1.7881264976141786,76,5,1,1,1,1,1,0
4649,46.5,33.68002700805664,1.7992767729140338,76,5,1,1,1,1,1,0
4650,46.51,33.55967330932617,1.8810132652280187,76,5,1,1,1,1,1,0
4651,46.52,33.3474235534668,1.9251443062827487,76,5,1,1,1,1,1,0
4652,46.53,33.32088851928711,2.1506062966674615,76,5,1,1,1,1,1,0
4653,46.54,33.37042236328125,1.868530748861095,76,5,1,1,1,1,1,0
4654,46.55,33.36903762817383,1.8860817223330106,76,5,1,1,1,1,1,0
4655,46.56,33.50190734863281,2.0171517564428316,76,5,1,1,1,1,1,0
4656,46.57,33.3620719909668,1.9387117218041148,76,5,1,1,1,1,1,0
4657,46.58,33.25933837890625,1.8491599638880598,76,5,1,1,1,1,1,0
4658,46.59,33.223731994628906,1.9456878512821365,76,5,1,1,1,1,1,0
4659,46.6,33.05181121826172,1.8999732511552743,76,5,1,1,1,1,1,0
4660,46.61,32.99995422363281,1.86268594067663,76,5,1,1,1,1,1,0
4661,46.62,33.31364822387695,1.9377113898488432,76,5,1,1,1,1,1,0
4662,46.63,33.24620056152344,2.0160853868050554,76,5,1,1,1,1,1,0
4663,46.64,33.146541595458984,1.8619932491546545,76,5,1,1,1,1,1,0
4664,46.65,33.05662155151367,2.011446062378224,76,5,1,1,1,1,1,0
4665,46.66,33.33035659790039,2.1204935053689704,76,5,1,1,1,1,1,0
4666,46.67,33.10089874267578,1.8684990172014622,76,5,1,1,1,1,1,0
4667,46.68,33.02994155883789,1.9194258157223283,76,5,1,1,1,1,1,0
4668,46.69,33.11008834838867,1.8756582234985155,76,5,1,1,1,1,1,0
4669,46.7,33.02635192871094,2.211971169594669,76,5,1,1,1,1,1,0
4670,46.71,33.12775421142578,1.812569581278451,76,5,1,1,1,1,1,0
4671,46.72,33.02431106567383,1.995398902888791,76,5,1,1,1,1,1,0
4672,46.73,33.471717834472656,1.843422252635575,76,5,1,1,1,1,1,0
4673,46.74,33.18094253540039,1.8630379435313114,76,5,1,1,1,1,1,0
4674,46.75,33.274391174316406,1.7936338248714836,76,5,1,1,1,1,1,0
4675,46.76,33.285762786865234,1.7919023951538409,76,5,1,1,1,1,1,0
4676,46.77,33.254695892333984,2.035806124501629,76,5,1,1,1,1,1,0
4677,46.78,33.10493469238281,1.8799476705585474,76,5,1,1,1,1,1,0
4678,46.79,33.184112548828125,1.8894943424762336,76,5,1,1,1,1,1,0
4679,46.8,33.05891036987305,1.8259807461829352,76,5,1,1,1,1,1,0
4680,46.81,33.144630432128906,1.8053828142623671,76,5,1,1,1,1,1,0
4681,46.82,33.2769889831543,1.9695935003261253,76,5,1,1,1,1,1,0
4682,46.83,33.1446533203125,1.6919255590019215,76,5,1,1,1,1,1,0
4683,46.84,33.22266387939453,2.1311723411044965,76,5,1,1,1,1,1,0
4684,46.85,33.182823181152344,2.212982339644635,76,5,1,1,1,1,1,0
4685,46.86,33.52555847167969,1.9321225301777751,76,5,1,1,1,1,1,0
4686,46.87,33.528038024902344,1.6643925284363836,76,5,1,1,1,1,1,0
4687,46.88,33.398372650146484,1.96086398409197,76,5,1,1,1,1,1,0
4688,46.89,33.68667984008789,1.9073030326618443,76,5,1,1,1,1,1,0
4689,46.9,33.63475036621094,1.7314442906691685,76,5,1,1,1,1,1,0
4690,46.91,33.544151306152344,1.8749113716047685,76,5,1,1,1,1,1,0
4691,46.92,33.6541862487793,1.9565538979421258,76,5,1,1,1,1,1,0
4692,46.93,33.66619110107422,2.013078954606845,76,5,1,1,1,1,1,0
4693,46.94,33.424686431884766,2.0368093634024937,76,5,1,1,1,1,1,0
4694,46.95,33.35759353637695,2.0371318970520003,76,5,1,1,1,1,1,0
4695,46.96,33.437347412109375,2.1369336400803847,76,5,1,1,1,1,1,0
4696,46.97,33.3316764831543,2.235222593831941,76,5,1,1,1,1,1,0
4697,46.98,33.19966506958008,1.8693624884761861,76,5,1,1,1,1,1,0
4698,46.99,33.04093933105469,2.078077117049218,76,5,1,1,1,1,1,0
4699,47.0,33.15646743774414,1.9677428289383347,76,5,1,1,1,1,1,0
4700,47.01,33.242679595947266,2.051341411603109,76,5,1,1,1,1,1,0
4701,47.02,33.110618591308594,1.837116123510432,76,5,1,1,1,1,1,0
4702,47.03,33.65953063964844,1.7765405997858401,76,5,1,1,1,1,1,0
4703,47.04,33.658485412597656,1.8057964142480125,76,5,1,1,1,1,1,0
4704,47.05,33.39424514770508,1.8690658357590841,76,5,1,1,1,1,1,0
4705,47.06,33.35717010498047,1.9209071996393063,76,5,1,1,1,1,1,0
4706,47.07,33.4307861328125,1.973578779493657,76,5,1,1,1,1,1,0
4707,47.08,33.502960205078125,1.8171696749188528,76,5,1,1,1,1,1,0
4708,47.09,33.72464370727539,1.9169996342440574,76,5,1,1,1,1,1,0
4709,47.1,33.5070686340332,2.0800267966103925,76,5,1,1,1,1,1,0
4710,47.11,33.00592041015625,1.8674873296594945,76,5,1,1,1,1,1,0
4711,47.12,33.319000244140625,1.6996770646308166,76,5,1,1,1,1,1,0
4712,47.13,33.36723709106445,1.9066426825812068,76,5,1,1,1,1,1,0
4713,47.14,33.38016891479492,1.773889968455705,76,5,1,1,1,1,1,0
4714,47.15,33.42898178100586,1.7632044672398957,76,5,1,1,1,1,1,0
4715,47.16,33.45106887817383,1.7563021480195435,76,5,1,1,1,1,1,0
4716,47.17,33.16848373413086,1.9598910414513047,76,5,1,1,1,1,1,0
4717,47.18,33.195682525634766,1.7723427960894622,76,5,1,1,1,1,1,0
4718,47.19,33.0361328125,1.8838566849843816,76,5,1,1,1,1,1,0
4719,47.2,33.141265869140625,1.8739579066313803,76,5,1,1,1,1,1,0
4720,47.21,33.63690948486328,1.9234875360824697,76,5,1,1,1,1,1,0
4721,47.22,33.282615661621094,1.9264765368376704,76,5,1,1,1,1,1,0
4722,47.23,33.171913146972656,1.7984992209197892,76,5,1,1,1,1,1,0
4723,47.24,32.964054107666016,1.773044279441849,76,5,1,1,1,1,1,0
4724,47.25,32.99953079223633,1.9425775374640626,76,4,0,1,1,1,1,0
4725,47.26,33.318912506103516,1.824009531969298,76,4,0,1,1,1,1,0
4726,47.27,33.37356185913086,1.9547349380402057,76,4,0,1,1,1,1,0
4727,47.28,33.293724060058594,2.134921657021902,76,5,1,1,1,1,1,0
4728,47.29,33.217063903808594,1.9809314841003738,76,4,0,1,1,1,1,0
4729,47.3,33.04457473754883,1.8566122216746854,76,5,1,1,1,1,1,0
4730,47.31,33.4527473449707,1.9274864598118593,76,5,1,1,1,1,1,0
4731,47.32,33.44358825683594,1.9434540963219338,76,5,1,1,1,1,1,0
4732,47.33,33.28063201904297,1.7443914101162437,76,4,0,1,1,1,1,0
4733,47.34,33.457237243652344,1.8089778108698829,76,4,0,1,1,1,1,0
4734,47.35,33.486026763916016,1.9347398150425024,76,4,0,1,1,1,1,0
4735,47.36,33.41096115112305,1.964946233973832,76,5,1,1,1,1,1,0
4736,47.37,33.67900848388672,1.9103401368552229,76,5,1,1,1,1,1,0
4737,47.38,33.716007232666016,1.8488955426954885,76,5,1,1,1,1,1,0
4738,47.39,33.561214447021484,1.987233355986774,76,5,1,1,1,1,1,0
4739,47.4,33.48619842529297,1.9082167316639085,76,5,1,1,1,1,1,0
4740,47.41,33.25358581542969,1.8699223744026854,76,5,1,1,1,1,1,0
4741,47.42,33.615535736083984,1.8007249915043113,76,5,1,1,1,1,1,0
4742,47.43,33.38090515136719,1.8865309939902108,76,5,1,1,1,1,1,0
4743,47.44,33.21733474731445,1.9610939095184556,76,5,1,1,1,1,1,0
4744,47.45,33.406436920166016,2.01330816535633,76,5,1,1,1,1,1,0
4745,47.46,33.53736114501953,2.090988034803078,76,5,1,1,1,1,1,0
4746,47.47,33.07514953613281,1.714956697872449,76,5,1,1,1,1,1,0
4747,47.48,33.427650451660156,1.920516373821014,76,5,1,1,1,1,1,0
4748,47.49,32.92282485961914,1.8179740378067166,76,5,1,1,1,1,1,0
4749,47.5,33.13574981689453,1.7392486116486816,76,5,1,1,1,1,1,0
4750,47.51,33.09215545654297,1.7895827590310434,76,5,1,1,1,1,1,0
4751,47.52,33.257015228271484,2.1392549847298175,76,4,0,1,1,1,1,0
4752,47.53,33.41741180419922,1.879918952171087,76,5,1,1,1,1,1,0
4753,47.54,33.40750503540039,1.6816659496529367,76,5,1,1,1,1,1,0
4754,47.55,33.689781188964844,1.8934354369527588,76,4,0,1,1,1,1,0
4755,47.56,33.598140716552734,1.9259025831785397,76,4,0,1,1,1,1,0
4756,47.57,33.5570182800293,1.9883823448886324,76,5,1,1,1,1,1,0
4757,47.58,33.36009979248047,1.8321819617546171,76,4,0,1,1,1,1,0
4758,47.59,33.4446907043457,2.0354139847139607,76,4,0,1,1,1,1,0
4759,47.6,33.60281753540039,1.7206361539130552,76,4,0,1,1,1,1,0
4760,47.61,33.6544075012207,1.7728164162445899,76,4,0,1,1,1,1,0
4761,47.62,33.4990119934082,1.6147162163930657,76,4,0,1,1,1,1,0
4762,47.63,33.431182861328125,1.6302506480080348,76,4,0,1,1,1,1,0
4763,47.64,33.36155700683594,1.6774673717998054,76,4,0,1,1,1,1,0
4764,47.65,33.547630310058594,1.8230114179709689,76,4,0,1,1,1,1,0
4765,47.66,33.55606460571289,1.6516955288832524,76,5,1,1,1,1,1,0
4766,47.67,33.488128662109375,1.4608571397570203,76,4,0,1,1,1,1,0
4767,47.68,33.37660598754883,1.6807127467024872,76,5,1,1,1,1,1,0
4768,47.69,33.225093841552734,1.7560216155287167,76,4,0,1,1,1,1,0
4769,47.7,33.22917556762695,1.8012451442944892,76,4,0,1,1,1,1,0
4770,47.71,33.30821990966797,1.8380910757086562,76,5,1,1,1,1,1,0
4771,47.72,33.090179443359375,1.5659177678979463,76,4,0,1,1,1,1,0
4772,47.73,33.35325622558594,1.9393523010101088,76,4,0,1,1,1,1,0
4773,47.74,33.018455505371094,1.6080160553288536,76,4,0,1,1,1,1,0
4774,47.75,33.03841018676758,1.8238998123692765,76,4,0,1,1,1,1,0
4775,47.76,33.23366165161133,1.8483504476847459,76,4,0,1,1,1,1,0
4776,47.77,33.140357971191406,1.7399693567548729,76,4,0,1,1,1,1,0
4777,47.78,33.26717758178711,1.8343939239361933,76,4,0,1,1,1,1,0
4778,47.79,33.29669952392578,1.643224632175758,76,4,0,1,1,1,1,0
4779,47.8,33.44705581665039,1.6001278616508563,76,4,0,1,1,1,1,0
4780,47.81,33.2972526550293,1.9368534297968303,76,4,0,1,1,1,1,0
4781,47.82,33.52772521972656,1.859325902060458,76,4,0,1,1,1,1,0
4782,47.83,33.31200408935547,1.705367830501628,76,4,0,1,1,1,1,0
4783,47.84,33.35315704345703,1.766489594909063,76,4,0,1,1,1,1,0
4784,47.85,33.35057067871094,1.6508198535800236,76,4,0,1,1,1,1,0
4785,47.86,33.465049743652344,1.7911188944350993,76,4,0,1,1,1,1,0
4786,47.87,33.67561340332031,1.907797526785381,76,4,0,1,1,1,1,0
4787,47.88,33.30931854248047,1.7118987133043677,76,4,0,1,1,1,1,0
4788,47.89,33.33476257324219,1.7399172305306234,76,4,0,1,1,1,1,0
4789,47.9,33.39344787597656,1.8228005369474016,76,4,0,1,1,1,1,0
4790,47.91,33.43290328979492,1.9647139440596337,76,4,0,1,1,1,1,0
4791,47.92,33.526634216308594,1.6473256108579917,76,4,0,1,1,1,1,0
4792,47.93,33.3604850769043,1.5727667116895454,76,4,0,1,1,1,1,0
4793,47.94,33.44757080078125,1.6349025508337705,76,4,0,1,1,1,1,0
4794,47.95,33.70509338378906,1.707163858913923,76,4,0,1,1,1,1,0
4795,47.96,33.589759826660156,1.8982594904350236,76,4,0,1,1,1,1,0
4796,47.97,33.666019439697266,1.8061316614200817,76,4,0,1,1,1,1,0
4797,47.98,33.61625289916992,2.2091819650893427,76,4,0,1,1,1,1,0
4798,47.99,33.64150619506836,1.967611320479187,76,4,0,1,1,1,1,0
4799,48.0,33.67959976196289,1.8946233241191721,76,4,0,1,1,1,1,0
4800,48.01,33.7748908996582,1.9500025235704617,76,4,0,1,1,1,1,0
4801,48.02,33.974327087402344,2.0901661667187215,76,4,0,1,1,1,1,0
4802,48.03,33.567161560058594,1.9854187884709615,76,4,0,1,1,1,1,0
4803,48.04,33.66566848754883,1.9373700403764684,76,4,0,1,1,1,1,0
4804,48.05,33.51766586303711,1.8604547039180905,76,4,0,1,1,1,1,0
4805,48.06,33.748146057128906,2.191439754370658,76,5,1,1,1,1,1,0
4806,48.07,33.77543258666992,1.974085141531435,76,4,0,1,1,1,1,0
4807,48.08,33.51835250854492,2.0074609204000047,76,4,0,1,1,1,1,0
4808,48.09,33.635772705078125,2.0397556794411122,76,4,0,1,1,1,1,0
4809,48.1,33.66183853149414,1.8601324054841977,76,5,1,1,1,1,1,0
4810,48.11,33.58428955078125,1.9538152241349158,76,4,0,1,1,1,1,0
4811,48.12,33.34872055053711,1.9238251522841214,76,4,0,1,1,1,1,0
4812,48.13,33.08659362792969,2.0655206544086013,76,4,0,1,1,1,1,0
4813,48.14,33.64271545410156,1.9342702004944872,76,4,0,1,1,1,1,0
4814,48.15,33.445194244384766,1.7828346843535765,76,4,0,1,1,1,1,0
4815,48.16,33.09363555908203,1.9130054255887525,76,4,0,1,1,1,1,0
4816,48.17,33.411415100097656,1.9424221181300245,76,4,0,1,1,1,1,0
4817,48.18,33.262916564941406,1.8080654533574985,76,4,0,1,1,1,1,0
4818,48.19,33.20149612426758,2.072728457683582,76,4,0,1,1,1,1,0
4819,48.2,33.360618591308594,1.9582115187958555,76,4,0,1,1,1,1,0
4820,48.21,33.3912239074707,1.9927342195633275,76,4,0,1,1,1,1,0
4821,48.22,33.545902252197266,1.8685252264637524,76,5,1,1,1,1,1,0
4822,48.23,33.66871643066406,2.015336183288757,76,4,0,1,1,1,1,0
4823,48.24,33.11454391479492,1.960844757836595,76,4,0,1,1,1,1,0
4824,48.25,33.49510955810547,2.0284695637518078,76,4,0,1,1,1,1,0
4825,48.26,33.34742736816406,2.1083832636944124,76,4,0,1,1,1,1,0
4826,48.27,33.7218132019043,2.166490889521846,76,4,0,1,1,1,1,0
4827,48.28,33.72661209106445,2.2886008120210124,76,4,0,1,1,1,1,0
4828,48.29,33.424774169921875,1.733147410085749,76,4,0,1,1,1,1,0
4829,48.3,33.72724151611328,1.8576346372001478,76,5,1,1,1,1,1,0
4830,48.31,33.75196075439453,2.0522697916286146,76,4,0,1,1,1,1,0
4831,48.32,33.40317153930664,2.0208443212400216,76,4,0,1,1,1,1,0
4832,48.33,33.6591682434082,1.830434476213558,76,4,0,1,1,1,1,0
4833,48.34,33.55031204223633,1.7641140494761185,76,5,1,1,1,1,1,0
4834,48.35,33.53165817260742,1.7598569573469443,76,4,0,1,1,1,1,0
4835,48.36,33.32111740112305,1.8709106374105047,76,4,0,1,1,1,1,0
4836,48.37,33.622676849365234,2.163536899592313,76,4,0,1,1,1,1,0
4837,48.38,33.53900146484375,1.9298225487363057,76,4,0,1,1,1,1,0
4838,48.39,33.58897018432617,1.8642376083517624,76,4,0,1,1,1,1,0
4839,48.4,33.607566833496094,2.034746062924731,76,4,0,1,1,1,1,0
4840,48.41,33.9381103515625,2.1739132065856426,76,4,0,1,1,1,1,0
4841,48.42,33.85513687133789,2.1638823170852413,76,5,1,1,1,1,1,0
4842,48.43,33.483734130859375,2.103545016335483,76,4,0,1,1,1,1,0
4843,48.44,33.430660247802734,1.8327287018686682,76,5,1,1,1,1,1,0
4844,48.45,33.1496696472168,2.1756175642582227,76,5,1,1,1,1,1,0
4845,48.46,32.938228607177734,1.8759814537513042,76,5,1,1,1,1,1,0
4846,48.47,33.03377914428711,2.0501219624826956,76,5,1,1,1,1,1,0
4847,48.48,33.086971282958984,2.104115466937537,76,5,1,1,1,1,1,0
4848,48.49,33.49212646484375,2.177634822557,76,5,1,1,1,1,1,0
4849,48.5,33.0820426940918,2.0778387982989646,76,5,1,1,1,1,1,0
4850,48.51,33.24285125732422,1.8409236894939578,76,5,1,1,1,1,1,0
4851,48.52,33.45642852783203,1.9377280107840114,76,5,1,1,1,1,1,0
4852,48.53,33.49601745605469,1.9138958074742938,76,5,1,1,1,1,1,0
4853,48.54,33.35572814941406,1.8694625000486649,76,4,0,1,1,1,1,0
4854,48.55,33.33302307128906,1.8659338871626545,76,5,1,1,1,1,1,0
4855,48.56,33.27604293823242,1.8918245242431504,76,4,0,1,1,1,1,0
4856,48.57,33.214664459228516,1.7906994438827868,76,5,1,1,1,1,1,0
4857,48.58,33.23948287963867,1.9921125292403816,76,4,0,1,1,1,1,0
4858,48.59,33.153831481933594,1.888645084494603,76,5,1,1,1,1,1,0
4859,48.6,33.30339813232422,1.7394814641691163,76,4,0,1,1,1,1,0
4860,48.61,33.39426040649414,1.9896002424536965,76,5,1,1,1,1,1,0
4861,48.62,33.33274841308594,1.8163969472453356,76,5,1,1,1,1,1,0
4862,48.63,33.481815338134766,1.9271519395494257,76,5,1,1,1,1,1,0
4863,48.64,33.03778839111328,1.764995362715272,76,5,1,1,1,1,1,0
4864,48.65,33.42209243774414,1.8601385167613702,76,5,1,1,1,1,1,0
4865,48.66,33.816993713378906,1.7648551444980982,76,5,1,1,1,1,1,0
4866,48.67,33.87739562988281,1.9943453907538264,76,5,1,1,1,1,1,0
4867,48.68,33.77387237548828,1.6627998877794334,76,4,0,1,1,1,1,0
4868,48.69,33.65140914916992,1.9377577622773423,76,4,0,1,1,1,1,0
4869,48.7,33.43657684326172,2.0785766367838727,76,5,1,1,1,1,1,0
4870,48.71,33.80482864379883,1.8733893407638373,76,4,0,1,1,1,1,0
4871,48.72,33.46867752075195,1.7709053215734512,76,5,1,1,1,1,1,0
4872,48.73,33.31617736816406,2.016279684895845,76,4,0,1,1,1,1,0
4873,48.74,33.265480041503906,2.125745443125921,76,4,0,1,1,1,1,0
4874,48.75,33.185665130615234,1.7650521514390338,76,4,0,1,1,1,1,0
4875,48.76,33.05585861206055,1.9461495163733842,76,4,0,1,1,1,1,0
4876,48.77,33.360530853271484,2.052360555584445,76,4,0,1,1,1,1,0
4877,48.78,33.0754508972168,1.9146577622024556,76,5,1,1,1,1,1,0
4878,48.79,32.95469284057617,1.8362492471404679,76,5,1,1,1,1,1,0
4879,48.8,33.358394622802734,2.2042195703249114,76,4,0,1,1,1,1,0
4880,48.81,33.12400436401367,1.9461192855235347,76,4,0,1,1,1,1,0
4881,48.82,33.502952575683594,1.7225847544006314,76,5,1,1,1,1,1,0
4882,48.83,33.43567657470703,1.9548395193436578,76,4,0,1,1,1,1,0
4883,48.84,33.10029220581055,2.0371349493645403,76,5,1,1,1,1,1,0
4884,48.85,33.23298263549805,1.8174189549271098,76,5,1,1,1,1,1,0
4885,48.86,33.782264709472656,2.122127440784105,76,5,1,1,1,1,1,0
4886,48.87,33.55909729003906,1.8645651711886295,76,4,0,1,1,1,1,0
4887,48.88,33.759822845458984,2.0071394155531967,76,5,1,1,1,1,1,0
4888,48.89,33.5377082824707,1.915438020578462,76,4,0,1,1,1,1,0
4889,48.9,33.48659133911133,1.9302892928736453,76,4,0,1,1,1,1,0
4890,48.91,33.44065475463867,1.8418723784074884,76,4,0,1,1,1,1,0
4891,48.92,33.568206787109375,1.8781953420670388,76,4,0,1,1,1,1,0
4892,48.93,33.511653900146484,1.9689801437380923,76,4,0,1,1,1,1,0
4893,48.94,33.41222381591797,1.8938056197382143,76,4,0,1,1,1,1,0
4894,48.95,33.60310363769531,1.9006554326403506,76,4,0,1,1,1,1,0
4895,48.96,33.85708236694336,2.0506850766164972,76,3,0,0,1,1,1,0
4896,48.97,33.9685173034668,2.2729886933566363,76,4,0,1,1,1,1,0
4897,48.98,33.61833572387695,1.9670780762004143,76,4,0,1,1,1,1,0
4898,48.99,33.70856475830078,1.8675373658963146,76,4,0,1,1,1,1,0
4899,49.0,33.97465133666992,1.9889203686493047,76,4,0,1,1,1,1,0
4900,49.01,33.83176040649414,2.0324634206200343,76,4,0,1,1,1,1,0
4901,49.02,33.72471618652344,1.959238587622623,76,4,0,1,1,1,1,0
4902,49.03,34.07280731201172,2.1104296755754084,76,4,0,1,1,1,1,0
4903,49.04,34.17144012451172,2.0505824814416336,76,4,0,1,1,1,1,0
4904,49.05,33.95859146118164,2.124971553838707,76,4,0,1,1,1,1,0
4905,49.06,33.955509185791016,1.9444513365935663,76,4,0,1,1,1,1,0
4906,49.07,34.095481872558594,1.9785109610239056,76,4,0,1,1,1,1,0
4907,49.08,33.71646499633789,2.0907639008320436,76,3,0,0,1,1,1,0
4908,49.09,33.57472229003906,2.139948058895001,76,5,1,1,1,1,1,0
4909,49.1,33.769989013671875,2.1520889105919,76,4,0,1,1,1,1,0
4910,49.11,33.762672424316406,1.9016767214954924,76,4,0,1,1,1,1,0
4911,49.12,33.511146545410156,1.7938187289562475,76,4,0,1,1,1,1,0
4912,49.13,33.73438262939453,1.8849671742979002,76,4,0,1,1,1,1,0
4913,49.14,34.006229400634766,1.829019959904226,76,4,0,1,1,1,1,0
4914,49.15,33.985469818115234,2.0667095185276723,76,4,0,1,1,1,1,0
4915,49.16,33.31538391113281,2.034430332545674,76,5,1,1,1,1,1,0
4916,49.17,33.56476974487305,1.8533769870464591,76,4,0,1,1,1,1,0
4917,49.18,33.96803283691406,2.1294610601607586,76,4,0,1,1,1,1,0
4918,49.19,33.61380386352539,1.8495423083820233,76,4,0,1,1,1,1,0
4919,49.2,33.50890350341797,2.009201091074142,76,4,0,1,1,1,1,0
4920,49.21,33.522621154785156,1.9651005610105987,76,4,0,1,1,1,1,0
4921,49.22,33.65672302246094,1.925123772151838,76,4,0,1,1,1,1,0
4922,49.23,33.7755012512207,2.055943453031671,76,4,0,1,1,1,1,0
4923,49.24,34.08819580078125,2.2698430253292226,76,4,1,0,1,1,1,0
4924,49.25,33.78775405883789,1.8351583669317049,76,5,1,1,1,1,1,0
4925,49.26,33.91223907470703,1.9313463754691154,76,5,1,1,1,1,1,0
4926,49.27,34.048770904541016,1.912507072102984,76,3,0,0,1,1,1,0
4927,49.28,33.88507843017578,1.9174489828577432,76,3,0,0,1,1,1,0
4928,49.29,33.96668243408203,2.240736946411523,76,4,0,1,1,1,1,0
4929,49.3,33.70799255371094,1.8027196353019692,76,4,0,1,1,1,1,0
4930,49.31,33.76463317871094,2.0441129593404046,76,4,0,1,1,1,1,0
4931,49.32,33.60979461669922,1.9062252528007988,76,4,0,1,1,1,1,0
4932,49.33,33.459144592285156,2.071207643305047,76,3,0,0,1,1,1,0
4933,49.34,33.54670333862305,2.161871341072582,76,4,0,1,1,1,1,0
4934,49.35,33.4008674621582,2.032364973438577,76,4,0,1,1,1,1,0
4935,49.36,33.86209487915039,1.9849709842619212,76,4,0,1,1,1,1,0
4936,49.37,34.08282470703125,2.0800190572665818,76,4,0,1,1,1,1,0
4937,49.38,33.70101547241211,1.8905303574287062,76,4,0,1,1,1,1,0
4938,49.39,33.947654724121094,1.9970233830840718,76,3,0,0,1,1,1,0
4939,49.4,33.66129684448242,1.8692513902432621,76,4,0,1,1,1,1,0
4940,49.41,33.877342224121094,2.200476714071574,76,3,0,0,1,1,1,0
4941,49.42,34.22625732421875,2.202135121911783,76,3,0,0,1,1,1,0
4942,49.43,34.32320785522461,2.2255352345282144,76,3,0,0,1,1,1,0
4943,49.44,34.337646484375,2.13227744262184,76,3,0,0,1,1,1,0
4944,49.45,34.275840759277344,2.3329162860791515,76,3,0,0,1,1,1,0
4945,49.46,33.96491241455078,1.9767905037738547,76,3,0,0,1,1,1,0
4946,49.47,34.11684799194336,1.7946014548510407,76,3,0,0,1,1,1,0
4947,49.48,33.726593017578125,2.020048368649633,76,3,0,0,1,1,1,0
4948,49.49,33.799110412597656,1.9629331983901908,76,3,0,0,1,1,1,0
4949,49.5,33.700626373291016,1.834831999280904,76,3,0,0,1,1,1,0
4950,49.51,33.63227081298828,2.115342888075828,76,4,0,1,1,1,1,0
4951,49.52,33.554691314697266,1.9079077200689885,76,3,0,0,1,1,1,0
4952,49.53,33.55018615722656,2.007807933332474,76,3,0,0,1,1,1,0
4953,49.54,33.45870590209961,1.8165332919603194,76,3,0,0,1,1,1,0
4954,49.55,33.573734283447266,2.190342605483128,76,4,0,1,1,1,1,0
4955,49.56,33.927001953125,2.0099721635314522,76,3,0,0,1,1,1,0
4956,49.57,33.98836898803711,2.0319690343979793,76,3,0,0,1,1,1,0
4957,49.58,33.898555755615234,1.9671523263764554,76,4,0,1,1,1,1,0
4958,49.59,33.667015075683594,1.9255371248070634,76,3,0,0,1,1,1,0
4959,49.6,33.58717727661133,1.9786130999275493,76,3,0,0,1,1,1,0
4960,49.61,33.466636657714844,1.843042167498308,76,3,0,0,1,1,1,0
4961,49.62,33.32954025268555,1.9876110056547762,76,4,0,1,1,1,1,0
4962,49.63,33.30546188354492,1.734615603037488,76,4,0,1,1,1,1,0
4963,49.64,33.54413604736328,1.9834096584755125,76,4,0,1,1,1,1,0
4964,49.65,33.74952697753906,2.1954085631556137,76,4,0,1,1,1,1,0
4965,49.66,33.50782775878906,1.9874566991296325,76,3,0,0,1,1,1,0
4966,49.67,33.387603759765625,1.9138195708452945,76,4,0,1,1,1,1,0
4967,49.68,33.196266174316406,1.8922487797164222,76,4,0,1,1,1,1,0
4968,49.69,33.257938385009766,1.8487835653289681,76,4,0,1,1,1,1,0
4969,49.7,33.25326919555664,1.8901301626780884,76,4,0,1,1,1,1,0
4970,49.71,33.28892135620117,1.7720651043215239,76,3,0,0,1,1,1,0
4971,49.72,33.38505172729492,2.0240077562808545,76,3,0,0,1,1,1,0
4972,49.73,33.20389938354492,1.9572689733756026,76,3,0,0,1,1,1,0
4973,49.74,33.229915618896484,2.2104723478249633,76,3,0,0,1,1,1,0
4974,49.75,33.04584503173828,1.9115159223358753,76,3,0,0,1,1,1,0
4975,49.76,33.186920166015625,1.9063281330077084,76,3,0,0,1,1,1,0
4976,49.77,33.253028869628906,1.8860791941420414,76,4,0,1,1,1,1,0
4977,49.78,33.459999084472656,2.011763845070381,76,3,0,0,1,1,1,0
4978,49.79,33.619815826416016,1.7869224560840213,76,4,0,1,1,1,1,0
4979,49.8,33.75094223022461,2.009327912581467,76,4,0,1,1,1,1,0
4980,49.81,33.44794845581055,2.0987112701334083,76,4,0,1,1,1,1,0
4981,49.82,33.24847412109375,1.9710146077558117,76,4,0,1,1,1,1,0
4982,49.83,33.40385437011719,2.090309953112997,76,4,0,1,1,1,1,0
4983,49.84,33.27679443359375,1.8581107687008687,76,3,0,0,1,1,1,0
4984,49.85,33.621761322021484,1.9385814907884202,76,3,0,0,1,1,1,0
4985,49.86,33.49808883666992,1.758661017431258,76,3,0,0,1,1,1,0
4986,49.87,33.53496551513672,1.9411539716109811,76,3,0,0,1,1,1,0
4987,49.88,33.623321533203125,2.2023787625760316,76,3,0,0,1,1,1,0
4988,49.89,33.82617950439453,1.9858465662031233,76,3,0,0,1,1,1,0
4989,49.9,33.827457427978516,1.8939360493858566,76,3,0,0,1,1,1,0
4990,49.91,34.04465866088867,2.020052173818633,76,3,0,0,1,1,1,0
4991,49.92,33.84836959838867,2.1574773889395527,76,4,0,1,1,1,1,0
4992,49.93,34.224491119384766,2.036323937751391,76,3,0,0,1,1,1,0
4993,49.94,34.00714874267578,2.0483376989940205,76,3,0,0,1,1,1,0
4994,49.95,33.96919631958008,2.1218132426719007,76,3,0,0,1,1,1,0
4995,49.96,33.75006866455078,2.0193288356687438,76,3,0,0,1,1,1,0
4996,49.97,33.78546142578125,2.1358815916054277,76,3,0,0,1,1,1,0
4997,49.98,33.91157913208008,1.7682747901989457,76,3,0,0,1,1,1,0
4998,49.99,33.99876022338867,1.9191152099639486,76,3,0,0,1,1,1,0
4999,50.0,33.82562255859375,2.2222019382821525,76,3,0,0,1,1,1,0
5000,50.01,33.56668472290039,1.9082508214499323,76,3,0,0,1,1,1,0
5001,50.02,34.01000213623047,2.152814803573127,76,4,0,1,1,1,1,0
5002,50.03,34.03347396850586,2.0602435514311503,76,3,0,0,1,1,1,0
5003,50.04,34.07692337036133,1.9870054953716023,76,4,0,1,1,1,1,0
5004,50.05,34.00901794433594,1.7238298617228778,76,3,0,0,1,1,1,0
5005,50.06,34.119842529296875,2.1450909113020584,76,3,0,0,1,1,1,0
5006,50.07,34.07346725463867,1.9464340877584907,76,3,0,0,1,1,1,0
5007,50.08,34.13515090942383,1.9209601338201803,76,3,0,0,1,1,1,0
5008,50.09,33.705997467041016,2.0859091502400484,76,3,0,0,1,1,1,0
5009,50.1,33.787742614746094,1.8230176327147718,76,3,0,0,1,1,1,0
5010,50.11,34.18317413330078,1.903970169891693,76,3,0,0,1,1,1,0
5011,50.12,34.33884811401367,2.073717494769747,76,4,0,1,1,1,1,0
5012,50.13,34.602088928222656,1.9276934282047702,76,3,0,0,1,1,1,0
5013,50.14,34.69598388671875,2.049148349172248,76,3,0,0,1,1,1,0
5014,50.15,34.71763610839844,2.0799267491870297,76,3,0,0,1,1,1,0
5015,50.16,34.71010971069336,1.8177731130648511,76,3,0,0,1,1,1,0
5016,50.17,34.60317611694336,1.7210150274240046,76,3,0,0,1,1,1,0
5017,50.18,34.87982940673828,1.8834534721693421,76,3,0,0,1,1,1,0
5018,50.19,34.88413619995117,1.8154089365685917,76,3,0,0,1,1,1,0
5019,50.2,34.822059631347656,1.7769100544029583,76,3,0,0,1,1,1,0
5020,50.21,34.940181732177734,1.9061507106298234,76,3,0,0,1,1,1,0
5021,50.22,35.00517654418945,2.4900986433612826,76,3,0,0,1,1,1,0
5022,50.23,34.6810417175293,1.9117764712824912,76,3,0,0,1,1,1,0
5023,50.24,34.65013885498047,2.169171538534583,76,3,0,0,1,1,1,0
5024,50.25,34.40479278564453,2.1691267543580146,76,3,0,0,1,1,1,0
5025,50.26,35.12884521484375,2.348488278753451,76,3,0,0,1,1,1,0
5026,50.27,34.88725662231445,2.164003079058979,76,3,0,0,1,1,1,0
5027,50.28,34.62832260131836,1.9703287274596077,76,3,0,0,1,1,1,0
5028,50.29,34.25556945800781,2.0608948617623795,76,3,0,0,1,1,1,0
5029,50.3,34.24415588378906,1.9960733976511658,76,3,0,0,1,1,1,0
5030,50.31,34.197364807128906,2.0592489321485568,76,3,0,0,1,1,1,0
5031,50.32,34.066558837890625,1.9211245668826218,76,3,0,0,1,1,1,0
5032,50.33,34.300682067871094,2.1196948202490806,76,3,0,0,1,1,1,0
5033,50.34,33.973854064941406,1.7892191832330497,76,4,0,1,1,1,1,0
5034,50.35,33.874263763427734,1.9071171599656391,76,3,0,0,1,1,1,0
5035,50.36,33.87847900390625,1.9042562167170725,76,3,0,0,1,1,1,0
5036,50.37,33.857425689697266,1.8005542664761112,76,3,0,0,1,1,1,0
5037,50.38,34.08784103393555,1.9987190478075192,76,3,0,0,1,1,1,0
5038,50.39,34.04718017578125,1.9652231337308825,76,3,0,0,1,1,1,0
5039,50.4,34.210914611816406,1.8987639540622847,76,3,0,0,1,1,1,0
5040,50.41,33.92790603637695,1.915307461841459,76,3,0,0,1,1,1,0
5041,50.42,34.37533950805664,2.117974752027657,76,3,0,0,1,1,1,0
5042,50.43,34.207611083984375,1.8012422217264619,76,3,0,0,1,1,1,0
5043,50.44,34.09601593017578,1.7781204467145648,76,3,0,0,1,1,1,0
5044,50.45,34.021827697753906,1.9854977707695793,76,3,0,0,1,1,1,0
5045,50.46,34.37227249145508,2.1370048625874674,76,3,0,0,1,1,1,0
5046,50.47,34.094329833984375,1.7825247657221859,76,3,0,0,1,1,1,0
5047,50.48,34.03901672363281,2.151948170751895,76,3,0,0,1,1,1,0
5048,50.49,34.08979034423828,1.7077697290808354,76,3,0,0,1,1,1,0
5049,50.5,33.97193908691406,1.967946842940079,76,3,0,0,1,1,1,0
5050,50.51,33.85877227783203,1.8401384384535948,76,3,0,0,1,1,1,0
5051,50.52,33.7562141418457,1.9477155181831003,76,3,0,0,1,1,1,0
5052,50.53,33.79481506347656,1.9117551750057964,76,3,0,0,1,1,1,0
5053,50.54,33.958534240722656,1.9250226890959445,76,3,0,0,1,1,1,0
5054,50.55,33.867122650146484,1.9695747466555653,76,3,0,0,1,1,1,0
5055,50.56,34.0497932434082,1.7533144376747394,76,3,0,0,1,1,1,0
5056,50.57,33.86098861694336,1.698794701040451,76,3,0,0,1,1,1,0
5057,50.58,34.00631332397461,2.019036621922852,76,3,0,0,1,1,1,0
5058,50.59,34.03119659423828,1.9533571674522072,76,3,0,0,1,1,1,0
5059,50.6,33.73554611206055,1.9327996112392112,76,4,0,1,1,1,1,0
5060,50.61,34.25389862060547,1.766947096442599,76,3,0,0,1,1,1,0
5061,50.62,34.230712890625,1.982244566430983,76,4,0,1,1,1,1,0
5062,50.63,34.012020111083984,1.9823699854680294,76,3,0,0,1,1,1,0
5063,50.64,33.733642578125,1.8762970855352077,76,3,0,0,1,1,1,0
5064,50.65,33.932430267333984,2.088300371981694,76,3,0,0,1,1,1,0
5065,50.66,33.675357818603516,2.0308430339123205,76,3,0,0,1,1,1,0
5066,50.67,33.584041595458984,1.9423219647866103,76,3,0,0,1,1,1,0
5067,50.68,33.83744812011719,1.8243038925620858,76,3,0,0,1,1,1,0
5068,50.69,33.69649124145508,1.9593368249179361,76,3,0,0,1,1,1,0
5069,50.7,33.69072723388672,2.071859281409612,76,3,0,0,1,1,1,0
5070,50.71,33.81752395629883,2.0415942600877215,76,3,0,0,1,1,1,0
5071,50.72,33.57533264160156,2.13218505322997,76,3,0,0,1,1,1,0
5072,50.73,33.58254623413086,1.8662565736390766,76,3,0,0,1,1,1,0
5073,50.74,33.731781005859375,2.018470518269945,76,4,0,1,1,1,1,0
5074,50.75,33.68467330932617,2.045410440385848,76,3,0,0,1,1,1,0
5075,50.76,33.77863693237305,2.026282015160934,76,3,0,0,1,1,1,0
5076,50.77,33.737674713134766,2.1458350161033413,76,3,0,0,1,1,1,0
5077,50.78,33.946109771728516,2.0706266713351096,76,3,0,0,1,1,1,0
5078,50.79,33.754798889160156,1.7592005249077778,76,3,0,0,1,1,1,0
5079,50.8,33.8370361328125,1.7841803019831646,76,3,0,0,1,1,1,0
5080,50.81,33.67757797241211,1.9124099099948435,76,4,0,1,1,1,1,0
5081,50.82,33.67378616333008,2.0104250057197475,76,3,0,0,1,1,1,0
5082,50.83,33.78733444213867,2.018563860272094,76,4,0,1,1,1,1,0
5083,50.84,33.563331604003906,1.8983150053794988,76,3,0,0,1,1,1,0
5084,50.85,33.548011779785156,2.053997179366689,76,4,0,1,1,1,1,0
5085,50.86,33.5046501159668,1.9090838646836024,76,4,0,1,1,1,1,0
5086,50.87,33.81531524658203,1.627913701099115,76,3,0,0,1,1,1,0
5087,50.88,33.843631744384766,1.8895810489513614,76,4,0,1,1,1,1,0
5088,50.89,33.462406158447266,2.1339185919724577,76,4,0,1,1,1,1,0
5089,50.9,33.64555740356445,1.9484360888088874,76,4,0,1,1,1,1,0
5090,50.91,33.68311309814453,1.8609673656841685,76,4,0,1,1,1,1,0
5091,50.92,33.48511505126953,1.791484043679925,76,4,0,1,1,1,1,0
5092,50.93,33.6147346496582,2.0002710555603818,76,3,0,0,1,1,1,0
5093,50.94,33.54018020629883,1.975092802171436,76,4,0,1,1,1,1,0
5094,50.95,33.62165069580078,1.8095874801042757,76,4,0,1,1,1,1,0
5095,50.96,33.111141204833984,1.9645366489324108,76,3,0,0,1,1,1,0
5096,50.97,33.01036834716797,2.119548527859074,76,3,0,0,1,1,1,0
5097,50.98,33.09122848510742,2.145766184447996,76,4,0,1,1,1,1,0
5098,50.99,33.03036880493164,1.9759063526165142,76,4,0,1,1,1,1,0
5099,51.0,33.29051971435547,1.8195337964421152,76,3,0,0,1,1,1,0
5100,51.01,33.52605438232422,1.6821414868229694,76,3,0,0,1,1,1,0
5101,51.02,33.53883361816406,1.749793406492733,76,4,0,1,1,1,1,0
5102,51.03,33.45017623901367,1.715926754406226,76,4,0,1,1,1,1,0
5103,51.04,33.690311431884766,2.1601836910584273,76,4,0,1,1,1,1,0
5104,51.05,33.92192459106445,1.7818578707016952,76,3,0,0,1,1,1,0
5105,51.06,33.21702194213867,1.889156275138636,76,3,0,0,1,1,1,0
5106,51.07,33.53513717651367,1.8515975553925592,76,4,0,1,1,1,1,0
5107,51.08,33.73060607910156,1.8770720874802573,76,3,0,0,1,1,1,0
5108,51.09,33.888336181640625,1.8071545350186937,76,3,0,0,1,1,1,0
5109,51.1,33.76286315917969,1.7824448577929937,76,3,0,0,1,1,1,0
5110,51.11,33.70365524291992,1.7471446257548946,76,3,0,0,1,1,1,0
5111,51.12,33.852874755859375,2.1337532645025306,76,3,0,0,1,1,1,0
5112,51.13,34.07447052001953,1.9524868617701425,76,3,0,0,1,1,1,0
5113,51.14,33.97279357910156,1.9856777089397593,76,3,0,0,1,1,1,0
5114,51.15,33.765586853027344,1.718311984315881,76,3,0,0,1,1,1,0
5115,51.16,33.78037643432617,2.1164616801043366,76,3,0,0,1,1,1,0
5116,51.17,33.554901123046875,1.973075264930873,76,3,0,0,1,1,1,0
5117,51.18,33.91730499267578,1.913791011917148,76,3,0,0,1,1,1,0
5118,51.19,33.5530891418457,2.0120647366323765,76,3,0,0,1,1,1,0
5119,51.2,33.56242752075195,1.9751939107679124,76,3,0,0,1,1,1,0
5120,51.21,33.739742279052734,1.9672300835612253,76,3,0,0,1,1,1,0
5121,51.22,33.72348403930664,1.8664132359477261,76,3,0,0,1,1,1,0
5122,51.23,33.82337188720703,2.165798110283432,76,4,0,1,1,1,1,0
5123,51.24,33.8436164855957,2.01836456569675,76,4,0,1,1,1,1,0
5124,51.25,33.80350875854492,2.05002320960893,76,4,0,1,1,1,1,0
5125,51.26,33.8973274230957,2.0493881429017127,76,3,0,0,1,1,1,0
5126,51.27,33.732398986816406,1.8902349077920366,76,4,0,1,1,1,1,0
5127,51.28,33.69586944580078,1.796920811254452,76,3,0,0,1,1,1,0
5128,51.29,33.97502136230469,1.989897871613292,76,4,0,1,1,1,1,0
5129,51.3,33.91835403442383,1.7714976389758297,76,3,0,0,1,1,1,0
5130,51.31,34.153602600097656,2.0205746851184125,76,3,0,0,1,1,1,0
5131,51.32,33.870094299316406,2.0468478252958504,76,3,0,0,1,1,1,0
5132,51.33,33.95317840576172,2.1315984153252954,76,3,0,0,1,1,1,0
5133,51.34,33.82644271850586,1.7642310549421196,76,4,0,1,1,1,1,0
5134,51.35,33.50693893432617,1.8075668115871537,76,3,0,0,1,1,1,0
5135,51.36,33.84494400024414,2.2570356403101783,76,3,0,0,1,1,1,0
5136,51.37,33.8396110534668,1.9832340347076876,76,4,0,1,1,1,1,0
5137,51.38,33.309417724609375,1.9017384953834253,76,4,0,1,1,1,1,0
5138,51.39,33.27882766723633,1.6795546713590601,76,4,0,1,1,1,1,0
5139,51.4,33.3012580871582,1.7970549188128997,76,4,0,1,1,1,1,0
5140,51.41,33.42113494873047,1.896152276860305,76,4,0,1,1,1,1,0
5141,51.42,33.60459899902344,2.141144058451231,76,4,0,1,1,1,1,0
5142,51.43,33.44966125488281,1.8540219425089408,76,4,0,1,1,1,1,0
5143,51.44,33.37689971923828,2.1620841338445356,76,4,0,1,1,1,1,0
5144,51.45,33.661556243896484,2.1853186263798245,76,4,0,1,1,1,1,0
5145,51.46,33.948848724365234,1.9605061325286326,76,3,0,0,1,1,1,0
5146,51.47,33.894622802734375,2.064896801455433,76,4,0,1,1,1,1,0
5147,51.48,33.98721694946289,1.990727394623564,76,4,0,1,1,1,1,0
5148,51.49,33.57194519042969,2.197138342150983,76,4,0,1,1,1,1,0
5149,51.5,33.60890579223633,2.0749183885178737,76,3,0,0,1,1,1,0
5150,51.51,33.575435638427734,1.8957118051911586,76,4,0,1,1,1,1,0
5151,51.52,33.53623962402344,2.0911716064790706,76,4,0,1,1,1,1,0
5152,51.53,33.836368560791016,2.0002509303049307,76,4,0,1,1,1,1,0
5153,51.54,34.294124603271484,2.117499754274983,76,4,0,1,1,1,1,0
5154,51.55,33.7112922668457,1.995591544888872,76,4,0,1,1,1,1,0
5155,51.56,34.056270599365234,2.2409628440458897,76,4,0,1,1,1,1,0
5156,51.57,34.28788375854492,2.0848040123201774,76,4,0,1,1,1,1,0
5157,51.58,34.06327438354492,2.0061915012423013,76,4,0,1,1,1,1,0
5158,51.59,33.973731994628906,2.1458332383640477,76,4,0,1,1,1,1,0
5159,51.6,34.09543991088867,1.7007661166117978,76,5,1,1,1,1,1,0
5160,51.61,34.052757263183594,2.2139096857855347,76,4,0,1,1,1,1,0
5161,51.62,34.62363815307617,2.1955879998409285,76,4,0,1,1,1,1,0
5162,51.63,34.229557037353516,2.157241820695449,76,4,0,1,1,1,1,0
5163,51.64,34.39332962036133,2.2897383134766844,76,5,1,1,1,1,1,0
5164,51.65,34.11993408203125,1.823324915692837,76,4,0,1,1,1,1,0
5165,51.66,33.95283126831055,2.064388742196906,76,5,1,1,1,1,1,0
5166,51.67,34.133365631103516,1.8883309712066751,76,4,0,1,1,1,1,0
5167,51.68,34.23596954345703,2.0262806032008114,76,4,0,1,1,1,1,0
5168,51.69,33.78709030151367,1.9813667573968883,76,4,0,1,1,1,1,0
5169,51.7,33.87815475463867,1.9699178990436623,76,4,0,1,1,1,1,0
5170,51.71,33.72355270385742,1.9966427564285474,76,5,1,1,1,1,1,0
5171,51.72,33.865177154541016,2.004615508629253,76,5,1,1,1,1,1,0
5172,51.73,33.82494354248047,1.958724356111159,76,5,1,1,1,1,1,0
5173,51.74,33.81133270263672,1.9659850022631702,76,5,1,1,1,1,1,0
5174,51.75,33.727874755859375,1.9294816422975547,76,5,1,1,1,1,1,0
5175,51.76,34.035316467285156,1.996743996494569,76,5,1,1,1,1,1,0
5176,51.77,34.19674301147461,1.8702157908914063,76,5,1,1,1,1,1,0
5177,51.78,34.15639877319336,1.7485113829480916,76,5,1,1,1,1,1,0
5178,51.79,34.080482482910156,2.1318101947490127,76,4,0,1,1,1,1,0
5179,51.8,34.24041748046875,1.9023676365338211,76,4,0,1,1,1,1,0
5180,51.81,34.03734588623047,1.752628026365429,76,4,0,1,1,1,1,0
5181,51.82,34.41162109375,1.8847538341606773,76,4,0,1,1,1,1,0
5182,51.83,34.46305847167969,1.8058800206372756,76,5,1,1,1,1,1,0
5183,51.84,34.33869934082031,2.0253170814516754,76,4,0,1,1,1,1,0
5184,51.85,34.55311584472656,1.9549658379717862,76,5,1,1,1,1,1,0
5185,51.86,34.226654052734375,1.984845902545299,76,4,0,1,1,1,1,0
5186,51.87,34.72288131713867,1.983688461616682,76,4,0,1,1,1,1,0
5187,51.88,34.557037353515625,2.101572219862328,76,4,0,1,1,1,1,0
5188,51.89,34.47948455810547,1.9023409410372476,76,4,0,1,1,1,1,0
5189,51.9,34.4840202331543,1.983356486894296,76,4,0,1,1,1,1,0
5190,51.91,34.343421936035156,1.9399722229089804,76,4,0,1,1,1,1,0
5191,51.92,34.211265563964844,1.9429870591846927,76,4,0,1,1,1,1,0
5192,51.93,34.36408996582031,2.029235382400863,76,4,0,1,1,1,1,0
5193,51.94,34.07292175292969,1.9917048151565249,76,4,0,1,1,1,1,0
5194,51.95,34.208221435546875,1.9408809494440842,76,4,0,1,1,1,1,0
5195,51.96,34.71888732910156,2.3137380475053235,76,4,0,1,1,1,1,0
5196,51.97,34.56948471069336,1.9984209762538003,76,4,0,1,1,1,1,0
5197,51.98,34.53185272216797,2.2274661762723484,76,4,0,1,1,1,1,0
5198,51.99,34.49274826049805,1.7828016627883942,76,4,0,1,1,1,1,0
5199,52.0,34.2805290222168,2.08866396678718,76,4,0,1,1,1,1,0
5200,52.01,33.979248046875,2.025365101998812,76,4,0,1,1,1,1,0
5201,52.02,34.13804626464844,1.9751985072576046,76,4,0,1,1,1,1,0
5202,52.03,33.94459533691406,1.998226640716068,76,5,1,1,1,1,1,0
5203,52.04,34.047943115234375,1.8390857141897266,76,5,1,1,1,1,1,0
5204,52.05,33.888790130615234,1.9543521262278671,76,5,1,1,1,1,1,0
5205,52.06,33.7476692199707,1.967867854054162,76,5,1,1,1,1,1,0
5206,52.07,33.85637283325195,1.9072808664185357,76,4,0,1,1,1,1,0
5207,52.08,33.66075134277344,1.8263622828567607,76,5,1,1,1,1,1,0
5208,52.09,33.7226676940918,1.8417645825021332,76,5,1,1,1,1,1,0
5209,52.1,34.20604705810547,2.032483339513841,76,4,0,1,1,1,1,0
5210,52.11,34.18457794189453,1.9806550277609205,76,4,0,1,1,1,1,0
5211,52.12,33.895362854003906,1.768278155597339,76,4,0,1,1,1,1,0
5212,52.13,34.02864074707031,2.034773036671785,76,4,0,1,1,1,1,0
5213,52.14,34.02631378173828,1.8740559427782664,76,4,0,1,1,1,1,0
5214,52.15,33.75777816772461,1.7473663401268875,76,5,1,1,1,1,1,0
5215,52.16,33.45738983154297,1.9022883911359008,76,5,1,1,1,1,1,0
5216,52.17,33.34433364868164,2.174443578645344,76,5,1,1,1,1,1,0
5217,52.18,33.41819763183594,1.7531979873910921,76,4,0,1,1,1,1,0
5218,52.19,33.591529846191406,1.7858062931984997,76,5,1,1,1,1,1,0
5219,52.2,33.385009765625,2.032859526094956,76,5,1,1,1,1,1,0
5220,52.21,33.45072937011719,1.846216380364187,76,4,0,1,1,1,1,0
5221,52.22,33.29948425292969,1.8957070763258648,76,5,1,1,1,1,1,0
5222,52.23,33.27593994140625,1.9704587187425366,76,4,0,1,1,1,1,0
5223,52.24,33.11265182495117,2.0200479532095623,76,4,0,1,1,1,1,0
5224,52.25,33.22377014160156,2.1580977194331608,76,4,0,1,1,1,1,0
5225,52.26,33.32832717895508,1.92763988735767,76,4,0,1,1,1,1,0
5226,52.27,33.43489456176758,1.9942662232425223,76,4,0,1,1,1,1,0
5227,52.28,33.32321548461914,2.0998549696562785,76,4,0,1,1,1,1,0
5228,52.29,33.60142517089844,2.0909854715784952,76,4,0,1,1,1,1,0
5229,52.3,33.43941879272461,1.9581682216971428,76,4,0,1,1,1,1,0
5230,52.31,33.44203567504883,1.9092916890939116,76,4,0,1,1,1,1,0
5231,52.32,33.481746673583984,1.871177778160453,76,5,1,1,1,1,1,0
5232,52.33,33.550941467285156,1.8212385386012124,76,4,0,1,1,1,1,0
5233,52.34,33.43302917480469,1.9525619891666544,76,5,1,1,1,1,1,0
5234,52.35,33.582820892333984,1.9004497549965877,76,5,1,1,1,1,1,0
5235,52.36,33.442745208740234,1.9562728851373417,76,5,1,1,1,1,1,0
5236,52.37,33.63560485839844,2.0148683278802575,76,5,1,1,1,1,1,0
5237,52.38,33.31435775756836,1.7959123151514202,76,5,1,1,1,1,1,0
5238,52.39,33.25648498535156,1.9733716362217633,76,5,1,1,1,1,1,0
5239,52.4,32.955772399902344,1.8401357849514115,76,5,1,1,1,1,1,0
5240,52.41,32.91656494140625,1.785972810551445,76,5,1,1,1,1,1,0
5241,52.42,32.98221969604492,1.8348579721869134,76,5,1,1,1,1,1,0
5242,52.43,33.23543930053711,1.9466094846497386,76,5,1,1,1,1,1,0
5243,52.44,33.211246490478516,1.9830750594212612,76,5,1,1,1,1,1,0
5244,52.45,33.09705352783203,1.8732335062459275,76,4,0,1,1,1,1,0
5245,52.46,33.05010223388672,1.9535077624995507,76,4,0,1,1,1,1,0
5246,52.47,33.137813568115234,1.757266720832192,76,4,0,1,1,1,1,0
5247,52.48,33.14175796508789,2.0227433466391953,76,4,0,1,1,1,1,0
5248,52.49,33.58624267578125,1.8889666983299087,76,4,0,1,1,1,1,0
5249,52.5,33.40327453613281,1.9161931906784242,76,4,0,1,1,1,1,0
5250,52.51,33.61029052734375,1.907699864877674,76,4,0,1,1,1,1,0
5251,52.52,33.631587982177734,2.067218492899511,76,4,0,1,1,1,1,0
5252,52.53,33.74037170410156,1.9113660103881724,76,4,0,1,1,1,1,0
5253,52.54,33.37492752075195,1.8601598912977881,76,4,0,1,1,1,1,0
5254,52.55,33.463314056396484,1.9846696562457007,76,4,0,1,1,1,1,0
5255,52.56,33.42154312133789,1.976106300034232,76,5,1,1,1,1,1,0
5256,52.57,33.526737213134766,2.0023469376397083,76,4,0,1,1,1,1,0
5257,52.58,33.52471923828125,1.9176558609051948,76,4,0,1,1,1,1,0
5258,52.59,33.44646072387695,2.0508773801900175,76,4,0,1,1,1,1,0
5259,52.6,33.655582427978516,2.0441880410121365,76,4,0,1,1,1,1,0
5260,52.61,33.51805877685547,1.8504341333726877,76,4,0,1,1,1,1,0
5261,52.62,33.45622253417969,1.850540857395849,76,4,0,1,1,1,1,0
5262,52.63,33.3046760559082,1.8521838558099997,76,4,0,1,1,1,1,0
5263,52.64,33.20714569091797,1.9577784626496644,76,4,0,1,1,1,1,0
5264,52.65,33.37592697143555,1.7788457561379218,76,4,0,1,1,1,1,0
5265,52.66,33.291255950927734,1.9360041533870864,76,5,1,1,1,1,1,0
5266,52.67,33.46952819824219,1.879599605707881,76,5,1,1,1,1,1,0
5267,52.68,33.54365539550781,1.8438567865054583,76,4,0,1,1,1,1,0
5268,52.69,33.4200553894043,1.8240605308134785,76,4,0,1,1,1,1,0
5269,52.7,33.72327423095703,1.9685775020633387,76,4,0,1,1,1,1,0
5270,52.71,33.520389556884766,2.0506060193050253,76,4,0,1,1,1,1,0
5271,52.72,33.614681243896484,1.84650819248227,76,4,0,1,1,1,1,0
5272,52.73,33.32527160644531,1.802614587547582,76,4,0,1,1,1,1,0
5273,52.74,33.48582077026367,1.8106897420384198,76,4,0,1,1,1,1,0
5274,52.75,33.27631759643555,1.9464317163574945,76,4,0,1,1,1,1,0
5275,52.76,33.92119598388672,1.8722765482987023,76,4,0,1,1,1,1,0
5276,52.77,33.69792175292969,1.7247870431641397,76,4,0,1,1,1,1,0
5277,52.78,33.291770935058594,1.7961359315679362,76,4,0,1,1,1,1,0
5278,52.79,33.14384460449219,1.8702663864319162,76,4,0,1,1,1,1,0
5279,52.8,33.534244537353516,2.010198103996509,76,4,0,1,1,1,1,0
5280,52.81,33.26237106323242,1.7620731723256946,76,4,0,1,1,1,1,0
5281,52.82,33.078182220458984,1.9091904671296391,76,4,0,1,1,1,1,0
5282,52.83,33.37353515625,1.7196788026632381,76,4,0,1,1,1,1,0
5283,52.84,33.37702178955078,1.8255409438204977,76,4,0,1,1,1,1,0
5284,52.85,33.349369049072266,1.9424491367058316,76,4,0,1,1,1,1,0
5285,52.86,33.63374710083008,1.7329754206553456,76,4,0,1,1,1,1,0
5286,52.87,33.23377990722656,1.9130094137527172,76,4,0,1,1,1,1,0
5287,52.88,33.219207763671875,1.7808402660680414,76,4,0,1,1,1,1,0
5288,52.89,33.34441375732422,1.9233824499651446,76,4,0,1,1,1,1,0
5289,52.9,33.57020950317383,1.880290335294584,76,4,0,1,1,1,1,0
5290,52.91,33.553897857666016,1.8619363439328405,76,4,0,1,1,1,1,0
5291,52.92,33.59728240966797,1.8324572361756444,76,4,0,1,1,1,1,0
5292,52.93,33.63561248779297,1.7358287140349282,76,4,0,1,1,1,1,0
5293,52.94,33.74311828613281,1.8732306145256508,76,4,0,1,1,1,1,0
5294,52.95,33.4732551574707,1.9124304808965578,76,4,0,1,1,1,1,0
5295,52.96,33.529727935791016,1.8296429929026634,76,4,0,1,1,1,1,0
5296,52.97,33.725242614746094,1.946505970183075,76,4,0,1,1,1,1,0
5297,52.98,33.55774688720703,2.184607776908703,76,4,0,1,1,1,1,0
5298,52.99,33.83938217163086,1.9144387042764042,76,4,0,1,1,1,1,0
5299,53.0,33.71206283569336,1.9106314992289999,76,4,0,1,1,1,1,0
5300,53.01,33.39751434326172,1.899077727694963,76,4,0,1,1,1,1,0
5301,53.02,33.693668365478516,1.8686356227422938,76,4,0,1,1,1,1,0
5302,53.03,33.66611099243164,2.016084989452062,76,4,0,1,1,1,1,0
5303,53.04,33.54129409790039,1.9797664655014755,76,4,0,1,1,1,1,0
5304,53.05,33.82065200805664,2.1627077819195137,76,4,0,1,1,1,1,0
5305,53.06,33.604637145996094,1.9573710221569391,76,4,0,1,1,1,1,0
5306,53.07,33.82087326049805,2.066885828689524,76,4,0,1,1,1,1,0
5307,53.08,33.70424270629883,1.838068448328812,76,5,1,1,1,1,1,0
5308,53.09,33.4091796875,1.997273636884683,76,5,1,1,1,1,1,0
5309,53.1,33.12635040283203,1.8871405382250792,76,5,1,1,1,1,1,0
5310,53.11,33.2116813659668,1.827457683195375,76,5,1,1,1,1,1,0
5311,53.12,33.61162185668945,2.0545055245596417,76,5,1,1,1,1,1,0
5312,53.13,33.72697067260742,2.1108098310227335,76,5,1,1,1,1,1,0
5313,53.14,33.70889663696289,1.8336030054764183,76,5,1,1,1,1,1,0
5314,53.15,33.8247184753418,1.923172320014651,76,5,1,1,1,1,1,0
5315,53.16,33.541595458984375,2.0277546368411152,76,5,1,1,1,1,1,0
5316,53.17,33.67935562133789,1.794247208978589,76,5,1,1,1,1,1,0
5317,53.18,33.385215759277344,1.9701292586173065,76,5,1,1,1,1,1,0
5318,53.19,33.48528289794922,1.9144200678530363,76,5,1,1,1,1,1,0
5319,53.2,33.236942291259766,1.9647366467215697,76,5,1,1,1,1,1,0
5320,53.21,32.96980667114258,1.9813678548125702,76,5,1,1,1,1,1,0
5321,53.22,33.135128021240234,1.99344553072724,76,5,1,1,1,1,1,0
5322,53.23,33.20818328857422,1.7934578411135258,76,5,1,1,1,1,1,0
5323,53.24,33.242916107177734,2.006342446563013,76,5,1,1,1,1,1,0
5324,53.25,32.74477005004883,1.908816273366514,76,5,1,1,1,1,1,0
5325,53.26,32.919063568115234,1.943506494909028,76,5,1,1,1,1,1,0
5326,53.27,32.9759407043457,1.9368528487814611,76,5,1,1,1,1,1,0
5327,53.28,33.423500061035156,1.8985565444728045,76,5,1,1,1,1,1,0
5328,53.29,33.27164077758789,2.046194774931645,76,5,1,1,1,1,1,0
5329,53.3,33.13291549682617,2.035710368726782,76,5,1,1,1,1,1,0
5330,53.31,33.269920349121094,1.8193651613858297,76,5,1,1,1,1,1,0
5331,53.32,33.381980895996094,2.0200199991228147,76,5,1,1,1,1,1,0
5332,53.33,33.20941162109375,2.0476576494551018,76,5,1,1,1,1,1,0
5333,53.34,33.257694244384766,1.7242081993786147,76,5,1,1,1,1,1,0
5334,53.35,33.26715850830078,1.9116737844965814,76,5,1,1,1,1,1,0
5335,53.36,33.61516189575195,1.9062286948121332,76,5,1,1,1,1,1,0
5336,53.37,33.55451965332031,1.9137893874053011,76,5,1,1,1,1,1,0
5337,53.38,33.5633544921875,1.96415157182423,76,5,1,1,1,1,1,0
5338,53.39,33.70125961303711,1.9492077185340753,76,5,1,1,1,1,1,0
5339,53.4,33.565303802490234,1.935713181084668,76,5,1,1,1,1,1,0
5340,53.41,33.611305236816406,1.8142786699743316,76,5,1,1,1,1,1,0
5341,53.42,33.35020446777344,1.7609258349740655,76,4,0,1,1,1,1,0
5342,53.43,33.27505111694336,1.6369141813579584,76,5,1,1,1,1,1,0
5343,53.44,33.168766021728516,1.7527716167455853,76,4,0,1,1,1,1,0
5344,53.45,33.55715560913086,1.8337381748710826,76,5,1,1,1,1,1,0
5345,53.46,33.215087890625,1.7727968504928993,76,5,1,1,1,1,1,0
5346,53.47,33.19987106323242,1.8965534938585593,76,5,1,1,1,1,1,0
5347,53.48,33.233646392822266,1.9213065927109636,76,5,1,1,1,1,1,0
5348,53.49,33.18183135986328,2.0299017159875055,76,5,1,1,1,1,1,0
5349,53.5,33.29907989501953,1.8945425668182103,76,5,1,1,1,1,1,0
5350,53.51,33.3284797668457,1.6555990254115078,76,5,1,1,1,1,1,0
5351,53.52,33.56117248535156,1.8282810405214098,76,5,1,1,1,1,1,0
5352,53.53,32.81016540527344,1.7382253089938502,76,5,1,1,1,1,1,0
5353,53.54,32.82856750488281,1.9171354899927937,76,5,1,1,1,1,1,0
5354,53.55,32.713905334472656,1.8815373413121432,76,5,1,1,1,1,1,0
5355,53.56,33.00249099731445,1.9085021619990588,76,5,1,1,1,1,1,0
5356,53.57,33.02499771118164,1.8683924206277165,76,5,1,1,1,1,1,0
5357,53.58,33.015235900878906,1.8406859549972132,76,5,1,1,1,1,1,0
5358,53.59,32.768558502197266,1.8951784848034894,76,5,1,1,1,1,1,0
5359,53.6,32.9854736328125,1.8815438493698275,76,5,1,1,1,1,1,0
5360,53.61,33.41001510620117,2.0229393246892657,76,5,1,1,1,1,1,0
5361,53.62,33.17900085449219,1.889283795164927,76,5,1,1,1,1,1,0
5362,53.63,33.169281005859375,1.9654238768405392,76,5,1,1,1,1,1,0
5363,53.64,33.26073455810547,1.9382704318174757,76,5,1,1,1,1,1,0
5364,53.65,33.20184326171875,1.7742925965553258,76,5,1,1,1,1,1,0
5365,53.66,33.43672180175781,1.7853296021580884,76,5,1,1,1,1,1,0
5366,53.67,33.486305236816406,2.0488044281883853,76,5,1,1,1,1,1,0
5367,53.68,33.10932159423828,1.8317433775892331,76,5,1,1,1,1,1,0
5368,53.69,33.3697509765625,1.9843609293792424,76,5,1,1,1,1,1,0
5369,53.7,33.177127838134766,1.8304382066418956,76,5,1,1,1,1,1,0
5370,53.71,33.07562255859375,2.0014173055984306,76,5,1,1,1,1,1,0
5371,53.72,33.0380973815918,1.9194352161904744,76,5,1,1,1,1,1,0
5372,53.73,32.96311950683594,1.8133078345278304,76,5,1,1,1,1,1,0
5373,53.74,33.390228271484375,1.894017074238588,76,5,1,1,1,1,1,0
5374,53.75,33.68811798095703,1.8890505817027772,76,5,1,1,1,1,1,0
5375,53.76,33.82370376586914,1.7356531001241113,76,5,1,1,1,1,1,0
5376,53.77,33.55186080932617,1.8343656985105625,76,5,1,1,1,1,1,0
5377,53.78,33.32410430908203,1.9052278517630272,76,5,1,1,1,1,1,0
5378,53.79,33.05463790893555,1.8039119486516253,76,5,1,1,1,1,1,0
5379,53.8,33.47277069091797,1.6949947926505362,76,5,1,1,1,1,1,0
5380,53.81,33.7623405456543,1.8762982850604906,76,5,1,1,1,1,1,0
5381,53.82,33.35269546508789,2.0647730882347153,76,5,1,1,1,1,1,0
5382,53.83,33.35684585571289,1.8149638190776511,76,5,1,1,1,1,1,0
5383,53.84,33.45394515991211,1.8696239844131346,76,5,1,1,1,1,1,0
5384,53.85,33.09886169433594,1.8270202825415252,76,5,1,1,1,1,1,0
5385,53.86,33.4677619934082,1.8917968935534148,76,5,1,1,1,1,1,0
5386,53.87,33.41209030151367,1.78207601547451,76,5,1,1,1,1,1,0
5387,53.88,33.2448616027832,1.9202633478585114,76,5,1,1,1,1,1,0
5388,53.89,33.249977111816406,1.7222420154695155,76,5,1,1,1,1,1,0
5389,53.9,33.36524963378906,1.9992776878667657,76,5,1,1,1,1,1,0
5390,53.91,33.31951141357422,1.9654520445700012,76,5,1,1,1,1,1,0
5391,53.92,33.60304260253906,1.8252941105721066,76,5,1,1,1,1,1,0
5392,53.93,33.99702072143555,1.7861135493945643,76,5,1,1,1,1,1,0
5393,53.94,33.93455123901367,1.997050341055091,76,5,1,1,1,1,1,0
5394,53.95,33.973602294921875,2.056843489227804,76,5,1,1,1,1,1,0
5395,53.96,33.779972076416016,2.1144763401086983,76,5,1,1,1,1,1,0
5396,53.97,33.37633514404297,1.8149653323780894,76,5,1,1,1,1,1,0
5397,53.98,33.55780029296875,1.8420078625556908,76,5,1,1,1,1,1,0
5398,53.99,33.74671936035156,2.0023497857841877,76,5,1,1,1,1,1,0
5399,54.0,34.017974853515625,1.743039845021623,76,5,1,1,1,1,1,0
5400,54.01,33.849143981933594,1.741175451390483,76,5,1,1,1,1,1,0
5401,54.02,33.85895919799805,2.0100758066783384,76,5,1,1,1,1,1,0
5402,54.03,33.96677780151367,1.8072386273890488,76,5,1,1,1,1,1,0
5403,54.04,34.13985061645508,2.033078382355067,76,5,1,1,1,1,1,0
5404,54.05,33.92885971069336,1.8878609460208295,76,5,1,1,1,1,1,0
5405,54.06,34.13919448852539,1.9328003612260147,76,5,1,1,1,1,1,0
5406,54.07,33.968475341796875,1.8044661339485057,76,5,1,1,1,1,1,0
5407,54.08,34.15758514404297,1.9019465307461296,76,5,1,1,1,1,1,0
5408,54.09,34.17415237426758,1.8923824714335131,76,5,1,1,1,1,1,0
5409,54.1,33.83715057373047,1.938529490390457,76,5,1,1,1,1,1,0
5410,54.11,33.69087600708008,1.9519480102083362,76,5,1,1,1,1,1,0
5411,54.12,33.86607360839844,1.7879027328848327,76,5,1,1,1,1,1,0
5412,54.13,34.0130500793457,1.8399486211186924,76,5,1,1,1,1,1,0
5413,54.14,34.03416061401367,2.1191983503096807,76,5,1,1,1,1,1,0
5414,54.15,33.690975189208984,2.1953154248215685,76,5,1,1,1,1,1,0
5415,54.16,33.73837661743164,1.9447658007564976,76,5,1,1,1,1,1,0
5416,54.17,33.587589263916016,1.9876813989788489,76,5,1,1,1,1,1,0
5417,54.18,34.15536880493164,1.9649191850000403,76,5,1,1,1,1,1,0
5418,54.19,33.91957092285156,1.8098892447841979,76,5,1,1,1,1,1,0
5419,54.2,34.31826400756836,1.909389729120503,76,5,1,1,1,1,1,0
5420,54.21,34.0765266418457,1.9595385993250867,76,5,1,1,1,1,1,0
5421,54.22,34.172096252441406,1.8949672404264821,76,5,1,1,1,1,1,0
5422,54.23,33.95957565307617,1.9669543196685806,76,5,1,1,1,1,1,0
5423,54.24,34.47080993652344,1.7755579279584977,76,5,1,1,1,1,1,0
5424,54.25,34.23335266113281,1.8614242974252597,76,5,1,1,1,1,1,0
5425,54.26,33.99222183227539,2.0359288435832834,76,5,1,1,1,1,1,0
5426,54.27,33.69590759277344,1.7430145173948752,76,5,1,1,1,1,1,0
5427,54.28,33.810638427734375,1.728119700426399,76,5,1,1,1,1,1,0
5428,54.29,34.05731201171875,1.9091579526492728,76,5,1,1,1,1,1,0
5429,54.3,34.142391204833984,1.9407949427460103,76,5,1,1,1,1,1,0
5430,54.31,34.13672637939453,1.870132816924179,76,5,1,1,1,1,1,0
5431,54.32,33.615203857421875,1.7537103697694836,76,5,1,1,1,1,1,0
5432,54.33,33.800567626953125,1.8703464786825523,76,5,1,1,1,1,1,0
5433,54.34,33.84310531616211,1.9779087690787143,76,5,1,1,1,1,1,0
5434,54.35,33.961151123046875,1.9248355745743446,76,5,1,1,1,1,1,0
5435,54.36,33.942386627197266,2.207034737979957,76,5,1,1,1,1,1,0
5436,54.37,33.96027755737305,1.997428961159919,76,5,1,1,1,1,1,0
5437,54.38,33.50466537475586,1.7996068224183204,76,5,1,1,1,1,1,0
5438,54.39,33.578731536865234,1.9927838292621656,76,5,1,1,1,1,1,0
5439,54.4,33.56751251220703,1.8673236687089356,76,5,1,1,1,1,1,0
5440,54.41,33.34977340698242,1.7940749744782662,76,5,1,1,1,1,1,0
5441,54.42,33.799217224121094,1.8462410566968024,76,5,1,1,1,1,1,0
5442,54.43,33.62615966796875,1.8251922222126151,76,5,1,1,1,1,1,0
5443,54.44,33.43434524536133,1.9989048568798864,76,5,1,1,1,1,1,0
5444,54.45,33.33907699584961,1.7974915679903485,76,5,1,1,1,1,1,0
5445,54.46,33.35963439941406,2.212373113582496,76,5,1,1,1,1,1,0
5446,54.47,33.564208984375,1.822169177009604,76,5,1,1,1,1,1,0
5447,54.48,33.354331970214844,1.9433485882253958,76,5,1,1,1,1,1,0
5448,54.49,33.59405517578125,1.834692232276204,76,5,1,1,1,1,1,0
5449,54.5,33.535400390625,2.0862661952847232,76,5,1,1,1,1,1,0
5450,54.51,33.321537017822266,1.8578745456032293,76,5,1,1,1,1,1,0
5451,54.52,33.545536041259766,2.0626203711331916,76,5,1,1,1,1,1,0
5452,54.53,33.18004608154297,1.7918960724540094,76,5,1,1,1,1,1,0
5453,54.54,33.423583984375,1.9706856277109905,76,5,1,1,1,1,1,0
5454,54.55,33.15176010131836,1.9072729261098251,76,5,1,1,1,1,1,0
5455,54.56,33.257110595703125,1.7424679733276676,76,5,1,1,1,1,1,0
5456,54.57,33.18939208984375,1.8661724015764325,76,5,1,1,1,1,1,0
5457,54.58,33.4307746887207,1.8445830348086913,76,5,1,1,1,1,1,0
5458,54.59,33.685821533203125,1.7701382534571826,76,5,1,1,1,1,1,0
5459,54.6,33.58543395996094,1.882925208963404,76,5,1,1,1,1,1,0
5460,54.61,33.795387268066406,1.8689303332435427,76,5,1,1,1,1,1,0
5461,54.62,33.74636459350586,1.9872592182328412,76,5,1,1,1,1,1,0
5462,54.63,33.826690673828125,1.9101802073868872,76,5,1,1,1,1,1,0
5463,54.64,33.62458419799805,1.8384841256029616,76,5,1,1,1,1,1,0
5464,54.65,33.747459411621094,1.9394101998365627,76,5,1,1,1,1,1,0
5465,54.66,33.854103088378906,2.0427708160309113,76,5,1,1,1,1,1,0
5466,54.67,33.773597717285156,2.0849222921633124,76,5,1,1,1,1,1,0
5467,54.68,33.688758850097656,1.8178292812912487,76,5,1,1,1,1,1,0
5468,54.69,33.98780059814453,1.9482787970459032,76,5,1,1,1,1,1,0
5469,54.7,33.634334564208984,2.1252940133071068,76,5,1,1,1,1,1,0
5470,54.71,33.99114990234375,1.9617845741091386,76,5,1,1,1,1,1,0
5471,54.72,33.83306121826172,1.9079585356965028,76,5,1,1,1,1,1,0
5472,54.73,33.91585159301758,1.8072107588673105,76,5,1,1,1,1,1,0
5473,54.74,33.92374038696289,1.9921370164440553,76,5,1,1,1,1,1,0
5474,54.75,33.66611099243164,2.1322955972088495,76,5,1,1,1,1,1,0
5475,54.76,33.72172164916992,2.052953023789434,76,5,1,1,1,1,1,0
5476,54.77,33.54464340209961,1.6524511609976147,76,5,1,1,1,1,1,0
5477,54.78,33.594478607177734,1.7295644641909715,76,5,1,1,1,1,1,0
5478,54.79,33.64651870727539,2.092605691701544,76,5,1,1,1,1,1,0
5479,54.8,33.450660705566406,2.0179464602113435,76,5,1,1,1,1,1,0
5480,54.81,33.52128601074219,1.814005852193583,76,5,1,1,1,1,1,0
5481,54.82,33.45960235595703,1.894257187814421,76,5,1,1,1,1,1,0
5482,54.83,33.30181884765625,1.7487378212913873,76,5,1,1,1,1,1,0
5483,54.84,33.55316925048828,2.1358375293079996,76,5,1,1,1,1,1,0
5484,54.85,33.55636215209961,1.8064944941028866,76,5,1,1,1,1,1,0
5485,54.86,33.645320892333984,1.7457625734686153,76,5,1,1,1,1,1,0
5486,54.87,33.63249588012695,2.11579898325317,76,5,1,1,1,1,1,0
5487,54.88,33.74127960205078,2.149443998622817,76,5,1,1,1,1,1,0
5488,54.89,33.471641540527344,2.1013527093888364,76,5,1,1,1,1,1,0
5489,54.9,33.68172836303711,2.1616636361642456,76,5,1,1,1,1,1,0
5490,54.91,33.6995849609375,1.9655771377683644,76,5,1,1,1,1,1,0
5491,54.92,33.92218017578125,1.875125241586565,76,5,1,1,1,1,1,0
5492,54.93,33.674198150634766,1.7926803187465084,76,5,1,1,1,1,1,0
5493,54.94,33.64388656616211,1.8074519888470402,76,5,1,1,1,1,1,0
5494,54.95,33.40510177612305,1.9079827933837916,76,5,1,1,1,1,1,0
5495,54.96,33.22743225097656,1.8765142331286975,76,5,1,1,1,1,1,0
5496,54.97,33.248172760009766,1.9664501758268165,76,5,1,1,1,1,1,0
5497,54.98,33.2546272277832,1.7881822530902916,76,5,1,1,1,1,1,0
5498,54.99,33.33714294433594,1.727597718851244,76,5,1,1,1,1,1,0
5499,55.0,33.47355651855469,1.7456801523599899,76,5,1,1,1,1,1,0
5500,55.01,33.43948745727539,1.79969774295781,76,5,1,1,1,1,1,0
5501,55.02,33.89446258544922,1.8450175330539555,76,5,1,1,1,1,1,0
5502,55.03,33.55217361450195,1.9227341893199097,76,5,1,1,1,1,1,0
5503,55.04,33.70405197143555,1.9403891556566977,76,5,1,1,1,1,1,0
5504,55.05,33.382545471191406,1.7072231522955341,76,5,1,1,1,1,1,0
5505,55.06,33.59521484375,1.866624595222027,76,5,1,1,1,1,1,0
5506,55.07,33.5870361328125,1.8286894511249416,76,5,1,1,1,1,1,0
5507,55.08,33.761714935302734,2.042863103748126,76,5,1,1,1,1,1,0
5508,55.09,33.34504699707031,1.9089530911726755,76,5,1,1,1,1,1,0
5509,55.1,33.665225982666016,1.9101029437230712,76,5,1,1,1,1,1,0
5510,55.11,33.74412536621094,1.908531229791124,76,5,1,1,1,1,1,0
5511,55.12,33.799434661865234,1.8668109951642506,76,5,1,1,1,1,1,0
5512,55.13,33.709327697753906,2.129531386141789,76,5,1,1,1,1,1,0
5513,55.14,33.71833038330078,2.0594662991616524,76,5,1,1,1,1,1,0
5514,55.15,33.69948196411133,1.718020541227983,76,5,1,1,1,1,1,0
5515,55.16,33.65918731689453,1.7592628456844708,76,5,1,1,1,1,1,0
5516,55.17,33.05568313598633,1.908873799428342,76,5,1,1,1,1,1,0
5517,55.18,33.480342864990234,1.99173312833502,76,5,1,1,1,1,1,0
5518,55.19,33.555519104003906,2.1396052493809385,76,5,1,1,1,1,1,0
5519,55.2,33.472633361816406,2.009454346421106,76,5,1,1,1,1,1,0
5520,55.21,33.63410186767578,2.0279279851239247,76,5,1,1,1,1,1,0
5521,55.22,33.475589752197266,1.7504870529366683,76,5,1,1,1,1,1,0
5522,55.23,33.70777893066406,1.6699138244550662,76,5,1,1,1,1,1,0
5523,55.24,33.8046875,1.8965486564697223,76,5,1,1,1,1,1,0
5524,55.25,33.70847702026367,1.8227486866487748,76,5,1,1,1,1,1,0
5525,55.26,33.36018371582031,1.985825007725509,76,5,1,1,1,1,1,0
5526,55.27,33.58079528808594,1.9113659505167178,76,5,1,1,1,1,1,0
5527,55.28,33.82988739013672,1.8777097980511448,76,5,1,1,1,1,1,0
5528,55.29,33.300254821777344,1.9117766708162187,76,5,1,1,1,1,1,0
5529,55.3,33.94864273071289,1.7873133336517713,76,5,1,1,1,1,1,0
5530,55.31,33.79248046875,1.9186222012550564,76,5,1,1,1,1,1,0
5531,55.32,34.13611602783203,1.8883317287608479,76,5,1,1,1,1,1,0
5532,55.33,34.00005340576172,1.8819441065097318,76,5,1,1,1,1,1,0
5533,55.34,34.248409271240234,1.912722442260824,76,5,1,1,1,1,1,0
5534,55.35,33.97835922241211,1.8755555829748873,76,5,1,1,1,1,1,0
5535,55.36,34.47114562988281,2.024574045101442,76,5,1,1,1,1,1,0
5536,55.37,34.156700134277344,1.8915607833942463,76,5,1,1,1,1,1,0
5537,55.38,33.88297653198242,1.8892073023589746,76,5,1,1,1,1,1,0
5538,55.39,33.71074295043945,1.8760898354619937,76,5,1,1,1,1,1,0
5539,55.4,34.00267028808594,1.836984546021731,76,5,1,1,1,1,1,0
5540,55.41,33.99038314819336,1.7546881178806286,76,5,1,1,1,1,1,0
5541,55.42,34.04364013671875,1.8155685261621397,76,5,1,1,1,1,1,0
5542,55.43,33.97505187988281,1.761500950552398,76,5,1,1,1,1,1,0
5543,55.44,33.963871002197266,1.943688907379342,76,5,1,1,1,1,1,0
5544,55.45,33.71467590332031,1.9725359941702363,76,5,1,1,1,1,1,0
5545,55.46,33.6550178527832,1.7725124936554595,76,5,1,1,1,1,1,0
5546,55.47,33.62433624267578,1.713739607968115,76,5,1,1,1,1,1,0
5547,55.48,33.51068115234375,2.0779337509013622,76,5,1,1,1,1,1,0
5548,55.49,33.713836669921875,1.8425526186785266,76,5,1,1,1,1,1,0
5549,55.5,33.71443176269531,1.7822991954411438,76,5,1,1,1,1,1,0
5550,55.51,33.51818084716797,1.873419218080078,76,5,1,1,1,1,1,0
5551,55.52,33.648193359375,1.8161497533998776,76,5,1,1,1,1,1,0
5552,55.53,33.75730514526367,2.025769336909122,76,5,1,1,1,1,1,0
5553,55.54,33.72174072265625,1.8907444984409432,76,5,1,1,1,1,1,0
5554,55.55,33.66788101196289,1.9968193596223662,76,5,1,1,1,1,1,0
5555,55.56,33.71477127075195,1.7562703217712035,76,5,1,1,1,1,1,0
5556,55.57,33.439788818359375,1.6952554335921122,76,5,1,1,1,1,1,0
5557,55.58,33.5892333984375,1.792733123817002,76,5,1,1,1,1,1,0
5558,55.59,33.45112991333008,1.794575111873008,76,5,1,1,1,1,1,0
5559,55.6,33.481807708740234,1.9491043420553988,76,5,1,1,1,1,1,0
5560,55.61,33.55992126464844,1.975472811355608,76,5,1,1,1,1,1,0
5561,55.62,33.467708587646484,1.7871761684928555,76,5,1,1,1,1,1,0
5562,55.63,33.24781036376953,1.9027856419406117,76,5,1,1,1,1,1,0
5563,55.64,33.45390701293945,1.8975967370658449,76,5,1,1,1,1,1,0
5564,55.65,33.352394104003906,1.913481734281325,76,5,1,1,1,1,1,0
5565,55.66,33.44255828857422,1.7808221165948555,76,5,1,1,1,1,1,0
5566,55.67,33.39222717285156,1.9148371455434887,76,5,1,1,1,1,1,0
5567,55.68,33.54058837890625,1.8656891674050222,76,5,1,1,1,1,1,0
5568,55.69,33.7287712097168,1.7881864343215328,76,5,1,1,1,1,1,0
5569,55.7,33.60076141357422,2.0492447149316737,76,5,1,1,1,1,1,0
5570,55.71,33.70577621459961,2.013053499875859,76,5,1,1,1,1,1,0
5571,55.72,33.443973541259766,2.0593232304287277,76,5,1,1,1,1,1,0
5572,55.73,33.29795837402344,1.9488737655040191,76,5,1,1,1,1,1,0
5573,55.74,33.315460205078125,1.8127004477384108,76,5,1,1,1,1,1,0
5574,55.75,33.47501754760742,1.8973114454790592,76,5,1,1,1,1,1,0
5575,55.76,33.387638092041016,1.962242957519742,76,5,1,1,1,1,1,0
5576,55.77,33.45551300048828,1.8988661537110092,76,5,1,1,1,1,1,0
5577,55.78,33.587947845458984,1.9306420557940294,76,5,1,1,1,1,1,0
5578,55.79,33.30112838745117,1.8248831423746916,76,5,1,1,1,1,1,0
5579,55.8,33.315704345703125,1.8907133211564342,76,5,1,1,1,1,1,0
5580,55.81,33.36827087402344,2.062062033282177,76,5,1,1,1,1,1,0
5581,55.82,33.243309020996094,1.902052821219021,76,5,1,1,1,1,1,0
5582,55.83,33.36145782470703,1.8520030898997406,76,5,1,1,1,1,1,0
5583,55.84,33.329689025878906,1.8235654783359798,76,5,1,1,1,1,1,0
5584,55.85,33.092525482177734,1.880028364906618,76,5,1,1,1,1,1,0
5585,55.86,33.32331466674805,1.9931110183301621,76,5,1,1,1,1,1,0
5586,55.87,33.418067932128906,1.9287354527836347,76,5,1,1,1,1,1,0
5587,55.88,33.06736755371094,1.8940393957332144,76,5,1,1,1,1,1,0
5588,55.89,33.21793746948242,1.833189904635927,76,5,1,1,1,1,1,0
5589,55.9,33.99360275268555,1.964305631146207,76,5,1,1,1,1,1,0
5590,55.91,33.24114227294922,1.737962826355135,76,5,1,1,1,1,1,0
5591,55.92,32.984214782714844,1.9495873238575447,76,5,1,1,1,1,1,0
5592,55.93,33.35675048828125,1.824124640425704,76,5,1,1,1,1,1,0
5593,55.94,33.48706817626953,1.9816670668952425,76,5,1,1,1,1,1,0
5594,55.95,33.40610885620117,1.8261974012278905,76,5,1,1,1,1,1,0
5595,55.96,33.48030471801758,1.8051837423994963,76,5,1,1,1,1,1,0
5596,55.97,33.3253173828125,2.00838661539371,76,4,1,1,1,1,0,0
5597,55.98,33.07598114013672,2.0727306109854906,76,4,0,1,1,1,1,0
5598,55.99,33.40938186645508,1.962403902280517,76,5,1,1,1,1,1,0
5599,56.0,33.1683349609375,1.808236207580242,76,4,0,1,1,1,1,0
5600,56.01,33.3574104309082,1.861778137010475,76,4,0,1,1,1,1,0
5601,56.02,32.96751403808594,2.069904322974075,76,5,1,1,1,1,1,0
5602,56.03,32.75347900390625,1.8070162476939668,76,4,0,1,1,1,1,0
5603,56.04,33.11032485961914,1.875126970800467,76,4,0,1,1,1,1,0
5604,56.05,32.88560485839844,1.849897657718488,76,4,0,1,1,1,1,0
5605,56.06,33.01231384277344,1.8682651489505393,76,4,0,1,1,1,1,0
5606,56.07,33.39617919921875,1.7778113477500974,76,4,0,1,1,1,1,0
5607,56.08,33.32850646972656,1.8043546339742755,76,4,0,1,1,1,1,0
5608,56.09,33.36490249633789,1.9763278895309437,76,4,0,1,1,1,1,0
5609,56.1,33.6413688659668,1.8234538387354575,76,4,0,1,1,1,1,0
5610,56.11,33.79918670654297,1.7543936287829,76,5,1,1,1,1,1,0
5611,56.12,33.45628356933594,2.0657912194693475,76,4,0,1,1,1,1,0
5612,56.13,33.46054458618164,1.8085082821009733,76,4,0,1,1,1,1,0
5613,56.14,33.2722282409668,1.9560673220258138,76,4,0,1,1,1,1,0
5614,56.15,33.25957489013672,2.0819929779342727,76,4,0,1,1,1,1,0
5615,56.16,33.699317932128906,1.9550210304797921,76,4,0,1,1,1,1,0
5616,56.17,33.50822830200195,1.900685383102613,76,4,0,1,1,1,1,0
5617,56.18,33.891151428222656,1.8264693273822799,76,4,0,1,1,1,1,0
5618,56.19,33.476531982421875,1.9780307409653828,76,4,0,1,1,1,1,0
5619,56.2,33.71686553955078,1.811772356979926,76,4,0,1,1,1,1,0
5620,56.21,33.7790412902832,1.7441945846657188,76,4,0,1,1,1,1,0
5621,56.22,33.62892150878906,1.9152765250758177,76,4,0,1,1,1,1,0
5622,56.23,33.79952621459961,2.1098091483932655,76,4,0,1,1,1,1,0
5623,56.24,33.65499496459961,1.846994389998768,76,5,1,1,1,1,1,0
5624,56.25,33.19961166381836,2.000476262037113,76,4,0,1,1,1,1,0
5625,56.26,33.45134353637695,1.8514286780877278,76,4,0,1,1,1,1,0
5626,56.27,33.38490295410156,1.9242337881435039,76,4,0,1,1,1,1,0
5627,56.28,33.2212028503418,2.004669181954567,76,4,0,1,1,1,1,0
5628,56.29,33.415679931640625,1.984697560465574,76,4,0,1,1,1,1,0
5629,56.3,33.610923767089844,1.8186303948536733,76,4,0,1,1,1,1,0
5630,56.31,33.518184661865234,1.820684409108646,76,4,0,1,1,1,1,0
5631,56.32,33.698429107666016,1.7952187475572015,76,4,0,1,1,1,1,0
5632,56.33,33.25935745239258,1.7904494692017219,76,4,0,1,1,1,1,0
5633,56.34,33.58455276489258,1.7379555172370122,76,4,0,1,1,1,1,0
5634,56.35,33.48823547363281,1.8943362254669922,76,4,0,1,1,1,1,0
5635,56.36,33.47195053100586,1.8272965119963598,76,4,0,1,1,1,1,0
5636,56.37,33.49672317504883,2.058278570442176,76,5,1,1,1,1,1,0
5637,56.38,33.7158203125,1.9294077317451266,76,4,0,1,1,1,1,0
5638,56.39,33.49284744262695,1.8031339625267881,76,4,0,1,1,1,1,0
5639,56.4,33.049110412597656,1.8028001257680124,76,5,1,1,1,1,1,0
5640,56.41,33.22673797607422,1.7846596512581514,76,4,0,1,1,1,1,0
5641,56.42,33.46246337890625,2.2793594745697523,76,4,0,1,1,1,1,0
5642,56.43,33.327510833740234,1.910050837058897,76,5,1,1,1,1,1,0
5643,56.44,33.36582565307617,1.7987143719291228,76,4,0,1,1,1,1,0
5644,56.45,33.935611724853516,1.7373568363672711,76,4,0,1,1,1,1,0
5645,56.46,33.50922393798828,1.7768545463478178,76,5,1,1,1,1,1,0
5646,56.47,33.75962829589844,1.8336825147729736,76,4,0,1,1,1,1,0
5647,56.48,33.62287902832031,1.9277256696383724,76,4,0,1,1,1,1,0
5648,56.49,33.39311599731445,1.9353051261020038,76,5,1,1,1,1,1,0
5649,56.5,33.59415817260742,2.0482697627523616,76,4,0,1,1,1,1,0
5650,56.51,33.25885009765625,1.7434139373645197,76,4,0,1,1,1,1,0
5651,56.52,33.30811309814453,1.807592564242163,76,4,0,1,1,1,1,0
5652,56.53,33.39291763305664,1.6908335879522922,76,4,0,1,1,1,1,0
5653,56.54,33.21147155761719,1.7541393393332343,76,4,0,1,1,1,1,0
5654,56.55,33.33817672729492,1.8038544377351666,76,4,0,1,1,1,1,0
5655,56.56,33.195491790771484,1.9231803533644827,76,4,0,1,1,1,1,0
5656,56.57,33.175018310546875,1.884622637469111,76,4,0,1,1,1,1,0
5657,56.58,33.32097244262695,1.8531032865920443,76,4,0,1,1,1,1,0
5658,56.59,32.99980545043945,1.8450731820182529,76,4,0,1,1,1,1,0
5659,56.6,33.20883560180664,1.7630413926275907,76,4,0,1,1,1,1,0
5660,56.61,33.45988082885742,2.091914407150545,76,4,0,1,1,1,1,0
5661,56.62,33.55112075805664,1.7802284660122065,76,4,0,1,1,1,1,0
5662,56.63,33.3426513671875,1.9146593162441552,76,5,1,1,1,1,1,0
5663,56.64,33.54280471801758,1.9049931459482765,76,5,1,1,1,1,1,0
5664,56.65,33.426937103271484,1.9282385533160329,76,4,0,1,1,1,1,0
5665,56.66,33.15786361694336,1.8956054509495184,76,4,0,1,1,1,1,0
5666,56.67,33.33103942871094,1.8770754203813618,76,4,0,1,1,1,1,0
5667,56.68,33.35658264160156,1.8826004354174617,76,4,0,1,1,1,1,0
5668,56.69,33.63710021972656,1.9370614060741638,76,4,0,1,1,1,1,0
5669,56.7,33.49815368652344,1.883106419949539,76,4,0,1,1,1,1,0
5670,56.71,33.22929382324219,1.9039158016176525,76,4,0,1,1,1,1,0
5671,56.72,33.51467514038086,1.8070377439459875,76,4,0,1,1,1,1,0
5672,56.73,33.365814208984375,1.844204854028667,76,4,0,1,1,1,1,0
5673,56.74,33.41912078857422,1.8491591696780045,76,4,0,1,1,1,1,0
5674,56.75,33.3561897277832,1.870828591437423,76,5,1,1,1,1,1,0
5675,56.76,33.62335205078125,1.7156645067464653,76,5,1,1,1,1,1,0
5676,56.77,33.16450881958008,1.7748233116231515,76,5,1,1,1,1,1,0
5677,56.78,33.48818588256836,1.7775455363131645,76,5,1,1,1,1,1,0
5678,56.79,33.628387451171875,2.3487435489105266,76,5,1,1,1,1,1,0
5679,56.8,33.64884948730469,2.3295726859101356,76,4,0,1,1,1,1,0
5680,56.81,33.974327087402344,2.2016587929172573,76,4,0,1,1,1,1,0
5681,56.82,33.72574234008789,2.2144546519467476,76,4,0,1,1,1,1,0
5682,56.83,33.64134979248047,1.8120163901405624,76,4,0,1,1,1,1,0
5683,56.84,33.5733642578125,1.893647355826742,76,5,1,1,1,1,1,0
5684,56.85,33.76213073730469,1.844206508800898,76,4,0,1,1,1,1,0
5685,56.86,33.68059539794922,2.0717385065348664,76,5,1,1,1,1,1,0
5686,56.87,33.5953254699707,1.993637299516662,76,4,0,1,1,1,1,0
5687,56.88,33.646419525146484,1.8166441074146562,76,4,0,1,1,1,1,0
5688,56.89,33.94517517089844,2.044798142748779,76,4,0,1,1,1,1,0
5689,56.9,33.96351623535156,2.05134096528618,76,4,0,1,1,1,1,0
5690,56.91,33.617652893066406,1.7643670634679893,76,5,1,1,1,1,1,0
5691,56.92,33.50893783569336,1.9887681010050833,76,5,1,1,1,1,1,0
5692,56.93,33.569488525390625,2.0740758844800267,76,4,0,1,1,1,1,0
5693,56.94,33.65253448486328,1.901868842321081,76,3,0,0,1,1,1,0
5694,56.95,33.896392822265625,2.1123919245674543,76,5,1,1,1,1,1,0
5695,56.96,33.54803466796875,1.7738376454402458,76,5,1,1,1,1,1,0
5696,56.97,33.623939514160156,2.2382322025115884,76,5,1,1,1,1,1,0
5697,56.98,33.7376594543457,1.9275398663991334,76,4,0,1,1,1,1,0
5698,56.99,33.728515625,2.1720956357139953,76,5,1,1,1,1,1,0
5699,57.0,33.474891662597656,1.8756867630636362,76,5,1,1,1,1,1,0
5700,57.01,33.55601501464844,2.2325994194767067,76,4,0,1,1,1,1,0
5701,57.02,33.23657989501953,1.7450224420818785,76,4,1,0,1,1,1,0
5702,57.03,33.32600784301758,2.2150358148346703,76,5,1,1,1,1,1,0
5703,57.04,33.50975036621094,2.135340516148636,76,5,1,1,1,1,1,0
5704,57.05,33.389347076416016,2.2549756829144068,76,5,1,1,1,1,1,0
5705,57.06,32.980010986328125,2.2453103749436965,76,5,1,1,1,1,1,0
5706,57.07,33.28358840942383,2.180230186279239,76,5,1,1,1,1,1,0
5707,57.08,33.65968322753906,2.081491171673601,76,4,0,1,1,1,1,0
5708,57.09,33.473724365234375,2.233268589776972,76,4,0,1,1,1,1,0
5709,57.1,33.08122253417969,2.0814889449717526,76,3,0,0,1,1,1,0
5710,57.11,32.95814514160156,2.121323940091097,76,4,0,1,1,1,1,0
5711,57.12,33.35874557495117,2.138221317410772,76,4,1,0,1,1,1,0
5712,57.13,32.8469352722168,2.0346281284587526,76,5,1,1,1,1,1,0
5713,57.14,33.19318771362305,2.155807290448253,76,5,1,1,1,1,1,0
5714,57.15,32.93778610229492,1.977143854800621,76,5,1,1,1,1,1,0
5715,57.16,33.470054626464844,2.0426628744753814,76,5,1,1,1,1,1,0
5716,57.17,33.43754196166992,1.8741639982133922,76,5,1,1,1,1,1,0
5717,57.18,33.349403381347656,2.289978239143656,76,5,1,1,1,1,1,0
5718,57.19,32.77031707763672,1.9626551203611349,76,5,1,1,1,1,1,0
5719,57.2,32.8911247253418,2.0954454990845495,76,5,1,1,1,1,1,0
5720,57.21,32.93486785888672,1.9479698936475665,76,5,1,1,1,1,1,0
5721,57.22,32.832149505615234,2.2770388715733256,76,5,1,1,1,1,1,0
5722,57.23,32.844791412353516,2.233853865965568,76,5,1,1,1,1,1,0
5723,57.24,32.93870162963867,2.0820449130374494,76,5,1,1,1,1,1,0
5724,57.25,32.943111419677734,2.0611654418170757,76,5,1,1,1,1,1,0
5725,57.26,32.96477127075195,2.0000752022910637,76,5,1,1,1,1,1,0
5726,57.27,32.733802795410156,2.084157977364739,76,5,1,1,1,1,1,0
5727,57.28,32.80528259277344,2.0113193649388648,76,5,1,1,1,1,1,0
5728,57.29,33.202030181884766,2.0277591518162623,76,5,1,1,1,1,1,0
5729,57.3,33.28127670288086,2.1799565134232646,76,4,0,1,1,1,1,0
5730,57.31,33.171749114990234,1.9553001747082837,76,4,0,1,1,1,1,0
5731,57.32,33.382789611816406,2.1274669747823562,76,5,1,1,1,1,1,0
5732,57.33,33.161922454833984,1.8838510961366186,76,4,0,1,1,1,1,0
5733,57.34,33.445518493652344,2.031823898048154,76,4,0,1,1,1,1,0
5734,57.35,33.50945281982422,2.1974093196096374,76,4,0,1,1,1,1,0
5735,57.36,33.52583312988281,2.0042240610620943,76,4,0,1,1,1,1,0
5736,57.37,33.43681335449219,2.2782641190746635,76,4,0,1,1,1,1,0
5737,57.38,33.28223419189453,2.0868423014332502,76,3,0,0,1,1,1,0
5738,57.39,33.42097473144531,1.997850176661519,76,4,0,1,1,1,1,0
5739,57.4,33.131046295166016,2.1771543159682056,76,5,1,1,1,1,1,0
5740,57.41,33.31908416748047,2.0500555553999673,76,5,1,1,1,1,1,0
5741,57.42,33.12119674682617,2.3350166787475817,76,5,1,1,1,1,1,0
5742,57.43,33.175559997558594,2.003448215362081,76,5,1,1,1,1,1,0
5743,57.44,32.90974807739258,2.022870441175436,76,5,1,1,1,1,1,0
5744,57.45,33.29985046386719,2.1590963889547914,76,5,1,1,1,1,1,0
5745,57.46,33.272544860839844,1.8672444069869445,76,5,1,1,1,1,1,0
5746,57.47,33.476131439208984,1.9856468119294164,76,5,1,1,1,1,1,0
5747,57.48,33.637168884277344,2.153719887462596,76,4,0,1,1,1,1,0
5748,57.49,33.33644104003906,1.9465313152873196,76,4,0,1,1,1,1,0
5749,57.5,33.31467056274414,2.0876050487399933,76,4,0,1,1,1,1,0
5750,57.51,33.1700325012207,1.9260828007796222,76,4,0,1,1,1,1,0
5751,57.52,33.248504638671875,2.150739054146549,76,4,0,1,1,1,1,0
5752,57.53,33.066776275634766,1.9755274695607414,76,4,0,1,1,1,1,0
5753,57.54,33.120113372802734,2.1694654616832616,76,4,0,1,1,1,1,0
5754,57.55,33.07773971557617,1.9382470649105625,76,4,0,1,1,1,1,0
5755,57.56,32.9033088684082,2.023264031696859,76,4,0,1,1,1,1,0
5756,57.57,33.377296447753906,1.8516465170848018,76,4,0,1,1,1,1,0
5757,57.58,33.45342254638672,2.3159267098338314,76,5,1,1,1,1,1,0
5758,57.59,33.334712982177734,2.0930600710046043,76,4,0,1,1,1,1,0
5759,57.6,33.0556526184082,1.843200678734429,76,4,0,1,1,1,1,0
5760,57.61,33.0295524597168,2.0843737807674567,76,4,0,1,1,1,1,0
5761,57.62,33.08168029785156,1.9963477379411516,76,4,0,1,1,1,1,0
5762,57.63,33.0809326171875,1.91128133007495,76,5,1,1,1,1,1,0
5763,57.64,33.200008392333984,1.940124948161885,76,5,1,1,1,1,1,0
5764,57.65,33.578636169433594,2.237743769318687,76,5,1,1,1,1,1,0
5765,57.66,33.30678176879883,2.2037251911311833,76,5,1,1,1,1,1,0
5766,57.67,33.42804718017578,2.242563767904201,76,4,0,1,1,1,1,0
5767,57.68,33.3176383972168,2.088374257744498,76,4,0,1,1,1,1,0
5768,57.69,33.23076248168945,2.145014533151165,76,5,1,1,1,1,1,0
5769,57.7,33.2371940612793,1.75425822784968,76,5,1,1,1,1,1,0
5770,57.71,32.89833450317383,2.2123681304884197,76,5,1,1,1,1,1,0
5771,57.72,33.17731857299805,1.9207500963600954,76,5,1,1,1,1,1,0
5772,57.73,32.93711471557617,1.8248834559187452,76,5,1,1,1,1,1,0
5773,57.74,33.071746826171875,1.9046498583171005,76,5,1,1,1,1,1,0
5774,57.75,33.256202697753906,2.0671270526324252,76,5,1,1,1,1,1,0
5775,57.76,33.27188491821289,1.8119599680419445,76,5,1,1,1,1,1,0
5776,57.77,33.23546600341797,2.1510217469109825,76,5,1,1,1,1,1,0
5777,57.78,33.17262268066406,1.8433956864680183,76,4,0,1,1,1,1,0
5778,57.79,33.19533920288086,2.0858100067949628,76,5,1,1,1,1,1,0
5779,57.8,33.563720703125,1.7701363893853341,76,5,1,1,1,1,1,0
5780,57.81,33.603946685791016,2.017226300401072,76,5,1,1,1,1,1,0
5781,57.82,33.43295669555664,2.068041189234033,76,5,1,1,1,1,1,0
5782,57.83,33.28579330444336,2.0424484444438797,76,4,0,1,1,1,1,0
5783,57.84,33.1485481262207,1.8620905221550088,76,5,1,1,1,1,1,0
5784,57.85,33.058353424072266,1.8868207561803003,76,4,0,1,1,1,1,0
5785,57.86,32.93821716308594,1.8970733170945544,76,5,1,1,1,1,1,0
5786,57.87,33.060752868652344,1.7690991418591384,76,5,1,1,1,1,1,0
5787,57.88,33.00053405761719,2.0064633553935196,76,4,0,1,1,1,1,0
5788,57.89,32.937408447265625,1.9168689629492606,76,4,0,1,1,1,1,0
5789,57.9,33.05888748168945,1.7176166931284576,76,5,1,1,1,1,1,0
5790,57.91,33.15108108520508,1.8390472931144413,76,4,0,1,1,1,1,0
5791,57.92,33.080501556396484,1.9532094317828033,76,5,1,1,1,1,1,0
5792,57.93,32.985069274902344,1.9777268703268698,76,5,1,1,1,1,1,0
5793,57.94,33.20058059692383,1.936076324541257,76,5,1,1,1,1,1,0
5794,57.95,33.283206939697266,2.0081060932651558,76,5,1,1,1,1,1,0
5795,57.96,33.14797592163086,1.8745396961059873,76,5,1,1,1,1,1,0
5796,57.97,33.687259674072266,1.9594440613999708,76,5,1,1,1,1,1,0
5797,57.98,33.36956024169922,1.833496502275904,76,5,1,1,1,1,1,0
5798,57.99,33.47184371948242,1.9047553270392659,76,5,1,1,1,1,1,0
5799,58.0,33.393821716308594,1.694131241702847,76,5,1,1,1,1,1,0
5800,58.01,33.43666076660156,2.16409354600371,76,5,1,1,1,1,1,0
5801,58.02,33.190452575683594,1.9304661763946733,76,5,1,1,1,1,1,0
5802,58.03,33.561161041259766,2.0138003891832077,76,5,1,1,1,1,1,0
5803,58.04,33.37775421142578,2.0897393483006277,76,5,1,1,1,1,1,0
5804,58.05,33.078067779541016,2.1007599855992622,76,5,1,1,1,1,1,0
5805,58.06,33.34968566894531,1.7833457175440361,76,5,1,1,1,1,1,0
5806,58.07,33.13860321044922,1.7614181613807862,76,5,1,1,1,1,1,0
5807,58.08,33.39480209350586,1.901532734291043,76,5,1,1,1,1,1,0
5808,58.09,33.570701599121094,1.8444497149503754,76,5,1,1,1,1,1,0
5809,58.1,33.50702667236328,1.9615052247165135,76,5,1,1,1,1,1,0
5810,58.11,33.5509033203125,1.9984959707449772,76,5,1,1,1,1,1,0
5811,58.12,33.64197540283203,1.9457217158996472,76,4,0,1,1,1,1,0
5812,58.13,33.74530029296875,1.980732794130717,76,4,0,1,1,1,1,0
5813,58.14,33.427955627441406,1.7694527094007562,76,4,0,1,1,1,1,0
5814,58.15,33.5644645690918,1.941875405468587,76,5,1,1,1,1,1,0
5815,58.16,33.784141540527344,1.8438605932278178,76,4,0,1,1,1,1,0
5816,58.17,33.85666275024414,1.9141808094841648,76,4,0,1,1,1,1,0
5817,58.18,33.56571578979492,2.093465707730321,76,4,0,1,1,1,1,0
5818,58.19,33.699337005615234,1.818410509660358,76,5,1,1,1,1,1,0
5819,58.2,33.956321716308594,1.893063448814958,76,5,1,1,1,1,1,0
5820,58.21,33.8292236328125,1.8229938138467163,76,5,1,1,1,1,1,0
5821,58.22,33.72209167480469,1.9906287805367988,76,5,1,1,1,1,1,0
5822,58.23,33.92931365966797,2.023608202720796,76,5,1,1,1,1,1,0
5823,58.24,33.91401290893555,1.9082456638788625,76,5,1,1,1,1,1,0
5824,58.25,34.065330505371094,2.1237716736617576,76,5,1,1,1,1,1,0
5825,58.26,33.52783203125,2.0459228209320526,76,5,1,1,1,1,1,0
5826,58.27,33.62394714355469,2.010422766717332,76,5,1,1,1,1,1,0
5827,58.28,33.402313232421875,1.8615288339496587,76,5,1,1,1,1,1,0
5828,58.29,33.807891845703125,1.900765096722914,76,4,0,1,1,1,1,0
5829,58.3,33.90998077392578,1.7969659555844695,76,4,0,1,1,1,1,0
5830,58.31,34.075462341308594,2.01129485522087,76,3,0,0,1,1,1,0
5831,58.32,34.11564636230469,1.7164471069006098,76,3,0,0,1,1,1,0
5832,58.33,33.96717834472656,1.8784306546308236,76,4,0,1,1,1,1,0
5833,58.34,33.933868408203125,1.829997661990036,76,3,0,0,1,1,1,0
5834,58.35,33.95919418334961,1.998423343233026,76,3,0,0,1,1,1,0
5835,58.36,34.02511978149414,2.1165520703814633,76,3,0,0,1,1,1,0
5836,58.37,34.104434967041016,2.147302159537423,76,4,0,1,1,1,1,0
5837,58.38,34.01704025268555,1.881949478061916,76,3,0,0,1,1,1,0
5838,58.39,33.89789581298828,1.9077727668574325,76,4,0,1,1,1,1,0
5839,58.4,33.9949836730957,1.9627780595868731,76,4,0,1,1,1,1,0
5840,58.41,33.88339614868164,1.9438327940984104,76,4,0,1,1,1,1,0
5841,58.42,33.83431625366211,1.661560073766956,76,4,0,1,1,1,1,0
5842,58.43,33.8231086730957,1.7601705962677803,76,4,0,1,1,1,1,0
5843,58.44,33.620208740234375,1.981765010481467,76,4,0,1,1,1,1,0
5844,58.45,33.48099899291992,1.8657184524018924,76,5,1,1,1,1,1,0
5845,58.46,33.430606842041016,1.8191751476414015,76,5,1,1,1,1,1,0
5846,58.47,33.28263473510742,1.8283618453051613,76,5,1,1,1,1,1,0
5847,58.48,33.45905685424805,2.0058470993872968,76,5,1,1,1,1,1,0
5848,58.49,33.58842849731445,1.9230468289842269,76,5,1,1,1,1,1,0
5849,58.5,33.70952606201172,2.175547220081178,76,5,1,1,1,1,1,0
5850,58.51,33.71923065185547,2.0744627938805635,76,5,1,1,1,1,1,0
5851,58.52,33.74784851074219,1.8391807142027652,76,5,1,1,1,1,1,0
5852,58.53,33.774959564208984,1.8887603335447587,76,4,0,1,1,1,1,0
5853,58.54,33.64030075073242,1.8853387163062623,76,4,0,1,1,1,1,0
5854,58.55,33.496498107910156,1.9443000597157742,76,4,0,1,1,1,1,0
5855,58.56,33.20526885986328,2.041004092378587,76,4,0,1,1,1,1,0
5856,58.57,33.4225959777832,2.071062401782011,76,4,0,1,1,1,1,0
5857,58.58,33.474063873291016,2.0271404687978745,76,4,0,1,1,1,1,0
5858,58.59,33.84149169921875,1.8246631117000611,76,4,0,1,1,1,1,0
5859,58.6,33.66897964477539,1.8266168450434965,76,4,0,1,1,1,1,0
5860,58.61,33.53772735595703,1.8106842223167299,76,5,1,1,1,1,1,0
5861,58.62,33.90145492553711,2.2640931324539597,76,4,0,1,1,1,1,0
5862,58.63,33.58745193481445,1.8456957151067748,76,4,0,1,1,1,1,0
5863,58.64,33.44172286987305,1.8127605399359707,76,4,0,1,1,1,1,0
5864,58.65,33.23675537109375,2.085999675748551,76,4,0,1,1,1,1,0
5865,58.66,33.53507995605469,1.7881789251722628,76,4,0,1,1,1,1,0
5866,58.67,33.570884704589844,1.9554519271485937,76,5,1,1,1,1,1,0
5867,58.68,33.901302337646484,1.9889181629752226,76,3,0,0,1,1,1,0
5868,58.69,33.85955810546875,1.8915655427886597,76,5,1,1,1,1,1,0
5869,58.7,33.63248062133789,2.022076955719395,76,5,1,1,1,1,1,0
5870,58.71,33.49803161621094,2.077910559311243,76,5,1,1,1,1,1,0
5871,58.72,33.52247619628906,1.998851200522554,76,4,0,1,1,1,1,0
5872,58.73,33.4211311340332,2.074750455633957,76,4,0,1,1,1,1,0
5873,58.74,33.27212905883789,2.1417037997872557,76,4,0,1,1,1,1,0
5874,58.75,33.27817153930664,1.9628017952554617,76,3,0,0,1,1,1,0
5875,58.76,33.581390380859375,1.9402597941660653,76,5,1,1,1,1,1,0
5876,58.77,33.634151458740234,1.9531004857894154,76,5,1,1,1,1,1,0
5877,58.78,33.714317321777344,2.1827003315456057,76,5,1,1,1,1,1,0
5878,58.79,33.662933349609375,2.10211980949835,76,5,1,1,1,1,1,0
5879,58.8,33.78925704956055,1.958390925347759,76,5,1,1,1,1,1,0
5880,58.81,34.259300231933594,1.8979187032267117,76,5,1,1,1,1,1,0
5881,58.82,34.05414581298828,2.1505844918756285,76,5,1,1,1,1,1,0
5882,58.83,34.07826232910156,1.8181537914240844,76,5,1,1,1,1,1,0
5883,58.84,33.633872985839844,1.9189804485552597,76,4,0,1,1,1,1,0
5884,58.85,33.732669830322266,1.9325145915544584,76,5,1,1,1,1,1,0
5885,58.86,33.718421936035156,2.1002164914464605,76,4,0,1,1,1,1,0
5886,58.87,33.59808349609375,1.898500956212787,76,5,1,1,1,1,1,0
5887,58.88,33.414249420166016,1.8080700316667966,76,4,0,1,1,1,1,0
5888,58.89,33.65864562988281,1.8039400796052825,76,4,0,1,1,1,1,0
5889,58.9,33.581016540527344,2.028326330411472,76,4,0,1,1,1,1,0
5890,58.91,33.53602600097656,1.8028354894503151,76,5,1,1,1,1,1,0
5891,58.92,33.25979232788086,1.9391048017897912,76,5,1,1,1,1,1,0
5892,58.93,33.566307067871094,2.0119662014104036,76,5,1,1,1,1,1,0
5893,58.94,33.69466781616211,1.8398063400251197,76,4,0,1,1,1,1,0
5894,58.95,33.61824417114258,1.831013265784955,76,4,0,1,1,1,1,0
5895,58.96,33.941322326660156,1.8911880230895526,76,5,1,1,1,1,1,0
5896,58.97,33.54737854003906,1.8923775225871495,76,4,0,1,1,1,1,0
5897,58.98,33.82229995727539,1.8054909230309206,76,5,1,1,1,1,1,0
5898,58.99,33.59158706665039,1.927699206568695,76,5,1,1,1,1,1,0
5899,59.0,33.342674255371094,1.9308286076092733,76,5,1,1,1,1,1,0
5900,59.01,33.328311920166016,1.9195294391663105,76,4,0,1,1,1,1,0
5901,59.02,33.311588287353516,2.1042121525604887,76,4,0,1,1,1,1,0
5902,59.03,33.20093536376953,2.1173998920550683,76,4,0,1,1,1,1,0
5903,59.04,33.24680709838867,1.880647846402594,76,4,0,1,1,1,1,0
5904,59.05,33.27296829223633,2.065525160696817,76,4,0,1,1,1,1,0
5905,59.06,33.64240646362305,1.9474580145701044,76,4,0,1,1,1,1,0
5906,59.07,33.38642883300781,1.807653839195011,76,4,0,1,1,1,1,0
5907,59.08,33.12929153442383,1.887535202812207,76,5,1,1,1,1,1,0
5908,59.09,33.609649658203125,2.0374782938456697,76,5,1,1,1,1,1,0
5909,59.1,33.49577713012695,1.9318674996346998,76,5,1,1,1,1,1,0
5910,59.11,33.48133087158203,1.9585710166482286,76,5,1,1,1,1,1,0
5911,59.12,33.84160614013672,1.9138723223473406,76,5,1,1,1,1,1,0
5912,59.13,33.779598236083984,2.2059461927591237,76,4,0,1,1,1,1,0
5913,59.14,33.781002044677734,1.9643582503166401,76,4,0,1,1,1,1,0
5914,59.15,33.57815933227539,1.7947946653149485,76,4,0,1,1,1,1,0
5915,59.16,33.38733673095703,1.878455232717788,76,4,0,1,1,1,1,0
5916,59.17,33.70050811767578,1.936307183865738,76,4,0,1,1,1,1,0
5917,59.18,33.695682525634766,1.7585774004257093,76,4,0,1,1,1,1,0
5918,59.19,34.01091384887695,1.8212849861809226,76,5,1,1,1,1,1,0
5919,59.2,33.75006103515625,1.9711192736133882,76,5,1,1,1,1,1,0
5920,59.21,33.809608459472656,1.809029760656101,76,5,1,1,1,1,1,0
5921,59.22,33.84734344482422,1.7331434262475567,76,4,0,1,1,1,1,0
5922,59.23,33.69319534301758,1.8179879135312669,76,4,0,1,1,1,1,0
5923,59.24,33.70046615600586,1.7110550526852355,76,4,0,1,1,1,1,0
5924,59.25,33.60752487182617,1.9046011976429025,76,4,0,1,1,1,1,0
5925,59.26,33.67549514770508,1.7886857016590207,76,4,0,1,1,1,1,0
5926,59.27,33.66627883911133,1.9932657674815464,76,4,0,1,1,1,1,0
5927,59.28,33.68605422973633,1.8743773022000976,76,4,0,1,1,1,1,0
5928,59.29,33.466312408447266,2.0578194864588055,76,4,0,1,1,1,1,0
5929,59.3,33.528507232666016,2.2349492200865706,76,4,0,1,1,1,1,0
5930,59.31,33.988197326660156,1.7046094663065128,76,4,0,1,1,1,1,0
5931,59.32,33.639808654785156,1.9774246699197797,76,4,0,1,1,1,1,0
5932,59.33,33.6269645690918,1.8999796759973426,76,4,0,1,1,1,1,0
5933,59.34,33.857574462890625,1.9942415039372379,76,4,0,1,1,1,1,0
5934,59.35,33.963890075683594,1.8341738279131012,76,5,1,1,1,1,1,0
5935,59.36,34.20967483520508,1.9444581049221554,76,5,1,1,1,1,1,0
5936,59.37,33.93263626098633,2.012314920766667,76,4,0,1,1,1,1,0
5937,59.38,33.82012176513672,1.7817126206776,76,4,0,1,1,1,1,0
5938,59.39,33.88762664794922,1.9466379834201328,76,4,0,1,1,1,1,0
5939,59.4,33.42620086669922,1.7627593032978823,76,5,1,1,1,1,1,0
5940,59.41,33.465606689453125,2.0428948719978015,76,5,1,1,1,1,1,0
5941,59.42,33.75925064086914,1.8734213153840185,76,4,0,1,1,1,1,0
5942,59.43,33.77824783325195,1.868555395915741,76,4,0,1,1,1,1,0
5943,59.44,33.90418243408203,2.032018699950781,76,4,0,1,1,1,1,0
5944,59.45,33.65254211425781,2.1241686441057466,76,4,0,1,1,1,1,0
5945,59.46,33.52542495727539,2.0097957480870567,76,4,0,1,1,1,1,0
5946,59.47,33.35039520263672,1.8324268471179652,76,5,1,1,1,1,1,0
5947,59.48,33.17634201049805,1.8862417535665859,76,4,0,1,1,1,1,0
5948,59.49,33.38777160644531,2.154481945393165,76,4,0,1,1,1,1,0
5949,59.5,33.479305267333984,1.8826856965904457,76,4,0,1,1,1,1,0
5950,59.51,33.24712371826172,1.885342661840973,76,4,0,1,1,1,1,0
5951,59.52,33.14616775512695,2.052977008294642,76,4,0,1,1,1,1,0
5952,59.53,33.74374771118164,2.01917606509892,76,4,0,1,1,1,1,0
5953,59.54,33.57408905029297,1.7470257116849233,76,4,0,1,1,1,1,0
5954,59.55,33.83665466308594,1.8374420854457363,76,4,0,1,1,1,1,0
5955,59.56,33.69623947143555,1.7697769446947655,76,5,1,1,1,1,1,0
5956,59.57,33.847293853759766,1.8106893417599905,76,4,0,1,1,1,1,0
5957,59.58,33.45888900756836,2.139041213833767,76,4,0,1,1,1,1,0
5958,59.59,33.462894439697266,1.9852440533659315,76,4,0,1,1,1,1,0
5959,59.6,33.62124252319336,1.7490802427534509,76,4,0,1,1,1,1,0
5960,59.61,33.559730529785156,1.8793944248048353,76,4,0,1,1,1,1,0
5961,59.62,33.53150177001953,2.1277683799747398,76,4,0,1,1,1,1,0
5962,59.63,33.54007339477539,1.8539151925465849,76,4,0,1,1,1,1,0
5963,59.64,33.525447845458984,1.9571658277717172,76,4,0,1,1,1,1,0
5964,59.65,33.71764373779297,1.6401592363571806,76,4,0,1,1,1,1,0
5965,59.66,33.762454986572266,1.898053251688984,76,4,0,1,1,1,1,0
5966,59.67,33.98431396484375,1.8531348495881323,76,5,1,1,1,1,1,0
5967,59.68,34.0386848449707,1.8409203740265048,76,4,0,1,1,1,1,0
5968,59.69,33.920833587646484,1.8251013280898416,76,4,0,1,1,1,1,0
5969,59.7,33.4603385925293,2.0229966603294423,76,4,0,1,1,1,1,0
5970,59.71,33.68369674682617,1.827211067134057,76,4,0,1,1,1,1,0
5971,59.72,33.47221755981445,1.9633863397733913,76,4,0,1,1,1,1,0
5972,59.73,33.552452087402344,1.8943631747323644,76,4,0,1,1,1,1,0
5973,59.74,33.89908981323242,1.8567483252393635,76,4,0,1,1,1,1,0
5974,59.75,33.90428924560547,1.9058078516750894,76,5,1,1,1,1,1,0
5975,59.76,33.40695571899414,1.69260462293104,76,5,1,1,1,1,1,0
5976,59.77,33.5709228515625,2.0303014026119155,76,4,0,1,1,1,1,0
5977,59.78,33.38161087036133,1.8793875236339084,76,4,0,1,1,1,1,0
5978,59.79,33.51875305175781,1.9137893874053011,76,5,1,1,1,1,1,0
5979,59.8,33.70649337768555,2.0555136112819077,76,5,1,1,1,1,1,0
5980,59.81,33.461116790771484,1.7495462215141113,76,5,1,1,1,1,1,0
5981,59.82,33.40299987792969,1.8002194215825054,76,5,1,1,1,1,1,0
5982,59.83,33.44746017456055,1.8188195216999954,76,5,1,1,1,1,1,0
5983,59.84,33.18279266357422,1.8445827245974145,76,5,1,1,1,1,1,0
5984,59.85,33.4022331237793,1.9631146218684328,76,5,1,1,1,1,1,0
5985,59.86,33.53339767456055,1.8773614198912931,76,5,1,1,1,1,1,0
5986,59.87,33.634857177734375,1.7651654856998564,76,5,1,1,1,1,1,0
5987,59.88,33.46236038208008,1.8799203523070702,76,5,1,1,1,1,1,0
5988,59.89,33.78060531616211,1.9034712745581643,76,5,1,1,1,1,1,0
5989,59.9,33.62716293334961,1.7565336737260169,76,5,1,1,1,1,1,0
5990,59.91,33.306243896484375,1.8838494761843068,76,5,1,1,1,1,1,0
5991,59.92,33.696964263916016,1.7750747346925229,76,5,1,1,1,1,1,0
5992,59.93,33.62580108642578,1.7028812325555809,76,5,1,1,1,1,1,0
5993,59.94,33.58717727661133,1.8427469704549375,76,5,1,1,1,1,1,0
5994,59.95,33.736839294433594,1.7401436582001575,76,5,1,1,1,1,1,0
5995,59.96,34.012752532958984,1.7779179360999915,76,5,1,1,1,1,1,0
5996,59.97,33.7326545715332,1.7817123637605479,76,5,1,1,1,1,1,0
5997,59.98,34.08200454711914,1.924659798823863,76,5,1,1,1,1,1,0
5998,59.99,33.61463928222656,1.9644842675646181,76,5,1,1,1,1,1,0
5999,60.0,33.47599411010742,1.932380113137682,76,5,1,1,1,1,1,0
6000,60.01,33.27196502685547,1.8226377400133111,76,5,1,1,1,1,1,0
6001,60.02,33.30799865722656,1.6852944562339947,76,5,1,1,1,1,1,0
6002,60.03,33.64698791503906,1.7710499501893813,76,5,1,1,1,1,1,0
6003,60.04,33.57518005371094,1.835428466670681,76,5,1,1,1,1,1,0
6004,60.05,33.039642333984375,1.943729740151829,76,5,1,1,1,1,1,0
6005,60.06,32.87167739868164,1.9944194482512918,76,5,1,1,1,1,1,0
6006,60.07,33.24571990966797,2.14834644906662,76,5,1,1,1,1,1,0
6007,60.08,33.18280029296875,1.9964443880872986,76,5,1,1,1,1,1,0
6008,60.09,33.33052062988281,1.9339095780585054,76,5,1,1,1,1,1,0
6009,60.1,33.3691291809082,1.8755808393967937,76,5,1,1,1,1,1,0
6010,60.11,33.43009948730469,1.9109505106933626,76,5,1,1,1,1,1,0
6011,60.12,33.50350570678711,1.8949909598529975,76,5,1,1,1,1,1,0
6012,60.13,33.74064636230469,1.9736995693989374,76,5,1,1,1,1,1,0
6013,60.14,33.623538970947266,1.7992225697434623,76,5,1,1,1,1,1,0
6014,60.15,33.540367126464844,1.7271087609772382,76,5,1,1,1,1,1,0
6015,60.16,33.71787643432617,1.907984792721813,76,5,1,1,1,1,1,0
6016,60.17,33.72187805175781,2.0868401078562333,76,5,1,1,1,1,1,0
6017,60.18,33.98653030395508,1.8647528714249166,76,5,1,1,1,1,1,0
6018,60.19,33.60584259033203,1.941646662052229,76,5,1,1,1,1,1,0
6019,60.2,33.75532150268555,1.836380441084418,76,5,1,1,1,1,1,0
6020,60.21,33.62928771972656,2.0040951939453198,76,5,1,1,1,1,1,0
6021,60.22,33.55790328979492,1.8805645212926343,76,5,1,1,1,1,1,0
6022,60.23,33.60984802246094,1.7339246054427182,76,5,1,1,1,1,1,0
6023,60.24,33.272586822509766,1.8168585794461614,76,5,1,1,1,1,1,0
6024,60.25,33.525901794433594,1.9066445832738284,76,5,1,1,1,1,1,0
6025,60.26,33.40269470214844,1.9188758611130499,76,5,1,1,1,1,1,0
6026,60.27,33.80188751220703,1.9479772176557055,76,4,0,1,1,1,1,0
6027,60.28,33.46767044067383,1.7712425207025375,76,4,0,1,1,1,1,0
6028,60.29,33.695823669433594,1.9561955114230407,76,5,1,1,1,1,1,0
6029,60.3,33.67911148071289,2.047460106176372,76,4,0,1,1,1,1,0
6030,60.31,33.64785385131836,1.8353759546842328,76,4,0,1,1,1,1,0
6031,60.32,33.751338958740234,1.940054028743878,76,4,0,1,1,1,1,0
6032,60.33,33.57954025268555,1.7131523442628747,76,4,0,1,1,1,1,0
6033,60.34,33.513160705566406,1.9965231635143237,76,4,0,1,1,1,1,0
6034,60.35,33.59154510498047,1.8688009242715284,76,4,0,1,1,1,1,0
6035,60.36,32.963653564453125,1.8095865947237388,76,4,0,1,1,1,1,0
6036,60.37,33.0483512878418,2.016460470627956,76,4,0,1,1,1,1,0
6037,60.38,33.19353103637695,1.876855126381621,76,4,0,1,1,1,1,0
6038,60.39,33.24292755126953,1.979362924763001,76,4,0,1,1,1,1,0
6039,60.4,33.17786407470703,1.8389136134125408,76,4,0,1,1,1,1,0
6040,60.41,33.03364181518555,1.9468163207349045,76,5,1,1,1,1,1,0
6041,60.42,33.04178237915039,1.9167936804290377,76,4,0,1,1,1,1,0
6042,60.43,32.914066314697266,2.0068633951163024,76,4,0,1,1,1,1,0
6043,60.44,33.27977752685547,1.8696288302536872,76,4,0,1,1,1,1,0
6044,60.45,32.93709945678711,2.089789904399029,76,4,0,1,1,1,1,0
6045,60.46,33.2535400390625,1.874512787449021,76,4,0,1,1,1,1,0
6046,60.47,33.07877731323242,2.0470850187749394,76,4,0,1,1,1,1,0
6047,60.48,32.86180877685547,1.9156192027468808,76,4,0,1,1,1,1,0
6048,60.49,33.08684158325195,1.7872033035442376,76,4,0,1,1,1,1,0
6049,60.5,33.29466247558594,1.8170337978476072,76,4,0,1,1,1,1,0
6050,60.51,33.30860900878906,1.8839855558693837,76,5,1,1,1,1,1,0
6051,60.52,33.06040954589844,1.9414168699415877,76,4,0,1,1,1,1,0
6052,60.53,33.148590087890625,2.00302092102916,76,4,0,1,1,1,1,0
6053,60.54,33.24526596069336,1.714905757706403,76,5,1,1,1,1,1,0
6054,60.55,32.97695541381836,1.8993242110231843,76,5,1,1,1,1,1,0
6055,60.56,33.13593292236328,1.7643649446405956,76,5,1,1,1,1,1,0
6056,60.57,33.07099914550781,1.959518990181547,76,5,1,1,1,1,1,0
6057,60.58,33.00705337524414,2.04501997436698,76,5,1,1,1,1,1,0
6058,60.59,33.216758728027344,1.9998700595668375,76,5,1,1,1,1,1,0
6059,60.6,33.281219482421875,1.9091371866324003,76,5,1,1,1,1,1,0
6060,60.61,33.65917205810547,1.988396177161067,76,5,1,1,1,1,1,0
6061,60.62,33.487300872802734,1.8832127103261969,76,5,1,1,1,1,1,0
6062,60.63,32.96486282348633,1.7960258047750377,76,5,1,1,1,1,1,0
6063,60.64,33.05422592163086,1.9921336558292049,76,5,1,1,1,1,1,0
6064,60.65,33.27975845336914,1.9987450477177358,76,5,1,1,1,1,1,0
6065,60.66,33.35942077636719,1.8740582937950627,76,5,1,1,1,1,1,0
6066,60.67,33.27421951293945,1.901448378393955,76,5,1,1,1,1,1,0
6067,60.68,33.017887115478516,1.9272970312032618,76,5,1,1,1,1,1,0
6068,60.69,33.173805236816406,1.8312832894873536,76,5,1,1,1,1,1,0
6069,60.7,32.899253845214844,1.8013889040554845,76,5,1,1,1,1,1,0
6070,60.71,33.16600036621094,2.0326847216831565,76,5,1,1,1,1,1,0
6071,60.72,32.86091613769531,1.9397459001435233,76,5,1,1,1,1,1,0
6072,60.73,33.07551956176758,1.7796140119665664,76,5,1,1,1,1,1,0
6073,60.74,33.15189743041992,1.9557616577992125,76,5,1,1,1,1,1,0
6074,60.75,33.14212417602539,1.668592941608558,76,5,1,1,1,1,1,0
6075,60.76,33.12680435180664,1.9218211596922443,76,5,1,1,1,1,1,0
6076,60.77,33.04896926879883,1.8725632603643438,76,5,1,1,1,1,1,0
6077,60.78,33.111942291259766,1.8335476325389395,76,5,1,1,1,1,1,0
6078,60.79,33.0847282409668,2.0765868158270258,76,5,1,1,1,1,1,0
6079,60.8,32.75975036621094,1.8427441757934742,76,5,1,1,1,1,1,0
6080,60.81,33.0638542175293,1.9541201972403541,76,5,1,1,1,1,1,0
6081,60.82,33.156070709228516,1.905620071553896,76,5,1,1,1,1,1,0
6082,60.83,33.22500991821289,1.8696245251127845,76,5,1,1,1,1,1,0
6083,60.84,33.30289840698242,2.0656687232531423,76,5,1,1,1,1,1,0
6084,60.85,32.7463493347168,1.90194529724401,76,5,1,1,1,1,1,0
6085,60.86,33.14031219482422,1.9140319632515295,76,5,1,1,1,1,1,0
6086,60.87,33.2241325378418,1.8521597632429232,76,5,1,1,1,1,1,0
6087,60.88,33.41689682006836,1.8738435895200078,76,5,1,1,1,1,1,0
6088,60.89,33.147220611572266,1.9221630476810563,76,5,1,1,1,1,1,0
6089,60.9,33.18064498901367,1.7773044432537037,76,5,1,1,1,1,1,0
6090,60.91,33.431880950927734,2.354995333595416,76,5,1,1,1,1,1,0
6091,60.92,33.29069137573242,1.9277204454325092,76,5,1,1,1,1,1,0
6092,60.93,33.57277297973633,1.8381817632747097,76,5,1,1,1,1,1,0
6093,60.94,33.13932800292969,1.7055783290527187,76,5,1,1,1,1,1,0
6094,60.95,33.18672561645508,1.809527219292294,76,5,1,1,1,1,1,0
6095,60.96,33.22682189941406,1.809122052647691,76,5,1,1,1,1,1,0
6096,60.97,33.17610549926758,1.9488735501932066,76,5,1,1,1,1,1,0
6097,60.98,33.24707794189453,1.7957132555736737,76,5,1,1,1,1,1,0
6098,60.99,33.175537109375,1.9215928083047942,76,5,1,1,1,1,1,0
6099,61.0,33.35805892944336,1.9893718859209921,76,5,1,1,1,1,1,0
6100,61.01,32.925148010253906,1.9191142359651998,76,5,1,1,1,1,1,0
6101,61.02,32.893768310546875,2.1340594304565657,76,5,1,1,1,1,1,0
6102,61.03,33.04615020751953,1.9001848424064949,76,5,1,1,1,1,1,0
6103,61.04,32.89274978637695,2.0669233787146144,76,5,1,1,1,1,1,0
6104,61.05,32.70174789428711,1.8081198133766043,76,5,1,1,1,1,1,0
6105,61.06,33.11359405517578,2.0286497990978445,76,5,1,1,1,1,1,0
6106,61.07,33.05451202392578,2.037743502996168,76,5,1,1,1,1,1,0
6107,61.08,33.36774826049805,1.8446993202980795,76,5,1,1,1,1,1,0
6108,61.09,33.078887939453125,1.8610225172174648,76,5,1,1,1,1,1,0
6109,61.1,33.41587448120117,2.0712478591851373,76,5,1,1,1,1,1,0
6110,61.11,33.41688919067383,1.7799150073736756,76,5,1,1,1,1,1,0
6111,61.12,33.52328872680664,2.120048370531686,76,5,1,1,1,1,1,0
6112,61.13,33.2210578918457,1.9525383634705586,76,5,1,1,1,1,1,0
6113,61.14,33.27320861816406,1.8099744324990767,76,5,1,1,1,1,1,0
6114,61.15,33.65036392211914,1.925923029790645,76,5,1,1,1,1,1,0
6115,61.16,33.36554718017578,1.7634918607966843,76,5,1,1,1,1,1,0
6116,61.17,33.189064025878906,1.9174265359915177,76,5,1,1,1,1,1,0
6117,61.18,33.45552062988281,1.7542528349853823,76,5,1,1,1,1,1,0
6118,61.19,33.56344985961914,1.9645387460605612,76,5,1,1,1,1,1,0
6119,61.2,33.17006301879883,1.9251500526593026,76,5,1,1,1,1,1,0
6120,61.21,33.31480026245117,1.9316789746033425,76,5,1,1,1,1,1,0
6121,61.22,33.01718521118164,1.618333050263252,76,5,1,1,1,1,1,0
6122,61.23,33.00933074951172,1.925541879467523,76,5,1,1,1,1,1,0
6123,61.24,33.0374870300293,1.8987659831983026,76,5,1,1,1,1,1,0
6124,61.25,33.256072998046875,1.8318297563792358,76,5,1,1,1,1,1,0
6125,61.26,33.23807144165039,1.9306199006286997,76,5,1,1,1,1,1,0
6126,61.27,33.27799606323242,1.966622177573371,76,5,1,1,1,1,1,0
6127,61.28,33.19678497314453,1.9129815107580117,76,5,1,1,1,1,1,0
6128,61.29,33.012847900390625,1.9594123808054225,76,5,1,1,1,1,1,0
6129,61.3,33.54007339477539,1.7988054117737884,76,5,1,1,1,1,1,0
6130,61.31,33.52962112426758,1.9312659686411573,76,5,1,1,1,1,1,0
6131,61.32,33.386253356933594,1.9354877892121964,76,5,1,1,1,1,1,0
6132,61.33,33.518516540527344,1.9494083888240825,76,5,1,1,1,1,1,0
6133,61.34,33.35359573364258,1.9322023387033072,76,5,1,1,1,1,1,0
6134,61.35,33.26530838012695,1.6268055248969415,76,5,1,1,1,1,1,0
6135,61.36,33.271270751953125,1.7970242813334525,76,5,1,1,1,1,1,0
6136,61.37,33.57413101196289,1.9837801712183312,76,4,0,1,1,1,1,0
6137,61.38,33.40343475341797,1.673142187339798,76,5,1,1,1,1,1,0
6138,61.39,33.390602111816406,2.1978635068621863,76,5,1,1,1,1,1,0
6139,61.4,33.38578796386719,2.0175995650208476,76,5,1,1,1,1,1,0
6140,61.41,33.525047302246094,1.8517309168213203,76,5,1,1,1,1,1,0
6141,61.42,33.64418029785156,1.844988932595375,76,5,1,1,1,1,1,0
6142,61.43,33.54624557495117,1.9931110948849973,76,5,1,1,1,1,1,0
6143,61.44,33.45333480834961,1.8217879766580098,76,5,1,1,1,1,1,0
6144,61.45,33.51821517944336,1.9846899587129267,76,5,1,1,1,1,1,0
6145,61.46,33.439022064208984,1.7406668742281948,76,5,1,1,1,1,1,0
6146,61.47,33.23579788208008,1.7789323446607404,76,5,1,1,1,1,1,0
6147,61.48,33.13405990600586,2.1630772153483964,76,5,1,1,1,1,1,0
6148,61.49,33.608768463134766,1.9429372774989502,76,5,1,1,1,1,1,0
6149,61.5,33.4582633972168,1.8087018419052756,76,5,1,1,1,1,1,0
6150,61.51,33.44622039794922,1.8544235938088636,76,5,1,1,1,1,1,0
6151,61.52,33.69807052612305,1.868934915544255,76,4,0,1,1,1,1,0
6152,61.53,33.35600662231445,2.1714036520660005,76,5,1,1,1,1,1,0
6153,61.54,33.339805603027344,1.8449029424733885,76,5,1,1,1,1,1,0
6154,61.55,33.49612808227539,1.8297591020723165,76,5,1,1,1,1,1,0
6155,61.56,33.265262603759766,1.9169268244613022,76,5,1,1,1,1,1,0
6156,61.57,33.45444869995117,1.9192687104331076,76,5,1,1,1,1,1,0
6157,61.58,33.32449722290039,1.7744021158289902,76,5,1,1,1,1,1,0
6158,61.59,33.354759216308594,1.76125374095053,76,5,1,1,1,1,1,0
6159,61.6,33.329490661621094,1.8610207339013674,76,5,1,1,1,1,1,0
6160,61.61,33.640445709228516,1.9306744060338168,76,5,1,1,1,1,1,0
6161,61.62,33.55496597290039,2.0795219018680444,76,5,1,1,1,1,1,0
6162,61.63,33.28837585449219,1.9346816186929192,76,5,1,1,1,1,1,0
6163,61.64,33.01691436767578,1.7978043597002813,76,5,1,1,1,1,1,0
6164,61.65,33.16168975830078,2.2060364959633976,76,5,1,1,1,1,1,0
6165,61.66,33.46733474731445,1.7531731764371923,76,5,1,1,1,1,1,0
6166,61.67,33.26504135131836,1.9801270877636175,76,5,1,1,1,1,1,0
6167,61.68,33.2317008972168,1.785855670234221,76,5,1,1,1,1,1,0
6168,61.69,33.12286376953125,1.6929584093199865,76,5,1,1,1,1,1,0
6169,61.7,33.30159378051758,1.8601419210309207,76,5,1,1,1,1,1,0
6170,61.71,33.35496139526367,1.825100032215603,76,5,1,1,1,1,1,0
6171,61.72,33.705440521240234,2.021908841309839,76,5,1,1,1,1,1,0
6172,61.73,33.4391975402832,1.7725979927246405,76,5,1,1,1,1,1,0
6173,61.74,33.56135940551758,1.9702064723595667,76,5,1,1,1,1,1,0
6174,61.75,33.4198112487793,2.034550509665314,76,5,1,1,1,1,1,0
6175,61.76,33.36457824707031,1.7640302584538945,76,5,1,1,1,1,1,0
6176,61.77,33.9612922668457,1.821290327164707,76,5,1,1,1,1,1,0
6177,61.78,33.86457443237305,1.8527770739642917,76,4,1,1,1,1,0,0
6178,61.79,33.689693450927734,2.051338733756832,76,4,1,1,1,1,0,0
6179,61.8,33.69892883300781,1.8300249958958537,76,5,1,1,1,1,1,0
6180,61.81,33.63642120361328,1.8506205871681403,76,5,1,1,1,1,1,0
6181,61.82,33.847530364990234,1.7487661744717073,76,5,1,1,1,1,1,0
6182,61.83,33.659217834472656,1.8482728077454749,76,4,1,1,1,1,0,0
6183,61.84,33.74814987182617,1.8566100642835108,76,5,1,1,1,1,1,0
6184,61.85,33.09457778930664,1.9124348093554464,76,5,1,1,1,1,1,0
6185,61.86,33.49002456665039,2.0998588391148276,76,5,1,1,1,1,1,0
6186,61.87,33.83647918701172,2.1273020963177687,76,5,1,1,1,1,1,0
6187,61.88,33.55493927001953,1.8694627857218187,76,5,1,1,1,1,1,0
6188,61.89,33.77359390258789,1.9684258119178257,76,5,1,1,1,1,1,0
6189,61.9,33.582340240478516,2.2375391692291853,76,5,1,1,1,1,1,0
6190,61.91,33.460205078125,2.1579867383046594,76,5,1,1,1,1,1,0
6191,61.92,33.17205047607422,2.1392952765863966,76,5,1,1,1,1,1,0
6192,61.93,33.45748519897461,2.0171493736129196,76,5,1,1,1,1,1,0
6193,61.94,33.47040939331055,2.0500301132103735,76,5,1,1,1,1,1,0
6194,61.95,33.34101104736328,2.0582017601484885,76,5,1,1,1,1,1,0
6195,61.96,33.57241439819336,1.7573876986741468,76,5,1,1,1,1,1,0
6196,61.97,33.527042388916016,1.9413619980539503,76,4,1,0,1,1,1,0
6197,61.98,33.64851760864258,2.225328277719885,76,5,1,1,1,1,1,0
6198,61.99,33.36848449707031,1.9572978431688892,76,4,1,0,1,1,1,0
6199,62.0,33.73123550415039,1.7316458036641016,76,4,1,0,1,1,1,0
6200,62.01,33.768699645996094,2.0086279897966013,76,5,1,1,1,1,1,0
6201,62.02,33.67388916015625,1.8482663270055584,76,3,1,0,1,1,0,0
6202,62.03,33.791439056396484,1.9137893874053011,76,4,1,1,1,1,0,0
6203,62.04,33.65968704223633,2.0476833074296077,76,5,1,1,1,1,1,0
6204,62.05,33.715755462646484,2.106964534193775,76,4,1,1,1,1,0,0
6205,62.06,33.680355072021484,2.2241647643424796,76,5,1,1,1,1,1,0
6206,62.07,33.840450286865234,1.9681666376001141,76,4,1,0,1,1,1,0
6207,62.08,33.41728973388672,1.9025466347841966,76,5,1,1,1,1,1,0
6208,62.09,33.74815368652344,2.1248316030876975,76,5,1,1,1,1,1,0
6209,62.1,33.453548431396484,2.1300495582541377,76,5,1,1,1,1,1,0
6210,62.11,33.4998779296875,2.066635993409128,76,5,1,1,1,1,1,0
6211,62.12,33.588863372802734,1.8867489047422266,76,5,1,1,1,1,1,0
6212,62.13,33.56389236450195,2.0711357973855535,76,5,1,1,1,1,1,0
6213,62.14,33.78862762451172,2.0386515929406013,76,4,1,0,1,1,1,0
6214,62.15,33.992549896240234,2.0722216742541826,76,4,1,0,1,1,1,0
6215,62.16,33.65842819213867,2.0898618939163023,76,5,1,1,1,1,1,0
6216,62.17,33.59029006958008,2.078607216874593,76,4,1,0,1,1,1,0
6217,62.18,33.590087890625,2.3139748005978604,76,5,1,1,1,1,1,0
6218,62.19,33.51042175292969,2.145207734272451,76,5,1,1,1,1,1,0
6219,62.2,33.47863006591797,2.0639313407605955,76,5,1,1,1,1,1,0
6220,62.21,33.74131774902344,1.9802237783122092,76,5,1,1,1,1,1,0
6221,62.22,33.75226974487305,1.7553896045007253,76,5,1,1,1,1,1,0
6222,62.23,33.75370788574219,1.943139969557263,76,5,1,1,1,1,1,0
6223,62.24,33.72107696533203,1.9747438845198757,76,4,0,1,1,1,1,0
6224,62.25,33.7985725402832,2.1461107827226122,76,4,1,0,1,1,1,0
6225,62.26,33.90724182128906,1.9283453035628815,76,5,1,1,1,1,1,0
6226,62.27,33.363914489746094,2.0108961902996274,76,4,1,0,1,1,1,0
6227,62.28,33.735984802246094,1.982998481424036,76,4,1,0,1,1,1,0
6228,62.29,33.71307373046875,2.122592758471444,76,4,1,0,1,1,1,0
6229,62.3,33.633331298828125,1.9895251810891657,76,4,1,0,1,1,1,0
6230,62.31,33.59495544433594,1.934631051467383,76,3,1,0,1,1,0,0
6231,62.32,33.66168212890625,1.8663887854336487,76,4,1,0,1,1,1,0
6232,62.33,33.76299285888672,1.9041538856578366,76,5,1,1,1,1,1,0
6233,62.34,33.70492935180664,2.2345918481578333,76,4,1,0,1,1,1,0
6234,62.35,33.57088851928711,2.0461905336708694,76,4,1,0,1,1,1,0
6235,62.36,33.83782196044922,1.906123647843803,76,5,1,1,1,1,1,0
6236,62.37,33.83342742919922,1.7981071471844252,76,5,1,1,1,1,1,0
6237,62.38,33.660213470458984,2.0057183935982503,76,4,1,0,1,1,1,0
6238,62.39,33.558555603027344,1.936722876849204,76,5,1,1,1,1,1,0
6239,62.4,33.66119384765625,1.8630407896594146,76,4,1,0,1,1,1,0
6240,62.41,33.61027145385742,2.0564487572291106,76,5,1,1,1,1,1,0
6241,62.42,33.65854263305664,2.171770394290788,76,4,1,0,1,1,1,0
6242,62.43,33.57959747314453,2.088870621138522,76,5,1,1,1,1,1,0
6243,62.44,33.48896026611328,1.8961795624335,76,5,1,1,1,1,1,0
6244,62.45,33.48149108886719,1.9807294045398416,76,4,1,0,1,1,1,0
6245,62.46,33.41734313964844,1.8522912101210651,76,5,1,1,1,1,1,0
6246,62.47,33.41600036621094,1.8965494308500264,76,5,1,1,1,1,1,0
6247,62.48,33.47066116333008,1.9432130142856505,76,5,1,1,1,1,1,0
6248,62.49,33.72173309326172,2.1011452856115245,76,5,1,1,1,1,1,0
6249,62.5,33.574867248535156,1.8507820460105897,76,5,1,1,1,1,1,0
6250,62.51,33.769493103027344,2.1408638389011747,76,5,1,1,1,1,1,0
6251,62.52,33.90967559814453,2.016748404546996,76,5,1,1,1,1,1,0
6252,62.53,33.71986389160156,2.025884491832494,76,5,1,1,1,1,1,0
6253,62.54,33.6088752746582,1.9096088468281618,76,5,1,1,1,1,1,0
6254,62.55,33.407371520996094,1.880983853297605,76,5,1,1,1,1,1,0
6255,62.56,33.563297271728516,2.1519808989813782,76,5,1,1,1,1,1,0
6256,62.57,33.53373336791992,1.918881149135345,76,5,1,1,1,1,1,0
6257,62.58,33.490318298339844,2.0457273104900238,76,5,1,1,1,1,1,0
6258,62.59,33.739601135253906,1.9430387243384395,76,5,1,1,1,1,1,0
6259,62.6,33.73976516723633,1.918254898463425,76,5,1,1,1,1,1,0
6260,62.61,33.63840866088867,2.0460902486955104,76,4,1,0,1,1,1,0
6261,62.62,33.866451263427734,2.0677012778064054,76,5,1,1,1,1,1,0
6262,62.63,34.22312545776367,2.195722954303456,76,5,1,1,1,1,1,0
6263,62.64,34.1053581237793,2.364530884104046,76,5,1,1,1,1,1,0
6264,62.65,34.022727966308594,1.8598419105891428,76,5,1,1,1,1,1,0
6265,62.66,33.90016555786133,1.7773607313804227,76,4,1,0,1,1,1,0
6266,62.67,33.75706100463867,1.8995004234111552,76,4,1,0,1,1,1,0
6267,62.68,33.71797180175781,1.8725407847338769,76,5,1,1,1,1,1,0
6268,62.69,33.994937896728516,1.8983443698273987,76,5,1,1,1,1,1,0
6269,62.7,33.82621383666992,1.9116002530284033,76,5,1,1,1,1,1,0
6270,62.71,33.921966552734375,2.068551172943127,76,5,1,1,1,1,1,0
6271,62.72,33.951053619384766,2.286089325396242,76,5,1,1,1,1,1,0
6272,62.73,33.6416015625,2.010993279391617,76,4,0,1,1,1,1,0
6273,62.74,33.50938415527344,2.0265466189403574,76,5,1,1,1,1,1,0
6274,62.75,33.95222091674805,2.1361917025999593,76,3,0,0,1,1,1,0
6275,62.76,33.671451568603516,2.152320195414955,76,3,0,0,1,1,1,0
6276,62.77,34.20930099487305,2.1426154822420074,76,3,0,0,1,1,1,0
6277,62.78,33.727542877197266,1.9278452958602696,76,3,0,0,1,1,1,0
6278,62.79,33.858619689941406,1.8885447758109963,76,3,0,0,1,1,1,0
6279,62.8,34.27592086791992,1.9191921505536336,76,3,0,0,1,1,1,0
6280,62.81,33.898956298828125,2.0344554635681935,76,3,0,0,1,1,1,0
6281,62.82,34.034934997558594,1.9759098663273258,76,5,1,1,1,1,1,0
6282,62.83,33.8719367980957,1.8064630875635534,76,3,0,0,1,1,1,0
6283,62.84,33.99219512939453,1.868849618967754,76,3,0,0,1,1,1,0
6284,62.85,34.22430419921875,2.219864872437625,76,4,0,1,1,1,1,0
6285,62.86,33.85383987426758,1.8963624437867412,76,4,0,1,1,1,1,0
6286,62.87,34.01836395263672,2.2262084216844724,76,5,1,1,1,1,1,0
6287,62.88,33.984825134277344,2.065261672025398,76,5,1,1,1,1,1,0
6288,62.89,34.22829055786133,2.112321605854499,76,3,0,0,1,1,1,0
6289,62.9,33.72647476196289,1.9163802930919676,76,3,0,0,1,1,1,0
6290,62.91,33.927337646484375,1.9918367820930494,76,3,0,0,1,1,1,0
6291,62.92,34.0956916809082,1.7690119857646973,76,3,0,0,1,1,1,0
6292,62.93,34.00788879394531,2.1697214649272216,76,3,0,0,1,1,1,0
6293,62.94,33.93673324584961,1.8591064390625012,76,3,0,0,1,1,1,0
6294,62.95,34.08573532104492,2.0110972682351114,76,4,0,1,1,1,1,0
6295,62.96,34.1614990234375,2.0073149432178763,76,4,0,1,1,1,1,0
6296,62.97,34.36897659301758,1.8578789806288043,76,4,0,1,1,1,1,0
6297,62.98,33.90910339355469,1.7801755257265797,76,4,0,1,1,1,1,0
6298,62.99,34.00270080566406,2.014897943767267,76,3,0,0,1,1,1,0
6299,63.0,33.6752815246582,1.8635965363202907,76,4,0,1,1,1,1,0
6300,63.01,33.953060150146484,2.084896836329101,76,4,0,1,1,1,1,0
6301,63.02,34.27022933959961,1.9420334908579868,76,3,0,0,1,1,1,0
6302,63.03,34.26649856567383,2.0268720466781383,76,4,0,1,1,1,1,0
6303,63.04,34.445491790771484,1.9048899333068667,76,4,0,1,1,1,1,0
6304,63.05,33.8581657409668,1.9596666297918435,76,3,0,0,1,1,1,0
6305,63.06,33.95707321166992,1.9343995188220253,76,4,0,1,1,1,1,0
6306,63.07,33.982059478759766,2.0890399571421727,76,3,0,0,1,1,1,0
6307,63.08,34.44681930541992,1.7185470077351197,76,3,0,0,1,1,1,0
6308,63.09,34.313236236572266,1.831635204233958,76,3,0,0,1,1,1,0
6309,63.1,34.586788177490234,1.942651094234448,76,3,0,0,1,1,1,0
6310,63.11,34.31878662109375,1.978513612110258,76,3,0,0,1,1,1,0
6311,63.12,34.19324493408203,1.894675281253727,76,3,0,0,1,1,1,0
6312,63.13,33.92860794067383,2.2269270493810347,76,3,0,0,1,1,1,0
6313,63.14,33.766456604003906,1.9801963600992156,76,3,0,0,1,1,1,0
6314,63.15,33.89950942993164,2.1893845384002875,76,3,0,0,1,1,1,0
6315,63.16,33.96213912963867,1.79237391157623,76,3,0,0,1,1,1,0
6316,63.17,34.053504943847656,1.92278334336903,76,3,0,0,1,1,1,0
6317,63.18,33.92414474487305,1.9963976591060668,76,3,0,0,1,1,1,0
6318,63.19,33.87916564941406,1.9834035808224435,76,4,1,0,1,1,1,0
6319,63.2,33.77147674560547,1.8292596588972072,76,3,0,0,1,1,1,0
6320,63.21,33.85072326660156,2.1130297967332736,76,3,0,0,1,1,1,0
6321,63.22,33.98416519165039,1.9097908616559485,76,3,0,0,1,1,1,0
6322,63.23,34.11069869995117,1.9822755934405223,76,3,0,0,1,1,1,0
6323,63.24,33.667633056640625,2.1174275694169875,76,3,0,0,1,1,1,0
6324,63.25,33.56947708129883,2.0082279026849297,76,3,0,0,1,1,1,0
6325,63.26,33.477134704589844,1.8612345398838304,76,4,1,0,1,1,1,0
6326,63.27,33.611656188964844,1.787284450105383,76,5,1,1,1,1,1,0
6327,63.28,33.85196304321289,1.9938148959745245,76,3,0,0,1,1,1,0
6328,63.29,33.58373260498047,1.967260532960754,76,4,1,0,1,1,1,0
6329,63.3,33.53308868408203,1.8558821299398078,76,4,1,0,1,1,1,0
6330,63.31,33.5256233215332,1.8720353270954775,76,5,1,1,1,1,1,0
6331,63.32,33.30570602416992,1.9680916891567186,76,5,1,1,1,1,1,0
6332,63.33,33.44966125488281,1.8840920801049026,76,4,1,0,1,1,1,0
6333,63.34,33.57771301269531,1.9974498596399253,76,5,1,1,1,1,1,0
6334,63.35,33.703086853027344,2.005341395664595,76,3,0,0,1,1,1,0
6335,63.36,33.584999084472656,1.9091603703486537,76,3,0,0,1,1,1,0
6336,63.37,33.68635559082031,1.8763718785163683,76,3,0,0,1,1,1,0
6337,63.38,33.75661849975586,2.0511949307468496,76,3,0,0,1,1,1,0
6338,63.39,33.89437484741211,1.9175525539726193,76,3,0,0,1,1,1,0
6339,63.4,33.84769821166992,1.86919248150888,76,4,0,1,1,1,1,0
6340,63.41,33.710025787353516,2.0766648381629413,76,3,0,0,1,1,1,0
6341,63.42,33.99987030029297,2.204206239572462,76,4,0,1,1,1,1,0
6342,63.43,33.93675231933594,2.1500907190407097,76,3,0,0,1,1,1,0
6343,63.44,33.93894958496094,2.039337208359329,76,3,0,0,1,1,1,0
6344,63.45,34.21309280395508,1.9461271849288502,76,2,0,0,1,1,0,0
6345,63.46,34.06764221191406,1.9719358562606164,76,2,0,0,1,1,0,0
6346,63.47,33.764949798583984,2.036660844679981,76,3,0,0,1,1,1,0
6347,63.48,33.885738372802734,1.8464564087847528,76,3,0,0,1,1,1,0
6348,63.49,33.71849822998047,2.0726988399148896,76,3,0,0,1,1,1,0
6349,63.5,33.722251892089844,1.824932172821496,76,4,1,0,1,1,1,0
6350,63.51,33.624290466308594,1.7789335026245896,76,4,1,0,1,1,1,0
6351,63.52,33.41828918457031,2.085522041375686,76,4,0,1,1,1,1,0
6352,63.53,33.73673629760742,1.85819522380756,76,4,1,0,1,1,1,0
6353,63.54,33.68496322631836,1.907175937402842,76,3,0,0,1,1,1,0
6354,63.55,33.63327407836914,2.17853227396464,76,3,0,0,1,1,1,0
6355,63.56,33.633323669433594,1.865418827607734,76,3,0,0,1,1,1,0
6356,63.57,33.798675537109375,1.7423219574023774,76,3,0,0,1,1,1,0
6357,63.58,33.798866271972656,1.68821880218028,76,5,1,1,1,1,1,0
6358,63.59,33.933650970458984,2.020540111592644,76,4,1,0,1,1,1,0
6359,63.6,34.06206130981445,2.0525297070385062,76,3,0,0,1,1,1,0
6360,63.61,34.065738677978516,1.6903848297955195,76,3,0,0,1,1,1,0
6361,63.62,33.98505783081055,1.797283062546042,76,4,0,1,1,1,1,0
6362,63.63,34.28702926635742,1.8962306118916907,76,2,0,0,1,1,0,0
6363,63.64,33.89585876464844,1.9251514397072778,76,3,0,0,1,1,1,0
6364,63.65,33.844139099121094,1.6472434517690229,76,3,0,0,1,1,1,0
6365,63.66,33.89267349243164,1.9545088316384294,76,4,1,0,1,1,1,0
6366,63.67,33.66490173339844,1.8410299495215852,76,4,1,0,1,1,1,0
6367,63.68,33.62574768066406,1.8309799672338607,76,4,1,0,1,1,1,0
6368,63.69,33.86398696899414,1.8170563827295314,76,4,1,0,1,1,1,0
6369,63.7,33.381195068359375,1.7646184090885082,76,4,1,0,1,1,1,0
6370,63.71,33.57636260986328,2.041815673802917,76,4,1,0,1,1,1,0
6371,63.72,33.87690734863281,1.7010945860193765,76,4,1,0,1,1,1,0
6372,63.73,34.071266174316406,1.9845914867221084,76,5,1,1,1,1,1,0
6373,63.74,33.72654724121094,1.8415773770681685,76,4,1,0,1,1,1,0
6374,63.75,33.54167175292969,1.8723533762438997,76,3,0,0,1,1,1,0
6375,63.76,33.63872528076172,1.9253068167209744,76,3,0,0,1,1,1,0
6376,63.77,33.682090759277344,1.9383981647458268,76,4,1,0,1,1,1,0
6377,63.78,33.57030487060547,2.0181645331593154,76,3,0,0,1,1,1,0
6378,63.79,33.829017639160156,1.907928019609922,76,3,0,0,1,1,1,0
6379,63.8,33.83320999145508,1.8493809785109776,76,3,0,0,1,1,1,0
6380,63.81,33.566139221191406,1.8262774626953038,76,3,0,0,1,1,1,0
6381,63.82,33.52520751953125,1.829159430411174,76,4,1,0,1,1,1,0
6382,63.83,33.469425201416016,1.8374392204434078,76,3,0,0,1,1,1,0
6383,63.84,33.69991683959961,2.0488030503721264,76,4,1,0,1,1,1,0
6384,63.85,33.56822204589844,1.818298731872646,76,3,0,0,1,1,1,0
6385,63.86,33.656494140625,2.0696312543904254,76,3,0,0,1,1,1,0
6386,63.87,33.75875473022461,1.8665978687939906,76,3,0,0,1,1,1,0
6387,63.88,33.69623565673828,1.9136621847009139,76,3,0,0,1,1,1,0
6388,63.89,33.815704345703125,1.8595929428531515,76,3,0,0,1,1,1,0
6389,63.9,33.89695358276367,1.943763462233325,76,4,0,1,1,1,1,0
6390,63.91,33.9173583984375,1.964335329669999,76,3,0,0,1,1,1,0
6391,63.92,33.82683181762695,1.98590043945453,76,4,1,0,1,1,1,0
6392,63.93,34.20695114135742,2.0427713575886215,76,3,0,0,1,1,1,0
6393,63.94,34.330230712890625,1.959258647384146,76,4,0,1,1,1,1,0
6394,63.95,33.801856994628906,1.847842068335497,76,4,1,0,1,1,1,0
6395,63.96,33.752197265625,1.988815680572962,76,5,1,1,1,1,1,0
6396,63.97,33.73893356323242,1.7542487685844543,76,3,0,0,1,1,1,0
6397,63.98,33.75729751586914,1.819972210353823,76,3,0,0,1,1,1,0
6398,63.99,33.944114685058594,1.948281557796307,76,4,1,1,1,1,0,0
6399,64.0,34.24999237060547,1.985473672393795,76,3,0,0,1,1,1,0
6400,64.01,34.06431198120117,1.9663147978629125,76,3,1,0,1,1,0,0
6401,64.02,33.66922378540039,1.8779256244379035,76,3,0,0,1,1,1,0
6402,64.03,33.93809509277344,1.8067928272045874,76,4,1,0,1,1,1,0
6403,64.04,33.66899490356445,1.793458415402223,76,4,1,0,1,1,1,0
6404,64.05,33.5540657043457,1.8088708278646966,76,5,1,1,1,1,1,0
6405,64.06,33.58760452270508,2.123111617861783,76,4,0,1,1,1,1,0
6406,64.07,33.597312927246094,1.8682059640681032,76,3,0,0,1,1,1,0
6407,64.08,33.85993194580078,1.8639957561315816,76,3,0,0,1,1,1,0
6408,64.09,33.976558685302734,1.8270461159390523,76,3,0,0,1,1,1,0
6409,64.1,33.75592803955078,1.8223043990419694,76,5,1,1,1,1,1,0
6410,64.11,33.86144256591797,1.9667266698707615,76,3,0,0,1,1,1,0
6411,64.12,33.52128601074219,1.7256636986466478,76,5,1,1,1,1,1,0
6412,64.13,33.279727935791016,1.8641078019700834,76,5,1,1,1,1,1,0
6413,64.14,33.716148376464844,1.7638614965918293,76,5,1,1,1,1,1,0
6414,64.15,33.5161018371582,1.8490509114390976,76,4,0,1,1,1,1,0
6415,64.16,33.597354888916016,1.9679864358344195,76,5,1,1,1,1,1,0
6416,64.17,33.60765075683594,1.8330812755864299,76,4,0,1,1,1,1,0
6417,64.18,33.499267578125,1.8710914217504442,76,4,0,1,1,1,1,0
6418,64.19,33.80418014526367,1.8837738865872462,76,3,0,1,1,1,0,0
6419,64.2,33.49079132080078,1.912090982422739,76,4,0,1,1,1,1,0
6420,64.21,33.75602722167969,2.065839499460078,76,4,0,1,1,1,1,0
6421,64.22,33.6764030456543,1.8855505538496964,76,4,1,0,1,1,1,0
6422,64.23,33.74010467529297,1.9780038516300864,76,3,0,0,1,1,1,0
6423,64.24,34.016944885253906,1.852677891236283,76,3,0,0,1,1,1,0
6424,64.25,33.86910629272461,1.8823906571665159,76,3,0,0,1,1,1,0
6425,64.26,33.87810516357422,1.8981592075190326,76,3,0,0,1,1,1,0
6426,64.27,33.61460876464844,1.8442100045234626,76,3,0,0,1,1,1,0
6427,64.28,33.821441650390625,2.135674556333774,76,3,0,0,1,1,1,0
6428,64.29,33.81813049316406,2.016482950130736,76,3,0,0,1,1,1,0
6429,64.3,33.75318145751953,1.9548429148008373,76,3,0,0,1,1,1,0
6430,64.31,33.75290298461914,1.835378822919185,76,4,0,1,1,1,1,0
6431,64.32,33.18454360961914,1.9864059458118766,76,4,1,0,1,1,1,0
6432,64.33,33.60614013671875,1.8735270150060004,76,4,1,0,1,1,1,0
6433,64.34,33.44231414794922,2.028007625532975,76,5,1,1,1,1,1,0
6434,64.35,33.61408996582031,1.9826526097273487,76,4,1,0,1,1,1,0
6435,64.36,33.4904899597168,1.9372703642668705,76,4,1,0,1,1,1,0
6436,64.37,33.5708122253418,1.9914543021208935,76,4,1,0,1,1,1,0
6437,64.38,33.38865661621094,1.9288622745234947,76,4,1,0,1,1,1,0
6438,64.39,33.408206939697266,1.9551487616812127,76,4,1,0,1,1,1,0
6439,64.4,33.519622802734375,1.8168912759700848,76,4,1,0,1,1,1,0
6440,64.41,33.8065299987793,1.877494627530312,76,4,1,0,1,1,1,0
6441,64.42,33.61138153076172,1.8761960353653708,76,4,1,0,1,1,1,0
6442,64.43,33.75855255126953,1.9571376967102436,76,4,1,0,1,1,1,0
6443,64.44,33.50489044189453,1.8595686283204174,76,5,1,1,1,1,1,0
6444,64.45,33.964622497558594,2.093296693294083,76,5,1,1,1,1,1,0
6445,64.46,33.93061828613281,1.8011399893515223,76,4,1,0,1,1,1,0
6446,64.47,33.755775451660156,1.7823039362593758,76,4,1,0,1,1,1,0
6447,64.48,33.689762115478516,1.924504250647958,76,4,1,0,1,1,1,0
6448,64.49,33.60627365112305,2.1078165922986676,76,4,1,0,1,1,1,0
6449,64.5,33.74943161010742,1.7610770233422313,76,3,0,0,1,1,1,0
6450,64.51,33.53603744506836,1.8158209356016373,76,4,1,0,1,1,1,0
6451,64.52,33.334468841552734,1.9805300586967125,76,4,1,0,1,1,1,0
6452,64.53,33.378501892089844,1.6957265974379172,76,4,1,0,1,1,1,0
6453,64.54,33.62065505981445,1.8834037777555266,76,4,1,0,1,1,1,0
6454,64.55,33.85847473144531,1.8679936911847366,76,5,1,1,1,1,1,0
6455,64.56,33.9761962890625,2.0401996485010563,76,5,1,1,1,1,1,0
6456,64.57,33.54350662231445,1.9473284468375844,76,4,0,1,1,1,1,0
6457,64.58,33.67820739746094,1.8641129998030779,76,3,0,0,1,1,1,0
6458,64.59,34.19794845581055,1.7713525085337385,76,3,0,0,1,1,1,0
6459,64.6,33.74687957763672,1.9026744202415014,76,4,1,0,1,1,1,0
6460,64.61,33.77408218383789,2.075621747730651,76,3,0,0,1,1,1,0
6461,64.62,33.596466064453125,1.9977259395362699,76,3,0,0,1,1,1,0
6462,64.63,33.78401184082031,1.9686765425313357,76,2,0,0,1,1,0,0
6463,64.64,33.89188766479492,1.945665122414673,76,4,0,1,1,1,1,0
6464,64.65,33.875423431396484,1.8507595222880422,76,3,0,0,1,1,1,0
6465,64.66,34.00851821899414,1.9918295619084658,76,4,1,0,1,1,1,0
6466,64.67,33.89244079589844,1.823652213122335,76,4,0,1,1,1,1,0
6467,64.68,34.069557189941406,1.7108521177753504,76,4,0,1,1,1,1,0
6468,64.69,33.678741455078125,1.9938117773399688,76,5,1,1,1,1,1,0
6469,64.7,33.669368743896484,1.7949655556132484,76,3,0,0,1,1,1,0
6470,64.71,33.315696716308594,1.7800519177076704,76,4,0,1,1,1,1,0
6471,64.72,34.003055572509766,2.0223041468906526,76,3,0,0,1,1,1,0
6472,64.73,33.813316345214844,1.9276431921852353,76,4,0,1,1,1,1,0
6473,64.74,33.74405288696289,1.891903401406579,76,3,0,0,1,1,1,0
6474,64.75,34.052978515625,2.0531628730407454,76,4,0,1,1,1,1,0
6475,64.76,33.849483489990234,1.778346429060378,76,3,0,0,1,1,1,0
6476,64.77,33.74196243286133,1.8125660034796833,76,3,0,0,1,1,1,0
6477,64.78,33.79952621459961,1.9278206746795108,76,3,0,0,1,1,1,0
6478,64.79,33.75766372680664,2.075017078013812,76,4,1,0,1,1,1,0
6479,64.8,33.995635986328125,1.729337081476176,76,4,1,0,1,1,1,0
6480,64.81,33.916996002197266,1.890925767014024,76,3,0,0,1,1,1,0
6481,64.82,34.16593551635742,2.2311850138836355,76,3,0,0,1,1,1,0
6482,64.83,34.05821990966797,2.079034008790535,76,4,1,0,1,1,1,0
6483,64.84,34.352657318115234,2.1679503800055806,76,3,0,0,1,1,1,0
6484,64.85,33.909297943115234,2.017644366050979,76,3,0,0,1,1,1,0
6485,64.86,33.94990539550781,1.979167951448616,76,3,0,0,1,1,1,0
6486,64.87,34.2874755859375,2.0378668541687084,76,4,0,1,1,1,1,0
6487,64.88,34.25188064575195,2.302254196127578,76,3,0,0,1,1,1,0
6488,64.89,34.16726303100586,1.8854726450804873,76,3,0,0,1,1,1,0
6489,64.9,34.23396682739258,1.7953591653206353,76,3,0,0,1,1,1,0
6490,64.91,34.09922409057617,1.7899143083464204,76,4,0,1,1,1,1,0
6491,64.92,33.865318298339844,1.9836876731735178,76,4,0,1,1,1,1,0
6492,64.93,33.79789733886719,2.061578186819215,76,4,0,1,1,1,1,0
6493,64.94,33.874290466308594,2.04027602405493,76,3,0,0,1,1,1,0
6494,64.95,33.64085006713867,1.8700587535898767,76,3,0,0,1,1,1,0
6495,64.96,33.60526657104492,1.85345787087761,76,3,0,0,1,1,1,0
6496,64.97,33.925270080566406,1.874081056558657,76,3,0,0,1,1,1,0
6497,64.98,33.784202575683594,2.0537490081366214,76,3,0,0,1,1,1,0
6498,64.99,33.71297836303711,1.9603587604648633,76,3,0,0,1,1,1,0
6499,65.0,33.6262092590332,1.8707825175167352,76,3,0,0,1,1,1,0
6500,65.01,33.79127883911133,1.9419062327777743,76,3,0,0,1,1,1,0
6501,65.02,33.81537628173828,2.042871656103462,76,3,0,0,1,1,1,0
6502,65.03,33.676395416259766,1.9690301388112217,76,4,0,1,1,1,1,0
6503,65.04,33.92152786254883,1.7612241051412252,76,4,0,1,1,1,1,0
6504,65.05,34.03970718383789,1.9876883463458939,76,3,0,0,1,1,1,0
6505,65.06,34.011573791503906,1.7918124522477215,76,3,0,0,1,1,1,0
6506,65.07,33.82339859008789,1.9179367041705793,76,4,1,0,1,1,1,0
6507,65.08,34.00146484375,1.7829763769467344,76,4,0,1,1,1,1,0
6508,65.09,33.6082649230957,1.9559624163106548,76,4,0,1,1,1,1,0
6509,65.1,33.61077117919922,1.90873905442254,76,4,0,1,1,1,1,0
6510,65.11,33.49065399169922,1.8005770263005316,76,4,0,1,1,1,1,0
6511,65.12,33.38951110839844,1.8458121165068342,76,4,0,1,1,1,1,0
6512,65.13,33.260616302490234,1.962091069276987,76,4,0,1,1,1,1,0
6513,65.14,33.411075592041016,1.7551045356865436,76,3,0,0,1,1,1,0
6514,65.15,33.44071578979492,1.797722287506652,76,3,0,0,1,1,1,0
6515,65.16,33.37861633300781,1.9093687258614107,76,3,0,0,1,1,1,0
6516,65.17,33.34613037109375,1.9750929373726331,76,3,0,0,1,1,1,0
6517,65.18,33.205509185791016,1.8002198453836202,76,4,0,1,1,1,1,0
6518,65.19,33.66652297973633,1.9855701986298568,76,4,0,1,1,1,1,0
6519,65.2,33.33298873901367,1.8856254046218066,76,3,0,0,1,1,1,0
6520,65.21,33.475067138671875,1.822693297888744,76,3,0,0,1,1,1,0
6521,65.22,33.45738983154297,1.8703189590087386,76,4,0,1,1,1,1,0
6522,65.23,33.695396423339844,1.8838294031691094,76,3,0,0,1,1,1,0
6523,65.24,33.94320297241211,1.9849941470823877,76,3,0,0,1,1,1,0
6524,65.25,33.408843994140625,1.941419935191698,76,3,0,0,1,1,1,0
6525,65.26,33.965553283691406,1.9544817943607944,76,4,0,1,1,1,1,0
6526,65.27,33.53218460083008,2.007713065238256,76,3,0,0,1,1,1,0
6527,65.28,33.595619201660156,1.8530575130550146,76,3,0,0,1,1,1,0
6528,65.29,33.628440856933594,1.8149699143007068,76,4,1,0,1,1,1,0
6529,65.3,33.74504089355469,1.91640522049016,76,3,0,0,1,1,1,0
6530,65.31,34.148582458496094,1.9210638929325867,76,3,0,0,1,1,1,0
6531,65.32,33.94052505493164,1.9687518756236402,76,3,0,0,1,1,1,0
6532,65.33,33.914363861083984,2.0322683985554004,76,4,0,1,1,1,1,0
6533,65.34,34.02797317504883,2.1936999095682737,76,4,1,0,1,1,1,0
6534,65.35,34.24153518676758,2.0172713744804085,76,3,0,0,1,1,1,0
6535,65.36,33.98745346069336,2.0535618961265225,76,3,0,0,1,1,1,0
6536,65.37,33.65595626831055,2.174422030426739,76,3,0,0,1,1,1,0
6537,65.38,33.880836486816406,1.9633655644364678,76,3,0,0,1,1,1,0
6538,65.39,33.682228088378906,1.9950663146007197,76,3,0,0,1,1,1,0
6539,65.4,34.10373306274414,2.0677048937974654,76,3,0,0,1,1,1,0
6540,65.41,34.17308044433594,1.9710917868235995,76,3,0,0,1,1,1,0
6541,65.42,33.9438591003418,1.8628211499605092,76,4,0,1,1,1,1,0
6542,65.43,34.08559036254883,1.8943073224628173,76,3,0,0,1,1,1,0
6543,65.44,34.09435272216797,2.1954993692889797,76,3,0,0,1,1,1,0
6544,65.45,34.018680572509766,2.0652125288526193,76,4,0,1,1,1,1,0
6545,65.46,33.692420959472656,1.8259742072358296,76,4,0,1,1,1,1,0
6546,65.47,33.61827087402344,1.796691007906625,76,4,0,1,1,1,1,0
6547,65.48,33.99003982543945,2.2733904204778903,76,3,0,0,1,1,1,0
6548,65.49,33.8997802734375,1.9239538838989723,76,3,0,0,1,1,1,0
6549,65.5,34.02846908569336,1.9784041121177856,76,3,0,0,1,1,1,0
6550,65.51,34.31370544433594,1.9004462021378628,76,3,0,0,1,1,1,0
6551,65.52,34.294586181640625,2.062933913578211,76,3,0,0,1,1,1,0
6552,65.53,34.1423454284668,2.0296242991249787,76,3,0,0,1,1,1,0
6553,65.54,33.81076431274414,1.9282381972155214,76,3,0,0,1,1,1,0
6554,65.55,33.86819076538086,1.8058604540605128,76,3,0,0,1,1,1,0
6555,65.56,33.85096740722656,1.9789144634407945,76,3,0,0,1,1,1,0
6556,65.57,33.65096664428711,1.9710158851250101,76,4,0,1,1,1,1,0
6557,65.58,33.98451614379883,1.9706838468496217,76,3,0,0,1,1,1,0
6558,65.59,34.22350311279297,2.037300215779473,76,3,0,0,1,1,1,0
6559,65.6,33.9640007019043,1.9690103142068762,76,3,0,0,1,1,1,0
6560,65.61,34.0444450378418,1.8676660352223553,76,2,0,0,1,1,0,0
6561,65.62,34.36733627319336,1.7913397871554286,76,3,0,0,1,1,1,0
6562,65.63,34.14142990112305,2.017404618793805,76,3,0,0,1,1,1,0
6563,65.64,34.079959869384766,2.2091842443897503,76,3,0,0,1,1,1,0
6564,65.65,34.256690979003906,1.9702016318782583,76,3,0,0,1,1,1,0
6565,65.66,34.26846694946289,2.018540005470174,76,3,0,0,1,1,1,0
6566,65.67,34.23777770996094,1.913693247246136,76,3,0,0,1,1,1,0
6567,65.68,33.832218170166016,1.9214592728797093,76,3,0,0,1,1,1,0
6568,65.69,33.952125549316406,1.920779773202603,76,3,0,0,1,1,1,0
6569,65.7,33.86662673950195,1.9110769956356133,76,3,0,0,1,1,1,0
6570,65.71,33.850399017333984,1.8923277803026055,76,3,0,0,1,1,1,0
6571,65.72,34.05794143676758,1.9002378118164975,76,3,0,0,1,1,1,0
6572,65.73,34.14427185058594,1.8233262337627754,76,3,0,0,1,1,1,0
6573,65.74,34.19161605834961,1.8444233393768459,76,3,0,0,1,1,1,0
6574,65.75,34.29707336425781,1.6943700694597355,76,3,0,0,1,1,1,0
6575,65.76,34.19198989868164,1.8106891521467743,76,3,0,0,1,1,1,0
6576,65.77,34.06216049194336,1.6710158934687287,76,3,0,0,1,1,1,0
6577,65.78,34.02885818481445,1.7755554894646624,76,3,0,0,1,1,1,0
6578,65.79,34.275474548339844,1.9046560270391284,76,3,0,0,1,1,1,0
6579,65.8,33.86163330078125,2.0426952247398495,76,3,0,0,1,1,1,0
6580,65.81,34.10108184814453,1.93458150829071,76,3,0,0,1,1,1,0
6581,65.82,33.88816833496094,1.6983790040781177,76,3,0,0,1,1,1,0
6582,65.83,33.84336471557617,1.9127188523836673,76,4,0,1,1,1,1,0
6583,65.84,34.118038177490234,1.843533179621794,76,3,0,0,1,1,1,0
6584,65.85,34.25588607788086,2.023018067823613,76,3,0,0,1,1,1,0
6585,65.86,34.16143035888672,1.858845895386615,76,4,0,1,1,1,1,0
6586,65.87,34.05120849609375,1.9170345428919962,76,3,0,0,1,1,1,0
6587,65.88,33.8945426940918,1.9054879992871037,76,4,0,1,1,1,1,0
6588,65.89,34.05687713623047,1.9345466796593442,76,4,0,1,1,1,1,0
6589,65.9,34.00657272338867,2.082045444373518,76,3,0,0,1,1,1,0
6590,65.91,33.96133804321289,1.8921188184457738,76,3,0,0,1,1,1,0
6591,65.92,33.826087951660156,2.000853671424355,76,4,0,1,1,1,1,0
6592,65.93,33.82474136352539,1.752398161508669,76,4,0,1,1,1,1,0
6593,65.94,33.934226989746094,1.8963372529257916,76,4,0,1,1,1,1,0
6594,65.95,34.234134674072266,1.991602552768791,76,3,0,0,1,1,1,0
6595,65.96,33.914363861083984,2.0867721637461325,76,3,0,0,1,1,1,0
6596,65.97,34.0202751159668,1.812348581876372,76,3,0,0,1,1,1,0
6597,65.98,33.66847610473633,1.8793956223638864,76,4,0,1,1,1,1,0
6598,65.99,33.7138671875,2.134686038947774,76,3,0,0,1,1,1,0
6599,66.0,33.502113342285156,1.9075101311709513,76,3,0,0,1,1,1,0
6600,66.01,33.79829406738281,1.863413243824924,76,4,0,1,1,1,1,0
6601,66.02,33.70222473144531,2.0868692325095783,76,3,0,0,1,1,1,0
6602,66.03,33.696781158447266,1.9895701924779408,76,3,0,0,1,1,1,0
6603,66.04,33.80634689331055,2.0818010931949247,76,3,0,0,1,1,1,0
6604,66.05,33.97615432739258,2.2547092976129552,76,3,0,0,1,1,1,0
6605,66.06,33.85851287841797,1.9829565335115384,76,3,0,0,1,1,1,0
6606,66.07,33.55615997314453,1.952280245442227,76,3,0,0,1,1,1,0
6607,66.08,33.709564208984375,2.019377017510166,76,3,0,0,1,1,1,0
6608,66.09,33.92963790893555,2.276271756705404,76,3,0,0,1,1,1,0
6609,66.1,33.93180465698242,1.8891526000828962,76,2,0,0,1,1,0,0
6610,66.11,34.453773498535156,2.039268018261924,76,3,0,0,1,1,1,0
6611,66.12,33.99874496459961,2.1251355181412395,76,2,0,0,1,1,0,0
6612,66.13,34.060577392578125,1.8773928392030614,76,2,0,0,1,1,0,0
6613,66.14,34.276676177978516,2.0642176426769936,76,2,0,0,1,1,0,0
6614,66.15,34.178428649902344,1.9773212059871403,76,2,0,0,1,1,0,0
6615,66.16,34.124481201171875,2.0102278645774816,76,2,0,0,1,1,0,0
6616,66.17,34.382198333740234,2.245751392392611,76,2,0,0,1,1,0,0
6617,66.18,34.244197845458984,2.0806257385091222,76,3,0,0,1,1,1,0
6618,66.19,34.507164001464844,1.8896285823415298,76,2,0,0,1,1,0,0
6619,66.2,34.70395278930664,2.138087747006301,76,2,0,0,1,1,0,0
6620,66.21,34.34062576293945,1.793012678182467,76,2,0,0,1,1,0,0
6621,66.22,34.6406364440918,1.9755252103093441,76,2,0,0,1,1,0,0
6622,66.23,34.32004165649414,1.91582621866298,76,3,1,0,1,1,0,0
6623,66.24,34.30924987792969,1.9563951724953257,76,2,0,0,1,1,0,0
6624,66.25,34.68339157104492,2.0348473194069308,76,2,0,0,1,1,0,0
6625,66.26,34.20201110839844,2.215536296330641,76,2,0,0,1,1,0,0
6626,66.27,34.55674743652344,2.2740938029294138,76,2,0,0,1,1,0,0
6627,66.28,34.4180793762207,2.0679764459176675,76,2,0,0,1,1,0,0
6628,66.29,34.392147064208984,2.0126911242354475,76,2,0,0,1,1,0,0
6629,66.3,34.22322463989258,2.26764207018556,76,2,0,0,1,1,0,0
6630,66.31,34.641624450683594,2.118250255798731,76,2,0,0,1,1,0,0
6631,66.32,34.455406188964844,1.8782989045746488,76,2,0,0,1,1,0,0
6632,66.33,34.22190856933594,2.0548956732728305,76,2,0,0,1,1,0,0
6633,66.34,34.42649459838867,2.061696448438045,76,3,0,1,1,1,0,0
6634,66.35,34.18064880371094,2.0272358578877667,76,3,1,0,1,1,0,0
6635,66.36,34.218631744384766,1.7608239048940473,76,3,1,0,1,1,0,0
6636,66.37,34.142364501953125,2.1866904626788193,76,3,0,0,1,1,1,0
6637,66.38,34.597572326660156,2.1182507420280303,76,3,0,0,1,1,1,0
6638,66.39,34.185157775878906,2.136187416800875,76,3,0,0,1,1,1,0
6639,66.4,34.35283279418945,1.9604633725863516,76,3,0,0,1,1,1,0
6640,66.41,34.017189025878906,1.9015299257105394,76,4,0,1,1,1,1,0
6641,66.42,34.00019454956055,2.0794498295567183,76,3,0,0,1,1,1,0
6642,66.43,34.06409454345703,2.130376907459308,76,3,0,0,1,1,1,0
6643,66.44,33.76603698730469,1.8093628485912794,76,4,1,0,1,1,1,0
6644,66.45,33.676048278808594,1.9803760479748007,76,3,0,0,1,1,1,0
6645,66.46,33.64907455444336,1.8346121845486159,76,3,0,0,1,1,1,0
6646,66.47,33.77421188354492,1.7294193771142172,76,3,0,0,1,1,1,0
6647,66.48,33.68864059448242,1.7722640218827928,76,4,0,1,1,1,1,0
6648,66.49,33.930877685546875,1.9185925307980718,76,4,0,1,1,1,1,0
6649,66.5,33.91551971435547,1.7289013182095807,76,4,0,1,1,1,1,0
6650,66.51,34.02882385253906,1.8538612905574747,76,3,0,0,1,1,1,0
6651,66.52,34.09521484375,2.036343107038279,76,3,0,0,1,1,1,0
6652,66.53,33.94269561767578,2.2228362940670796,76,3,0,0,1,1,1,0
6653,66.54,33.940067291259766,1.8880739956807489,76,3,0,0,1,1,1,0
6654,66.55,33.95280075073242,1.5585588596889393,76,3,0,0,1,1,1,0
6655,66.56,33.992645263671875,1.75878033772851,76,3,0,0,1,1,1,0
6656,66.57,34.022457122802734,2.1355300016795082,76,3,0,0,1,1,1,0
6657,66.58,33.86797332763672,1.7692382690686688,76,3,0,0,1,1,1,0
6658,66.59,34.11561965942383,1.859165215992744,76,3,0,0,1,1,1,0
6659,66.6,34.329776763916016,1.8390540760032772,76,3,0,0,1,1,1,0
6660,66.61,33.864418029785156,1.8089780639266724,76,3,0,0,1,1,1,0
6661,66.62,33.9605598449707,1.8905278553643163,76,5,1,1,1,1,1,0
6662,66.63,33.890625,1.7463663238047988,76,3,0,0,1,1,1,0
6663,66.64,34.239967346191406,1.819319943840624,76,3,0,0,1,1,1,0
6664,66.65,33.83570861816406,1.7917547445801323,76,5,1,1,1,1,1,0
6665,66.66,33.943817138671875,2.057376223212344,76,4,0,1,1,1,1,0
6666,66.67,33.918418884277344,1.8938363432449505,76,3,0,0,1,1,1,0
6667,66.68,34.04118347167969,1.9874586952775506,76,3,0,0,1,1,1,0
6668,66.69,33.78896713256836,2.13337614247171,76,3,0,0,1,1,1,0
6669,66.7,33.804779052734375,2.0371708194472697,76,4,1,0,1,1,1,0
6670,66.71,33.64485168457031,2.034946490062704,76,3,0,0,1,1,1,0
6671,66.72,33.573055267333984,2.016755043721411,76,3,0,0,1,1,1,0
6672,66.73,33.88765335083008,1.8979454609279771,76,3,0,0,1,1,1,0
6673,66.74,34.1021614074707,1.9801282243933502,76,3,0,0,1,1,1,0
6674,66.75,34.2685661315918,1.7292109424467026,76,3,0,0,1,1,1,0
6675,66.76,33.571205139160156,1.7783453994180558,76,3,0,0,1,1,1,0
6676,66.77,33.867000579833984,1.7994677642699026,76,3,0,0,1,1,1,0
6677,66.78,33.463382720947266,1.8118758421694228,76,3,0,0,1,1,1,0
6678,66.79,33.93397521972656,1.789447089550482,76,3,0,0,1,1,1,0
6679,66.8,33.83876419067383,1.7816308135378092,76,3,0,0,1,1,1,0
6680,66.81,33.870567321777344,1.6843077426858548,76,4,0,1,1,1,1,0
6681,66.82,33.937564849853516,2.0265722241926984,76,3,0,0,1,1,1,0
6682,66.83,33.799861907958984,1.5805691777991047,76,4,0,1,1,1,1,0
6683,66.84,33.697078704833984,1.8906406693411737,76,4,0,1,1,1,1,0
6684,66.85,33.78900909423828,1.723165073313543,76,3,0,0,1,1,1,0
6685,66.86,34.118221282958984,1.898762306658922,76,3,0,0,1,1,1,0
6686,66.87,34.000850677490234,1.9508273000444123,76,3,0,0,1,1,1,0
6687,66.88,33.91324234008789,1.9936185041300927,76,3,0,0,1,1,1,0
6688,66.89,33.990535736083984,2.027563808963888,76,3,0,0,1,1,1,0
6689,66.9,34.33310317993164,2.0572111417982084,76,3,0,0,1,1,1,0
6690,66.91,34.17344665527344,2.022468229792079,76,3,0,0,1,1,1,0
6691,66.92,33.764068603515625,1.9232567147987365,76,3,0,0,1,1,1,0
6692,66.93,34.18387222290039,2.062737740805315,76,3,0,0,1,1,1,0
6693,66.94,33.94694137573242,1.9614564575710538,76,3,0,0,1,1,1,0
6694,66.95,33.72440719604492,1.762322951072455,76,3,0,0,1,1,1,0
6695,66.96,33.33869552612305,1.8363511867804252,76,3,0,0,1,1,1,0
6696,66.97,33.42632293701172,2.0080386386407905,76,3,0,0,1,1,1,0
6697,66.98,33.74702072143555,2.1512813280826903,76,3,0,0,1,1,1,0
6698,66.99,33.70539855957031,1.914291850900275,76,5,1,1,1,1,1,0
6699,67.0,33.577091217041016,1.7882153033019759,76,3,0,0,1,1,1,0
6700,67.01,33.846824645996094,2.1007201531355495,76,4,0,1,1,1,1,0
6701,67.02,33.98526382446289,1.9387307346861116,76,4,0,1,1,1,1,0
6702,67.03,33.776371002197266,1.7908928410079685,76,3,0,0,1,1,1,0
6703,67.04,33.76121520996094,1.9108352025469233,76,3,0,0,1,1,1,0
6704,67.05,34.058265686035156,1.9645386878021962,76,4,1,0,1,1,1,0
6705,67.06,34.03825759887695,1.986581097157535,76,3,0,0,1,1,1,0
6706,67.07,34.193382263183594,1.8940957795306823,76,3,0,0,1,1,1,0
6707,67.08,34.10730743408203,1.9188581425111852,76,3,0,0,1,1,1,0
6708,67.09,34.31453323364258,1.8016695290941338,76,3,0,0,1,1,1,0
6709,67.1,34.30349349975586,1.8754816219243697,76,3,0,0,1,1,1,0
6710,67.11,34.14383316040039,2.0066104401190445,76,3,0,0,1,1,1,0
6711,67.12,34.08654022216797,2.008533312375199,76,3,0,0,1,1,1,0
6712,67.13,33.80252456665039,1.926108058132139,76,4,0,1,1,1,1,0
6713,67.14,34.293373107910156,2.1821835387947175,76,3,0,0,1,1,1,0
6714,67.15,34.18757629394531,1.965957880269943,76,4,0,1,1,1,1,0
6715,67.16,33.93928527832031,1.8546679283370537,76,3,0,0,1,1,1,0
6716,67.17,33.99480438232422,2.008011771189222,76,4,0,1,1,1,1,0
6717,67.18,34.14305114746094,1.8704534329746547,76,4,0,1,1,1,1,0
6718,67.19,34.152198791503906,1.9051762825222776,76,3,1,0,1,1,0,0
6719,67.2,34.46309280395508,1.9849722526462474,76,2,0,0,1,1,0,0
6720,67.21,34.4090461730957,2.0032967853701082,76,4,0,1,1,1,1,0
6721,67.22,34.28620529174805,2.0594365091965012,76,3,0,0,1,1,1,0
6722,67.23,34.373905181884766,2.010696287495226,76,3,0,0,1,1,1,0
6723,67.24,34.34941482543945,2.2271265952120105,76,4,1,0,1,1,1,0
6724,67.25,33.835514068603516,2.0448478698155466,76,3,0,0,1,1,1,0
6725,67.26,33.94053268432617,1.9956245817621276,76,3,0,0,1,1,1,0
6726,67.27,34.241981506347656,2.0856411401441433,76,3,0,0,1,1,1,0
6727,67.28,34.13637161254883,2.0289136428360304,76,3,0,0,1,1,1,0
6728,67.29,34.10269546508789,2.070187329656707,76,2,0,0,1,1,0,0
6729,67.3,34.143310546875,1.9077166073304075,76,2,0,0,1,1,0,0
6730,67.31,34.330589294433594,1.9403871012425862,76,3,0,0,1,1,1,0
6731,67.32,34.201725006103516,2.0965478114908005,76,3,0,0,1,1,1,0
6732,67.33,33.83863830566406,1.9453788306027424,76,3,0,0,1,1,1,0
6733,67.34,34.10999298095703,1.8569315771472936,76,2,0,0,1,1,0,0
6734,67.35,34.05363082885742,1.830932744694305,76,3,0,0,1,1,1,0
6735,67.36,33.87156677246094,1.9603270168425844,76,3,0,0,1,1,1,0
6736,67.37,33.73028564453125,1.9649125065763051,76,3,0,0,1,1,1,0
6737,67.38,34.002288818359375,1.918802565869828,76,3,0,0,1,1,1,0
6738,67.39,33.69469451904297,1.7213388351107477,76,3,0,0,1,1,1,0
6739,67.4,33.657501220703125,1.8873765747985805,76,3,0,0,1,1,1,0
6740,67.41,33.96601104736328,1.97749978549314,76,3,0,0,1,1,1,0
6741,67.42,33.70036697387695,1.9468174572066024,76,3,0,0,1,1,1,0
6742,67.43,34.08416748046875,1.9216836700002962,76,3,0,0,1,1,1,0
6743,67.44,34.13047409057617,2.056815349008152,76,3,0,0,1,1,1,0
6744,67.45,34.24250411987305,1.9881760670678172,76,4,1,0,1,1,1,0
6745,67.46,33.747344970703125,1.8094734075012666,76,3,0,0,1,1,1,0
6746,67.47,33.57859802246094,1.9583164014165322,76,3,0,0,1,1,1,0
6747,67.48,33.64961624145508,2.007309736121089,76,4,0,1,1,1,1,0
6748,67.49,33.898738861083984,1.9694911551367604,76,3,0,0,1,1,1,0
6749,67.5,34.10615921020508,1.9787183470931635,76,4,0,1,1,1,1,0
6750,67.51,33.84553527832031,1.7449924650310538,76,4,0,1,1,1,1,0
6751,67.52,34.07236862182617,1.827947768687027,76,3,0,0,1,1,1,0
6752,67.53,34.047996520996094,1.8620876541269327,76,3,0,0,1,1,1,0
6753,67.54,34.1937141418457,2.0121091490172676,76,3,0,0,1,1,1,0
6754,67.55,34.209075927734375,2.025982406626434,76,3,0,0,1,1,1,0
6755,67.56,33.896663665771484,1.7591414221627006,76,3,0,0,1,1,1,0
6756,67.57,33.85758590698242,1.8772308750026974,76,3,0,0,1,1,1,0
6757,67.58,33.8176155090332,1.8202736994649085,76,3,0,0,1,1,1,0
6758,67.59,33.72502899169922,1.9232474322000916,76,4,0,1,1,1,1,0
6759,67.6,33.832759857177734,2.0858559031334654,76,3,0,0,1,1,1,0
6760,67.61,33.659793853759766,2.05992963653049,76,4,0,1,1,1,1,0
6761,67.62,33.49394989013672,1.776682364924368,76,4,0,1,1,1,1,0
6762,67.63,33.99265670776367,2.212893043908909,76,3,0,0,1,1,1,0
6763,67.64,33.800994873046875,1.956725132015577,76,3,0,0,1,1,1,0
6764,67.65,33.65239334106445,2.013407999055359,76,4,0,1,1,1,1,0
6765,67.66,33.782989501953125,1.944118038164853,76,3,0,0,1,1,1,0
6766,67.67,33.6265983581543,1.962190320506453,76,3,0,0,1,1,1,0
6767,67.68,33.70043182373047,2.028941775207851,76,4,0,1,1,1,1,0
6768,67.69,33.923343658447266,1.90234280592553,76,4,0,1,1,1,1,0
6769,67.7,33.60887908935547,2.095357275028292,76,4,0,1,1,1,1,0
6770,67.71,33.50730895996094,1.7603189023609753,76,4,0,1,1,1,1,0
6771,67.72,33.444698333740234,1.873016731872055,76,3,0,0,1,1,1,0
6772,67.73,33.5596923828125,1.9066774607269366,76,4,0,1,1,1,1,0
6773,67.74,33.92552185058594,1.9825254575801183,76,4,0,1,1,1,1,0
6774,67.75,33.51472473144531,1.7184630149350355,76,3,0,0,1,1,1,0
6775,67.76,33.899898529052734,1.9326953965858682,76,3,0,0,1,1,1,0
6776,67.77,33.571128845214844,1.9209118068821136,76,4,0,1,1,1,1,0
6777,67.78,33.940521240234375,2.1031932806481746,76,3,0,0,1,1,1,0
6778,67.79,33.752403259277344,1.9312754299746335,76,4,0,1,1,1,1,0
6779,67.8,33.443321228027344,1.856906899070187,76,3,0,0,1,1,1,0
6780,67.81,33.538455963134766,1.9791373768618814,76,4,0,1,1,1,1,0
6781,67.82,33.722381591796875,2.1951345061062755,76,4,0,1,1,1,1,0
6782,67.83,33.793312072753906,1.7733854170510768,76,4,0,1,1,1,1,0
6783,67.84,33.74552536010742,1.7900006811074753,76,4,0,1,1,1,1,0
6784,67.85,34.04982376098633,1.7732457547109777,76,4,0,1,1,1,1,0
6785,67.86,33.83771896362305,1.829485975950036,76,4,0,1,1,1,1,0
6786,67.87,33.89033508300781,1.7849869218558079,76,4,0,1,1,1,1,0
6787,67.88,34.142578125,2.221575403118231,76,4,0,1,1,1,1,0
6788,67.89,33.813819885253906,2.0252908952696385,76,4,0,1,1,1,1,0
6789,67.9,33.85234832763672,2.1142133767738045,76,3,0,1,1,1,0,0
6790,67.91,33.373470306396484,2.000987137413083,76,4,0,1,1,1,1,0
6791,67.92,33.6344108581543,2.167700353257821,76,3,0,1,1,1,0,0
6792,67.93,33.63443374633789,2.0714447729280594,76,3,0,1,1,1,0,0
6793,67.94,33.951969146728516,2.129936130636751,76,3,0,1,1,1,0,0
6794,67.95,33.71747589111328,1.9903757938621958,76,3,0,1,1,1,0,0
6795,67.96,33.715145111083984,2.2715841330021775,76,3,0,0,1,1,1,0
6796,67.97,33.36709213256836,2.045733799695815,76,4,0,1,1,1,1,0
6797,67.98,33.36431884765625,1.9806307163871104,76,4,0,1,1,1,1,0
6798,67.99,33.56102752685547,1.8387485917594861,76,4,0,1,1,1,1,0
6799,68.0,33.676971435546875,1.7960522963820267,76,4,0,1,1,1,1,0
6800,68.01,33.57936096191406,1.895912101488754,76,3,0,0,1,1,1,0
6801,68.02,34.048641204833984,2.0500226885781143,76,4,0,1,1,1,1,0
6802,68.03,33.64398193359375,1.8938029004348942,76,4,0,1,1,1,1,0
6803,68.04,33.65986251831055,2.1694677299757545,76,3,0,0,1,1,1,0
6804,68.05,33.68026351928711,1.81088039336862,76,4,0,1,1,1,1,0
6805,68.06,33.693687438964844,1.7631223205960829,76,4,0,1,1,1,1,0
6806,68.07,33.900428771972656,1.7988014249020263,76,3,0,0,1,1,1,0
6807,68.08,33.53377151489258,2.010717180901863,76,4,0,1,1,1,1,0
6808,68.09,33.893760681152344,1.8623079743205344,76,4,0,1,1,1,1,0
6809,68.1,33.93464279174805,1.7715854048916957,76,4,0,1,1,1,1,0
6810,68.11,33.57411193847656,1.8850008143656314,76,4,0,1,1,1,1,0
6811,68.12,33.6052360534668,1.8093440997349342,76,3,0,0,1,1,1,0
6812,68.13,33.38775634765625,1.7060514940809304,76,4,0,1,1,1,1,0
6813,68.14,33.507591247558594,1.9347599513631242,76,3,0,0,1,1,1,0
6814,68.15,33.743011474609375,1.634195098138253,76,3,0,0,1,1,1,0
6815,68.16,33.674076080322266,1.9844888577712507,76,4,0,1,1,1,1,0
6816,68.17,33.66554260253906,1.605270391493985,76,3,0,0,1,1,1,0
6817,68.18,33.40544891357422,1.7343910490007446,76,4,0,1,1,1,1,0
6818,68.19,33.51816177368164,1.7097646932854926,76,3,0,0,1,1,1,0
6819,68.2,33.65412139892578,1.7614211500335653,76,3,0,0,1,1,1,0
6820,68.21,33.55116653442383,1.7403695303913398,76,4,0,1,1,1,1,0
6821,68.22,33.57027816772461,1.753287735470476,76,3,0,0,1,1,1,0
6822,68.23,33.60973358154297,1.630614453918966,76,4,0,1,1,1,1,0
6823,68.24,33.368019104003906,1.649880905033601,76,3,0,0,1,1,1,0
6824,68.25,33.73398208618164,1.6957028577481164,76,4,0,1,1,1,1,0
6825,68.26,33.48169708251953,1.5580118088493813,76,4,0,1,1,1,1,0
6826,68.27,33.275550842285156,1.7608241215210783,76,3,0,0,1,1,1,0
6827,68.28,33.84416198730469,1.8624121744986717,76,4,0,1,1,1,1,0
6828,68.29,34.04840850830078,1.752285024651826,76,3,0,0,1,1,1,0
6829,68.3,33.67952346801758,1.7541129323974052,76,3,0,0,1,1,1,0
6830,68.31,33.68186950683594,1.6913037732447587,76,3,0,0,1,1,1,0
6831,68.32,33.74022674560547,1.6405808494827547,76,3,0,0,1,1,1,0
6832,68.33,33.5743408203125,1.7108475691669824,76,3,0,0,1,1,1,0
6833,68.34,33.673152923583984,1.7829448984759237,76,3,0,0,1,1,1,0
6834,68.35,33.94015121459961,2.033586723105867,76,3,0,0,1,1,1,0
6835,68.36,34.14008712768555,1.800089046413006,76,3,0,0,1,1,1,0
6836,68.37,33.958030700683594,1.9124393372881496,76,3,0,0,1,1,1,0
6837,68.38,33.4499397277832,1.9779306259743796,76,3,0,0,1,1,1,0
6838,68.39,33.88568878173828,2.011615202887651,76,3,0,0,1,1,1,0
6839,68.4,33.81272506713867,1.9042358980671266,76,3,0,0,1,1,1,0
6840,68.41,33.87678146362305,1.9148372849991657,76,3,0,0,1,1,1,0
6841,68.42,34.070674896240234,1.9436517689952897,76,3,0,0,1,1,1,0
6842,68.43,33.736961364746094,2.0479013059547975,76,3,0,0,1,1,1,0
6843,68.44,34.016544342041016,2.0247736893468797,76,3,0,0,1,1,1,0
6844,68.45,33.72809982299805,2.0249088378467337,76,3,0,0,1,1,1,0
6845,68.46,33.569820404052734,1.9411650551398603,76,4,0,1,1,1,1,0
6846,68.47,33.5460319519043,1.9995507109497037,76,4,0,1,1,1,1,0
6847,68.48,33.483219146728516,1.8236232984964666,76,3,0,0,1,1,1,0
6848,68.49,33.470680236816406,1.8248313512427177,76,3,0,0,1,1,1,0
6849,68.5,33.527809143066406,2.2310091754457892,76,3,0,0,1,1,1,0
6850,68.51,33.91996383666992,2.007505928692874,76,4,0,1,1,1,1,0
6851,68.52,33.36332702636719,1.9880941210809902,76,3,0,0,1,1,1,0
6852,68.53,33.39613342285156,2.2518030983232284,76,3,0,0,1,1,1,0
6853,68.54,33.28316116333008,1.8200299455630071,76,4,0,1,1,1,1,0
6854,68.55,33.52872085571289,1.9364104752314963,76,4,0,1,1,1,1,0
6855,68.56,33.53684997558594,1.9564521574935838,76,3,0,0,1,1,1,0
6856,68.57,33.437217712402344,1.9353824381558153,76,4,0,1,1,1,1,0
6857,68.58,33.24924850463867,2.071589729846411,76,4,0,1,1,1,1,0
6858,68.59,33.49140930175781,1.929403728029728,76,3,0,0,1,1,1,0
6859,68.6,33.66496276855469,1.9070742030854075,76,4,0,1,1,1,1,0
6860,68.61,33.82606887817383,1.8485101959368087,76,4,0,1,1,1,1,0
6861,68.62,33.95418930053711,1.6395462804232153,76,3,0,0,1,1,1,0
6862,68.63,33.827598571777344,1.8189553283017614,76,3,0,0,1,1,1,0
6863,68.64,33.78476333618164,1.6448139213074369,76,3,0,0,1,1,1,0
6864,68.65,33.97453689575195,2.0007235957604736,76,3,0,0,1,1,1,0
6865,68.66,33.4737663269043,2.186709779156514,76,3,0,0,1,1,1,0
6866,68.67,33.44227981567383,2.1310585436303677,76,5,0,1,1,1,1,1
6867,68.68,33.586708068847656,1.8069864229889445,76,4,0,1,1,1,1,0
6868,68.69,33.5769157409668,1.8861107109389073,76,4,0,1,1,1,1,0
6869,68.7,33.609100341796875,1.998548758604742,76,4,0,1,1,1,1,0
6870,68.71,33.72517776489258,2.0306668348602224,76,4,0,1,1,1,1,0
6871,68.72,33.871158599853516,2.0444080076128137,76,3,0,0,1,1,1,0
6872,68.73,33.80789566040039,1.932066634182586,76,3,0,0,1,1,1,0
6873,68.74,33.728370666503906,1.778565969700517,76,3,0,0,1,1,1,0
6874,68.75,34.2545166015625,2.0486580824978913,76,3,0,0,1,1,1,0
6875,68.76,34.2269172668457,1.7620979012792761,76,3,0,0,1,1,1,0
6876,68.77,33.84208679199219,1.778115512387679,76,3,0,0,1,1,1,0
6877,68.78,33.85569763183594,2.0337368918453502,76,3,0,0,1,1,1,0
6878,68.79,33.942447662353516,1.7233991692772912,76,3,0,0,1,1,1,0
6879,68.8,33.960269927978516,1.9052257294068813,76,4,0,1,1,1,1,0
6880,68.81,34.02763366699219,1.9047660616206947,76,3,0,0,1,1,1,0
6881,68.82,33.99945831298828,1.6843135406711962,76,3,0,0,1,1,1,0
6882,68.83,33.81826400756836,1.9535853012424236,76,3,0,0,1,1,1,0
6883,68.84,33.56942367553711,1.9169225558921696,76,3,0,0,1,1,1,0
6884,68.85,33.88600158691406,1.8724806960123546,76,4,0,1,1,1,1,0
6885,68.86,33.6676025390625,1.8976567541654465,76,3,0,0,1,1,1,0
6886,68.87,33.73383331298828,1.8280636307902431,76,4,0,1,1,1,1,0
6887,68.88,33.71028137207031,1.7379588535299673,76,3,0,0,1,1,1,0
6888,68.89,33.95891189575195,2.0410097555525017,76,3,0,0,1,1,1,0
6889,68.9,33.80485534667969,1.9940670637180011,76,3,0,0,1,1,1,0
6890,68.91,33.936492919921875,1.9067481210776176,76,4,0,1,1,1,1,0
6891,68.92,33.7596321105957,2.0018190587797298,76,3,0,0,1,1,1,0
6892,68.93,33.417579650878906,1.839785745015593,76,3,0,0,1,1,1,0
6893,68.94,33.45771408081055,2.095248546939902,76,3,0,0,1,1,1,0
6894,68.95,33.803466796875,1.8689782183670332,76,4,0,1,1,1,1,0
6895,68.96,34.09633255004883,1.8860015296979236,76,3,0,0,1,1,1,0
6896,68.97,34.13360595703125,1.9819939643628988,76,3,0,0,1,1,1,0
6897,68.98,33.81525421142578,2.008584070196564,76,4,0,1,1,1,1,0
6898,68.99,33.931182861328125,1.953682348613274,76,4,0,1,1,1,1,0
6899,69.0,33.77772521972656,1.8578764551218125,76,4,0,1,1,1,1,0
6900,69.01,33.36616516113281,2.156990296248126,76,4,0,1,1,1,1,0
6901,69.02,33.33823776245117,2.0228658398591643,76,4,0,1,1,1,1,0
6902,69.03,33.590885162353516,1.832593603723034,76,4,0,1,1,1,1,0
6903,69.04,33.32835388183594,1.9146537973846969,76,3,0,0,1,1,1,0
6904,69.05,33.538333892822266,2.071812007079921,76,3,0,0,1,1,1,0
6905,69.06,33.28641128540039,1.6898819668880414,76,3,0,0,1,1,1,0
6906,69.07,33.21397018432617,1.800396238186736,76,3,0,0,1,1,1,0
6907,69.08,33.00370788574219,1.916056670868342,76,4,0,1,1,1,1,0
6908,69.09,33.33649444580078,1.85876762664752,76,4,0,1,1,1,1,0
6909,69.1,33.49851989746094,1.816890604106995,76,3,0,0,1,1,1,0
6910,69.11,33.14676284790039,1.8201356229571282,76,4,0,1,1,1,1,0
6911,69.12,33.412193298339844,1.9039396299603055,76,4,0,1,1,1,1,0
6912,69.13,33.0730094909668,1.9275098186404556,76,3,0,0,1,1,1,0
6913,69.14,33.2542610168457,1.7397122024539087,76,4,0,1,1,1,1,0
6914,69.15,33.23198318481445,1.844942461479644,76,4,0,1,1,1,1,0
6915,69.16,33.54259490966797,1.9598641368137677,76,3,0,0,1,1,1,0
6916,69.17,33.53984069824219,1.704025850306596,76,4,0,1,1,1,1,0
6917,69.18,33.776763916015625,1.8393494094460725,76,3,0,0,1,1,1,0
6918,69.19,34.031837463378906,2.030319294746629,76,4,0,1,1,1,1,0
6919,69.2,34.14208221435547,2.120453899677104,76,3,0,0,1,1,1,0
6920,69.21,33.949951171875,1.9175273629808274,76,3,0,0,1,1,1,0
6921,69.22,33.82748031616211,2.1107975599734865,76,4,0,1,1,1,1,0
6922,69.23,33.98412322998047,1.9579040850881824,76,2,0,0,1,1,0,0
6923,69.24,33.72319030761719,1.907903701253747,76,3,0,1,1,1,0,0
6924,69.25,34.12278747558594,1.9050230882997954,76,3,0,0,1,1,1,0
6925,69.26,33.663108825683594,1.842280788763055,76,4,0,1,1,1,1,0
6926,69.27,33.771209716796875,1.832705696087809,76,3,0,0,1,1,1,0
6927,69.28,33.8470344543457,1.7422972323913177,76,3,0,0,1,1,1,0
6928,69.29,33.71026611328125,2.061574004969145,76,3,0,0,1,1,1,0
6929,69.3,33.84468078613281,1.962725475796446,76,3,0,0,1,1,1,0
6930,69.31,33.64657974243164,2.058079164369857,76,3,0,0,1,1,1,0
6931,69.32,33.8116569519043,1.9387413598486427,76,4,0,1,1,1,1,0
6932,69.33,33.93805694580078,2.248645458162296,76,4,0,1,1,1,1,0
6933,69.34,33.61212158203125,1.9573971620258523,76,4,0,1,1,1,1,0
6934,69.35,33.5565071105957,2.134363479249716,76,3,0,0,1,1,1,0
6935,69.36,33.54078674316406,1.876853073568587,76,3,0,0,1,1,1,0
6936,69.37,34.08747100830078,1.891824927523157,76,4,0,1,1,1,1,0
6937,69.38,33.72222900390625,1.7223814282634944,76,4,0,1,1,1,1,0
6938,69.39,33.41938400268555,1.9043612064482387,76,3,0,0,1,1,1,0
6939,69.4,33.72499465942383,1.9059150176396413,76,3,0,0,1,1,1,0
6940,69.41,33.67342758178711,1.8897584726565673,76,3,0,0,1,1,1,0
6941,69.42,33.655696868896484,1.833961692824742,76,3,0,0,1,1,1,0
6942,69.43,33.60948944091797,2.038504742941809,76,4,0,1,1,1,1,0
6943,69.44,33.697025299072266,1.8153196750095735,76,4,0,1,1,1,1,0
6944,69.45,33.60853958129883,1.782278203452857,76,4,0,1,1,1,1,0
6945,69.46,33.93178939819336,1.93434438871174,76,4,0,1,1,1,1,0
6946,69.47,33.484840393066406,1.81270615073094,76,4,0,1,1,1,1,0
6947,69.48,33.80889129638672,1.7974695967694612,76,3,0,0,1,1,1,0
6948,69.49,33.517276763916016,1.8651818530075572,76,4,0,1,1,1,1,0
6949,69.5,33.17525863647461,2.0146060341021617,76,3,0,0,1,1,1,0
6950,69.51,33.211612701416016,1.8952020204514257,76,4,0,1,1,1,1,0
6951,69.52,33.31253433227539,2.1275774680613573,76,4,0,1,1,1,1,0
6952,69.53,33.37104415893555,2.1926719140583195,76,3,0,0,1,1,1,0
6953,69.54,33.29277420043945,1.924214314824433,76,4,0,1,1,1,1,0
6954,69.55,33.276100158691406,1.6722733626677992,76,3,0,0,1,1,1,0
6955,69.56,33.437461853027344,1.7982481879403007,76,4,0,1,1,1,1,0
6956,69.57,33.6179084777832,1.8312261382300328,76,3,0,0,1,1,1,0
6957,69.58,33.38249206542969,1.919218691168048,76,4,0,0,1,1,1,1
6958,69.59,33.432098388671875,1.901206203467351,76,4,0,1,1,1,1,0
6959,69.6,33.4337158203125,2.167048405437248,76,4,0,1,1,1,1,0
6960,69.61,33.0875358581543,2.137057335066627,76,4,0,1,1,1,1,0
6961,69.62,33.2574577331543,2.222068334484379,76,5,0,1,1,1,1,1
6962,69.63,33.26215362548828,1.8143057991539022,76,4,0,1,1,1,1,0
6963,69.64,33.09332275390625,1.7692944257251535,76,3,0,0,1,1,1,0
6964,69.65,33.30665969848633,1.7159530598381265,76,3,0,0,1,1,1,0
6965,69.66,33.260658264160156,1.9335173556597944,76,4,0,1,1,1,1,0
6966,69.67,33.654510498046875,1.8613411774958215,76,3,0,0,1,1,1,0
6967,69.68,33.464046478271484,1.8160967049917125,76,4,0,1,1,1,1,0
6968,69.69,33.55754852294922,1.9494607252135518,76,3,0,0,1,1,1,0
6969,69.7,33.79414367675781,1.970586262335073,76,3,0,0,1,1,1,0
6970,69.71,33.50130081176758,1.8471863435353282,76,3,0,0,1,1,1,0
6971,69.72,33.30305862426758,1.8190718889787012,76,3,0,0,1,1,1,0
6972,69.73,33.59474563598633,1.7755022809387717,76,3,0,0,1,1,1,0
6973,69.74,33.728633880615234,1.684608709257954,76,4,0,1,1,1,1,0
6974,69.75,33.38645935058594,1.7557010756839977,76,4,0,1,1,1,1,0
6975,69.76,33.75874710083008,1.8594882974960483,76,3,0,0,1,1,1,0
6976,69.77,33.46962356567383,1.9484068332091087,76,4,0,1,1,1,1,0
6977,69.78,33.2313232421875,2.000080084923906,76,4,0,1,1,1,1,0
6978,69.79,33.16545486450195,1.7907242248659554,76,3,0,0,1,1,1,0
6979,69.8,33.32179641723633,1.8847832479766375,76,4,0,1,1,1,1,0
6980,69.81,33.82774353027344,1.9312644477039085,76,4,0,1,1,1,1,0
6981,69.82,34.03761291503906,1.7258911785244841,76,4,0,1,1,1,1,0
6982,69.83,33.52754592895508,1.892671025358787,76,4,0,1,1,1,1,0
6983,69.84,33.529022216796875,1.7001473621038812,76,4,0,1,1,1,1,0
6984,69.85,33.428001403808594,1.9678622324183423,76,3,0,0,1,1,1,0
6985,69.86,33.562442779541016,1.8370117551986311,76,3,0,0,1,1,1,0
6986,69.87,33.246864318847656,1.884837135952762,76,3,0,0,1,1,1,0
6987,69.88,33.28311538696289,1.9732947976433848,76,3,0,0,1,1,1,0
6988,69.89,33.25666809082031,1.7119876183046498,76,4,0,1,1,1,1,0
6989,69.9,33.469993591308594,2.0061172317877944,76,3,0,0,1,1,1,0
6990,69.91,33.15476989746094,2.0825699731066507,76,4,0,1,1,1,1,0
6991,69.92,33.1996955871582,1.7720327861865237,76,3,0,0,1,1,1,0
6992,69.93,33.265846252441406,1.688165801099826,76,4,0,1,1,1,1,0
6993,69.94,33.3883056640625,1.9122248728208768,76,3,0,0,1,1,1,0
6994,69.95,33.51318359375,1.9335167835228255,76,4,0,1,1,1,1,0
6995,69.96,33.54084396362305,1.8707480508238319,76,3,0,0,1,1,1,0
6996,69.97,33.20883560180664,1.901710106078316,76,3,0,0,1,1,1,0
6997,69.98,33.60642623901367,1.7096795550396404,76,3,0,0,1,1,1,0
6998,69.99,33.52566909790039,2.0654297669200172,76,3,0,0,1,1,1,0
6999,70.0,33.81401824951172,1.7244702538100114,76,3,0,0,1,1,1,0
7000,70.01,33.45564270019531,1.8202783518501462,76,3,0,0,1,1,1,0
7001,70.02,33.389095306396484,1.9060680401142753,76,3,0,0,1,1,1,0
7002,70.03,33.48158645629883,1.7330316958052456,76,4,0,1,1,1,1,0
7003,70.04,33.50273513793945,1.8858709356274448,76,4,0,1,1,1,1,0
7004,70.05,33.50954055786133,1.7998323854205736,76,3,0,0,1,1,1,0
7005,70.06,33.030426025390625,1.935310477662299,76,3,0,0,1,1,1,0
7006,70.07,33.223751068115234,2.019926110608988,76,3,0,0,1,1,1,0
7007,70.08,33.625267028808594,1.816531422943698,76,3,0,0,1,1,1,0
7008,70.09,33.38116455078125,1.8178576585324475,76,3,0,0,1,1,1,0
7009,70.1,33.39497375488281,1.787817346972876,76,3,0,0,1,1,1,0
7010,70.11,33.73809051513672,1.7303716148029684,76,3,0,0,1,1,1,0
7011,70.12,33.491390228271484,1.8728577296333828,76,4,0,1,1,1,1,0
7012,70.13,33.85499954223633,1.6515145488886602,76,3,0,0,1,1,1,0
7013,70.14,33.831058502197266,1.8698984389972386,76,3,0,0,1,1,1,0
7014,70.15,34.084381103515625,2.023213717567337,76,4,0,1,1,1,1,0
7015,70.16,33.958377838134766,1.895199464158051,76,3,0,0,1,1,1,0
7016,70.17,34.253726959228516,2.0318897182346864,76,3,0,0,1,1,1,0
7017,70.18,33.89876174926758,1.751485152103732,76,3,0,0,1,1,1,0
7018,70.19,33.8984260559082,1.8601576354897067,76,3,0,0,1,1,1,0
7019,70.2,33.804630279541016,1.7980537149621576,76,3,0,0,1,1,1,0
7020,70.21,33.6988410949707,1.9553289174890656,76,3,0,0,1,1,1,0
7021,70.22,33.59210968017578,1.7826350204095012,76,4,0,1,1,1,1,0
7022,70.23,33.513916015625,1.785383970708736,76,3,0,0,1,1,1,0
7023,70.24,33.75068664550781,1.8981325935100588,76,4,0,1,1,1,1,0
7024,70.25,33.76641845703125,1.865278939284598,76,3,0,0,1,1,1,0
7025,70.26,33.5477180480957,1.7309856918725361,76,3,0,0,1,1,1,0
7026,70.27,33.210880279541016,1.8707501919107627,76,4,0,1,1,1,1,0
7027,70.28,33.639469146728516,1.771186813496003,76,3,0,0,1,1,1,0
7028,70.29,33.4949836730957,1.8676495669276754,76,3,0,0,1,1,1,0
7029,70.3,33.815773010253906,1.8698128395489653,76,3,0,0,1,1,1,0
7030,70.31,33.75181198120117,1.857412222328611,76,3,0,0,1,1,1,0
7031,70.32,33.67423629760742,2.034037233598905,76,3,0,0,1,1,1,0
7032,70.33,33.43079376220703,1.952276161666195,76,3,0,0,1,1,1,0
7033,70.34,33.37767028808594,1.9456108605035127,76,3,0,0,1,1,1,0
7034,70.35,33.64115524291992,1.8193697322278648,76,3,0,0,1,1,1,0
7035,70.36,33.728214263916016,1.8423106943370713,76,3,0,0,1,1,1,0
7036,70.37,33.399330139160156,1.828884712948186,76,3,0,0,1,1,1,0
7037,70.38,33.84280014038086,1.988434326916318,76,3,0,0,1,1,1,0
7038,70.39,34.13373565673828,1.8859724180625228,76,3,0,0,1,1,1,0
7039,70.4,33.944095611572266,1.9833753026079823,76,3,0,0,1,1,1,0
7040,70.41,33.87001037597656,1.7413507274457503,76,4,0,1,1,1,1,0
7041,70.42,33.884090423583984,1.7586679151304503,76,3,0,0,1,1,1,0
7042,70.43,34.05561065673828,1.821372719684591,76,3,0,0,1,1,1,0
7043,70.44,33.92264938354492,1.851647341149815,76,3,0,0,1,1,1,0
7044,70.45,33.38960266113281,1.85841146910705,76,4,0,1,1,1,1,0
7045,70.46,33.70156478881836,1.9195258222695302,76,3,0,0,1,1,1,0
7046,70.47,33.665672302246094,1.841986981511672,76,4,0,1,1,1,1,0
7047,70.48,33.39348602294922,1.8478604059414223,76,4,0,1,1,1,1,0
7048,70.49,33.517173767089844,1.8769455669522381,76,3,0,0,1,1,1,0
7049,70.5,33.78815460205078,1.8898651559395248,76,4,0,1,1,1,1,0
7050,70.51,33.78725051879883,1.8061251139547636,76,3,0,0,1,1,1,0
7051,70.52,33.57221603393555,1.810908331818989,76,3,0,0,1,1,1,0
7052,70.53,33.50730895996094,2.1122500386651226,76,3,0,0,1,1,1,0
7053,70.54,33.58033752441406,1.7516050919060355,76,4,0,1,1,1,1,0
7054,70.55,33.613250732421875,1.9830821768381988,76,3,0,0,1,1,1,0
7055,70.56,33.378421783447266,1.944323667799505,76,3,0,0,1,1,1,0
7056,70.57,33.337371826171875,1.7736382053680788,76,4,0,1,1,1,1,0
7057,70.58,33.23394012451172,1.92127643754036,76,4,0,1,1,1,1,0
7058,70.59,33.67030334472656,2.0024980584643997,76,4,0,1,1,1,1,0
7059,70.6,33.585140228271484,1.8263673792644373,76,4,0,1,1,1,1,0
7060,70.61,33.507450103759766,1.8533789217934753,76,4,0,1,1,1,1,0
7061,70.62,33.554893493652344,1.8395115983695929,76,4,0,1,1,1,1,0
7062,70.63,33.693748474121094,1.8783719119110804,76,3,0,0,1,1,1,0
7063,70.64,33.36199188232422,1.9188241219046842,76,4,0,1,1,1,1,0
7064,70.65,33.27970886230469,1.9459422957784966,76,4,0,1,1,1,1,0
7065,70.66,33.596168518066406,1.9323298607639001,76,3,0,0,1,1,1,0
7066,70.67,33.63230895996094,1.8005859031854654,76,4,0,1,1,1,1,0
7067,70.68,33.90579605102539,1.7947429198745897,76,4,0,1,1,1,1,0
7068,70.69,33.58907699584961,1.8861863686703026,76,4,0,1,1,1,1,0
7069,70.7,33.729087829589844,1.9408783157364682,76,4,0,1,1,1,1,0
7070,70.71,33.68504333496094,1.900448490416232,76,4,0,1,1,1,1,0
7071,70.72,33.65611267089844,1.9374409989903716,76,4,0,1,1,1,1,0
7072,70.73,34.08409118652344,1.914007124530097,76,4,0,1,1,1,1,0
7073,70.74,34.17832946777344,2.185604164543166,76,3,0,0,1,1,1,0
7074,70.75,34.05855178833008,1.9899992247950706,76,4,0,1,1,1,1,0
7075,70.76,33.99578094482422,2.0480186064656927,76,4,0,1,1,1,1,0
7076,70.77,33.451229095458984,1.785413525979819,76,4,0,1,1,1,1,0
7077,70.78,33.47437286376953,1.7409448412975326,76,4,0,1,1,1,1,0
7078,70.79,33.36623764038086,1.8388363633508913,76,4,0,1,1,1,1,0
7079,70.8,33.38203048706055,1.8841417361294623,76,4,0,1,1,1,1,0
7080,70.81,33.27806854248047,1.7454800629127052,76,4,0,1,1,1,1,0
7081,70.82,33.39414978027344,1.9319941355307162,76,4,0,1,1,1,1,0
7082,70.83,33.93082809448242,1.9366223598224528,76,4,0,1,1,1,1,0
7083,70.84,33.4578971862793,1.7658971098439185,76,4,0,1,1,1,1,0
7084,70.85,33.31162643432617,1.7588076722929735,76,3,0,0,1,1,1,0
7085,70.86,33.40129852294922,1.834390742222468,76,3,0,0,1,1,1,0
7086,70.87,33.57554626464844,1.8940418125901008,76,4,0,1,1,1,1,0
7087,70.88,33.54301071166992,2.209117818278936,76,3,0,0,1,1,1,0
7088,70.89,33.52661895751953,2.0093288048758318,76,4,0,1,1,1,1,0
7089,70.9,33.35287857055664,1.9468122254674445,76,3,0,0,1,1,1,0
7090,70.91,33.226417541503906,1.9073317787417585,76,3,0,0,1,1,1,0
7091,70.92,33.59719467163086,1.9140283758276084,76,3,0,0,1,1,1,0
7092,70.93,33.32093811035156,1.8907707725826106,76,3,0,0,1,1,1,0
7093,70.94,33.44233322143555,1.8531279535727003,76,3,0,0,1,1,1,0
7094,70.95,33.59929656982422,1.7864487747690245,76,3,0,0,1,1,1,0
7095,70.96,33.739864349365234,1.9958194573666492,76,4,0,1,1,1,1,0
7096,70.97,33.85451889038086,1.8937816236045082,76,3,0,0,1,1,1,0
7097,70.98,33.49441146850586,1.9569354018523013,76,3,0,0,1,1,1,0
7098,70.99,33.532840728759766,1.8789875339831472,76,3,0,0,1,1,1,0
7099,71.0,33.56930923461914,1.8171700527848331,76,3,0,0,1,1,1,0
7100,71.01,33.75585174560547,1.6848732775639295,76,4,0,1,1,1,1,0
7101,71.02,33.686859130859375,1.9924062793591697,76,3,0,0,1,1,1,0
7102,71.03,33.631656646728516,1.951927718989102,76,3,0,0,1,1,1,0
7103,71.04,33.555843353271484,1.7361470782361135,76,3,0,0,1,1,1,0
7104,71.05,33.484859466552734,1.748682302458287,76,3,0,0,1,1,1,0
7105,71.06,33.468318939208984,1.8432582865337286,76,3,0,0,1,1,1,0
7106,71.07,33.59552764892578,2.1778204705536788,76,3,0,0,1,1,1,0
7107,71.08,33.12043380737305,1.7307217586408592,76,3,0,0,1,1,1,0
7108,71.09,33.14801025390625,1.7583489207598932,76,3,0,0,1,1,1,0
7109,71.1,33.52812957763672,1.6987368875062165,76,3,0,0,1,1,1,0
7110,71.11,33.425201416015625,1.9110716660421476,76,3,0,0,1,1,1,0
7111,71.12,33.374359130859375,1.7383320533435516,76,3,0,0,1,1,1,0
7112,71.13,33.28714370727539,1.6926027523184812,76,3,0,0,1,1,1,0
7113,71.14,33.15617752075195,1.8087881189476398,76,3,0,0,1,1,1,0
7114,71.15,32.88379669189453,1.8112183431626954,76,3,0,0,1,1,1,0
7115,71.16,33.276329040527344,1.8048028541365155,76,3,0,0,1,1,1,0
7116,71.17,32.833126068115234,1.8124910821348768,76,3,0,0,1,1,1,0
7117,71.18,33.05435562133789,1.8136630478608733,76,4,0,1,1,1,1,0
7118,71.19,33.06485366821289,1.837123225000308,76,3,0,0,1,1,1,0
7119,71.2,32.88128662109375,1.9307260450218475,76,3,0,0,1,1,1,0
7120,71.21,32.948326110839844,1.855368803247562,76,3,0,0,1,1,1,0
7121,71.22,33.06183624267578,1.8793556505320725,76,3,0,0,1,1,1,0
7122,71.23,33.36505126953125,1.797378637828871,76,4,0,1,1,1,1,0
7123,71.24,33.3729362487793,1.801720715661157,76,4,0,1,1,1,1,0
7124,71.25,33.425045013427734,1.893172585468605,76,4,0,1,1,1,1,0
7125,71.26,33.13645553588867,1.857570718960371,76,4,0,1,1,1,1,0
7126,71.27,33.13459396362305,1.913481774154029,76,3,0,0,1,1,1,0
7127,71.28,33.284095764160156,1.8084575407788368,76,3,0,0,1,1,1,0
7128,71.29,33.28016662597656,1.819367656480694,76,3,0,0,1,1,1,0
7129,71.3,33.0979118347168,1.921196065932665,76,3,0,0,1,1,1,0
7130,71.31,33.158016204833984,1.9327759808102267,76,3,0,0,1,1,1,0
7131,71.32,32.97993850708008,1.7407194820531606,76,4,0,1,1,1,1,0
7132,71.33,33.04264831542969,2.07079379651128,76,3,0,0,1,1,1,0
7133,71.34,33.225196838378906,1.8548893560902735,76,3,0,0,1,1,1,0
7134,71.35,33.28017044067383,1.728148447054021,76,3,0,0,1,1,1,0
7135,71.36,33.267181396484375,1.7114359469492766,76,3,0,0,1,1,1,0
7136,71.37,33.12916946411133,1.9004479083199286,76,3,0,0,1,1,1,0
7137,71.38,33.16160583496094,1.9815859105724998,76,3,0,0,1,1,1,0
7138,71.39,33.29685974121094,1.8425485815303229,76,3,0,0,1,1,1,0
7139,71.4,33.4299201965332,1.8296394901981852,76,3,0,0,1,1,1,0
7140,71.41,33.18817901611328,2.0963304680518178,76,3,0,0,1,1,1,0
7141,71.42,33.30641174316406,1.8897857496185533,76,3,0,0,1,1,1,0
7142,71.43,33.66371536254883,1.9620885223782083,76,3,0,0,1,1,1,0
7143,71.44,33.696388244628906,1.7239789042603488,76,3,0,0,1,1,1,0
7144,71.45,33.81727981567383,1.6421982560973583,76,3,0,0,1,1,1,0
7145,71.46,33.59357452392578,1.800026221197557,76,4,0,1,1,1,1,0
7146,71.47,33.434844970703125,1.8899981382676032,76,3,0,0,1,1,1,0
7147,71.48,33.42744445800781,1.890211915746657,76,3,0,0,1,1,1,0
7148,71.49,33.587730407714844,1.8179671552718426,76,3,0,0,1,1,1,0
7149,71.5,33.59251022338867,2.002948781372608,76,3,0,0,1,1,1,0
7150,71.51,33.46463394165039,1.8944400735150468,76,3,0,0,1,1,1,0
7151,71.52,33.39789962768555,1.759263160107532,76,3,0,0,1,1,1,0
7152,71.53,33.61479949951172,1.6734998146569182,76,3,0,0,1,1,1,0
7153,71.54,33.477664947509766,1.9595167708843426,76,3,0,0,1,1,1,0
7154,71.55,33.90650177001953,1.743499397465689,76,3,0,0,1,1,1,0
7155,71.56,33.53587341308594,1.8060146669040318,76,4,0,1,1,1,1,0
7156,71.57,33.59524154663086,2.1913656183601438,76,3,0,0,1,1,1,0
7157,71.58,33.732173919677734,1.7325710732346888,76,3,0,0,1,1,1,0
7158,71.59,33.63029861450195,1.7425576173108903,76,3,0,0,1,1,1,0
7159,71.6,33.38649368286133,1.8033298549345205,76,4,0,1,1,1,1,0
7160,71.61,33.6129264831543,1.9580807534067803,76,4,0,1,1,1,1,0
7161,71.62,33.56017303466797,2.1458332383640477,76,4,0,1,1,1,1,0
7162,71.63,33.63862228393555,1.9331108598538782,76,3,0,0,1,1,1,0
7163,71.64,33.500274658203125,1.790866358288519,76,3,0,0,1,1,1,0
7164,71.65,33.661468505859375,1.9207811634216272,76,3,0,0,1,1,1,0
7165,71.66,33.414268493652344,1.9557376221305904,76,3,0,0,1,1,1,0
7166,71.67,33.550045013427734,1.8521644179280015,76,3,0,0,1,1,1,0
7167,71.68,33.58570861816406,2.1055425116156905,76,4,0,1,1,1,1,0
7168,71.69,33.32438278198242,1.8671356752749932,76,3,0,0,1,1,1,0
7169,71.7,33.321346282958984,1.797279029822325,76,3,0,0,1,1,1,0
7170,71.71,33.49427795410156,1.8090383219723412,76,3,0,0,1,1,1,0
7171,71.72,33.31367111206055,2.0233805735451913,76,3,0,0,1,1,1,0
7172,71.73,33.39700698852539,1.7747971909457791,76,3,0,0,1,1,1,0
7173,71.74,33.16765213012695,1.7857756122757094,76,3,0,0,1,1,1,0
7174,71.75,33.16950988769531,1.720406881602988,76,4,0,1,1,1,1,0
7175,71.76,33.70916748046875,1.6990606751244157,76,4,0,1,1,1,1,0
7176,71.77,33.444610595703125,2.055870962349252,76,4,0,1,1,1,1,0
7177,71.78,33.48507308959961,1.9810321791646233,76,3,0,0,1,1,1,0
7178,71.79,33.34926223754883,2.0204438588765465,76,4,0,1,1,1,1,0
7179,71.8,33.39723205566406,1.8933021923567368,76,4,0,1,1,1,1,0
7180,71.81,33.439388275146484,1.9836786156718682,76,3,0,0,1,1,1,0
7181,71.82,33.55089569091797,1.935716885985953,76,3,0,0,1,1,1,0
7182,71.83,33.68893051147461,1.8650776848540764,76,3,0,0,1,1,1,0
7183,71.84,33.57563018798828,1.814963419733824,76,3,0,0,1,1,1,0
7184,71.85,33.43107604980469,2.184329500658968,76,4,0,1,1,1,1,0
7185,71.86,33.57002258300781,1.733722675222387,76,4,0,1,1,1,1,0
7186,71.87,33.419952392578125,1.861994580823369,76,3,0,0,1,1,1,0
7187,71.88,33.635128021240234,1.8707508444306733,76,3,0,0,1,1,1,0
7188,71.89,33.430335998535156,1.702264591473816,76,4,0,1,1,1,1,0
7189,71.9,33.47602462768555,1.8980179135620392,76,4,0,1,1,1,1,0
7190,71.91,33.32979202270508,1.7878750750398367,76,3,0,0,1,1,1,0
7191,71.92,33.29435348510742,1.869490317994967,76,4,0,1,1,1,1,0
7192,71.93,33.55415344238281,1.9918350584403504,76,4,0,1,1,1,1,0
7193,71.94,33.603302001953125,1.8420634781876901,76,4,0,1,1,1,1,0
7194,71.95,33.446144104003906,1.9477418855630948,76,4,0,1,1,1,1,0
7195,71.96,33.67438507080078,2.0257431754047888,76,4,0,1,1,1,1,0
7196,71.97,33.43867874145508,1.8149620115284868,76,4,0,1,1,1,1,0
7197,71.98,33.491973876953125,1.8141998242304964,76,4,0,1,1,1,1,0
7198,71.99,33.34598922729492,1.933520611012065,76,3,0,0,1,1,1,0
7199,72.0,33.291259765625,1.9676608268830007,76,4,0,1,1,1,1,0
7200,72.01,33.54945373535156,1.8557214540110651,76,3,0,0,1,1,1,0
7201,72.02,33.44498062133789,1.9081494043413676,76,4,0,1,1,1,1,0
7202,72.03,33.664764404296875,2.0576467654275925,76,4,0,1,1,1,1,0
7203,72.04,33.7200927734375,2.041421100574962,76,4,0,1,1,1,1,0
7204,72.05,33.655765533447266,2.020194587030517,76,4,0,1,1,1,1,0
7205,72.06,33.63454818725586,2.0066175501007164,76,3,0,0,1,1,1,0
7206,72.07,33.5479736328125,1.8772325006742636,76,4,0,1,1,1,1,0
7207,72.08,33.413414001464844,1.983662802813204,76,4,0,1,1,1,1,0
7208,72.09,33.79217529296875,1.8961510697772586,76,4,0,1,1,1,1,0
7209,72.1,33.806636810302734,1.8505646309028647,76,4,0,1,1,1,1,0
7210,72.11,33.66939163208008,1.9332083627941206,76,4,0,1,1,1,1,0
7211,72.12,33.84733200073242,1.8459971979741945,76,4,0,1,1,1,1,0
7212,72.13,33.77946090698242,1.870453596142205,76,4,0,1,1,1,1,0
7213,72.14,33.65422058105469,1.9220355854297166,76,4,0,1,1,1,1,0
7214,72.15,33.03303527832031,2.0081295781129067,76,3,0,0,1,1,1,0
7215,72.16,33.86894607543945,1.7565262029920314,76,4,0,1,1,1,1,0
7216,72.17,33.70528793334961,1.8214803715730352,76,4,0,1,1,1,1,0
7217,72.18,33.39298629760742,1.8945191236880905,76,4,0,1,1,1,1,0
7218,72.19,33.34254455566406,1.8497011287642084,76,4,0,1,1,1,1,0
7219,72.2,33.2544059753418,1.794964407991965,76,4,0,1,1,1,1,0
7220,72.21,33.366153717041016,1.9445081419429517,76,4,0,1,1,1,1,0
7221,72.22,33.275569915771484,1.830343821632733,76,4,0,1,1,1,1,0
7222,72.23,33.46875,2.0825467965175033,76,4,0,1,1,1,1,0
7223,72.24,33.27452850341797,1.747481410817082,76,4,0,1,1,1,1,0
7224,72.25,33.24043273925781,1.8776604188967607,76,4,0,1,1,1,1,0
7225,72.26,33.057861328125,1.820386361834765,76,4,0,1,1,1,1,0
7226,72.27,33.45158767700195,1.750028866778663,76,4,0,1,1,1,1,0
7227,72.28,33.5759162902832,1.8604317539401878,76,4,0,1,1,1,1,0
7228,72.29,33.07341384887695,1.8010578361740521,76,4,0,1,1,1,1,0
7229,72.3,33.064491271972656,1.7466806925676206,76,4,0,1,1,1,1,0
7230,72.31,32.816436767578125,1.8814964766801332,76,4,0,1,1,1,1,0
7231,72.32,33.32310485839844,1.8636005278748955,76,4,0,1,1,1,1,0
7232,72.33,33.14067840576172,1.922131228969942,76,4,0,1,1,1,1,0
7233,72.34,33.35689926147461,1.8725893210716527,76,4,0,1,1,1,1,0
7234,72.35,33.103614807128906,1.7308176091266894,76,4,0,1,1,1,1,0
7235,72.36,33.285301208496094,1.9625207440709211,76,4,0,1,1,1,1,0
7236,72.37,33.174129486083984,1.8479378980873218,76,4,0,1,1,1,1,0
7237,72.38,33.17538833618164,1.7046991542629883,76,4,0,1,1,1,1,0
7238,72.39,33.29148483276367,2.048728556778764,76,4,0,1,1,1,1,0
7239,72.4,33.3558235168457,1.8880967308757772,76,4,0,1,1,1,1,0
7240,72.41,33.823978424072266,1.7270781858562867,76,4,0,1,1,1,1,0
7241,72.42,33.88140106201172,1.8769341651691276,76,4,0,1,1,1,1,0
7242,72.43,33.834774017333984,1.779043551019426,76,3,0,0,1,1,1,0
7243,72.44,33.55840301513672,1.8838507113918428,76,3,0,0,1,1,1,0
7244,72.45,33.52008819580078,1.7228185306578663,76,3,0,0,1,1,1,0
7245,72.46,33.571624755859375,1.8464269009184962,76,3,0,0,1,1,1,0
7246,72.47,33.55422592163086,1.9532543425945827,76,4,0,1,1,1,1,0
7247,72.48,33.34834671020508,1.9255397398712022,76,4,0,1,1,1,1,0
7248,72.49,33.50773239135742,2.045110705687257,76,3,0,0,1,1,1,0
7249,72.5,33.27326965332031,1.8623369233085585,76,3,0,0,1,1,1,0
7250,72.51,33.5422477722168,1.770991005934913,76,3,0,0,1,1,1,0
7251,72.52,33.5853157043457,1.9519439843416673,76,3,0,0,1,1,1,0
7252,72.53,33.2073974609375,1.86059241264224,76,3,0,0,1,1,1,0
7253,72.54,33.202693939208984,1.823350111045899,76,3,0,0,1,1,1,0
7254,72.55,33.2805290222168,1.7182258042980334,76,3,0,0,1,1,1,0
7255,72.56,33.39473342895508,1.7148255685097555,76,3,0,0,1,1,1,0
7256,72.57,33.43630599975586,1.8054066858755926,76,4,0,1,1,1,1,0
7257,72.58,33.51018142700195,1.8829260395991323,76,4,0,1,1,1,1,0
7258,72.59,33.5574836730957,1.9918273403183404,76,4,0,1,1,1,1,0
7259,72.6,33.53342056274414,1.9566518508591744,76,3,0,0,1,1,1,0
7260,72.61,33.30396270751953,1.7902787444392292,76,3,0,0,1,1,1,0
7261,72.62,32.99266052246094,1.8265840928501231,76,3,0,0,1,1,1,0
7262,72.63,33.421077728271484,1.916684774232382,76,4,0,1,1,1,1,0
7263,72.64,33.07285690307617,1.8186559908483932,76,3,0,0,1,1,1,0
7264,72.65,33.43229293823242,1.8972848296324043,76,3,0,0,1,1,1,0
7265,72.66,33.357486724853516,1.9872332408153328,76,4,0,1,1,1,1,0
7266,72.67,33.4149055480957,1.8184076776008495,76,3,0,0,1,1,1,0
7267,72.68,33.52647399902344,1.8376344243923175,76,4,0,1,1,1,1,0
7268,72.69,33.19917678833008,2.0408531873376186,76,3,0,0,1,1,1,0
7269,72.7,33.42500686645508,1.8175266101269174,76,4,0,1,1,1,1,0
7270,72.71,33.3923225402832,1.935870212968174,76,4,0,1,1,1,1,0
7271,72.72,33.235450744628906,2.030496613596919,76,3,0,0,1,1,1,0
7272,72.73,33.16429138183594,1.9959233385030721,76,3,0,0,1,1,1,0
7273,72.74,33.306121826171875,1.8940962628886855,76,3,0,0,1,1,1,0
7274,72.75,33.478214263916016,1.9365167159036534,76,4,0,1,1,1,1,0
7275,72.76,33.40817642211914,2.093871120130224,76,3,0,0,1,1,1,0
7276,72.77,33.75969696044922,2.1453432974170923,76,4,0,1,1,1,1,0
7277,72.78,33.50736999511719,1.9130078184843256,76,4,0,1,1,1,1,0
7278,72.79,33.80110168457031,2.080882845378232,76,4,0,1,1,1,1,0
7279,72.8,33.68366241455078,2.203658963995726,76,4,0,1,1,1,1,0
7280,72.81,33.77390670776367,1.9113629368537217,76,4,0,1,1,1,1,0
7281,72.82,33.50791931152344,1.8133402795316502,76,4,0,1,1,1,1,0
7282,72.83,33.73969268798828,2.0822359509084114,76,3,0,0,1,1,1,0
7283,72.84,33.87483215332031,1.8295633914604428,76,4,0,1,1,1,1,0
7284,72.85,34.10834503173828,1.9746673118434768,76,4,0,1,1,1,1,0
7285,72.86,34.01518249511719,1.9246831126919208,76,4,0,1,1,1,1,0
7286,72.87,33.72260284423828,2.1056848132431534,76,4,0,1,1,1,1,0
7287,72.88,33.47325134277344,1.865932333420961,76,4,0,1,1,1,1,0
7288,72.89,33.24496078491211,1.9227908228410902,76,3,0,0,1,1,1,0
7289,72.9,33.261383056640625,1.9814605381711377,76,3,0,0,1,1,1,0
7290,72.91,33.442501068115234,2.0165797324079993,76,3,0,0,1,1,1,0
7291,72.92,33.73406219482422,1.8426844403452032,76,3,0,0,1,1,1,0
7292,72.93,33.5659294128418,1.8313069172266254,76,3,0,0,1,1,1,0
7293,72.94,33.81842041015625,1.786446682119578,76,3,0,0,1,1,1,0
7294,72.95,33.99267578125,2.0839828996343908,76,3,0,0,1,1,1,0
7295,72.96,33.829917907714844,2.101547129070573,76,3,0,0,1,1,1,0
7296,72.97,33.475399017333984,1.9539228612757318,76,4,0,1,1,1,1,0
7297,72.98,33.63256072998047,1.9748913227567664,76,4,0,1,1,1,1,0
7298,72.99,33.30274200439453,1.7154930327090405,76,4,0,1,1,1,1,0
7299,73.0,33.31198501586914,1.8877764439560734,76,4,0,1,1,1,1,0
7300,73.01,33.69504165649414,2.1969732229098833,76,4,0,1,1,1,1,0
7301,73.02,33.35610580444336,2.081754264531061,76,4,0,1,1,1,1,0
7302,73.03,33.3083610534668,1.7743385746173284,76,4,0,1,1,1,1,0
7303,73.04,33.1893196105957,1.8805277793822175,76,4,0,1,1,1,1,0
7304,73.05,32.922542572021484,1.8802414499716458,76,3,0,0,1,1,1,0
7305,73.06,32.900447845458984,1.9192197048596995,76,3,0,0,1,1,1,0
7306,73.07,33.35393142700195,1.87926156497552,76,3,0,0,1,1,1,0
7307,73.08,33.44146728515625,1.8039394029145877,76,3,0,0,1,1,1,0
7308,73.09,33.73412322998047,1.8615349816239204,76,3,0,0,1,1,1,0
7309,73.1,33.73758316040039,2.053486627746286,76,3,0,0,1,1,1,0
7310,73.11,33.47953414916992,1.807235376769958,76,3,0,0,1,1,1,0
7311,73.12,33.51708221435547,1.8743045666773914,76,3,0,0,1,1,1,0
7312,73.13,33.464271545410156,1.8843838165740372,76,3,0,0,1,1,1,0
7313,73.14,33.423065185546875,1.798775991719094,76,3,0,0,1,1,1,0
7314,73.15,33.46653747558594,1.8013640156576531,76,3,0,0,1,1,1,0
7315,73.16,33.46390914916992,1.9333128062952323,76,3,0,0,1,1,1,0
7316,73.17,33.39503860473633,1.8753944262907483,76,4,0,1,1,1,1,0
7317,73.18,33.872257232666016,1.8501298889978068,76,3,0,0,1,1,1,0
7318,73.19,33.87508773803711,1.8725647067558657,76,3,0,0,1,1,1,0
7319,73.2,33.61726379394531,2.192461019982353,76,4,0,1,1,1,1,0
7320,73.21,33.66837692260742,1.802821079853819,76,3,0,0,1,1,1,0
7321,73.22,33.54862594604492,1.830987717532296,76,3,0,0,1,1,1,0
7322,73.23,33.67938232421875,1.6952845799896819,76,4,0,1,1,1,1,0
7323,73.24,33.66590881347656,1.9331287832733415,76,3,0,0,1,1,1,0
7324,73.25,33.591651916503906,1.9688855553875986,76,3,0,0,1,1,1,0
7325,73.26,33.892120361328125,2.017150508292979,76,3,0,0,1,1,1,0
7326,73.27,33.805389404296875,1.877472972860279,76,3,0,0,1,1,1,0
7327,73.28,34.28799819946289,1.8792066239394423,76,4,0,1,1,1,1,0
7328,73.29,34.457454681396484,2.1070552051747122,76,3,0,0,1,1,1,0
7329,73.3,34.06919479370117,2.048267378881461,76,3,0,0,1,1,1,0
7330,73.31,34.07371520996094,1.7381267944103538,76,3,0,0,1,1,1,0
7331,73.32,34.19721984863281,2.100146854901031,76,3,0,0,1,1,1,0
7332,73.33,34.22490310668945,1.9221087375346566,76,3,0,0,1,1,1,0
7333,73.34,34.168216705322266,1.8830567771445925,76,2,0,0,1,1,0,0
7334,73.35,34.30257797241211,1.9916062877679077,76,3,0,1,1,1,0,0
7335,73.36,34.436100006103516,2.0504913597236945,76,3,0,0,1,1,1,0
7336,73.37,34.12498092651367,1.936007365151901,76,3,0,0,1,1,1,0
7337,73.38,34.34408950805664,1.856476025933845,76,3,0,0,1,1,1,0
7338,73.39,34.53995132446289,2.2341507706930157,76,3,0,0,1,1,1,0
7339,73.4,34.25148010253906,2.0029531046832316,76,3,0,0,1,1,1,0
7340,73.41,34.80794906616211,2.234052144235115,76,4,0,1,1,1,1,0
7341,73.42,34.453853607177734,2.0771999865307667,76,4,0,1,1,1,1,0
7342,73.43,34.342193603515625,2.1821330954362,76,4,0,1,1,1,1,0
7343,73.44,34.2794189453125,2.0282810882647633,76,3,0,0,1,1,1,0
7344,73.45,34.04874801635742,1.8909528254067678,76,3,0,0,1,1,1,0
7345,73.46,34.254337310791016,1.8830549336617262,76,3,0,0,1,1,1,0
7346,73.47,34.2185173034668,1.8720284599522397,76,4,0,1,1,1,1,0
7347,73.48,34.097129821777344,1.764394030417238,76,3,0,0,1,1,1,0
7348,73.49,34.37700271606445,2.0821841854319145,76,4,0,1,1,1,1,0
7349,73.5,34.341941833496094,1.9215931259437629,76,4,0,1,1,1,1,0
7350,73.51,34.47978591918945,1.8306804288486427,76,3,0,0,1,1,1,0
7351,73.52,34.446533203125,1.816508380028103,76,3,0,0,1,1,1,0
7352,73.53,34.19190979003906,1.9293709412950943,76,3,0,0,1,1,1,0
7353,73.54,34.4692497253418,1.9411911774227961,76,4,0,1,1,1,1,0
7354,73.55,34.28059768676758,1.9777278540299401,76,4,0,1,1,1,1,0
7355,73.56,34.69233322143555,1.824005683825507,76,3,0,1,1,1,0,0
7356,73.57,34.683475494384766,1.9250439971265727,76,3,0,0,1,1,1,0
7357,73.58,34.37502670288086,1.855955649134442,76,4,0,1,1,1,1,0
7358,73.59,34.24711990356445,1.8959142342709177,76,3,0,0,1,1,1,0
7359,73.6,34.332237243652344,1.9356910248489665,76,4,0,1,1,1,1,0
7360,73.61,34.06001663208008,1.8517283417307095,76,4,0,1,1,1,1,0
7361,73.62,34.38299560546875,2.1439707380281803,76,4,0,1,1,1,1,0
7362,73.63,34.264469146728516,1.8245834184498315,76,4,0,1,1,1,1,0
7363,73.64,34.05302047729492,1.9764591268115135,76,4,0,1,1,1,1,0
7364,73.65,34.32447814941406,1.9381723568805327,76,3,0,0,1,1,1,0
7365,73.66,34.25146484375,1.945150989472117,76,4,0,1,1,1,1,0
7366,73.67,34.23090362548828,2.1257976910771763,76,3,0,0,1,1,1,0
7367,73.68,34.07640838623047,2.0230177095317257,76,4,0,1,1,1,1,0
7368,73.69,34.01189422607422,2.0932976773588545,76,4,0,1,1,1,1,0
7369,73.7,33.938194274902344,1.9951185622428764,76,4,0,1,1,1,1,0
7370,73.71,34.27504348754883,1.9119048170247066,76,3,0,0,1,1,1,0
7371,73.72,33.79143142700195,1.8958155778893484,76,4,0,1,1,1,1,0
7372,73.73,33.75923538208008,2.016165003072833,76,3,0,0,1,1,1,0
7373,73.74,34.12914276123047,2.0365407733568324,76,3,0,0,1,1,1,0
7374,73.75,33.97886276245117,1.7327962814245075,76,3,0,0,1,1,1,0
7375,73.76,33.84934997558594,2.0712332121386647,76,4,0,1,1,1,1,0
7376,73.77,33.75410842895508,1.9628798802584944,76,4,0,1,1,1,1,0
7377,73.78,33.72878646850586,1.9646123931890331,76,4,0,1,1,1,1,0
7378,73.79,33.968505859375,1.8379343030821802,76,3,0,0,1,1,1,0
7379,73.8,33.82206726074219,1.9243170857065324,76,3,0,0,1,1,1,0
7380,73.81,33.556941986083984,1.8191803270731357,76,4,0,1,1,1,1,0
7381,73.82,33.74269485473633,1.6315361928342813,76,3,0,0,1,1,1,0
7382,73.83,33.74534606933594,1.8726974509530054,76,4,0,1,1,1,1,0
7383,73.84,34.018062591552734,1.9578290944796954,76,4,0,1,1,1,1,0
7384,73.85,33.94025802612305,1.7968266187484545,76,3,0,0,1,1,1,0
7385,73.86,34.14781951904297,1.9222156099115801,76,3,0,0,1,1,1,0
7386,73.87,34.4898567199707,2.0962082824083508,76,2,0,0,1,1,0,0
7387,73.88,34.32606887817383,2.21368395697801,76,2,0,0,1,1,0,0
7388,73.89,34.11573028564453,2.0847346294872313,76,3,0,0,1,1,1,0
7389,73.9,34.78214645385742,2.213138680387539,76,2,0,0,1,1,0,0
7390,73.91,34.61886978149414,1.90009964371387,76,3,0,0,1,1,1,0
7391,73.92,34.597145080566406,2.1873252636713207,76,4,0,1,1,1,1,0
7392,73.93,34.458988189697266,1.9590060006290873,76,3,0,0,1,1,1,0
7393,73.94,34.669559478759766,2.402951011929453,76,3,0,0,1,1,1,0
7394,73.95,35.13394546508789,2.1684360574672388,76,4,0,1,1,1,1,0
7395,73.96,34.7359504699707,2.399879870911019,76,3,0,0,1,1,1,0
7396,73.97,34.942806243896484,2.3530814984735304,76,2,0,0,0,1,1,0
7397,73.98,35.21601867675781,2.2500825336283716,76,3,0,0,1,1,1,0
7398,73.99,34.744510650634766,2.0036467851053015,76,4,0,1,1,1,1,0
7399,74.0,34.78300094604492,1.948668165760146,76,2,0,0,0,1,1,0
7400,74.01,35.13308334350586,2.385686826198401,76,2,0,0,0,1,1,0
7401,74.02,34.6451416015625,1.9122989986767056,76,3,0,1,0,1,1,0
7402,74.03,34.80121994018555,2.249395746100519,76,3,0,0,1,1,1,0
7403,74.04,34.95405197143555,2.4888089020692643,76,3,0,0,1,1,1,0
7404,74.05,34.553497314453125,1.951559159050172,76,3,0,0,1,1,1,0
7405,74.06,34.213871002197266,1.9719294917462282,76,3,0,0,1,1,1,0
7406,74.07,34.55223846435547,2.3187977589599584,76,3,0,0,1,1,1,0
7407,74.08,34.24756622314453,1.9323066786479757,76,3,0,0,1,1,1,0
7408,74.09,34.02651596069336,2.113997019501065,76,4,0,1,1,1,1,0
7409,74.1,34.198638916015625,1.9773992963837796,76,2,0,0,0,1,1,0
7410,74.11,34.26012420654297,2.0418099007811406,76,3,0,1,0,1,1,0
7411,74.12,34.377227783203125,2.163078626190858,76,2,0,0,0,1,1,0
7412,74.13,34.351375579833984,1.6149633161344334,76,2,0,0,0,1,1,0
7413,74.14,34.316226959228516,1.9536882258265416,76,4,0,1,1,1,1,0
7414,74.15,34.10879135131836,1.7893577693752556,76,4,0,1,1,1,1,0
7415,74.16,34.21026611328125,2.105114878521952,76,4,0,1,1,1,1,0
7416,74.17,34.13676452636719,1.9392230965731345,76,4,0,1,1,1,1,0
7417,74.18,34.293907165527344,1.9589039007068638,76,4,0,1,1,1,1,0
7418,74.19,34.07040786743164,2.1072040303907347,76,4,0,1,1,1,1,0
7419,74.2,34.34623718261719,1.9915047290483576,76,4,0,1,1,1,1,0
7420,74.21,34.44877243041992,1.825631063822566,76,4,0,1,1,1,1,0
7421,74.22,34.50942611694336,2.1212023309053274,76,4,0,1,1,1,1,0
7422,74.23,34.114830017089844,2.313998272158524,76,4,0,1,1,1,1,0
7423,74.24,34.04990768432617,2.1103055044113006,76,4,0,1,1,1,1,0
7424,74.25,34.0065803527832,1.9683385669111861,76,4,0,1,1,1,1,0
7425,74.26,34.48713684082031,2.3539303122795285,76,4,0,1,1,1,1,0
7426,74.27,34.31126022338867,2.03432738640007,76,4,0,1,1,1,1,0
7427,74.28,34.21623611450195,1.9694174386399657,76,4,0,1,1,1,1,0
7428,74.29,34.353824615478516,2.1028088094096042,76,3,0,0,1,1,1,0
7429,74.3,34.40012741088867,2.1405889645489546,76,3,0,0,1,1,1,0
7430,74.31,34.307830810546875,1.9028753011452777,76,3,0,0,1,1,1,0
7431,74.32,34.307373046875,1.9326912319318346,76,4,0,1,1,1,1,0
7432,74.33,34.38473892211914,2.019750224620612,76,4,0,1,1,1,1,0
7433,74.34,34.53657913208008,2.0931869054120606,76,3,0,0,1,1,1,0
7434,74.35,34.40640640258789,2.047585647898932,76,3,0,0,1,1,1,0
7435,74.36,34.17526626586914,2.0988096951007957,76,4,0,1,1,1,1,0
7436,74.37,34.06961441040039,1.9647951177736933,76,4,0,1,1,1,1,0
7437,74.38,34.25408172607422,1.9103421536951977,76,4,0,1,1,1,1,0
7438,74.39,34.406375885009766,2.0345975810733323,76,4,0,1,1,1,1,0
7439,74.4,34.29594039916992,1.9351458306825486,76,4,0,1,1,1,1,0
7440,74.41,34.4394645690918,1.9170315182408557,76,4,0,1,1,1,1,0
7441,74.42,33.979366302490234,1.983462674764043,76,4,0,1,1,1,1,0
7442,74.43,33.947505950927734,2.098503203526468,76,4,0,1,1,1,1,0
7443,74.44,33.57020568847656,1.8785318079757314,76,3,0,0,1,1,1,0
7444,74.45,33.97916030883789,1.9145263133945714,76,4,0,1,1,1,1,0
7445,74.46,33.991004943847656,2.2255124669097284,76,4,0,1,1,1,1,0
7446,74.47,34.078407287597656,1.9964196766435256,76,4,0,1,1,1,1,0
7447,74.48,33.99980926513672,1.638782626251471,76,4,0,1,1,1,1,0
7448,74.49,34.1953125,1.935200464877606,76,4,0,1,1,1,1,0
7449,74.5,34.263675689697266,2.1496664645667436,76,4,0,1,1,1,1,0
7450,74.51,34.5804328918457,1.942105987938117,76,4,0,1,1,1,1,0
7451,74.52,34.06960678100586,1.8832718692132968,76,4,0,1,1,1,1,0
7452,74.53,34.2536506652832,2.1445123932067,76,4,0,1,1,1,1,0
7453,74.54,34.33366775512695,2.1889231545541636,76,4,0,1,1,1,1,0
7454,74.55,34.496150970458984,2.1145895687336984,76,4,0,1,1,1,1,0
7455,74.56,34.491455078125,2.0892528735436375,76,3,0,0,1,1,1,0
7456,74.57,34.483604431152344,2.2213133671470136,76,3,0,0,1,1,1,0
7457,74.58,34.592864990234375,2.3828091675300724,76,3,0,0,1,1,1,0
7458,74.59,34.438602447509766,2.166150722094335,76,4,0,1,1,1,1,0
7459,74.6,34.3871955871582,2.1029948410908803,76,4,0,1,1,1,1,0
7460,74.61,34.12942886352539,2.1523273025709,76,4,0,1,1,1,1,0
7461,74.62,34.29092025756836,2.1791352186116586,76,4,0,1,1,1,1,0
7462,74.63,34.285362243652344,1.8936012327683418,76,4,0,1,1,1,1,0
7463,74.64,34.294219970703125,2.022621939890247,76,3,0,0,1,1,1,0
7464,74.65,34.34611892700195,1.8131461629419,76,3,0,0,1,1,1,0
7465,74.66,34.23430633544922,1.8898440366408156,76,4,0,1,1,1,1,0
7466,74.67,34.093902587890625,1.946636356919949,76,4,0,1,1,1,1,0
7467,74.68,34.163822174072266,2.0224973005717404,76,4,0,1,1,1,1,0
7468,74.69,34.38468551635742,2.121077495518515,76,4,0,1,1,1,1,0
7469,74.7,34.481998443603516,2.374660559241035,76,4,0,1,1,1,1,0
7470,74.71,34.307559967041016,2.2611076712916085,76,4,0,1,1,1,1,0
7471,74.72,34.128116607666016,2.223084538319741,76,4,0,1,1,1,1,0
7472,74.73,34.225399017333984,2.0312078428664964,76,4,0,1,1,1,1,0
7473,74.74,33.983455657958984,2.1656403600237826,76,4,0,1,1,1,1,0
7474,74.75,34.1464729309082,2.3408122591265372,76,4,0,1,1,1,1,0
7475,74.76,33.973960876464844,2.2969771395250054,76,4,0,1,1,1,1,0
7476,74.77,33.77376937866211,2.115700375003749,76,4,0,1,1,1,1,0
7477,74.78,34.22188949584961,2.346122562808715,76,4,0,1,1,1,1,0
7478,74.79,34.20204544067383,2.429607433118584,76,4,0,1,1,1,1,0
7479,74.8,34.075008392333984,2.1520221402295605,76,4,0,1,1,1,1,0
7480,74.81,34.1707649230957,2.0633180684136887,76,4,0,1,1,1,1,0
7481,74.82,34.00606918334961,2.1836205303679477,76,4,0,1,1,1,1,0
7482,74.83,33.48591613769531,1.8903185330775092,76,4,0,1,1,1,1,0
7483,74.84,33.696170806884766,2.1433207115407735,76,4,0,1,1,1,1,0
7484,74.85,33.88582992553711,1.9018136718228333,76,4,0,1,1,1,1,0
7485,74.86,33.9066047668457,2.0404431112420025,76,4,0,1,1,1,1,0
7486,74.87,34.03294372558594,1.7877589342144076,76,4,0,1,1,1,1,0
7487,74.88,34.106414794921875,2.0706972453550816,76,4,0,1,1,1,1,0
7488,74.89,34.11384963989258,1.9328227479617008,76,4,0,1,1,1,1,0
7489,74.9,34.03274917602539,2.1462051321152886,76,4,0,1,1,1,1,0
7490,74.91,34.24217224121094,1.89571148322328,76,4,0,1,1,1,1,0
7491,74.92,34.100502014160156,2.1094521007379705,76,4,0,1,1,1,1,0
7492,74.93,34.054771423339844,2.035784457991421,76,3,0,0,1,1,1,0
7493,74.94,33.65586471557617,1.8123498868762369,76,4,0,1,1,1,1,0
7494,74.95,33.99491500854492,1.9926409119648252,76,4,0,1,1,1,1,0
7495,74.96,33.910274505615234,2.0495306767463357,76,4,0,1,1,1,1,0
7496,74.97,34.178733825683594,1.9875119490361104,76,4,0,1,1,1,1,0
7497,74.98,34.03032684326172,1.9918350584403504,76,4,0,1,1,1,1,0
7498,74.99,33.823631286621094,2.171336825607595,76,4,0,1,1,1,1,0
7499,75.0,33.613651275634766,1.9144234353623821,76,4,0,1,1,1,1,0
7500,75.01,33.52525329589844,1.897503354933622,76,4,0,1,1,1,1,0
7501,75.02,33.65831756591797,2.3054315867200104,76,4,0,1,1,1,1,0
7502,75.03,33.849281311035156,2.1243977432828873,76,4,0,1,1,1,1,0
7503,75.04,33.74065017700195,2.1536268592096035,76,4,0,1,1,1,1,0
7504,75.05,33.97924041748047,1.9970983345381754,76,4,0,1,1,1,1,0
7505,75.06,33.816959381103516,2.2146322354102703,76,4,0,1,1,1,1,0
7506,75.07,34.228580474853516,2.070868233203742,76,4,0,1,1,1,1,0
7507,75.08,33.843971252441406,1.8961820168067045,76,4,0,1,1,1,1,0
7508,75.09,34.130794525146484,2.2000211763304955,76,4,0,1,1,1,1,0
7509,75.1,34.014339447021484,2.0431564654532597,76,4,0,1,1,1,1,0
7510,75.11,33.898101806640625,2.242896904336909,76,4,0,1,1,1,1,0
7511,75.12,34.27376937866211,2.2317216421657644,76,4,0,1,1,1,1,0
7512,75.13,34.29874801635742,2.034530948509862,76,5,1,1,1,1,1,0
7513,75.14,34.341373443603516,2.2268572125431496,76,5,1,1,1,1,1,0
7514,75.15,34.32126235961914,1.8310141408126468,76,5,1,1,1,1,1,0
7515,75.16,34.42011260986328,2.1701838374177225,76,5,1,1,1,1,1,0
7516,75.17,34.37599563598633,1.8961540673725716,76,5,1,1,1,1,1,0
7517,75.18,34.38212966918945,2.1084137371375493,76,4,0,1,1,1,1,0
7518,75.19,34.317771911621094,1.9474328578227837,76,4,0,1,1,1,1,0
7519,75.2,34.12544250488281,1.898343927737878,76,5,1,1,1,1,1,0
7520,75.21,33.94340133666992,1.8681837218848767,76,5,1,1,1,1,1,0
7521,75.22,33.841182708740234,1.9402040637754419,76,5,1,1,1,1,1,0
7522,75.23,33.939231872558594,2.0829039600685664,76,5,1,1,1,1,1,0
7523,75.24,34.16447067260742,1.7532187509916886,76,5,1,1,1,1,1,0
7524,75.25,33.70332336425781,2.097768591341306,76,4,0,1,1,1,1,0
7525,75.26,33.8259391784668,1.755843285007961,76,5,1,1,1,1,1,0
7526,75.27,33.98108673095703,1.803725953782162,76,5,1,1,1,1,1,0
7527,75.28,33.78239059448242,2.010423373903938,76,5,1,1,1,1,1,0
7528,75.29,34.006046295166016,1.7963841168854815,76,5,1,1,1,1,1,0
7529,75.3,33.80366134643555,1.8703015350705474,76,5,1,1,1,1,1,0
7530,75.31,33.67869567871094,1.9675867316056626,76,5,1,1,1,1,1,0
7531,75.32,34.02053451538086,1.9635379529719807,76,5,1,1,1,1,1,0
7532,75.33,34.33895492553711,1.7878745842974837,76,5,1,1,1,1,1,0
7533,75.34,33.929847717285156,1.9813330399755906,76,5,1,1,1,1,1,0
7534,75.35,34.07697296142578,1.8160660946632268,76,5,1,1,1,1,1,0
7535,75.36,33.972713470458984,2.0471935097807576,76,5,1,1,1,1,1,0
7536,75.37,33.918800354003906,2.1222127544406133,76,5,1,1,1,1,1,0
7537,75.38,33.79180908203125,2.002497486971357,76,5,1,1,1,1,1,0
7538,75.39,33.67133712768555,2.160026802324312,76,5,1,1,1,1,1,0
7539,75.4,33.78383255004883,2.1736151990290202,76,4,0,1,1,1,1,0
7540,75.41,33.89202117919922,2.0279359985217322,76,5,1,1,1,1,1,0
7541,75.42,33.87297821044922,2.4120743241404647,76,4,0,1,1,1,1,0
7542,75.43,34.148712158203125,1.9443471578848341,76,4,0,1,1,1,1,0
7543,75.44,34.071163177490234,2.0293286428402224,76,4,0,1,1,1,1,0
7544,75.45,33.845001220703125,2.0406613971958287,76,5,1,1,1,1,1,0
7545,75.46,34.024166107177734,1.890238409195972,76,4,0,1,1,1,1,0
7546,75.47,33.94353485107422,1.8440160965641825,76,4,0,1,1,1,1,0
7547,75.48,34.132904052734375,2.111941072279277,76,4,0,1,1,1,1,0
7548,75.49,33.75685119628906,2.064990446428615,76,3,0,0,1,1,1,0
7549,75.5,34.04194259643555,2.001721886801624,76,4,0,1,1,1,1,0
7550,75.51,33.97186279296875,2.1451583241904313,76,4,0,1,1,1,1,0
7551,75.52,33.967769622802734,2.0880176097157763,76,4,0,1,1,1,1,0
7552,75.53,34.193511962890625,2.1320848768941234,76,4,0,1,1,1,1,0
7553,75.54,33.948326110839844,2.1781190586724453,76,4,0,1,1,1,1,0
7554,75.55,33.926963806152344,2.079232496836782,76,5,1,1,1,1,1,0
7555,75.56,34.13987350463867,2.125513169025087,76,5,1,1,1,1,1,0
7556,75.57,34.055423736572266,2.1282153774355566,76,4,0,1,1,1,1,0
7557,75.58,33.74474334716797,2.1649230844726803,76,4,0,1,1,1,1,0
7558,75.59,34.17597198486328,2.024872524452776,76,4,0,1,1,1,1,0
7559,75.6,34.4525260925293,2.225708951682726,76,5,1,1,1,1,1,0
7560,75.61,34.06554412841797,2.271691831408368,76,4,0,1,1,1,1,0
7561,75.62,34.3663330078125,2.3586462321318282,76,4,0,1,1,1,1,0
7562,75.63,34.55962371826172,2.0980476393782777,76,4,0,1,1,1,1,0
7563,75.64,34.480979919433594,2.011765248250406,76,4,0,1,1,1,1,0
7564,75.65,34.42398452758789,1.9780785209439902,76,4,0,1,1,1,1,0
7565,75.66,34.44204330444336,2.2044701013707764,76,5,1,1,1,1,1,0
7566,75.67,34.40489959716797,2.1083870179833464,76,4,0,1,1,1,1,0
7567,75.68,33.954795837402344,2.073163359974727,76,4,0,1,1,1,1,0
7568,75.69,34.23959732055664,2.025563105152784,76,5,1,1,1,1,1,0
7569,75.7,34.756500244140625,1.7839545240584773,76,4,0,1,1,1,1,0
7570,75.71,34.71320343017578,2.0039188702743442,76,4,0,1,1,1,1,0
7571,75.72,34.57646560668945,2.1757544236513353,76,4,0,1,1,1,1,0
7572,75.73,34.84185791015625,2.0749243267939557,76,4,0,1,1,1,1,0
7573,75.74,34.538551330566406,1.8263882717786395,76,5,1,1,1,1,1,0
7574,75.75,34.740516662597656,2.0199757701105203,76,4,0,1,1,1,1,0
7575,75.76,34.416507720947266,2.2117972061814593,76,5,1,1,1,1,1,0
7576,75.77,34.640228271484375,1.8034655799780284,76,4,0,1,1,1,1,0
7577,75.78,34.740909576416016,1.7192129827433544,76,5,1,1,1,1,1,0
7578,75.79,34.633689880371094,1.9629813555704003,76,5,1,1,1,1,1,0
7579,75.8,34.56874084472656,1.869331117842383,76,4,0,1,1,1,1,0
7580,75.81,34.881656646728516,1.790925383253488,76,4,0,1,1,1,1,0
7581,75.82,35.03432083129883,1.7454507930833836,76,3,0,0,1,1,1,0
7582,75.83,34.85890579223633,1.8030516674744124,76,4,0,1,1,1,1,0
7583,75.84,34.816871643066406,1.818621123599205,76,5,1,1,1,1,1,0
7584,75.85,34.26765823364258,2.010496042261589,76,4,0,1,1,1,1,0
7585,75.86,34.29265213012695,1.9701291811685253,76,5,1,1,1,1,1,0
7586,75.87,34.88540267944336,2.361418197082404,76,4,0,1,1,1,1,0
7587,75.88,34.62866973876953,2.2865264982483926,76,4,0,1,1,1,1,0
7588,75.89,34.76603698730469,2.106628639681093,76,4,0,1,1,1,1,0
7589,75.9,34.382781982421875,2.3071215272020984,76,4,0,1,1,1,1,0
7590,75.91,34.50053024291992,2.2757421301775476,76,4,0,1,1,1,1,0
7591,75.92,34.67429733276367,2.3474824440493136,76,5,1,1,1,1,1,0
7592,75.93,34.33784866333008,2.4336394313800493,76,4,0,1,1,1,1,0
7593,75.94,34.46220016479492,2.5039442786834125,76,3,0,0,1,1,1,0
7594,75.95,34.810604095458984,2.382036158110607,76,3,0,0,1,1,1,0
7595,75.96,34.55933380126953,2.307050033828272,76,3,0,0,1,1,1,0
7596,75.97,34.72383499145508,2.2475161365998795,76,3,0,0,1,1,1,0
7597,75.98,34.67329788208008,2.452123027609782,76,4,0,1,1,1,1,0
7598,75.99,34.5997200012207,2.310950332617951,76,4,0,1,1,1,1,0
7599,76.0,34.460086822509766,2.1529739187804666,76,4,0,1,1,1,1,0
7600,76.01,34.7783088684082,2.325960388037717,76,4,0,1,1,1,1,0
7601,76.02,34.844974517822266,2.1315258131023573,76,4,0,1,1,1,1,0
7602,76.03,34.99305725097656,2.0568434706774754,76,4,0,1,1,1,1,0
7603,76.04,34.54373550415039,2.226682899721869,76,4,0,1,1,1,1,0
7604,76.05,34.693302154541016,2.0774285861843818,76,4,0,1,1,1,1,0
7605,76.06,34.79313278198242,2.2559702746016583,76,4,0,1,1,1,1,0
7606,76.07,35.34459686279297,2.4818897479989803,76,4,0,1,1,1,1,0
7607,76.08,34.945987701416016,2.324228919375385,76,4,0,1,1,1,1,0
7608,76.09,34.93034362792969,2.2064261864233425,76,4,0,1,1,1,1,0
7609,76.1,35.09083557128906,2.2501078160265737,76,4,1,0,1,1,1,0
7610,76.11,34.89653396606445,2.1692558461453926,76,4,0,1,1,1,1,0
7611,76.12,35.115806579589844,2.3025621496528728,76,4,0,1,1,1,1,0
7612,76.13,34.65165328979492,2.0995501023897316,76,4,1,0,1,1,1,0
7613,76.14,34.744140625,2.1931899749571904,76,5,1,1,1,1,1,0
7614,76.15,34.5471076965332,2.03352450330829,76,5,1,1,1,1,1,0
7615,76.16,35.227447509765625,2.1183476828695604,76,4,1,0,1,1,1,0
7616,76.17,35.08448791503906,2.436414413584693,76,4,1,0,1,1,1,0
7617,76.18,35.006290435791016,2.239417949398232,76,4,1,0,1,1,1,0
7618,76.19,35.328773498535156,2.3166181323120076,76,4,0,1,1,1,1,0
7619,76.2,35.133792877197266,2.6525555949367052,76,4,0,1,1,1,1,0
7620,76.21,35.1832275390625,2.4123461156617125,76,4,0,1,1,1,1,0
7621,76.22,34.99959945678711,2.2018186924000456,76,4,0,1,1,1,1,0
7622,76.23,35.02471923828125,2.1575008303072942,76,4,0,1,1,1,1,0
7623,76.24,35.217288970947266,2.1556627852034604,76,4,0,1,1,1,1,0
7624,76.25,35.281524658203125,2.333262579295506,76,4,0,1,1,1,1,0
7625,76.26,34.777915954589844,1.8997149388253152,76,4,0,1,1,1,1,0
7626,76.27,35.1068000793457,2.229487622165935,76,4,0,1,1,1,1,0
7627,76.28,35.18769454956055,2.0879608720112155,76,4,0,1,1,1,1,0
7628,76.29,34.878482818603516,1.962373756585387,76,4,0,1,1,1,1,0
7629,76.3,34.84272384643555,1.9650397112830622,76,4,0,1,1,1,1,0
7630,76.31,34.79036331176758,1.955634278734048,76,4,0,1,1,1,1,0
7631,76.32,35.03783416748047,2.206306000187164,76,4,0,1,1,1,1,0
7632,76.33,34.74433517456055,1.9379580434606736,76,4,0,1,1,1,1,0
7633,76.34,34.81913375854492,1.773808080090815,76,4,0,1,1,1,1,0
7634,76.35,34.9941520690918,1.9416479194589233,76,4,0,1,1,1,1,0
7635,76.36,34.61809539794922,1.8324285333603836,76,4,0,1,1,1,1,0
7636,76.37,34.707359313964844,1.9097888242664967,76,4,0,1,1,1,1,0
7637,76.38,34.413692474365234,1.9072768862581704,76,5,1,1,1,1,1,0
7638,76.39,34.51152038574219,1.7436148327381498,76,4,0,1,1,1,1,0
7639,76.4,34.66648483276367,1.9996449933725837,76,4,0,1,1,1,1,0
7640,76.41,34.454593658447266,1.8847278606976416,76,4,0,1,1,1,1,0
7641,76.42,34.50042724609375,1.8509747814677655,76,5,1,1,1,1,1,0
7642,76.43,34.65409469604492,1.9904227025459897,76,4,0,1,1,1,1,0
7643,76.44,34.65526580810547,1.899497551591644,76,4,0,1,1,1,1,0
7644,76.45,35.120216369628906,1.75114536841725,76,4,0,1,1,1,1,0
7645,76.46,34.9924430847168,1.8217780514212243,76,4,0,1,1,1,1,0
7646,76.47,34.90296173095703,1.8465358604301374,76,4,0,1,1,1,1,0
7647,76.48,34.68256759643555,1.7280289542788778,76,5,1,1,1,1,1,0
7648,76.49,34.534141540527344,2.124101283425438,76,5,1,1,1,1,1,0
7649,76.5,34.660118103027344,1.7956063957595323,76,5,1,1,1,1,1,0
7650,76.51,34.53164291381836,1.8867411812972659,76,5,1,1,1,1,1,0
7651,76.52,34.42082214355469,1.79094761577188,76,4,0,1,1,1,1,0
7652,76.53,34.244083404541016,1.9535618245908744,76,5,1,1,1,1,1,0
7653,76.54,34.125404357910156,1.974587992900726,76,5,1,1,1,1,1,0
7654,76.55,34.27677917480469,2.0230141456605124,76,5,1,1,1,1,1,0
7655,76.56,34.24492645263672,1.745222999301478,76,5,1,1,1,1,1,0
7656,76.57,34.1427116394043,1.7953597602653824,76,5,1,1,1,1,1,0
7657,76.58,34.43891906738281,1.8483779229518373,76,5,1,1,1,1,1,0
7658,76.59,34.289798736572266,1.7698303253441845,76,5,1,1,1,1,1,0
7659,76.6,34.40840148925781,1.9044714783781411,76,5,1,1,1,1,1,0
7660,76.61,34.4951286315918,1.9283695421780678,76,5,1,1,1,1,1,0
7661,76.62,34.450069427490234,1.908137729180267,76,5,1,1,1,1,1,0
7662,76.63,34.322181701660156,1.8037231832520624,76,4,0,1,1,1,1,0
7663,76.64,34.624568939208984,2.2114896195385523,76,5,1,1,1,1,1,0
7664,76.65,34.68687057495117,2.1136637044333955,76,5,1,1,1,1,1,0
7665,76.66,34.2862663269043,1.8966545052901669,76,5,1,1,1,1,1,0
7666,76.67,34.55472946166992,1.8665751987085606,76,5,1,1,1,1,1,0
7667,76.68,34.80428695678711,1.8706948173743143,76,5,1,1,1,1,1,0
7668,76.69,34.59333801269531,1.7643144904930652,76,5,1,1,1,1,1,0
7669,76.7,34.508121490478516,1.7887976238548164,76,5,1,1,1,1,1,0
7670,76.71,34.58020782470703,1.8064687257940102,76,5,1,1,1,1,1,0
7671,76.72,34.461875915527344,2.1043935283711175,76,5,1,1,1,1,1,0
7672,76.73,34.13187789916992,2.1210804269890997,76,5,1,1,1,1,1,0
7673,76.74,34.009395599365234,2.235460520845799,76,5,1,1,1,1,1,0
7674,76.75,34.49188232421875,1.9610309847961997,76,5,1,1,1,1,1,0
7675,76.76,34.40055465698242,1.889912137236767,76,5,1,1,1,1,1,0
7676,76.77,34.81230545043945,1.9013757756389602,76,5,1,1,1,1,1,0
7677,76.78,34.861454010009766,1.8875667357258614,76,5,1,1,1,1,1,0
7678,76.79,34.81193161010742,1.8089237507835538,76,5,1,1,1,1,1,0
7679,76.8,34.80860900878906,1.8912660393148453,76,5,1,1,1,1,1,0
7680,76.81,34.7550048828125,2.18033994771988,76,5,1,1,1,1,1,0
7681,76.82,34.771202087402344,1.8898119967214926,76,5,1,1,1,1,1,0
7682,76.83,34.856895446777344,2.0682341661239745,76,5,1,1,1,1,1,0
7683,76.84,35.119041442871094,1.9205585875614772,76,5,1,1,1,1,1,0
7684,76.85,35.231689453125,1.915119159080057,76,5,1,1,1,1,1,0
7685,76.86,35.00286865234375,1.6899141969336253,76,5,1,1,1,1,1,0
7686,76.87,35.075069427490234,1.9824271089892576,76,5,1,1,1,1,1,0
7687,76.88,34.87195587158203,1.6844253320821956,76,5,1,1,1,1,1,0
7688,76.89,35.115779876708984,2.001852583606593,76,5,1,1,1,1,1,0
7689,76.9,34.75300216674805,1.9025547953189652,76,5,1,1,1,1,1,0
7690,76.91,34.429656982421875,1.9074853675086774,76,5,1,1,1,1,1,0
7691,76.92,34.49662780761719,1.7788162525837081,76,5,1,1,1,1,1,0
7692,76.93,34.318538665771484,2.0415905044201144,76,5,1,1,1,1,1,0
7693,76.94,34.3787841796875,1.8407291659511198,76,5,1,1,1,1,1,0
7694,76.95,34.29185104370117,1.7468217363591132,76,5,1,1,1,1,1,0
7695,76.96,34.205142974853516,1.8623883678727708,76,5,1,1,1,1,1,0
7696,76.97,33.64943313598633,1.7907241822599018,76,5,1,1,1,1,1,0
7697,76.98,34.136600494384766,1.858038299725868,76,5,1,1,1,1,1,0
7698,76.99,34.022613525390625,1.9754040299580944,76,5,1,1,1,1,1,0
7699,77.0,33.83324432373047,1.9134820532553287,76,5,1,1,1,1,1,0
7700,77.01,34.111087799072266,1.730088641594772,76,5,1,1,1,1,1,0
7701,77.02,34.211246490478516,1.788003823351735,76,5,1,1,1,1,1,0
7702,77.03,34.381752014160156,1.8689886889753913,76,5,1,1,1,1,1,0
7703,77.04,34.24071502685547,1.9134775078688566,76,5,1,1,1,1,1,0
7704,77.05,34.30959701538086,1.7023217922227343,76,5,1,1,1,1,1,0
7705,77.06,34.37042236328125,1.6995543580328263,76,5,1,1,1,1,1,0
7706,77.07,34.25532150268555,1.8011701544379422,76,5,1,1,1,1,1,0
7707,77.08,34.690067291259766,1.796247389547162,76,5,1,1,1,1,1,0
7708,77.09,35.03682327270508,1.880953000986537,76,5,1,1,1,1,1,0
7709,77.1,34.63041687011719,1.8162888050124606,76,5,1,1,1,1,1,0
7710,77.11,34.84436798095703,1.9596605855770302,76,5,1,1,1,1,1,0
7711,77.12,34.689170837402344,1.8644282469425184,76,5,1,1,1,1,1,0
7712,77.13,34.77812576293945,1.911284283969768,76,5,1,1,1,1,1,0
7713,77.14,34.363399505615234,1.5767413024292023,76,5,1,1,1,1,1,0
7714,77.15,33.97559356689453,1.9488950085014745,76,5,1,1,1,1,1,0
7715,77.16,34.12919998168945,1.9581066500244642,76,5,1,1,1,1,1,0
7716,77.17,34.20072937011719,1.8526714259134296,76,5,1,1,1,1,1,0
7717,77.18,34.32305145263672,1.8354568004364356,76,5,1,1,1,1,1,0
7718,77.19,34.30008316040039,1.794293653665963,76,5,1,1,1,1,1,0
7719,77.2,34.703216552734375,1.8436109570890977,76,5,1,1,1,1,1,0
7720,77.21,34.82247543334961,1.8617753709152125,76,5,1,1,1,1,1,0
7721,77.22,34.66585922241211,1.9771543217911067,76,5,1,1,1,1,1,0
7722,77.23,34.60947036743164,1.811206717201277,76,5,1,1,1,1,1,0
7723,77.24,34.39796447753906,1.9118808884231586,76,5,1,1,1,1,1,0
7724,77.25,34.398067474365234,1.9601293715817754,76,5,1,1,1,1,1,0
7725,77.26,34.54875946044922,1.8225857385769788,76,5,1,1,1,1,1,0
7726,77.27,34.79916000366211,1.7442836150366443,76,5,1,1,1,1,1,0
7727,77.28,34.87325668334961,1.9846177678186177,76,5,1,1,1,1,1,0
7728,77.29,34.66828918457031,1.9563492223179006,76,5,1,1,1,1,1,0
7729,77.3,34.655723571777344,1.7438730084190448,76,5,1,1,1,1,1,0
7730,77.31,34.82344055175781,1.7504620292098645,76,5,1,1,1,1,1,0
7731,77.32,34.77279281616211,1.8587543484116267,76,5,1,1,1,1,1,0
7732,77.33,34.921409606933594,1.842719556142861,76,5,1,1,1,1,1,0
7733,77.34,34.73423767089844,1.8109422943403768,76,5,1,1,1,1,1,0
7734,77.35,34.59749221801758,1.949233556908862,76,5,1,1,1,1,1,0
7735,77.36,34.54560852050781,2.101855064299228,76,5,1,1,1,1,1,0
7736,77.37,34.7667121887207,1.745962827177215,76,5,1,1,1,1,1,0
7737,77.38,34.83245849609375,1.8198930243667093,76,5,1,1,1,1,1,0
7738,77.39,35.030941009521484,1.9882361564816862,76,5,1,1,1,1,1,0
7739,77.4,34.95890808105469,1.77822732759644,76,5,1,1,1,1,1,0
7740,77.41,34.488494873046875,1.933026717681948,76,5,1,1,1,1,1,0
7741,77.42,34.55802917480469,1.8724332366186838,76,5,1,1,1,1,1,0
7742,77.43,35.02228546142578,1.7358318786230444,76,5,1,1,1,1,1,0
7743,77.44,34.906124114990234,1.8971027409751389,76,5,1,1,1,1,1,0
7744,77.45,35.106258392333984,1.80368851375521,76,5,1,1,1,1,1,0
7745,77.46,34.775211334228516,1.8701154932527673,76,5,1,1,1,1,1,0
7746,77.47,34.7392692565918,1.8530521812630847,76,5,1,1,1,1,1,0
7747,77.48,34.73917770385742,1.9260808598511718,76,5,1,1,1,1,1,0
7748,77.49,34.75454330444336,2.078126653555571,76,5,1,1,1,1,1,0
7749,77.5,34.497589111328125,2.0231382629199937,76,5,1,1,1,1,1,0
7750,77.51,34.763118743896484,2.0078068123759905,76,5,1,1,1,1,1,0
7751,77.52,34.908348083496094,1.8668213348894407,76,5,1,1,1,1,1,0
7752,77.53,34.62877655029297,1.838315911214251,76,5,1,1,1,1,1,0
7753,77.54,34.72325897216797,1.8289621539085903,76,5,1,1,1,1,1,0
7754,77.55,35.01543426513672,2.070125638684826,76,5,1,1,1,1,1,0
7755,77.56,34.53822326660156,2.1095360413428517,76,5,1,1,1,1,1,0
7756,77.57,34.27859878540039,2.0681886718477203,76,5,1,1,1,1,1,0
7757,77.58,34.59814453125,2.107958432770535,76,5,1,1,1,1,1,0
7758,77.59,35.132728576660156,2.0787924048817596,76,5,1,1,1,1,1,0
7759,77.6,35.02634811401367,1.898627848613973,76,5,1,1,1,1,1,0
7760,77.61,35.241065979003906,1.867772264781674,76,5,1,1,1,1,1,0
7761,77.62,35.31253433227539,1.9451153695259138,76,5,1,1,1,1,1,0
7762,77.63,34.925071716308594,2.1280092276117752,76,5,1,1,1,1,1,0
7763,77.64,35.03638458251953,2.161916434343679,76,5,1,1,1,1,1,0
7764,77.65,34.80076599121094,2.1946292503285467,76,5,1,1,1,1,1,0
7765,77.66,34.607444763183594,1.8555051624809715,76,5,1,1,1,1,1,0
7766,77.67,34.46029281616211,1.9462313075572875,76,5,1,1,1,1,1,0
7767,77.68,34.67331314086914,1.7842072687978814,76,5,1,1,1,1,1,0
7768,77.69,34.43719482421875,1.921350194324744,76,5,1,1,1,1,1,0
7769,77.7,34.435157775878906,1.8728243603358767,76,5,1,1,1,1,1,0
7770,77.71,34.564239501953125,1.8531021749870837,76,5,1,1,1,1,1,0
7771,77.72,34.39689254760742,1.7502600235902785,76,5,1,1,1,1,1,0
7772,77.73,34.42427062988281,1.9674901374133575,76,5,1,1,1,1,1,0
7773,77.74,34.76384735107422,2.1057573100739995,76,5,1,1,1,1,1,0
7774,77.75,34.77864074707031,1.8427423126874258,76,5,1,1,1,1,1,0
7775,77.76,34.76404571533203,1.9595185424257429,76,5,1,1,1,1,1,0
7776,77.77,34.652198791503906,1.8226896562523351,76,5,1,1,1,1,1,0
7777,77.78,34.80738830566406,2.0195791399124245,76,5,1,1,1,1,1,0
7778,77.79,35.19953918457031,1.8944363281661813,76,5,1,1,1,1,1,0
7779,77.8,34.738765716552734,1.9608705595947045,76,5,1,1,1,1,1,0
7780,77.81,34.6976432800293,1.9101261357119004,76,5,1,1,1,1,1,0
7781,77.82,34.730098724365234,2.088285168693158,76,5,1,1,1,1,1,0
7782,77.83,34.47763442993164,1.7589212787852329,76,5,1,1,1,1,1,0
7783,77.84,34.7349853515625,1.8463226457005593,76,5,1,1,1,1,1,0
7784,77.85,34.935794830322266,1.8813305265620839,76,5,1,1,1,1,1,0
7785,77.86,34.484771728515625,1.7975045984408382,76,5,1,1,1,1,1,0
7786,77.87,34.569305419921875,1.832175215915558,76,5,1,1,1,1,1,0
7787,77.88,34.27334213256836,1.9511503025375536,76,5,1,1,1,1,1,0
7788,77.89,34.31232833862305,1.8345638910823325,76,5,1,1,1,1,1,0
7789,77.9,34.48756790161133,1.792230684491611,76,5,1,1,1,1,1,0
7790,77.91,34.493865966796875,1.7609651806080318,76,5,1,1,1,1,1,0
7791,77.92,34.27034378051758,1.9226029553777797,76,5,1,1,1,1,1,0
7792,77.93,34.21180725097656,1.9728675660386545,76,5,1,1,1,1,1,0
7793,77.94,34.245304107666016,1.7908918079315195,76,5,1,1,1,1,1,0
7794,77.95,34.01319885253906,1.893300509961351,76,5,1,1,1,1,1,0
7795,77.96,34.0189094543457,1.8698381633417755,76,5,1,1,1,1,1,0
7796,77.97,34.313323974609375,1.6442017957947908,76,5,1,1,1,1,1,0
7797,77.98,34.433319091796875,1.775554587109971,76,5,1,1,1,1,1,0
7798,77.99,34.19707107543945,1.7534782972563108,76,5,1,1,1,1,1,0
7799,78.0,34.2186393737793,1.8407081045893345,76,5,1,1,1,1,1,0
7800,78.01,34.10797119140625,1.7190160261201661,76,5,1,1,1,1,1,0
7801,78.02,34.31044387817383,1.8934166945606985,76,5,1,1,1,1,1,0
7802,78.03,34.361358642578125,1.9168020589495156,76,5,1,1,1,1,1,0
7803,78.04,34.367713928222656,2.135656975284728,76,5,1,1,1,1,1,0
7804,78.05,34.211509704589844,1.8795962366862926,76,5,1,1,1,1,1,0
7805,78.06,34.26979446411133,1.8261724749389787,76,5,1,1,1,1,1,0
7806,78.07,34.27553176879883,2.196016832633771,76,5,1,1,1,1,1,0
7807,78.08,34.48524856567383,1.8527878626331165,76,4,1,1,1,0,1,0
7808,78.09,34.40111541748047,1.7414308781410055,76,5,1,1,1,1,1,0
7809,78.1,34.41464614868164,1.8018025845622356,76,5,1,1,1,1,1,0
7810,78.11,34.38962173461914,1.8930594186263991,76,5,1,1,1,1,1,0
7811,78.12,34.669315338134766,1.8713382481789604,76,5,1,1,1,1,1,0
7812,78.13,34.67910385131836,1.997023402197355,76,5,1,1,1,1,1,0
7813,78.14,34.58676528930664,1.8314481714732977,76,5,1,1,1,1,1,0
7814,78.15,34.22556686401367,1.827620843944155,76,5,1,1,1,1,1,0
7815,78.16,34.32826232910156,1.76054506792646,76,5,1,1,1,1,1,0
7816,78.17,34.47537612915039,1.7940158298819242,76,5,1,1,1,1,1,0
7817,78.18,34.43461227416992,1.8774929309796748,76,5,1,1,1,1,1,0
7818,78.19,34.332061767578125,1.700289102550453,76,5,1,1,1,1,1,0
7819,78.2,34.50556945800781,2.024506423159769,76,5,1,1,1,1,1,0
7820,78.21,34.39609909057617,1.8934113152491523,76,5,1,1,1,1,1,0
7821,78.22,33.96354293823242,2.0570592003443124,76,5,1,1,1,1,1,0
7822,78.23,33.910091400146484,1.9814436294906086,76,5,1,1,1,1,1,0
7823,78.24,34.160526275634766,1.8917909450553019,76,5,1,1,1,1,1,0
7824,78.25,34.383384704589844,1.742696499360675,76,5,1,1,1,1,1,0
7825,78.26,34.18257522583008,1.8583084199695237,76,5,1,1,1,1,1,0
7826,78.27,34.44866943359375,1.8364637768013126,76,5,1,1,1,1,1,0
7827,78.28,34.74233627319336,1.9342418350574384,76,5,1,1,1,1,1,0
7828,78.29,34.63629150390625,1.9536167248267329,76,5,1,1,1,1,1,0
7829,78.3,34.43743133544922,2.1776367319766767,76,5,1,1,1,1,1,0
7830,78.31,34.432159423828125,2.035997191611243,76,5,1,1,1,1,1,0
7831,78.32,34.62282180786133,1.6108669965218714,76,5,1,1,1,1,1,0
7832,78.33,34.703834533691406,1.9064287866259844,76,5,1,1,1,1,1,0
7833,78.34,34.34236145019531,1.9145960265921012,76,5,1,1,1,1,1,0
7834,78.35,34.581626892089844,1.848919151681198,76,5,1,1,1,1,1,0
7835,78.36,34.664310455322266,1.7976330177794102,76,5,1,1,1,1,1,0
7836,78.37,34.28984832763672,1.9821523046525873,76,5,1,1,1,1,1,0
7837,78.38,34.55086135864258,1.880581525611222,76,5,1,1,1,1,1,0
7838,78.39,34.70226287841797,1.8489691952650218,76,5,1,1,1,1,1,0
7839,78.4,35.031272888183594,1.9173202522010462,76,5,1,1,1,1,1,0
7840,78.41,35.23711395263672,1.7628704262973864,76,5,1,1,1,1,1,0
7841,78.42,35.37221908569336,1.8039375843189358,76,5,1,1,1,1,1,0
7842,78.43,35.084232330322266,1.8667086958371777,76,5,1,1,1,1,1,0
7843,78.44,35.074825286865234,1.7123691516674904,76,5,1,1,1,1,1,0
7844,78.45,34.9488639831543,1.92117519176536,76,5,1,1,1,1,1,0
7845,78.46,34.822410583496094,1.8424196902413468,76,5,1,1,1,1,1,0
7846,78.47,34.807857513427734,1.7807023452295039,76,5,1,1,1,1,1,0
7847,78.48,34.5836181640625,1.903890289931289,76,5,1,1,1,1,1,0
7848,78.49,34.64276885986328,1.9275873740824458,76,5,1,1,1,1,1,0
7849,78.5,34.486366271972656,1.6523300263654532,76,5,1,1,1,1,1,0
7850,78.51,34.40828323364258,1.9475400446126765,76,5,1,1,1,1,1,0
7851,78.52,34.257049560546875,1.9684997205860009,76,5,1,1,1,1,1,0
7852,78.53,33.96263122558594,1.9346822693682462,76,5,1,1,1,1,1,0
7853,78.54,33.92107391357422,1.8437181174429402,76,5,1,1,1,1,1,0
7854,78.55,34.831703186035156,1.797805441851341,76,5,1,1,1,1,1,0
7855,78.56,34.77947235107422,1.89512346173403,76,5,1,1,1,1,1,0
7856,78.57,34.186763763427734,1.6918043194986434,76,5,1,1,1,1,1,0
7857,78.58,34.47272491455078,2.078677556651316,76,5,1,1,1,1,1,0
7858,78.59,34.39422607421875,1.8557441744719445,76,5,1,1,1,1,1,0
7859,78.6,34.879276275634766,1.977216791270991,76,5,1,1,1,1,1,0
7860,78.61,34.60186004638672,1.7408029707364696,76,5,1,1,1,1,1,0
7861,78.62,34.66522979736328,1.9191936413002029,76,5,1,1,1,1,1,0
7862,78.63,35.13621520996094,1.742413995230732,76,5,1,1,1,1,1,0
7863,78.64,34.943946838378906,1.9913751729370246,76,5,1,1,1,1,1,0
7864,78.65,35.23822784423828,1.9448934209132274,76,5,1,1,1,1,1,0
7865,78.66,35.15161895751953,1.7584662881436444,76,5,1,1,1,1,1,0
7866,78.67,35.28086471557617,1.8587688374919953,76,5,1,1,1,1,1,0
7867,78.68,34.9624137878418,1.806317577545139,76,5,1,1,1,1,1,0
7868,78.69,34.988014221191406,1.922443411087149,76,5,1,1,1,1,1,0
7869,78.7,34.90456771850586,1.8504353702819127,76,5,1,1,1,1,1,0
7870,78.71,34.89914321899414,1.9159342378872024,76,5,1,1,1,1,1,0
7871,78.72,34.689815521240234,1.848350200022348,76,5,1,1,1,1,1,0
7872,78.73,34.96210479736328,1.8314507542532807,76,5,1,1,1,1,1,0
7873,78.74,34.71459197998047,1.8718160499263257,76,5,1,1,1,1,1,0
7874,78.75,34.6849479675293,1.6104973559143818,76,5,1,1,1,1,1,0
7875,78.76,34.757179260253906,1.8796534190429024,76,5,1,1,1,1,1,0
7876,78.77,34.79492950439453,1.6952011898390407,76,5,1,1,1,1,1,0
7877,78.78,34.65265655517578,1.9148350537565104,76,5,1,1,1,1,1,0
7878,78.79,34.999481201171875,1.7732947285744298,76,5,1,1,1,1,1,0
7879,78.8,34.73139953613281,1.7798083135912788,76,5,1,1,1,1,1,0
7880,78.81,34.51342010498047,1.6807746754178983,76,5,1,1,1,1,1,0
7881,78.82,34.76139450073242,1.6720089680657153,76,5,1,1,1,1,1,0
7882,78.83,34.841453552246094,1.8010329643863403,76,5,1,1,1,1,1,0
7883,78.84,34.76234817504883,1.9313208705905633,76,5,1,1,1,1,1,0
7884,78.85,35.31099319458008,1.8990789329254447,76,5,1,1,1,1,1,0
7885,78.86,35.17531967163086,1.741663767448928,76,5,1,1,1,1,1,0
7886,78.87,35.10896682739258,2.053560614373813,76,5,1,1,1,1,1,0
7887,78.88,35.03569030761719,1.8076237612266786,76,5,1,1,1,1,1,0
7888,78.89,34.713356018066406,1.7631253280090335,76,5,1,1,1,1,1,0
7889,78.9,34.69241714477539,1.9121977364066258,76,5,1,1,1,1,1,0
7890,78.91,34.77303695678711,1.825864751940044,76,5,1,1,1,1,1,0
7891,78.92,34.699886322021484,1.9665952486432172,76,5,1,1,1,1,1,0
7892,78.93,35.13574981689453,1.8291238457222176,76,5,1,1,1,1,1,0
7893,78.94,35.040321350097656,1.698551150306293,76,5,1,1,1,1,1,0
7894,78.95,34.81334686279297,1.8795988750682397,76,5,1,1,1,1,1,0
7895,78.96,35.0101203918457,1.8074862801282077,76,5,1,1,1,1,1,0
7896,78.97,35.144107818603516,1.8734703176125498,76,5,1,1,1,1,1,0
7897,78.98,35.225399017333984,1.7438484585249294,76,5,1,1,1,1,1,0
7898,78.99,35.16744613647461,1.820357919231913,76,5,1,1,1,1,1,0
7899,79.0,35.109378814697266,1.8866124784119098,76,5,1,1,1,1,1,0
7900,79.01,35.14704132080078,1.7692836885898209,76,5,1,1,1,1,1,0
7901,79.02,35.3845329284668,1.9938120834662625,76,5,1,1,1,1,1,0
7902,79.03,35.521568298339844,2.1083199039569944,76,5,1,1,1,1,1,0
7903,79.04,35.19308853149414,1.717442215547588,76,5,1,1,1,1,1,0
7904,79.05,34.8580436706543,1.8511336644116885,76,5,1,1,1,1,1,0
7905,79.06,35.135189056396484,1.6923654784011612,76,5,1,1,1,1,1,0
7906,79.07,35.06831741333008,1.800942778486367,76,5,1,1,1,1,1,0
7907,79.08,35.080074310302734,1.886957794124084,76,5,1,1,1,1,1,0
7908,79.09,34.89622497558594,1.6789902077487806,76,5,1,1,1,1,1,0
7909,79.1,34.81575012207031,1.8450479525031862,76,5,1,1,1,1,1,0
7910,79.11,35.26472473144531,1.8979251350276543,76,5,1,1,1,1,1,0
7911,79.12,35.227142333984375,1.899284297073976,76,5,1,1,1,1,1,0
7912,79.13,35.39579772949219,1.7548142903035775,76,5,1,1,1,1,1,0
7913,79.14,35.30501937866211,2.036734337497501,76,5,1,1,1,1,1,0
7914,79.15,35.29422378540039,1.8551992822912304,76,5,1,1,1,1,1,0
7915,79.16,35.437740325927734,1.791116317379697,76,5,1,1,1,1,1,0
7916,79.17,34.772621154785156,1.95624926525315,76,5,1,1,1,1,1,0
7917,79.18,34.971649169921875,1.7606213548130658,76,5,1,1,1,1,1,0
7918,79.19,34.77131271362305,1.919817022507421,76,5,1,1,1,1,1,0
7919,79.2,34.93891143798828,1.6890591602069178,76,5,1,1,1,1,1,0
7920,79.21,34.68227005004883,1.708563916144127,76,5,1,1,1,1,1,0
7921,79.22,34.63093185424805,1.7687323907421955,76,5,1,1,1,1,1,0
7922,79.23,34.40694046020508,1.9363854310575668,76,5,1,1,1,1,1,0
7923,79.24,34.55955123901367,1.913457785560816,76,5,1,1,1,1,1,0
7924,79.25,34.93224334716797,1.8821752819904158,76,5,1,1,1,1,1,0
7925,79.26,34.9962272644043,1.7950459262447198,76,5,1,1,1,1,1,0
7926,79.27,35.2265739440918,1.8169700889261071,76,5,1,1,1,1,1,0
7927,79.28,35.21653747558594,1.7619845862063452,76,5,1,1,1,1,1,0
7928,79.29,35.066341400146484,1.8509793566984798,76,5,1,1,1,1,1,0
7929,79.3,35.2905387878418,1.8133441503368544,76,4,1,1,1,0,1,0
7930,79.31,35.796287536621094,1.7958316221931139,76,5,1,1,1,1,1,0
7931,79.32,35.60673522949219,1.6420382129669788,76,5,1,1,1,1,1,0
7932,79.33,35.31481170654297,1.7842064135927203,76,5,1,1,1,1,1,0
7933,79.34,35.44969177246094,1.7090921796362455,76,5,1,1,1,1,1,0
7934,79.35,35.648136138916016,1.7602850033016146,76,5,1,1,1,1,1,0
7935,79.36,35.352073669433594,1.8189230463705652,76,5,1,1,1,1,1,0
7936,79.37,35.038909912109375,1.9258495471580346,76,5,1,1,1,1,1,0
7937,79.38,35.28363800048828,1.7133559640919713,76,5,1,1,1,1,1,0
7938,79.39,35.54732131958008,1.89299262023071,76,5,1,1,1,1,1,0
7939,79.4,35.79121780395508,1.9377775325797684,76,5,1,1,1,1,1,0
7940,79.41,35.7062873840332,1.7258584157271848,76,5,1,1,1,1,1,0
7941,79.42,35.92759323120117,1.849001984172986,76,5,1,1,1,1,1,0
7942,79.43,35.59794616699219,1.8593318313396958,76,5,1,1,1,1,1,0
7943,79.44,35.398250579833984,1.8013904075829603,76,5,1,1,1,1,1,0
7944,79.45,35.81344223022461,1.9231531731752483,76,5,1,1,1,1,1,0
7945,79.46,35.733154296875,1.669765016406877,76,5,1,1,1,1,1,0
7946,79.47,35.71695327758789,1.746171446826111,76,5,1,1,1,1,1,0
7947,79.48,35.45457077026367,1.7128615822122106,76,5,1,1,1,1,1,0
7948,79.49,35.893714904785156,1.8930876152725435,76,5,1,1,1,1,1,0
7949,79.5,35.36444091796875,1.7973847077735963,76,5,1,1,1,1,1,0
7950,79.51,35.46449661254883,1.816290821268818,76,5,1,1,1,1,1,0
7951,79.52,35.228633880615234,1.8870558826420687,76,5,1,1,1,1,1,0
7952,79.53,35.308250427246094,1.8167236239965587,76,5,1,1,1,1,1,0
7953,79.54,35.4251823425293,2.0757136959244495,76,5,1,1,1,1,1,0
7954,79.55,35.16801452636719,1.7762276500897023,76,5,1,1,1,1,1,0
7955,79.56,35.448856353759766,1.8430950819767482,76,5,1,1,1,1,1,0
7956,79.57,35.435089111328125,1.8748030642078723,76,5,1,1,1,1,1,0
7957,79.58,35.13719940185547,1.7947147722955614,76,5,1,1,1,1,1,0
7958,79.59,35.396785736083984,2.031599386270519,76,5,1,1,1,1,1,0
7959,79.6,35.193111419677734,1.8466149368163647,76,5,1,1,1,1,1,0
7960,79.61,35.15312576293945,1.7231880804854596,76,5,1,1,1,1,1,0
7961,79.62,35.30731964111328,1.8769719123163677,76,5,1,1,1,1,1,0
7962,79.63,35.418792724609375,1.7995016671320396,76,5,1,1,1,1,1,0
7963,79.64,35.37559509277344,1.7990014574604039,76,5,1,1,1,1,1,0
7964,79.65,35.41619873046875,1.739286386024168,76,5,1,1,1,1,1,0
7965,79.66,35.16068649291992,1.7909443781940593,76,5,1,1,1,1,1,0
7966,79.67,35.79878234863281,1.8308767284420873,76,5,1,1,1,1,1,0
7967,79.68,35.828060150146484,1.7457672059218083,76,5,1,1,1,1,1,0
7968,79.69,35.459571838378906,2.0416837049777468,76,5,1,1,1,1,1,0
7969,79.7,34.877017974853516,1.9013141303831709,76,5,1,1,1,1,1,0
7970,79.71,35.111244201660156,1.8033786675639838,76,5,1,1,1,1,1,0
7971,79.72,35.03971481323242,1.6600282570159766,76,5,1,1,1,1,1,0
7972,79.73,35.25796890258789,1.8354538491957624,76,5,1,1,1,1,1,0
7973,79.74,35.15913009643555,1.6929835844958494,76,5,1,1,1,1,1,0
7974,79.75,35.37712097167969,1.8391836387174518,76,5,1,1,1,1,1,0
7975,79.76,35.59352493286133,1.7903623510481363,76,5,1,1,1,1,1,0
7976,79.77,35.70798110961914,1.7579529266840705,76,5,1,1,1,1,1,0
7977,79.78,35.32099151611328,1.738216881710476,76,5,1,1,1,1,1,0
7978,79.79,35.43989181518555,1.6791636828612448,76,5,1,1,1,1,1,0
7979,79.8,35.27272415161133,1.7422679091034687,76,5,1,1,1,1,1,0
7980,79.81,35.31157302856445,1.875520868417564,76,5,1,1,1,1,1,0
7981,79.82,35.631744384765625,1.7860295516742084,76,5,1,1,1,1,1,0
7982,79.83,35.376041412353516,1.901218342542787,76,5,1,1,1,1,1,0
7983,79.84,35.3568115234375,1.7606840261006187,76,5,1,1,1,1,1,0
7984,79.85,35.6451530456543,1.8974471728954654,76,5,1,1,1,1,1,0
7985,79.86,35.63017654418945,1.8983678059169973,76,5,1,1,1,1,1,0
7986,79.87,35.362300872802734,1.9586485107493896,76,5,1,1,1,1,1,0
7987,79.88,35.48305130004883,1.8659596315804654,76,5,1,1,1,1,1,0
7988,79.89,35.563541412353516,1.8265056321260964,76,5,1,1,1,1,1,0
7989,79.9,35.26734161376953,1.6647495262397378,76,5,1,1,1,1,1,0
7990,79.91,35.15050506591797,1.7043771092709097,76,5,1,1,1,1,1,0
7991,79.92,35.37158203125,1.6811893249697965,76,5,1,1,1,1,1,0
7992,79.93,35.00971221923828,1.8002209048920332,76,5,1,1,1,1,1,0
7993,79.94,34.916934967041016,1.8671362064747525,76,5,1,1,1,1,1,0
7994,79.95,34.89396286010742,1.8322403323902052,76,5,1,1,1,1,1,0
7995,79.96,35.578102111816406,1.9380786466364366,76,5,1,1,1,1,1,0
7996,79.97,35.2720832824707,1.8760857891329978,76,5,1,1,1,1,1,0
7997,79.98,35.325252532958984,1.656511882333473,76,5,1,1,1,1,1,0
7998,79.99,35.205867767333984,1.8885139460332714,76,5,1,1,1,1,1,0
7999,80.0,35.3858528137207,1.988092528496942,76,5,1,1,1,1,1,0
8000,80.01,35.79743576049805,1.9642041562759327,76,5,1,1,1,1,1,0
8001,80.02,35.6009407043457,1.7505947275405835,76,5,1,1,1,1,1,0
8002,80.03,35.349334716796875,1.760715859244768,76,5,1,1,1,1,1,0
8003,80.04,35.34107971191406,1.8857927771125076,76,5,1,1,1,1,1,0
8004,80.05,34.98385238647461,1.805462626086931,76,5,1,1,1,1,1,0
8005,80.06,35.47981643676758,1.7066387983944582,76,5,1,1,1,1,1,0
8006,80.07,35.474639892578125,1.8923790142986252,76,5,1,1,1,1,1,0
8007,80.08,35.18608474731445,1.7536798886542064,76,5,1,1,1,1,1,0
8008,80.09,35.07099533081055,1.7837894863657884,76,5,1,1,1,1,1,0
8009,80.1,35.32258987426758,1.853668371608678,76,5,1,1,1,1,1,0
8010,80.11,35.73005676269531,1.9113082799099548,76,4,1,1,1,0,1,0
8011,80.12,35.590370178222656,1.7721771505855828,76,5,1,1,1,1,1,0
8012,80.13,35.48255157470703,1.7845147575582825,76,5,1,1,1,1,1,0
8013,80.14,35.51261901855469,1.9654223629416212,76,5,1,1,1,1,1,0
8014,80.15,35.10215377807617,1.735887533739435,76,5,1,1,1,1,1,0
8015,80.16,35.24744415283203,1.857039530018475,76,5,1,1,1,1,1,0
8016,80.17,35.168121337890625,1.9126921417874225,76,5,1,1,1,1,1,0
8017,80.18,35.2199592590332,1.9097877056982917,76,5,1,1,1,1,1,0
8018,80.19,35.19393539428711,1.9420332944254954,76,5,1,1,1,1,1,0
8019,80.2,35.38495635986328,1.8575849092252115,76,5,1,1,1,1,1,0
8020,80.21,34.82778549194336,1.7631200704617445,76,5,1,1,1,1,1,0
8021,80.22,35.04447555541992,1.9709326450638034,76,5,1,1,1,1,1,0
8022,80.23,34.939029693603516,1.8445023822461788,76,5,1,1,1,1,1,0
8023,80.24,35.1406364440918,1.7676513253192765,76,5,1,1,1,1,1,0
8024,80.25,35.07441329956055,1.8598351830185589,76,5,1,1,1,1,1,0
8025,80.26,34.60415267944336,1.8456957151067748,76,5,1,1,1,1,1,0
8026,80.27,34.862972259521484,1.7924588463446374,76,5,1,1,1,1,1,0
8027,80.28,34.69677734375,1.729649538918035,76,5,1,1,1,1,1,0
8028,80.29,34.78361892700195,1.8422841431968646,76,5,1,1,1,1,1,0
8029,80.3,35.15841293334961,1.7614145663294078,76,5,1,1,1,1,1,0
8030,80.31,35.00586700439453,1.7372342001140806,76,5,1,1,1,1,1,0
8031,80.32,34.743160247802734,1.7072255208178224,76,5,1,1,1,1,1,0
8032,80.33,35.03892135620117,1.8280045216104457,76,5,1,1,1,1,1,0
8033,80.34,34.71491241455078,1.8019461940067862,76,5,1,1,1,1,1,0
8034,80.35,34.99771499633789,1.7353051823723784,76,5,1,1,1,1,1,0
8035,80.36,34.7905387878418,1.8137459551160795,76,5,1,1,1,1,1,0
8036,80.37,35.04375457763672,1.843792845786468,76,5,1,1,1,1,1,0
8037,80.38,35.24245071411133,1.7671726080120453,76,5,1,1,1,1,1,0
8038,80.39,34.80650329589844,1.6873638219339515,76,5,1,1,1,1,1,0
8039,80.4,35.091224670410156,1.8011413024765066,76,5,1,1,1,1,1,0
8040,80.41,34.99966812133789,1.7984779619943319,76,5,1,1,1,1,1,0
8041,80.42,35.07478332519531,1.9840384018908137,76,5,1,1,1,1,1,0
8042,80.43,34.86897277832031,1.7010007610178624,76,5,1,1,1,1,1,0
8043,80.44,35.10186767578125,1.8853651669542173,76,5,1,1,1,1,1,0
8044,80.45,35.38428497314453,1.7705673257019787,76,5,1,1,1,1,1,0
8045,80.46,34.78757858276367,1.7514033052558728,76,5,1,1,1,1,1,0
8046,80.47,34.82114028930664,1.7974715704664872,76,5,1,1,1,1,1,0
8047,80.48,35.056297302246094,1.7769896530869007,76,5,1,1,1,1,1,0
8048,80.49,34.604801177978516,1.774118811866058,76,5,1,1,1,1,1,0
8049,80.5,34.362213134765625,2.009774389560796,76,5,1,1,1,1,1,0
8050,80.51,34.40602111816406,1.8519733408301984,76,5,1,1,1,1,1,0
8051,80.52,34.4753532409668,1.8263905902028075,76,5,1,1,1,1,1,0
8052,80.53,34.55234146118164,1.81642624989197,76,5,1,1,1,1,1,0
8053,80.54,34.56074142456055,2.012683012233475,76,5,1,1,1,1,1,0
8054,80.55,34.64314270019531,1.8384201017365607,76,5,1,1,1,1,1,0
8055,80.56,34.89746856689453,1.8728347686954505,76,5,1,1,1,1,1,0
8056,80.57,34.65509796142578,1.969193308706843,76,5,1,1,1,1,1,0
8057,80.58,34.90300369262695,1.7381010440393394,76,5,1,1,1,1,1,0
8058,80.59,34.86023712158203,1.7896980781267187,76,5,1,1,1,1,1,0
8059,80.6,35.03347396850586,1.8454545128542068,76,5,1,1,1,1,1,0
8060,80.61,34.853736877441406,1.7618448645282272,76,5,1,1,1,1,1,0
8061,80.62,34.88731002807617,1.6680821829119281,76,5,1,1,1,1,1,0
8062,80.63,35.21758270263672,1.8115986932674026,76,5,1,1,1,1,1,0
8063,80.64,35.04031753540039,1.9575984348393816,76,5,1,1,1,1,1,0
8064,80.65,35.30685806274414,1.78943892482436,76,5,1,1,1,1,1,0
8065,80.66,35.30078887939453,1.8944633766986665,76,5,1,1,1,1,1,0
8066,80.67,35.51661682128906,1.7578669974410912,76,5,1,1,1,1,1,0
8067,80.68,35.629356384277344,1.8949921274171118,76,5,1,1,1,1,1,0
8068,80.69,35.46841049194336,1.9245994940030038,76,5,1,1,1,1,1,0
8069,80.7,35.307308197021484,1.868795861955814,76,5,1,1,1,1,1,0
8070,80.71,35.22447204589844,1.7475409515937377,76,5,1,1,1,1,1,0
8071,80.72,34.7940673828125,1.9929408241789468,76,5,1,1,1,1,1,0
8072,80.73,35.17755126953125,1.8742685975955171,76,5,1,1,1,1,1,0
8073,80.74,34.834903717041016,1.9106238923219652,76,5,1,1,1,1,1,0
8074,80.75,34.74677658081055,1.905621693010162,76,5,1,1,1,1,1,0
8075,80.76,34.63447570800781,1.9276109691783685,76,5,1,1,1,1,1,0
8076,80.77,34.70970916748047,1.8179645113760863,76,5,1,1,1,1,1,0
8077,80.78,34.776485443115234,1.7495414682515809,76,5,1,1,1,1,1,0
8078,80.79,34.53096008300781,1.8388324217572758,76,5,1,1,1,1,1,0
8079,80.8,34.66902160644531,1.7594280267267153,76,5,1,1,1,1,1,0
8080,80.81,34.65495681762695,1.7658179400655951,76,5,1,1,1,1,1,0
8081,80.82,34.441993713378906,1.9027876166640296,76,5,1,1,1,1,1,0
8082,80.83,34.7447624206543,1.818075470418625,76,5,1,1,1,1,1,0
8083,80.84,35.023319244384766,1.7140089716308062,76,5,1,1,1,1,1,0
8084,80.85,34.776695251464844,1.9047556474631506,76,5,1,1,1,1,1,0
8085,80.86,34.995723724365234,1.6939926115719757,76,5,1,1,1,1,1,0
8086,80.87,35.00379180908203,1.79223145073954,76,5,1,1,1,1,1,0
8087,80.88,34.61507797241211,1.695016730582982,76,5,1,1,1,1,1,0
8088,80.89,34.84724807739258,1.884799303489088,76,5,1,1,1,1,1,0
8089,80.9,35.01272964477539,1.591320083889208,76,5,1,1,1,1,1,0
8090,80.91,34.84547805786133,1.7884597459733196,76,5,1,1,1,1,1,0
8091,80.92,34.6689453125,1.8656897807970199,76,5,1,1,1,1,1,0
8092,80.93,34.608951568603516,1.7353076884069978,76,5,1,1,1,1,1,0
8093,80.94,34.77357864379883,1.794465335711985,76,5,1,1,1,1,1,0
8094,80.95,35.0379753112793,1.8307106489308214,76,5,1,1,1,1,1,0
8095,80.96,35.06070327758789,1.9251506669213696,76,5,1,1,1,1,1,0
8096,80.97,35.48401641845703,1.8186301641271208,76,5,1,1,1,1,1,0
8097,80.98,35.31268310546875,1.8689846068653924,76,5,1,1,1,1,1,0
8098,80.99,35.44860076904297,1.810942715636117,76,5,1,1,1,1,1,0
8099,81.0,35.435401916503906,1.7329202003173143,76,4,1,1,1,0,1,0
8100,81.01,35.35770034790039,1.743151426357162,76,5,1,1,1,1,1,0
8101,81.02,35.0200309753418,1.804154243476481,76,5,1,1,1,1,1,0
8102,81.03,34.88108825683594,1.7633247348461198,76,5,1,1,1,1,1,0
8103,81.04,35.07963562011719,1.7952466322461544,76,5,1,1,1,1,1,0
8104,81.05,34.686954498291016,1.7948226203637754,76,5,1,1,1,1,1,0
8105,81.06,34.693050384521484,1.8347203071172653,76,5,1,1,1,1,1,0
8106,81.07,34.801307678222656,1.72316965582225,76,5,1,1,1,1,1,0
8107,81.08,34.922367095947266,1.692428175343154,76,5,1,1,1,1,1,0
8108,81.09,35.04203796386719,1.6772317777160475,76,5,1,1,1,1,1,0
8109,81.1,35.507694244384766,1.846640516766194,76,5,1,1,1,1,1,0
8110,81.11,35.09957504272461,1.700763290488731,76,5,1,1,1,1,1,0
8111,81.12,35.06839370727539,1.7413015124083024,76,5,1,1,1,1,1,0
8112,81.13,34.78110122680664,1.7132947009632957,76,5,1,1,1,1,1,0
8113,81.14,34.99447250366211,1.74235009754184,76,5,1,1,1,1,1,0
8114,81.15,34.866939544677734,1.8347214506633414,76,5,1,1,1,1,1,0
8115,81.16,34.77277755737305,1.7553570880367626,76,5,1,1,1,1,1,0
8116,81.17,34.7807731628418,1.7340360143580935,76,5,1,1,1,1,1,0
8117,81.18,34.87687301635742,1.685058349186995,76,5,1,1,1,1,1,0
8118,81.19,34.921661376953125,1.6962576894277732,76,5,1,1,1,1,1,0
8119,81.2,34.94324493408203,1.8546705610518266,76,5,1,1,1,1,1,0
8120,81.21,35.08332443237305,1.981060721904448,76,5,1,1,1,1,1,0
8121,81.22,35.15480041503906,1.8902087674591008,76,5,1,1,1,1,1,0
8122,81.23,34.87918472290039,2.0003187047840565,76,5,1,1,1,1,1,0
8123,81.24,35.110748291015625,1.7401068889395828,76,5,1,1,1,1,1,0
8124,81.25,35.2980842590332,1.7542556836325236,76,5,1,1,1,1,1,0
8125,81.26,35.64155578613281,1.8719269347991585,76,5,1,1,1,1,1,0
8126,81.27,35.670989990234375,1.8272676967877577,76,5,1,1,1,1,1,0
8127,81.28,35.80533218383789,1.827161680295548,76,5,1,1,1,1,1,0
8128,81.29,35.65742874145508,1.7919293309000786,76,5,1,1,1,1,1,0
8129,81.3,36.1092529296875,1.6889598105705206,76,5,1,1,1,1,1,0
8130,81.31,36.27555465698242,1.9539414723170485,76,5,1,1,1,1,1,0
8131,81.32,35.93988800048828,1.9688108280579542,76,5,1,1,1,1,1,0
8132,81.33,35.95987319946289,2.032466986730832,76,5,1,1,1,1,1,0
8133,81.34,35.7496452331543,1.8513553706400856,76,5,1,1,1,1,1,0
8134,81.35,35.506736755371094,1.7831723231361265,76,5,1,1,1,1,1,0
8135,81.36,35.40211868286133,2.0182439161963086,76,5,1,1,1,1,1,0
8136,81.37,35.83335494995117,1.9028685853629992,76,5,1,1,1,1,1,0
8137,81.38,35.65252685546875,1.9209100394469487,76,5,1,1,1,1,1,0
8138,81.39,36.039669036865234,1.805796583245732,76,5,1,1,1,1,1,0
8139,81.4,36.11430358886719,1.8065738661697388,76,5,1,1,1,1,1,0
8140,81.41,35.96565628051758,1.9155420190661114,76,5,1,1,1,1,1,0
8141,81.42,36.0863037109375,2.0236133678752983,76,5,1,1,1,1,1,0
8142,81.43,35.99827194213867,1.995620433736474,76,5,1,1,1,1,1,0
8143,81.44,35.943607330322266,1.8908697526941853,76,5,1,1,1,1,1,0
8144,81.45,36.01696014404297,1.7007390828010542,76,5,1,1,1,1,1,0
8145,81.46,36.368751525878906,2.0901146524309215,76,5,1,1,1,1,1,0
8146,81.47,36.38543701171875,1.6951136098180752,76,5,1,1,1,1,1,0
8147,81.48,36.02436065673828,1.9484549872152435,76,5,1,1,1,1,1,0
8148,81.49,35.93927001953125,1.9901045215224074,76,5,1,1,1,1,1,0
8149,81.5,35.95290756225586,1.861667159913744,76,5,1,1,1,1,1,0
8150,81.51,36.16179275512695,2.128052546721694,76,5,1,1,1,1,1,0
8151,81.52,36.354766845703125,1.5672595633994741,76,5,1,1,1,1,1,0
8152,81.53,35.722537994384766,1.8713938890429933,76,5,1,1,1,1,1,0
8153,81.54,35.850440979003906,2.089064358175646,76,5,1,1,1,1,1,0
8154,81.55,35.824058532714844,1.7699190360553614,76,5,1,1,1,1,1,0
8155,81.56,35.24995422363281,1.8738703652821385,76,5,1,1,1,1,1,0
8156,81.57,35.25659942626953,2.0437494086911077,76,5,1,1,1,1,1,0
8157,81.58,35.34598922729492,1.8681038023695018,76,5,1,1,1,1,1,0
8158,81.59,35.18444061279297,1.8371747111255265,76,5,1,1,1,1,1,0
8159,81.6,35.0264892578125,1.7567297681072664,76,5,1,1,1,1,1,0
8160,81.61,35.44236373901367,1.970426576396261,76,5,1,1,1,1,1,0
8161,81.62,35.50933074951172,1.8742740114753371,76,5,1,1,1,1,1,0
8162,81.63,35.25397872924805,1.8239821915750718,76,4,0,1,1,1,1,0
8163,81.64,35.65795135498047,1.7721503881902143,76,5,1,1,1,1,1,0
8164,81.65,35.33131408691406,1.881225975117771,76,5,1,1,1,1,1,0
8165,81.66,35.703216552734375,1.7972769497789776,76,4,0,1,1,1,1,0
8166,81.67,35.80073928833008,1.7121059580323275,76,4,0,1,1,1,1,0
8167,81.68,35.334327697753906,1.8042866717633093,76,4,0,1,1,1,1,0
8168,81.69,35.13119888305664,1.745680720517908,76,4,0,1,1,1,1,0
8169,81.7,35.51263427734375,1.642776058239236,76,4,0,1,1,1,1,0
8170,81.71,35.16973114013672,1.8856841236720188,76,4,0,1,1,1,1,0
8171,81.72,35.30366897583008,1.8276456252594346,76,4,0,1,1,1,1,0
8172,81.73,34.88332748413086,1.6879852962607163,76,4,0,1,1,1,1,0
8173,81.74,34.7789306640625,1.7249418192868078,76,4,0,1,1,1,1,0
8174,81.75,35.345340728759766,1.8401066525286214,76,4,0,1,1,1,1,0
8175,81.76,35.00990295410156,1.9205689413998028,76,4,0,1,1,1,1,0
8176,81.77,34.92285919189453,2.10853085541984,76,5,1,1,1,1,1,0
8177,81.78,34.887447357177734,1.872190507439652,76,5,1,1,1,1,1,0
8178,81.79,35.06767654418945,1.764905993864205,76,4,0,1,1,1,1,0
8179,81.8,35.091678619384766,1.9462769869966547,76,5,1,1,1,1,1,0
8180,81.81,35.21778106689453,1.9208625056310766,76,4,0,1,1,1,1,0
8181,81.82,34.816139221191406,1.8507576054187032,76,4,0,1,1,1,1,0
8182,81.83,34.897090911865234,1.8144105484824555,76,5,1,1,1,1,1,0
8183,81.84,35.32976531982422,1.7842047031567003,76,4,0,1,1,1,1,0
8184,81.85,35.35735321044922,1.9362347060824594,76,5,1,1,1,1,1,0
8185,81.86,35.5760383605957,1.9692132476758242,76,4,0,1,1,1,1,0
8186,81.87,35.283748626708984,1.751512948993687,76,5,1,1,1,1,1,0
8187,81.88,35.17093276977539,1.7209966903694593,76,4,0,1,1,1,1,0
8188,81.89,35.31233596801758,1.7456502740118256,76,5,1,1,1,1,1,0
8189,81.9,35.254005432128906,1.640517101179441,76,5,1,1,1,1,1,0
8190,81.91,35.403602600097656,1.7947154099571194,76,5,1,1,1,1,1,0
8191,81.92,35.60015869140625,1.7284904341635063,76,5,1,1,1,1,1,0
8192,81.93,35.538238525390625,1.7498823917765787,76,4,0,1,1,1,1,0
8193,81.94,35.1611328125,1.7374093029193975,76,4,0,1,1,1,1,0
8194,81.95,35.52813720703125,1.713582829483124,76,4,0,1,1,1,1,0
8195,81.96,35.28165054321289,1.8539478528344369,76,4,0,1,1,1,1,0
8196,81.97,35.43311309814453,1.8595224190134085,76,4,0,1,1,1,1,0
8197,81.98,35.52791213989258,1.7353386680966085,76,4,0,1,1,1,1,0
8198,81.99,35.493473052978516,1.7836198351079613,76,4,0,1,1,1,1,0
8199,82.0,36.22945022583008,1.6873016150523215,76,4,0,1,1,1,1,0
8200,82.01,36.0229606628418,1.7636837425427054,76,4,0,1,1,1,1,0
8201,82.02,35.754356384277344,1.88488794616462,76,4,0,1,1,1,1,0
8202,82.03,35.74124526977539,1.8093023483786246,76,4,0,1,1,1,1,0
8203,82.04,35.8964958190918,1.7270180058918292,76,4,0,1,1,1,1,0
8204,82.05,35.69816970825195,1.7813667605285726,76,4,0,1,1,1,1,0
8205,82.06,35.42039108276367,1.9230703210871838,76,4,0,1,1,1,1,0
8206,82.07,35.57813262939453,1.7140321684339812,76,5,1,1,1,1,1,0
8207,82.08,35.687294006347656,1.7568732838112893,76,5,1,1,1,1,1,0
8208,82.09,35.94645309448242,1.7115207749362389,76,5,1,1,1,1,1,0
8209,82.1,35.70785903930664,1.7550746004214541,76,4,0,1,1,1,1,0
8210,82.11,35.71240997314453,1.7993823547462149,76,4,0,1,1,1,1,0
8211,82.12,35.92066192626953,1.708479119969735,76,4,0,1,1,1,1,0
8212,82.13,36.172950744628906,1.8830533535376386,76,4,0,1,1,1,1,0
8213,82.14,35.81135940551758,1.7813744268571359,76,4,0,1,1,1,1,0
8214,82.15,35.90262222290039,1.9252527141441218,76,4,0,1,1,1,1,0
8215,82.16,35.52952575683594,1.74602069373711,76,4,0,1,1,1,1,0
8216,82.17,35.615135192871094,1.7322210609786866,76,4,0,1,1,1,1,0
8217,82.18,35.62760925292969,1.9359165901454785,76,5,1,1,1,1,1,0
8218,82.19,36.16197204589844,1.9445057093308844,76,5,1,1,1,1,1,0
8219,82.2,35.882659912109375,1.8559098636848208,76,4,0,1,1,1,1,0
8220,82.21,35.7791748046875,1.70144178668983,76,5,1,1,1,1,1,0
8221,82.22,35.78715515136719,1.7059065427519096,76,4,0,1,1,1,1,0
8222,82.23,35.64418029785156,1.7660379365415788,76,5,1,1,1,1,1,0
8223,82.24,35.78630065917969,1.8034602496878578,76,4,0,1,1,1,1,0
8224,82.25,35.69093322753906,1.8053783242209618,76,4,0,1,1,1,1,0
8225,82.26,35.438751220703125,1.822612325513483,76,4,0,1,1,1,1,0
8226,82.27,35.63551712036133,1.7336127865089894,76,4,0,1,1,1,1,0
8227,82.28,35.91656494140625,1.7020511056840455,76,4,0,1,1,1,1,0
8228,82.29,35.822181701660156,1.8599649389348831,76,5,1,1,1,1,1,0
8229,82.3,36.389991760253906,1.8448242476075014,76,5,1,1,1,1,1,0
8230,82.31,36.07867431640625,1.8049666890413112,76,4,0,1,1,1,1,0
8231,82.32,35.91023254394531,1.7238607821385097,76,4,0,1,1,1,1,0
8232,82.33,36.324527740478516,1.9514379761031224,76,4,0,1,1,1,1,0
8233,82.34,35.85749435424805,1.865934398264076,76,4,0,1,1,1,1,0
8234,82.35,35.84489440917969,1.7642050585523006,76,4,0,1,1,1,1,0
8235,82.36,36.016639709472656,1.8410271937351368,76,4,0,1,1,1,1,0
8236,82.37,36.418731689453125,1.6371010862011692,76,4,0,1,1,1,1,0
8237,82.38,36.252227783203125,1.8304683473770038,76,4,0,1,1,1,1,0
8238,82.39,35.8939094543457,1.664630409441698,76,4,0,1,1,1,1,0
8239,82.4,35.93553161621094,1.7911787735924378,76,4,0,1,1,1,1,0
8240,82.41,36.34963607788086,1.6884082968924914,76,4,0,1,1,1,1,0
8241,82.42,36.763336181640625,1.880669657170331,76,5,1,1,1,1,1,0
8242,82.43,36.37553405761719,1.7679906122661158,76,4,0,1,1,1,1,0
8243,82.44,36.0804443359375,1.7128328240006587,76,4,0,1,1,1,1,0
8244,82.45,35.810977935791016,1.7060477152691076,76,4,0,1,1,1,1,0
8245,82.46,36.06235122680664,1.8390779565085391,76,4,0,1,1,1,1,0
8246,82.47,35.86256408691406,1.908102717792782,76,4,0,1,1,1,1,0
8247,82.48,35.91291809082031,1.9715458585890273,76,4,0,1,1,1,1,0
8248,82.49,35.880367279052734,1.7001446022962294,76,4,0,1,1,1,1,0
8249,82.5,35.93562316894531,1.641036532281546,76,5,1,1,1,1,1,0
8250,82.51,36.03764343261719,1.719248201949817,76,4,0,1,1,1,1,0
8251,82.52,35.45286560058594,1.8374958878135874,76,4,0,1,1,1,1,0
8252,82.53,35.54644012451172,1.7117567307867478,76,4,0,1,1,1,1,0
8253,82.54,35.254974365234375,1.7914742699427242,76,5,1,1,1,1,1,0
8254,82.55,35.619388580322266,1.6396673358264935,76,4,0,1,1,1,1,0
8255,82.56,36.25285339355469,1.792151294455236,76,4,0,1,1,1,1,0
8256,82.57,35.86119079589844,1.7221409474432163,76,4,0,1,1,1,1,0
8257,82.58,35.91474914550781,1.8206861900162548,76,4,0,1,1,1,1,0
8258,82.59,36.196250915527344,1.8041657457493794,76,4,0,1,1,1,1,0
8259,82.6,35.92649459838867,1.8514107466940775,76,4,0,1,1,1,1,0
8260,82.61,36.137203216552734,1.7193279408410431,76,4,0,1,1,1,1,0
8261,82.62,35.85966110229492,1.7028767074684745,76,4,0,1,1,1,1,0
8262,82.63,36.11027145385742,1.7914537155118424,76,4,0,1,1,1,1,0
8263,82.64,35.97751235961914,1.7390794410431274,76,4,0,1,1,1,1,0
8264,82.65,35.759010314941406,1.6621052732183104,76,4,0,1,1,1,1,0
8265,82.66,35.9661979675293,1.8612969387075007,76,4,0,1,1,1,1,0
8266,82.67,35.74557876586914,1.7802854759300506,76,4,0,1,1,1,1,0
8267,82.68,35.42802810668945,1.7487710607177436,76,4,0,1,1,1,1,0
8268,82.69,35.11993408203125,1.9351780070801456,76,4,0,1,1,1,1,0
8269,82.7,34.81874465942383,1.809613478067775,76,4,0,1,1,1,1,0
8270,82.71,34.345157623291016,1.7287239193179718,76,5,1,1,1,1,1,0
8271,82.72,34.35219192504883,1.8135595384520433,76,4,0,1,1,1,1,0
8272,82.73,34.61021423339844,1.7908946728541983,76,4,0,1,1,1,1,0
8273,82.74,35.12416458129883,1.9889196206368733,76,4,0,1,1,1,1,0
8274,82.75,34.84487533569336,1.9177031559612245,76,4,0,1,1,1,1,0
8275,82.76,35.074851989746094,1.7265842643951952,76,4,0,1,1,1,1,0
8276,82.77,35.063995361328125,1.8179687290195876,76,4,0,1,1,1,1,0
8277,82.78,34.97847366333008,1.7395114046141191,76,4,0,1,1,1,1,0
8278,82.79,35.04044723510742,1.9229656585322064,76,4,0,1,1,1,1,0
8279,82.8,35.5590934753418,1.794350344265972,76,4,0,1,1,1,1,0
8280,82.81,35.648284912109375,1.7886837822534085,76,4,0,1,1,1,1,0
8281,82.82,35.670101165771484,1.8517811110095568,76,4,0,1,1,1,1,0
8282,82.83,35.5313835144043,1.8289077459228866,76,4,0,1,1,1,1,0
8283,82.84,35.820926666259766,1.7694348742470518,76,4,0,1,1,1,1,0
8284,82.85,35.89138412475586,1.8522194196661066,76,4,0,1,1,1,1,0
8285,82.86,36.058162689208984,1.717589724674194,76,4,0,1,1,1,1,0
8286,82.87,35.68057632446289,1.9617338304696519,76,4,0,1,1,1,1,0
8287,82.88,35.55198287963867,1.7460218298394703,76,4,0,1,1,1,1,0
8288,82.89,35.57559585571289,1.74407008888547,76,4,0,1,1,1,1,0
8289,82.9,35.1763916015625,1.888619265528911,76,4,0,1,1,1,1,0
8290,82.91,35.08017349243164,1.756530959058805,76,4,0,1,1,1,1,0
8291,82.92,35.51517868041992,1.7421200151803218,76,4,0,1,1,1,1,0
8292,82.93,35.35216522216797,1.8765160627119224,76,4,0,1,1,1,1,0
8293,82.94,35.53248977661133,1.8257395093516604,76,4,0,1,1,1,1,0
8294,82.95,35.5888557434082,1.7403721606539444,76,4,0,1,1,1,1,0
8295,82.96,35.6397819519043,1.729335691794567,76,4,0,1,1,1,1,0
8296,82.97,35.6523551940918,1.8031403939315354,76,4,0,1,1,1,1,0
8297,82.98,35.5922737121582,1.7801612755380287,76,4,0,1,1,1,1,0
8298,82.99,35.56074523925781,1.8527089673357302,76,4,0,1,1,1,1,0
8299,83.0,35.693214416503906,1.8583056076696245,76,4,0,1,1,1,1,0
8300,83.01,35.71687316894531,1.6674762885697905,76,4,0,1,1,1,1,0
8301,83.02,36.009037017822266,1.7894329771595656,76,4,0,1,1,1,1,0
8302,83.03,35.7650032043457,1.8602367480287516,76,4,0,1,1,1,1,0
8303,83.04,35.536624908447266,1.682202183754785,76,4,0,1,1,1,1,0
8304,83.05,35.80680465698242,1.7557643354116814,76,4,0,1,1,1,1,0
8305,83.06,35.78277587890625,1.9246813685289492,76,4,0,1,1,1,1,0
8306,83.07,35.33458709716797,1.846976756342379,76,4,0,1,1,1,1,0
8307,83.08,35.298797607421875,1.693546222215094,76,4,0,1,1,1,1,0
8308,83.09,35.649967193603516,1.8221083902032724,76,4,0,1,1,1,1,0
8309,83.1,35.662139892578125,1.8205453160629645,76,4,0,1,1,1,1,0
8310,83.11,35.965511322021484,1.7976081834753528,76,4,0,1,1,1,1,0
8311,83.12,36.01762771606445,1.777551116004329,76,4,0,1,1,1,1,0
8312,83.13,35.877471923828125,1.723518562532184,76,4,0,1,1,1,1,0
8313,83.14,35.89093017578125,1.8681541692283425,76,4,0,1,1,1,1,0
8314,83.15,35.73716354370117,1.8964687354570788,76,4,0,1,1,1,1,0
8315,83.16,35.50383377075195,1.6794609376753304,76,4,0,1,1,1,1,0
8316,83.17,35.572566986083984,1.863780752305914,76,4,0,1,1,1,1,0
8317,83.18,35.49892044067383,1.8826014890935407,76,4,0,1,1,1,1,0
8318,83.19,35.56124496459961,1.7880226406456503,76,4,0,1,1,1,1,0
8319,83.2,35.5426139831543,1.7253977795302606,76,4,0,1,1,1,1,0
8320,83.21,35.40655517578125,1.8034726658976776,76,4,0,1,1,1,1,0
8321,83.22,35.60152053833008,1.8011346309708087,76,4,0,1,1,1,1,0
8322,83.23,35.478843688964844,1.7920387515255227,76,4,0,1,1,1,1,0
8323,83.24,35.5897216796875,1.6688011297685341,76,4,0,1,1,1,1,0
8324,83.25,35.58335494995117,1.694785556789099,76,4,0,1,1,1,1,0
8325,83.26,35.70174026489258,1.7814065969108794,76,4,0,1,1,1,1,0
8326,83.27,35.76590347290039,1.768220305481415,76,4,0,1,1,1,1,0
8327,83.28,35.36336898803711,1.6212669758863136,76,4,0,1,1,1,1,0
8328,83.29,35.81660461425781,1.6581360484268834,76,4,0,1,1,1,1,0
8329,83.3,35.53401184082031,1.7467912660716012,76,4,0,1,1,1,1,0
8330,83.31,35.189205169677734,1.6964943515209332,76,4,0,1,1,1,1,0
8331,83.32,35.39316940307617,1.8901356724118052,76,4,0,1,1,1,1,0
8332,83.33,35.76233673095703,1.8246065684563257,76,4,0,1,1,1,1,0
8333,83.34,35.769710540771484,1.6406731308118847,76,4,0,1,1,1,1,0
8334,83.35,35.748741149902344,1.7518265901730552,76,4,0,1,1,1,1,0
8335,83.36,35.84596633911133,1.680387830022542,76,4,0,1,1,1,1,0
8336,83.37,35.86567306518555,1.7763158909823955,76,4,0,1,1,1,1,0
8337,83.38,35.4078483581543,2.046390529649983,76,4,0,1,1,1,1,0
8338,83.39,35.58924865722656,1.8126859633425363,76,4,0,1,1,1,1,0
8339,83.4,35.84153366088867,1.6503580655225862,76,4,0,1,1,1,1,0
8340,83.41,35.53178405761719,1.76284966824916,76,4,0,1,1,1,1,0
8341,83.42,35.23650360107422,1.7235142686815765,76,4,0,1,1,1,1,0
8342,83.43,35.53725051879883,1.755276356226003,76,4,0,1,1,1,1,0
8343,83.44,35.24199295043945,1.7069834187762458,76,4,0,1,1,1,1,0
8344,83.45,35.14125061035156,1.7560723730696428,76,4,0,1,1,1,1,0
8345,83.46,35.300559997558594,1.8834885367715257,76,4,0,1,1,1,1,0
8346,83.47,35.345272064208984,1.7791640558498814,76,4,0,1,1,1,1,0
8347,83.48,35.404090881347656,1.7920665154070141,76,4,0,1,1,1,1,0
8348,83.49,35.76276397705078,1.8134216028225163,76,4,0,1,1,1,1,0
8349,83.5,35.30350112915039,1.8514006093637987,76,4,0,1,1,1,1,0
8350,83.51,35.658756256103516,1.698494990447564,76,4,0,1,1,1,1,0
8351,83.52,35.300872802734375,1.8364367256864431,76,4,0,1,1,1,1,0
8352,83.53,35.19207000732422,1.6466008781833117,76,4,0,1,1,1,1,0
8353,83.54,34.99846267700195,1.7928748000999235,76,4,0,1,1,1,1,0
8354,83.55,35.112606048583984,1.8056261476325257,76,4,0,1,1,1,1,0
8355,83.56,35.12882614135742,1.71406393324949,76,4,0,1,1,1,1,0
8356,83.57,34.85649490356445,1.6667954322519767,76,4,0,1,1,1,1,0
8357,83.58,34.96119689941406,1.8763271605153713,76,4,0,1,1,1,1,0
8358,83.59,35.01655578613281,1.82729066664997,76,4,0,1,1,1,1,0
8359,83.6,34.987945556640625,1.9313788521880353,76,4,0,1,1,1,1,0
8360,83.61,34.97083282470703,1.7419783717020432,76,4,0,1,1,1,1,0
8361,83.62,34.8077278137207,1.7439627770188872,76,4,0,1,1,1,1,0
8362,83.63,34.627662658691406,1.8196974685252363,76,4,0,1,1,1,1,0
8363,83.64,34.47046661376953,1.7127800723383526,76,4,0,1,1,1,1,0
8364,83.65,34.54766845703125,1.8341541263813874,76,4,0,1,1,1,1,0
8365,83.66,34.69707107543945,1.6914188690382785,76,4,0,1,1,1,1,0
8366,83.67,35.02458190917969,1.7147799141253879,76,4,0,1,1,1,1,0
8367,83.68,35.402435302734375,1.7657034810440346,76,4,0,1,1,1,1,0
8368,83.69,35.00390625,1.7582676537530861,76,4,0,1,1,1,1,0
8369,83.7,35.18156814575195,1.776344630754747,76,4,0,1,1,1,1,0
8370,83.71,34.95418167114258,1.743619470890164,76,4,0,1,1,1,1,0
8371,83.72,35.35640335083008,1.7418035092391426,76,4,0,1,1,1,1,0
8372,83.73,35.36345291137695,1.7378509009283358,76,4,0,1,1,1,1,0
8373,83.74,35.222354888916016,1.825956798851616,76,4,0,1,1,1,1,0
8374,83.75,35.006072998046875,1.8106611471171206,76,4,0,1,1,1,1,0
8375,83.76,34.9576416015625,1.8771006055498631,76,4,0,1,1,1,1,0
8376,83.77,34.832557678222656,1.7024157012962815,76,4,0,1,1,1,1,0
8377,83.78,34.737979888916016,1.8602127905147885,76,4,0,1,1,1,1,0
8378,83.79,35.24489212036133,1.7515961410025347,76,4,0,1,1,1,1,0
8379,83.8,35.318206787109375,1.9689887263910324,76,4,0,1,1,1,1,0
8380,83.81,35.30793762207031,1.718391411483357,76,4,0,1,1,1,1,0
8381,83.82,35.23099899291992,1.7557057905259794,76,4,0,1,1,1,1,0
8382,83.83,35.28636169433594,1.7086537760592335,76,4,0,1,1,1,1,0
8383,83.84,35.06916046142578,1.713042895177547,76,4,0,1,1,1,1,0
8384,83.85,35.33450698852539,1.8028865371214922,76,4,0,1,1,1,1,0
8385,83.86,35.36541748046875,1.822330508631473,76,4,0,1,1,1,1,0
8386,83.87,34.9809684753418,1.8385074532897028,76,4,0,1,1,1,1,0
8387,83.88,35.13778305053711,1.7007717687925061,76,4,0,1,1,1,1,0
8388,83.89,35.023536682128906,1.8390469612300804,76,4,0,1,1,1,1,0
8389,83.9,35.14384078979492,1.7108469225526068,76,4,0,1,1,1,1,0
8390,83.91,35.485111236572266,1.749000573465589,76,4,0,1,1,1,1,0
8391,83.92,35.40531921386719,1.7113667020322623,76,4,0,1,1,1,1,0
8392,83.93,35.6031494140625,1.8156521763101428,76,4,0,1,1,1,1,0
8393,83.94,35.39840316772461,1.6630747380365356,76,4,0,1,1,1,1,0
8394,83.95,35.63166427612305,1.947248249368915,76,4,0,1,1,1,1,0
8395,83.96,35.14122772216797,1.8196693086488573,76,4,0,1,1,1,1,0
8396,83.97,34.906986236572266,1.8319669515088826,76,4,0,1,1,1,1,0
8397,83.98,35.277103424072266,1.7859390139817797,76,4,0,1,1,1,1,0
8398,83.99,35.245513916015625,1.7836441156316074,76,4,0,1,1,1,1,0
8399,84.0,35.30398178100586,1.9067419591506771,76,4,0,1,1,1,1,0
8400,84.01,35.277626037597656,1.692977793695834,76,4,0,1,1,1,1,0
8401,84.02,35.57197952270508,1.8049061048728636,76,5,1,1,1,1,1,0
8402,84.03,35.49107360839844,1.8157641170228802,76,4,0,1,1,1,1,0
8403,84.04,35.85245895385742,1.741490844810401,76,4,0,1,1,1,1,0
8404,84.05,35.22377014160156,1.8410310684235967,76,5,1,1,1,1,1,0
8405,84.06,35.16777801513672,1.7240918851419185,76,4,0,1,1,1,1,0
8406,84.07,35.22507095336914,1.7368093136179297,76,4,0,1,1,1,1,0
8407,84.08,35.15410232543945,1.813787414908259,76,4,0,1,1,1,1,0
8408,84.09,34.72795486450195,1.761283181337358,76,5,1,1,1,1,1,0
8409,84.1,34.704246520996094,1.7665167453978825,76,4,0,1,1,1,1,0
8410,84.11,34.86161804199219,1.7920307476523056,76,4,0,1,1,1,1,0
8411,84.12,34.94886779785156,1.6916226243961587,76,5,1,1,1,1,1,0
8412,84.13,35.04424285888672,1.7258534646318198,76,4,0,1,1,1,1,0
8413,84.14,35.226749420166016,1.9169793511618058,76,4,0,1,1,1,1,0
8414,84.15,35.32979965209961,1.8227996789169385,76,4,0,1,1,1,1,0
8415,84.16,35.680423736572266,1.7974120919578334,76,4,0,1,1,1,1,0
8416,84.17,35.655941009521484,1.8135540484916783,76,4,0,1,1,1,1,0
8417,84.18,35.52170944213867,1.7067143879807767,76,4,0,1,1,1,1,0
8418,84.19,35.743492126464844,1.9568867157648013,76,4,0,1,1,1,1,0
8419,84.2,35.60799026489258,1.9775019267393903,76,5,1,1,1,1,1,0
8420,84.21,35.76197052001953,1.8522176484701507,76,4,0,1,1,1,1,0
8421,84.22,35.69048309326172,2.0255877247116683,76,4,0,1,1,1,1,0
8422,84.23,35.60658645629883,1.776821778608607,76,4,0,1,1,1,1,0
8423,84.24,35.62944412231445,1.7865558193302844,76,4,0,1,1,1,1,0
8424,84.25,35.76103973388672,1.8253209088545344,76,4,0,1,1,1,1,0
8425,84.26,35.52827835083008,1.7042296876107128,76,4,0,1,1,1,1,0
8426,84.27,35.40381622314453,1.7781240294681528,76,4,0,1,1,1,1,0
8427,84.28,35.46957778930664,1.833319299218987,76,4,0,1,1,1,1,0
8428,84.29,35.83974075317383,1.797163751427204,76,4,0,1,1,1,1,0
8429,84.3,35.657657623291016,1.6539093665245999,76,4,0,1,1,1,1,0
8430,84.31,35.47312927246094,1.8917265418646252,76,4,0,1,1,1,1,0
8431,84.32,35.651859283447266,1.7814007509070582,76,4,0,1,1,1,1,0
8432,84.33,35.25433349609375,1.6992385891574577,76,4,0,1,1,1,1,0
8433,84.34,35.6620979309082,1.7973581721320802,76,4,0,1,1,1,1,0
8434,84.35,35.49248123168945,1.827955010141079,76,4,0,1,1,1,1,0
8435,84.36,35.45545959472656,1.965961916240095,76,4,0,1,1,1,1,0
8436,84.37,34.954219818115234,2.0984268203212753,76,4,0,1,1,1,1,0
8437,84.38,35.276729583740234,2.113430950831867,76,4,0,1,1,1,1,0
8438,84.39,34.96923828125,1.9135493126068692,76,4,0,1,1,1,1,0
8439,84.4,35.0877799987793,1.833927657371643,76,4,0,1,1,1,1,0
8440,84.41,34.66086196899414,1.8954174650940172,76,4,0,1,1,1,1,0
8441,84.42,35.09873580932617,1.853997884114682,76,4,0,1,1,1,1,0
8442,84.43,35.086326599121094,1.7058176115207269,76,4,0,1,1,1,1,0
8443,84.44,35.21125793457031,1.867275220233708,76,4,0,1,1,1,1,0
8444,84.45,34.7868537902832,1.7978071393637893,76,4,0,1,1,1,1,0
8445,84.46,34.9505615234375,1.6938974923710104,76,4,0,1,1,1,1,0
8446,84.47,34.87661361694336,1.7691541170009657,76,4,0,1,1,1,1,0
8447,84.48,35.083961486816406,1.814554106112312,76,5,1,1,1,1,1,0
8448,84.49,34.7987174987793,1.7557042261477525,76,4,0,1,1,1,1,0
8449,84.5,34.67929458618164,1.848415303953239,76,4,0,1,1,1,1,0
8450,84.51,34.67298889160156,1.7324543516378164,76,5,1,1,1,1,1,0
8451,84.52,34.65773391723633,1.8845467246688417,76,4,0,1,1,1,1,0
8452,84.53,34.28593063354492,1.9012149516210815,76,5,1,1,1,1,1,0
8453,84.54,34.5311279296875,1.7772167021911751,76,5,1,1,1,1,1,0
8454,84.55,34.2091064453125,1.715721572020508,76,4,0,1,1,1,1,0
8455,84.56,34.76235580444336,1.7828078679621486,76,4,0,1,1,1,1,0
8456,84.57,34.8170051574707,1.744769377686631,76,4,0,1,1,1,1,0
8457,84.58,34.64997100830078,1.7563876542975927,76,4,0,1,1,1,1,0
8458,84.59,34.728214263916016,1.8669762743410667,76,4,0,1,1,1,1,0
8459,84.6,34.370479583740234,1.8373354103004602,76,4,0,1,1,1,1,0
8460,84.61,34.471641540527344,1.7112828918000231,76,4,0,1,1,1,1,0
8461,84.62,34.665279388427734,1.8523749420768127,76,4,0,1,1,1,1,0
8462,84.63,34.64598083496094,1.8672179243850404,76,4,0,1,1,1,1,0
8463,84.64,34.71748352050781,1.7644810038369436,76,4,0,1,1,1,1,0
8464,84.65,34.44547653198242,1.922343973055739,76,4,0,1,1,1,1,0
8465,84.66,34.35300064086914,1.7323667832795335,76,4,0,1,1,1,1,0
8466,84.67,34.45271682739258,1.7869819208315243,76,4,0,1,1,1,1,0
8467,84.68,34.45987319946289,1.8509715870441759,76,4,0,1,1,1,1,0
8468,84.69,34.50386428833008,1.8068198998892282,76,4,0,1,1,1,1,0
8469,84.7,34.678955078125,1.8804437186956777,76,4,0,1,1,1,1,0
8470,84.71,34.718963623046875,1.8781194233854015,76,4,0,1,1,1,1,0
8471,84.72,34.753868103027344,1.7599414781054223,76,4,0,1,1,1,1,0
8472,84.73,34.26887512207031,1.9069953733228329,76,4,0,1,1,1,1,0
8473,84.74,34.2701416015625,1.844450624972608,76,4,0,1,1,1,1,0
8474,84.75,34.71450424194336,1.914808930511221,76,4,0,1,1,1,1,0
8475,84.76,34.902713775634766,2.0696809561585763,76,4,0,1,1,1,1,0
8476,84.77,34.6959114074707,1.7972734901273915,76,4,0,1,1,1,1,0
8477,84.78,34.74583053588867,1.8542102779934502,76,4,0,1,1,1,1,0
8478,84.79,34.83529281616211,1.724813191358615,76,4,0,1,1,1,1,0
8479,84.8,34.904293060302734,1.7168885418899955,76,4,0,1,1,1,1,0
8480,84.81,34.97502517700195,1.7687808856949183,76,4,0,1,1,1,1,0
8481,84.82,34.572731018066406,1.8657405604142918,76,4,0,1,1,1,1,0
8482,84.83,34.95805740356445,1.8798396736155685,76,4,0,1,1,1,1,0
8483,84.84,34.79304885864258,1.7494557581806558,76,4,0,1,1,1,1,0
8484,84.85,34.920372009277344,1.8498883988298884,76,4,0,1,1,1,1,0
8485,84.86,35.259342193603516,1.953710666115916,76,4,0,1,1,1,1,0
8486,84.87,35.03521728515625,1.7486253529784406,76,4,0,1,1,1,1,0
8487,84.88,34.86812210083008,1.8478662275003157,76,4,0,1,1,1,1,0
8488,84.89,34.616363525390625,1.7774147856744638,76,4,0,1,1,1,1,0
8489,84.9,34.690494537353516,1.8282832313530346,76,4,0,1,1,1,1,0
8490,84.91,34.76198196411133,1.7600329846931324,76,4,0,1,1,1,1,0
8491,84.92,34.70357131958008,1.8953368221274791,76,4,0,1,1,1,1,0
8492,84.93,35.08736038208008,1.9417707349500422,76,4,0,1,1,1,1,0
8493,84.94,34.84737014770508,1.8037208991528841,76,4,0,1,1,1,1,0
8494,84.95,35.05720138549805,1.7894645120183716,76,4,0,1,1,1,1,0
8495,84.96,34.94975662231445,1.8507801600832092,76,4,0,1,1,1,1,0
8496,84.97,34.92438888549805,1.934373048453033,76,4,0,1,1,1,1,0
8497,84.98,35.02956008911133,1.8670249349126786,76,4,0,1,1,1,1,0
8498,84.99,34.956825256347656,1.9682214599328096,76,4,0,1,1,1,1,0
8499,85.0,34.77507019042969,1.8591113225683078,76,4,0,1,1,1,1,0
8500,85.01,34.45234298706055,1.9203109759587333,76,4,0,1,1,1,1,0
8501,85.02,35.1413459777832,1.8974955546446786,76,4,0,1,1,1,1,0
8502,85.03,35.12013626098633,1.8746270332517743,76,4,0,1,1,1,1,0
8503,85.04,34.96428298950195,1.8515448426881804,76,4,0,1,1,1,1,0
8504,85.05,35.0408821105957,1.7892510843339486,76,4,0,1,1,1,1,0
8505,85.06,35.054283142089844,1.861962819732782,76,4,0,1,1,1,1,0
8506,85.07,35.15946960449219,1.8553953110480648,76,4,0,1,1,1,1,0
8507,85.08,35.26350402832031,1.7284377410088279,76,4,0,1,1,1,1,0
8508,85.09,35.33100128173828,1.8077856312533647,76,4,0,1,1,1,1,0
8509,85.1,35.301513671875,1.9562707401438657,76,4,0,1,1,1,1,0
8510,85.11,35.46908187866211,1.8860769288976453,76,4,0,1,1,1,1,0
8511,85.12,35.29285430908203,1.7986127169864436,76,4,0,1,1,1,1,0
8512,85.13,35.2015266418457,1.8319388552839182,76,4,0,1,1,1,1,0
8513,85.14,35.30033493041992,1.7372320042843115,76,4,0,1,1,1,1,0
8514,85.15,35.360774993896484,2.0160614837477175,76,4,0,1,1,1,1,0
8515,85.16,35.54252624511719,1.7020556105532898,76,4,0,1,1,1,1,0
8516,85.17,35.39269256591797,1.7677121720640294,76,4,0,1,1,1,1,0
8517,85.18,35.41421127319336,2.0325847838005764,76,4,0,1,1,1,1,0
8518,85.19,35.26852798461914,1.935694453887552,76,4,0,1,1,1,1,0
8519,85.2,35.808780670166016,1.8292359004533727,76,4,0,1,1,1,1,0
8520,85.21,35.61711883544922,1.8830999578313425,76,4,0,1,1,1,1,0
8521,85.22,35.659271240234375,1.8277357875677525,76,4,0,1,1,1,1,0
8522,85.23,35.56776428222656,1.8199402608716613,76,4,0,1,1,1,1,0
8523,85.24,35.81502151489258,1.8810655780077392,76,4,0,1,1,1,1,0
8524,85.25,35.41868209838867,1.753398588489758,76,4,0,1,1,1,1,0
8525,85.26,35.641361236572266,1.6415228402732154,76,4,0,1,1,1,1,0
8526,85.27,35.34640884399414,1.8374166265861887,76,4,0,1,1,1,1,0
8527,85.28,35.29429626464844,1.9708636858552282,76,4,0,1,1,1,1,0
8528,85.29,35.2742805480957,1.750228610557174,76,4,0,1,1,1,1,0
8529,85.3,35.356101989746094,1.8849138769524365,76,4,0,1,1,1,1,0
8530,85.31,35.14087677001953,1.7704805650814832,76,4,0,1,1,1,1,0
8531,85.32,35.120094299316406,1.8871371624599904,76,4,0,1,1,1,1,0
8532,85.33,35.2681884765625,1.9062748525625868,76,4,0,1,1,1,1,0
8533,85.34,35.31362533569336,1.8031656597513037,76,4,0,1,1,1,1,0
8534,85.35,35.24302673339844,1.742903496384753,76,4,0,1,1,1,1,0
8535,85.36,34.994110107421875,1.9640230471056248,76,4,0,1,1,1,1,0
8536,85.37,35.15568923950195,1.7511141019798055,76,4,0,1,1,1,1,0
8537,85.38,34.8282585144043,2.0351196943775807,76,4,0,1,1,1,1,0
8538,85.39,34.85052490234375,1.8570970782698,76,4,0,1,1,1,1,0
8539,85.4,35.204524993896484,1.7387656505665139,76,4,0,1,1,1,1,0
8540,85.41,35.507225036621094,1.8610517936671687,76,4,0,1,1,1,1,0
8541,85.42,35.461769104003906,1.817854510843284,76,4,0,1,1,1,1,0
8542,85.43,35.5622444152832,1.8569060157079789,76,4,0,1,1,1,1,0
8543,85.44,35.34212112426758,1.8695739122018353,76,5,1,1,1,1,1,0
8544,85.45,35.51691436767578,1.8732877061038884,76,4,0,1,1,1,1,0
8545,85.46,35.56770324707031,1.92940871041929,76,4,0,1,1,1,1,0
8546,85.47,35.413658142089844,1.827051001632657,76,4,0,1,1,1,1,0
8547,85.48,35.421749114990234,1.82013560199034,76,4,0,1,1,1,1,0
8548,85.49,35.7799072265625,1.9485416346550168,76,4,0,1,1,1,1,0
8549,85.5,35.88361358642578,1.760712587714359,76,5,1,1,1,1,1,0
8550,85.51,35.77143478393555,1.8361150521017602,76,4,0,1,1,1,1,0
8551,85.52,35.731971740722656,1.863195367856997,76,5,1,1,1,1,1,0
8552,85.53,35.27271270751953,1.6417917029326403,76,5,1,1,1,1,1,0
8553,85.54,35.373477935791016,1.802527274309127,76,5,1,1,1,1,1,0
8554,85.55,35.53744888305664,1.6770511196067188,76,5,1,1,1,1,1,0
8555,85.56,35.56828308105469,1.7788478148345517,76,5,1,1,1,1,1,0
8556,85.57,35.3311767578125,1.7226101831115563,76,5,1,1,1,1,1,0
8557,85.58,35.144927978515625,1.789163460070661,76,4,0,1,1,1,1,0
8558,85.59,35.43123245239258,1.8006107599623626,76,5,1,1,1,1,1,0
8559,85.6,35.346923828125,1.7707853965003724,76,5,1,1,1,1,1,0
8560,85.61,34.932674407958984,1.943456608758269,76,5,1,1,1,1,1,0
8561,85.62,34.80672836303711,1.8764588863819285,76,5,1,1,1,1,1,0
8562,85.63,34.826534271240234,1.6370990822662796,76,5,1,1,1,1,1,0
8563,85.64,35.23323059082031,1.6771892850499077,76,5,1,1,1,1,1,0
8564,85.65,35.053890228271484,1.831666595674576,76,5,1,1,1,1,1,0
8565,85.66,35.08980178833008,1.8311164552164791,76,5,1,1,1,1,1,0
8566,85.67,35.41001510620117,1.8226094162615787,76,5,1,1,1,1,1,0
8567,85.68,35.29161834716797,1.7495989330144006,76,5,1,1,1,1,1,0
8568,85.69,35.09333038330078,1.7775571892811417,76,5,1,1,1,1,1,0
8569,85.7,35.53657913208008,1.8696245455167988,76,5,1,1,1,1,1,0
8570,85.71,35.67752456665039,1.7655599269010738,76,5,1,1,1,1,1,0
8571,85.72,35.259552001953125,1.7082750081388736,76,4,0,1,1,1,1,0
8572,85.73,35.38664245605469,1.762862484724764,76,4,0,1,1,1,1,0
8573,85.74,35.278831481933594,1.757788572785992,76,5,1,1,1,1,1,0
8574,85.75,35.54590606689453,1.7432649590238982,76,4,0,1,1,1,1,0
8575,85.76,35.429134368896484,1.8082319039416233,76,4,0,1,1,1,1,0
8576,85.77,35.58637619018555,1.8294795120587697,76,4,0,1,1,1,1,0
8577,85.78,35.564517974853516,1.8507240849879119,76,4,0,1,1,1,1,0
8578,85.79,35.35275650024414,1.8086767378121589,76,4,0,1,1,1,1,0
8579,85.8,35.32014083862305,1.837521511658893,76,4,0,1,1,1,1,0
8580,85.81,35.5091438293457,1.7260407724345361,76,4,0,1,1,1,1,0
8581,85.82,35.32326126098633,1.849052458731135,76,4,0,1,1,1,1,0
8582,85.83,35.590980529785156,1.8393464229713272,76,4,0,1,1,1,1,0
8583,85.84,35.916873931884766,1.771690053185251,76,4,0,1,1,1,1,0
8584,85.85,35.33712387084961,1.852699001820433,76,4,0,1,1,1,1,0
8585,85.86,35.5277099609375,1.700232192401212,76,4,0,1,1,1,1,0
8586,85.87,35.45669174194336,1.7846537731380043,76,4,0,1,1,1,1,0
8587,85.88,35.72372055053711,2.0805952247667694,76,4,0,1,1,1,1,0
8588,85.89,35.07733154296875,1.7103292155232896,76,4,0,1,1,1,1,0
8589,85.9,35.37205123901367,1.8943113902764892,76,4,0,1,1,1,1,0
8590,85.91,35.67998123168945,2.0125823275424426,76,4,0,1,1,1,1,0
8591,85.92,35.50462341308594,1.8926703199294075,76,4,0,1,1,1,1,0
8592,85.93,35.501827239990234,1.8649933777585526,76,4,0,1,1,1,1,0
8593,85.94,36.011802673339844,2.044726096485168,76,4,0,1,1,1,1,0
8594,85.95,35.86357498168945,1.8389306502367508,76,4,0,1,1,1,1,0
8595,85.96,36.063026428222656,1.8193692709602518,76,3,0,1,1,0,1,0
8596,85.97,35.64175033569336,1.7867598915551772,76,4,0,1,1,1,1,0
8597,85.98,35.53895950317383,1.7385949190363204,76,4,0,1,1,1,1,0
8598,85.99,35.759220123291016,1.9240871272381683,76,4,0,1,1,1,1,0
8599,86.0,35.826194763183594,1.8288851301067937,76,4,0,1,1,1,1,0
8600,86.01,35.82593536376953,1.8200249571817408,76,4,0,1,1,1,1,0
8601,86.02,35.508689880371094,1.7736949324520028,76,4,0,1,1,1,1,0
8602,86.03,35.754512786865234,1.7615025747436046,76,5,1,1,1,1,1,0
8603,86.04,35.7154655456543,1.7172291282791303,76,5,1,1,1,1,1,0
8604,86.05,35.66566467285156,1.8733961011194704,76,5,1,1,1,1,1,0
8605,86.06,35.37556838989258,1.8014963313876062,76,5,1,1,1,1,1,0
8606,86.07,35.494693756103516,2.004993993897968,76,5,1,1,1,1,1,0
8607,86.08,35.643089294433594,1.8852328897836539,76,5,1,1,1,1,1,0
8608,86.09,35.63146209716797,1.8017683439315264,76,5,1,1,1,1,1,0
8609,86.1,35.30033493041992,1.6949936336176525,76,5,1,1,1,1,1,0
8610,86.11,35.28828048706055,1.7462552646584062,76,4,0,1,1,1,1,0
8611,86.12,35.448585510253906,1.7834272749106486,76,4,0,1,1,1,1,0
8612,86.13,35.29997634887695,1.8979121910388763,76,5,1,1,1,1,1,0
8613,86.14,35.607322692871094,1.8682607385648968,76,5,1,1,1,1,1,0
8614,86.15,35.48500061035156,1.7238042297079466,76,5,1,1,1,1,1,0
8615,86.16,35.05202865600586,1.8487565706680782,76,5,1,1,1,1,1,0
8616,86.17,35.004859924316406,1.8010500629854793,76,4,0,1,1,1,1,0
8617,86.18,34.81599044799805,1.7504875541604699,76,4,0,1,1,1,1,0
8618,86.19,35.1878547668457,1.8355141524973773,76,4,0,1,1,1,1,0
8619,86.2,35.26095962524414,1.7431011897857842,76,5,1,1,1,1,1,0
8620,86.21,35.47455978393555,1.750514604200647,76,4,0,1,1,1,1,0
8621,86.22,35.717472076416016,1.7792148392885812,76,5,1,1,1,1,1,0
8622,86.23,35.770992279052734,1.8762148278118957,76,4,0,1,1,1,1,0
8623,86.24,35.82753372192383,1.6552073793123339,76,4,0,1,1,1,1,0
8624,86.25,35.71527862548828,1.9066982135183381,76,4,0,1,1,1,1,0
8625,86.26,35.68891525268555,1.744595757044592,76,4,0,1,1,1,1,0
8626,86.27,35.692691802978516,1.7559602984806522,76,4,0,1,1,1,1,0
8627,86.28,35.75421905517578,1.8761899560633069,76,3,0,1,1,0,1,0
8628,86.29,35.61266326904297,1.8501339714549356,76,4,0,1,1,1,1,0
8629,86.3,35.56517028808594,1.763089708739518,76,4,1,1,1,0,1,0
8630,86.31,35.25254440307617,2.044776590178052,76,4,0,1,1,1,1,0
8631,86.32,35.80796432495117,1.7443087492684264,76,4,0,1,1,1,1,0
8632,86.33,35.46517562866211,1.9330047674634545,76,4,0,1,1,1,1,0
8633,86.34,35.628475189208984,1.7052283689566525,76,4,0,1,1,1,1,0
8634,86.35,35.562469482421875,1.6659279459461196,76,4,0,1,1,1,1,0
8635,86.36,35.24380874633789,1.8826892627183949,76,5,1,1,1,1,1,0
8636,86.37,35.344295501708984,1.7784817227562173,76,4,0,1,1,1,1,0
8637,86.38,35.45523452758789,1.7955764983847389,76,5,1,1,1,1,1,0
8638,86.39,35.50486373901367,1.7849075515705117,76,5,1,1,1,1,1,0
8639,86.4,35.74830627441406,1.8641304816086313,76,5,1,1,1,1,1,0
8640,86.41,35.644168853759766,1.8885438466677744,76,4,0,1,1,1,1,0
8641,86.42,35.48942947387695,1.8010511008205794,76,4,0,1,1,1,1,0
8642,86.43,35.5634880065918,1.7552448156363614,76,4,0,1,1,1,1,0
8643,86.44,35.11422348022461,1.7067490381141253,76,4,0,1,1,1,1,0
8644,86.45,35.62544250488281,1.8127633177019036,76,4,0,1,1,1,1,0
8645,86.46,35.51543426513672,1.8265269407630724,76,4,0,1,1,1,1,0
8646,86.47,35.50160217285156,1.705349817280419,76,4,0,1,1,1,1,0
8647,86.48,35.17909240722656,1.7376445752944774,76,4,0,1,1,1,1,0
8648,86.49,35.27534866333008,1.7858081516240794,76,4,0,1,1,1,1,0
8649,86.5,35.68608856201172,1.6134413926289115,76,4,0,1,1,1,1,0
8650,86.51,35.56398391723633,1.714817159711213,76,4,0,1,1,1,1,0
8651,86.52,35.942447662353516,1.7942428292718209,76,4,0,1,1,1,1,0
8652,86.53,35.81153869628906,1.7711517655798166,76,4,0,1,1,1,1,0
8653,86.54,35.78709030151367,1.7776669795384292,76,4,0,1,1,1,1,0
8654,86.55,35.87063217163086,1.8969727100437666,76,4,0,1,1,1,1,0
8655,86.56,36.11429214477539,1.8567744846454248,76,4,0,1,1,1,1,0
8656,86.57,36.01425552368164,1.7948845225402421,76,4,0,1,1,1,1,0
8657,86.58,36.02701950073242,1.85241016248814,76,4,0,1,1,1,1,0
8658,86.59,36.09759521484375,1.8972951440364938,76,4,0,1,1,1,1,0
8659,86.6,35.942344665527344,1.90601577310493,76,4,0,1,1,1,1,0
8660,86.61,35.53718566894531,1.9798920511603126,76,4,0,1,1,1,1,0
8661,86.62,35.50524139404297,1.9134786043437177,76,4,0,1,1,1,1,0
8662,86.63,35.309268951416016,1.7757556916361226,76,4,0,1,1,1,1,0
8663,86.64,34.84858703613281,1.900575112306775,76,4,0,1,1,1,1,0
8664,86.65,34.9013671875,1.7175839279544505,76,4,0,1,1,1,1,0
8665,86.66,34.893131256103516,1.9318662358847558,76,4,0,1,1,1,1,0
8666,86.67,35.17265319824219,1.7403904251594033,76,4,0,1,1,1,1,0
8667,86.68,35.2500114440918,1.8138332751182533,76,4,0,1,1,1,1,0
8668,86.69,35.13168716430664,1.9016051505094433,76,4,0,1,1,1,1,0
8669,86.7,35.0543212890625,1.7843212891123525,76,4,0,1,1,1,1,0
8670,86.71,35.431758880615234,1.865216954294865,76,4,0,1,1,1,1,0
8671,86.72,35.373966217041016,1.7658978011082709,76,4,0,1,1,1,1,0
8672,86.73,35.45471954345703,1.8578797814159815,76,4,0,1,1,1,1,0
8673,86.74,35.69095993041992,2.059855100852171,76,4,0,1,1,1,1,0
8674,86.75,35.41495895385742,1.8217323074110543,76,4,0,1,1,1,1,0
8675,86.76,35.30323791503906,1.6952629718209722,76,4,0,1,1,1,1,0
8676,86.77,35.465171813964844,1.9564252445659478,76,4,0,1,1,1,1,0
8677,86.78,35.433650970458984,2.122284650720211,76,4,0,1,1,1,1,0
8678,86.79,35.621334075927734,1.6699999049985141,76,4,0,1,1,1,1,0
8679,86.8,35.61797332763672,1.8764609193042732,76,4,0,1,1,1,1,0
8680,86.81,35.46842575073242,1.828743490130727,76,4,0,1,1,1,1,0
8681,86.82,35.837501525878906,1.8748379853600639,76,4,0,1,1,1,1,0
8682,86.83,35.94420623779297,1.9947109462489672,76,4,0,1,1,1,1,0
8683,86.84,36.038814544677734,1.770345737311484,76,4,0,1,1,1,1,0
8684,86.85,36.53584671020508,1.9179692090452383,76,4,0,1,1,1,1,0
8685,86.86,36.24886703491211,1.8263062099717846,76,4,0,1,1,1,1,0
8686,86.87,35.92484664916992,1.9518944897242774,76,4,0,1,1,1,1,0
8687,86.88,35.92375946044922,2.0781066214791415,76,4,0,1,1,1,1,0
8688,86.89,35.80388641357422,1.7698024281838596,76,4,0,1,1,1,1,0
8689,86.9,36.1297721862793,1.8416802852883079,76,4,0,1,1,1,1,0
8690,86.91,35.90937423706055,1.985808923841627,76,4,0,1,1,1,1,0
8691,86.92,35.70383834838867,1.9560721389881295,76,4,0,1,1,1,1,0
8692,86.93,36.09149932861328,1.8887043963733277,76,4,0,1,1,1,1,0
8693,86.94,36.1480598449707,1.7039399327972273,76,4,0,1,1,1,1,0
8694,86.95,35.82670593261719,1.8562830704916755,76,4,0,1,1,1,1,0
8695,86.96,36.095252990722656,1.746333661173279,76,4,0,1,1,1,1,0
8696,86.97,36.128822326660156,1.7375026328685317,76,4,0,1,1,1,1,0
8697,86.98,35.77016830444336,1.8579804726609717,76,4,0,1,1,1,1,0
8698,86.99,35.884376525878906,1.932463454369271,76,4,0,1,1,1,1,0
8699,87.0,35.89949417114258,1.962781635659635,76,4,0,1,1,1,1,0
8700,87.01,35.944217681884766,1.785802683158371,76,4,0,1,1,1,1,0
8701,87.02,36.24138641357422,1.824309036521853,76,4,0,1,1,1,1,0
8702,87.03,35.92909240722656,1.9597165607360412,76,4,0,1,1,1,1,0
8703,87.04,35.949554443359375,1.7933522720981785,76,4,0,1,1,1,1,0
8704,87.05,36.24312973022461,1.744879372699396,76,4,0,1,1,1,1,0
8705,87.06,36.24787521362305,2.0375755578830894,76,4,0,1,1,1,1,0
8706,87.07,36.36982727050781,2.0450435016380046,76,4,0,1,1,1,1,0
8707,87.08,36.171302795410156,1.8851557570791877,76,4,0,1,1,1,1,0
8708,87.09,36.48564910888672,1.7708167464412283,76,4,0,1,1,1,1,0
8709,87.1,36.17200469970703,2.0026492250206176,76,4,0,1,1,1,1,0
8710,87.11,36.386417388916016,1.942528903908907,76,4,0,1,1,1,1,0
8711,87.12,35.986358642578125,1.8636752777299919,76,4,0,1,1,1,1,0
8712,87.13,36.56138229370117,1.8750547323032214,76,4,0,1,1,1,1,0
8713,87.14,36.352684020996094,1.8123193606157946,76,4,0,1,1,1,1,0
8714,87.15,36.63557434082031,1.8971781413350348,76,4,0,1,1,1,1,0
8715,87.16,36.38844299316406,1.7214489312188233,76,4,0,1,1,1,1,0
8716,87.17,36.76899719238281,1.759573685426292,76,4,0,1,1,1,1,0
8717,87.18,36.38124465942383,1.8349166734950324,76,4,0,1,1,1,1,0
8718,87.19,36.430423736572266,1.769887777970181,76,4,0,1,1,1,1,0
8719,87.2,36.3488655090332,1.8216713175528487,76,4,0,1,1,1,1,0
8720,87.21,36.25272750854492,1.8429633724936025,76,4,0,1,1,1,1,0
8721,87.22,36.390811920166016,1.8872718529754078,76,4,0,1,1,1,1,0
8722,87.23,36.15888595581055,1.9193700170274208,76,4,0,1,1,1,1,0
8723,87.24,36.00533676147461,1.6823159521643778,76,4,0,1,1,1,1,0
8724,87.25,36.46489715576172,2.126241478746346,76,4,0,1,1,1,1,0
8725,87.26,36.595706939697266,1.9725309853643287,76,4,0,1,1,1,1,0
8726,87.27,36.6616096496582,1.7433570783380703,76,4,0,1,1,1,1,0
8727,87.28,36.59280014038086,1.858979557644824,76,3,0,0,1,1,1,0
8728,87.29,36.39708709716797,2.063343087928738,76,4,0,1,1,1,1,0
8729,87.3,36.733089447021484,2.051630586058297,76,4,0,1,1,1,1,0
8730,87.31,36.7780876159668,2.135809099264495,76,3,0,0,1,1,1,0
8731,87.32,36.893001556396484,2.190020108765668,76,4,0,1,1,1,1,0
8732,87.33,36.58633041381836,2.272408044578829,76,3,0,0,1,1,1,0
8733,87.34,36.60396194458008,1.8573961149481972,76,3,0,0,1,1,1,0
8734,87.35,36.69896697998047,1.8120690001448176,76,4,0,1,1,1,1,0
8735,87.36,36.213356018066406,1.925441135358309,76,3,0,0,1,1,1,0
8736,87.37,36.043338775634766,1.9195060031005546,76,4,0,1,1,1,1,0
8737,87.38,36.61189270019531,1.8051327913918849,76,3,0,0,1,1,1,0
8738,87.39,36.72471618652344,1.789245498458941,76,4,0,1,1,1,1,0
8739,87.4,36.16231918334961,1.8509977456571154,76,4,0,1,1,1,1,0
8740,87.41,36.2169075012207,1.728267865369828,76,4,0,1,1,1,1,0
8741,87.42,36.3538818359375,1.7788407166208118,76,4,0,1,1,1,1,0
8742,87.43,36.16718292236328,1.8813293099846975,76,4,0,1,1,1,1,0
8743,87.44,36.28297424316406,1.8925327281217827,76,4,0,1,1,1,1,0
8744,87.45,35.908302307128906,1.9060227579918114,76,4,0,1,1,1,1,0
8745,87.46,36.07145309448242,1.8818356768147222,76,4,0,1,1,1,1,0
8746,87.47,35.86735153198242,1.744985797493769,76,4,0,1,1,1,1,0
8747,87.48,36.39197540283203,1.7546733019770135,76,4,0,1,1,1,1,0
8748,87.49,35.87892532348633,1.7823153655622075,76,4,0,1,1,1,1,0
8749,87.5,36.11121368408203,1.9258211171227242,76,4,0,1,1,1,1,0
8750,87.51,36.1522216796875,2.0150620239574186,76,4,0,1,1,1,1,0
8751,87.52,36.41916275024414,1.8726908307122478,76,4,0,1,1,1,1,0
8752,87.53,36.182342529296875,1.771156310073878,76,4,0,1,1,1,1,0
8753,87.54,35.79802703857422,1.8526480500553646,76,4,0,1,1,1,1,0
8754,87.55,36.151371002197266,1.7301076760895735,76,4,0,1,1,1,1,0
8755,87.56,36.05002975463867,1.7204867885583495,76,4,0,1,1,1,1,0
8756,87.57,35.98123550415039,1.868390909773285,76,4,0,1,1,1,1,0
8757,87.58,36.011661529541016,1.9290155135307532,76,4,0,1,1,1,1,0
8758,87.59,35.951011657714844,1.7565331742233232,76,4,0,1,1,1,1,0
8759,87.6,35.89638137817383,1.8694703764852096,76,4,0,1,1,1,1,0
8760,87.61,35.65389633178711,2.0525836699875053,76,4,0,1,1,1,1,0
8761,87.62,36.026405334472656,1.7631226451439757,76,4,0,1,1,1,1,0
8762,87.63,36.245731353759766,1.943762068840912,76,4,0,1,1,1,1,0
8763,87.64,36.202152252197266,1.843063802408058,76,4,0,1,1,1,1,0
8764,87.65,36.246315002441406,1.792284354181849,76,4,0,1,1,1,1,0
8765,87.66,35.933807373046875,2.0266793664065377,76,5,1,1,1,1,1,0
8766,87.67,35.9152946472168,1.6986475584518905,76,4,0,1,1,1,1,0
8767,87.68,35.95175552368164,1.8987650389581987,76,4,0,1,1,1,1,0
8768,87.69,35.95225143432617,1.707926762036598,76,4,0,1,1,1,1,0
8769,87.7,35.82814025878906,2.394347577845671,76,3,0,0,1,1,1,0
8770,87.71,36.3239860534668,1.9500408767236594,76,4,0,1,1,1,1,0
8771,87.72,35.87482452392578,2.1341507377282025,76,3,0,0,1,1,1,0
8772,87.73,35.923011779785156,1.8564792314384164,76,4,0,1,1,1,1,0
8773,87.74,36.267333984375,2.167322141771903,76,3,0,0,1,1,1,0
8774,87.75,36.27485656738281,1.8503477571883178,76,5,1,1,1,1,1,0
8775,87.76,36.36037826538086,2.301717483807159,76,3,0,0,1,1,1,0
8776,87.77,36.496337890625,1.882443519348072,76,4,0,1,1,1,1,0
8777,87.78,36.4598274230957,1.9220242129706728,76,5,1,1,1,1,1,0
8778,87.79,36.153987884521484,1.7411786281607229,76,4,0,1,1,1,1,0
8779,87.8,36.32111358642578,2.148348846191369,76,4,0,1,1,1,1,0
8780,87.81,36.11783218383789,1.9745362452539614,76,4,1,0,1,1,1,0
8781,87.82,36.26407241821289,1.7749390738386341,76,3,0,0,1,1,1,0
8782,87.83,36.726593017578125,1.7872853892219256,76,4,0,1,1,1,1,0
8783,87.84,36.731075286865234,1.8838532020775622,76,4,0,1,1,1,1,0
8784,87.85,36.98905944824219,1.839940763445382,76,3,0,0,1,1,1,0
8785,87.86,36.94084548950195,1.7167947801268584,76,3,0,0,1,1,1,0
8786,87.87,36.686885833740234,1.762895576845534,76,3,0,0,1,1,1,0
8787,87.88,36.528568267822266,1.7328299477116977,76,4,0,1,1,1,1,0
8788,87.89,36.476966857910156,1.8841759780503697,76,3,0,0,1,1,1,0
8789,87.9,36.417598724365234,1.9137882114024747,76,3,0,0,1,1,1,0
8790,87.91,36.56260681152344,1.9326574943141077,76,5,1,1,1,1,1,0
8791,87.92,36.47792434692383,1.915461327194088,76,5,1,1,1,1,1,0
8792,87.93,36.47907257080078,1.9263120457427687,76,5,1,1,1,1,1,0
8793,87.94,36.39726638793945,1.8094785725507565,76,3,0,0,1,1,1,0
8794,87.95,36.22880554199219,1.9341408932327342,76,4,0,1,1,1,1,0
8795,87.96,36.15359115600586,2.0072642863382786,76,4,0,1,1,1,1,0
8796,87.97,36.50275421142578,1.9230448849802209,76,4,0,1,1,1,1,0
8797,87.98,36.374637603759766,1.7239809842292921,76,4,0,1,1,1,1,0
8798,87.99,36.13275909423828,1.8497088212641621,76,4,0,1,1,1,1,0
8799,88.0,36.091251373291016,2.1900234705402615,76,4,0,1,1,1,1,0
8800,88.01,36.296783447265625,1.7989793350783139,76,4,0,1,1,1,1,0
8801,88.02,35.743892669677734,1.7363459363554572,76,4,0,1,1,1,1,0
8802,88.03,36.05243682861328,1.9202616195498965,76,4,0,1,1,1,1,0
8803,88.04,36.17262268066406,1.91731724790089,76,4,0,1,1,1,1,0
8804,88.05,35.532474517822266,1.9695724999445283,76,4,0,1,1,1,1,0
8805,88.06,35.640785217285156,1.9167248830991763,76,4,0,1,1,1,1,0
8806,88.07,35.85095977783203,1.8745180988892547,76,4,0,1,1,1,1,0
8807,88.08,35.899539947509766,1.8014701316057655,76,4,0,1,1,1,1,0
8808,88.09,36.32903289794922,1.8323738119283388,76,4,0,1,1,1,1,0
8809,88.1,35.82914352416992,2.160806519449056,76,4,0,1,1,1,1,0
8810,88.11,35.761199951171875,1.6744260883145916,76,4,0,1,1,1,1,0
8811,88.12,35.72065353393555,2.019302175118816,76,4,0,1,1,1,1,0
8812,88.13,36.021541595458984,2.1122739729212596,76,4,0,1,1,1,1,0
8813,88.14,35.63893508911133,1.997845708665011,76,4,0,1,1,1,1,0
8814,88.15,35.92229461669922,1.9349930771570436,76,4,0,1,1,1,1,0
8815,88.16,35.71553421020508,1.7325424219980279,76,4,0,1,1,1,1,0
8816,88.17,36.03152084350586,1.9937406629432308,76,4,0,1,1,1,1,0
8817,88.18,35.94855499267578,2.1010763516269537,76,4,0,1,1,1,1,0
8818,88.19,36.090545654296875,1.906537798466566,76,4,0,1,1,1,1,0
8819,88.2,35.883201599121094,2.176345079558125,76,4,0,1,1,1,1,0
8820,88.21,35.842769622802734,1.9155045540755375,76,4,0,1,1,1,1,0
8821,88.22,36.02864074707031,1.9482578997662598,76,4,0,1,1,1,1,0
8822,88.23,36.00086212158203,1.865724136467823,76,4,0,1,1,1,1,0
8823,88.24,36.310550689697266,1.710941679162487,76,4,0,1,1,1,1,0
8824,88.25,36.42321014404297,1.9187749459218468,76,4,0,1,1,1,1,0
8825,88.26,36.40268325805664,1.8647208504580144,76,4,0,1,1,1,1,0
8826,88.27,36.67594528198242,1.71793900966913,76,3,0,0,1,1,1,0
8827,88.28,36.55252456665039,1.6696420078018883,76,4,0,1,1,1,1,0
8828,88.29,36.49868392944336,1.9634147893153517,76,3,0,0,1,1,1,0
8829,88.3,36.43357467651367,1.9351781450699894,76,3,0,0,1,1,1,0
8830,88.31,36.280670166015625,2.299696430907643,76,3,0,0,1,1,1,0
8831,88.32,36.0844841003418,1.6837220967005784,76,3,0,0,1,1,1,0
8832,88.33,36.190128326416016,1.8349431649361712,76,3,0,0,1,1,1,0
8833,88.34,36.144264221191406,2.029231265492707,76,3,0,0,1,1,1,0
8834,88.35,36.114871978759766,2.07888795617578,76,4,0,1,1,1,1,0
8835,88.36,36.1948127746582,2.1966759125360533,76,3,0,0,1,1,1,0
8836,88.37,36.23204040527344,1.9456129976271928,76,3,0,0,1,1,1,0
8837,88.38,36.362857818603516,1.9788140076233895,76,3,0,0,1,1,1,0
8838,88.39,36.195518493652344,1.8396951987126686,76,3,0,0,1,1,1,0
8839,88.4,36.08281326293945,1.827130169688108,76,4,0,1,1,1,1,0
8840,88.41,35.714744567871094,1.7823792918497243,76,3,0,0,1,1,1,0
8841,88.42,35.88458251953125,1.8256562691479472,76,4,0,1,1,1,1,0
8842,88.43,35.737064361572266,1.8064829432980112,76,3,0,0,1,1,1,0
8843,88.44,35.798091888427734,1.9706091489960549,76,3,0,0,1,1,1,0
8844,88.45,35.802406311035156,1.9987006628343194,76,3,0,0,1,1,1,0
8845,88.46,35.9228401184082,1.7934649665734146,76,3,0,0,1,1,1,0
8846,88.47,36.302276611328125,2.0046398526288005,76,3,0,0,1,1,1,0
8847,88.48,36.45621871948242,1.8580942978168598,76,3,0,0,1,1,1,0
8848,88.49,36.170467376708984,1.755931029546548,76,4,0,1,1,1,1,0
8849,88.5,36.22328186035156,1.8934988698400839,76,4,0,1,1,1,1,0
8850,88.51,35.95690155029297,2.2103665851448673,76,3,0,0,1,1,1,0
8851,88.52,35.93487548828125,1.8455657414223607,76,3,0,0,1,1,1,0
8852,88.53,35.93242263793945,1.8864298449302843,76,3,0,0,1,1,1,0
8853,88.54,35.919273376464844,1.710439864134445,76,3,0,0,1,1,1,0
8854,88.55,36.18950271606445,1.8325104042600842,76,3,0,0,1,1,1,0
8855,88.56,36.32179641723633,1.7291924716521192,76,3,0,0,1,1,1,0
8856,88.57,35.949344635009766,2.086283607471426,76,5,1,1,1,1,1,0
8857,88.58,35.71970748901367,2.2253584696997315,76,3,0,0,1,1,1,0
8858,88.59,35.60062026977539,1.8039066408156617,76,5,1,1,1,1,1,0
8859,88.6,35.59730911254883,2.0005206933334887,76,4,0,1,1,1,1,0
8860,88.61,35.29326248168945,1.9388600112845795,76,4,0,1,1,1,1,0
8861,88.62,35.03584289550781,1.672747168657737,76,4,0,1,1,1,1,0
8862,88.63,34.682098388671875,1.7585442921368788,76,5,1,1,1,1,1,0
8863,88.64,35.09722900390625,1.8028048232462055,76,4,1,0,1,1,1,0
8864,88.65,35.07756042480469,1.7853008574505986,76,4,0,1,1,1,1,0
8865,88.66,35.358543395996094,1.9207477131099653,76,3,0,0,1,1,1,0
8866,88.67,35.23603057861328,1.9591080368216054,76,4,0,1,1,1,1,0
8867,88.68,34.985260009765625,1.9037042844036456,76,4,0,1,1,1,1,0
8868,88.69,35.297786712646484,1.9908837277994618,76,4,0,1,1,1,1,0
8869,88.7,35.38067626953125,2.0444067387877554,76,4,0,1,1,1,1,0
8870,88.71,35.37584686279297,1.92886057371317,76,4,0,1,1,1,1,0
8871,88.72,35.43141174316406,1.9044444317877691,76,3,0,0,1,1,1,0
8872,88.73,35.167423248291016,1.9796968601804992,76,5,1,1,1,1,1,0
8873,88.74,35.036346435546875,1.896993609234289,76,3,0,0,1,1,1,0
8874,88.75,35.32094192504883,1.758659021869603,76,3,0,0,1,1,1,0
8875,88.76,35.43305206298828,2.2039315283245955,76,3,0,0,1,1,1,0
8876,88.77,35.44929504394531,1.721109445882929,76,4,0,1,1,1,1,0
8877,88.78,35.971275329589844,1.7511673326676245,76,4,0,1,1,1,1,0
8878,88.79,36.019859313964844,1.6751432461234648,76,3,0,0,1,1,1,0
8879,88.8,35.820316314697266,1.8157368205301114,76,3,0,0,1,1,1,0
8880,88.81,35.886993408203125,1.9014967385767418,76,4,0,1,1,1,1,0
8881,88.82,35.91989517211914,1.7991615589198187,76,3,0,0,1,1,1,0
8882,88.83,35.89412307739258,1.7394545057417845,76,3,0,0,1,1,1,0
8883,88.84,35.41763687133789,1.9354827042433023,76,3,0,0,1,1,1,0
8884,88.85,35.48134231567383,1.7927088812937253,76,3,0,0,1,1,1,0
8885,88.86,35.1143913269043,2.078677171270233,76,3,0,0,1,1,1,0
8886,88.87,35.049285888671875,1.7705045086842786,76,3,0,0,1,1,1,0
8887,88.88,34.676475524902344,2.1306285120793036,76,3,0,0,1,1,1,0
8888,88.89,34.9385986328125,2.0730167281296943,76,3,0,0,1,1,1,0
8889,88.9,35.065147399902344,1.644782210666859,76,3,0,0,1,1,1,0
8890,88.91,35.241363525390625,2.076725912379547,76,4,0,1,1,1,1,0
8891,88.92,35.39429473876953,1.7101188779063665,76,4,0,1,1,1,1,0
8892,88.93,34.976287841796875,1.9013643397803464,76,3,0,0,1,1,1,0
8893,88.94,34.953575134277344,1.9470473760307843,76,4,0,1,1,1,1,0
8894,88.95,34.94818115234375,1.9924285899107268,76,3,0,0,1,1,1,0
8895,88.96,34.73292541503906,2.0591438921999314,76,3,0,0,1,1,1,0
8896,88.97,34.425811767578125,2.131431494002854,76,4,1,0,1,1,1,0
8897,88.98,34.11940383911133,1.8312302003388137,76,5,1,1,1,1,1,0
8898,88.99,34.522186279296875,2.2976079061634795,76,4,0,1,1,1,1,0
8899,89.0,34.51445388793945,1.7136214367166285,76,4,0,1,1,1,1,0
8900,89.01,34.20256423950195,1.9052556881141693,76,4,0,1,1,1,1,0
8901,89.02,34.81920623779297,1.7800592682677094,76,3,0,0,1,1,1,0
8902,89.03,34.80629348754883,2.197173214747374,76,3,0,0,1,1,1,0
8903,89.04,34.74161911010742,1.88515543330457,76,3,0,0,1,1,1,0
8904,89.05,34.635398864746094,1.8448038947069458,76,4,0,1,1,1,1,0
8905,89.06,34.738525390625,1.8046630020707253,76,4,0,1,1,1,1,0
8906,89.07,34.76614761352539,1.9369590159577008,76,4,0,1,1,1,1,0
8907,89.08,34.91548538208008,1.7684746733536572,76,4,0,1,1,1,1,0
8908,89.09,34.708580017089844,1.952748185562275,76,4,0,1,1,1,1,0
8909,89.1,34.954776763916016,2.061478502368105,76,4,0,1,1,1,1,0
8910,89.11,34.934288024902344,2.198112957455449,76,4,0,1,1,1,1,0
8911,89.12,34.811439514160156,2.0643881324038147,76,4,0,1,1,1,1,0
8912,89.13,34.45002746582031,2.075190706261964,76,4,0,1,1,1,1,0
8913,89.14,34.64308547973633,1.9707380571805766,76,4,0,1,1,1,1,0
8914,89.15,34.94563293457031,1.953818855665593,76,4,0,1,1,1,1,0
8915,89.16,34.97290802001953,2.110238803900603,76,4,0,1,1,1,1,0
8916,89.17,35.03327941894531,2.01101703402257,76,4,0,1,1,1,1,0
8917,89.18,35.105194091796875,2.006619736312401,76,4,0,1,1,1,1,0
8918,89.19,34.7068977355957,1.9241045399610484,76,4,0,1,1,1,1,0
8919,89.2,34.97589111328125,2.0890895989078326,76,4,0,1,1,1,1,0
8920,89.21,34.82740020751953,1.9667500669398783,76,4,0,1,1,1,1,0
8921,89.22,34.462223052978516,1.9135820315356786,76,4,0,1,1,1,1,0
8922,89.23,34.66035079956055,1.9408720656018634,76,4,0,1,1,1,1,0
8923,89.24,34.9350700378418,1.9317122356286278,76,4,0,1,1,1,1,0
8924,89.25,34.97981643676758,2.018414925088795,76,4,0,1,1,1,1,0
8925,89.26,34.87446212768555,1.7004100062799736,76,4,0,1,1,1,1,0
8926,89.27,35.058570861816406,1.8813006329501172,76,4,0,1,1,1,1,0
8927,89.28,34.97613525390625,2.089994330157006,76,4,0,1,1,1,1,0
8928,89.29,34.785499572753906,1.9978426154243623,76,4,0,1,1,1,1,0
8929,89.3,34.89314651489258,1.8090049141344668,76,4,0,1,1,1,1,0
8930,89.31,34.85068130493164,1.8469721918626945,76,4,0,1,1,1,1,0
8931,89.32,34.74678039550781,1.807146386995058,76,4,0,1,1,1,1,0
8932,89.33,34.65381622314453,2.1411709300523567,76,4,0,1,1,1,1,0
8933,89.34,34.78659439086914,2.044756884327547,76,4,0,1,1,1,1,0
8934,89.35,34.187164306640625,1.7679704752885905,76,4,0,1,1,1,1,0
8935,89.36,33.91446304321289,2.107581437281048,76,4,0,1,1,1,1,0
8936,89.37,34.325279235839844,1.825517116081927,76,4,0,1,1,1,1,0
8937,89.38,34.124446868896484,1.7151350647744406,76,4,0,1,1,1,1,0
8938,89.39,34.336490631103516,1.7880141920640424,76,4,0,1,1,1,1,0
8939,89.4,34.24831771850586,1.73996786592608,76,4,0,1,1,1,1,0
8940,89.41,34.46466827392578,1.8927464611754956,76,4,0,1,1,1,1,0
8941,89.42,34.8814697265625,1.9734694116204654,76,4,0,1,1,1,1,0
8942,89.43,34.55503463745117,1.7702555180008237,76,4,0,1,1,1,1,0
8943,89.44,34.15004348754883,1.780653060972538,76,4,0,1,1,1,1,0
8944,89.45,34.118839263916016,1.928889235829204,76,4,0,1,1,1,1,0
8945,89.46,34.29989242553711,1.7875073105588828,76,4,0,1,1,1,1,0
8946,89.47,34.43043899536133,1.7182234953600857,76,4,0,1,1,1,1,0
8947,89.48,34.676326751708984,2.124267559615432,76,4,0,1,1,1,1,0
8948,89.49,34.43793487548828,1.807925494964245,76,4,0,1,1,1,1,0
8949,89.5,34.332489013671875,1.8669760700192808,76,4,0,1,1,1,1,0
8950,89.51,34.5053596496582,1.8451561458057126,76,4,0,1,1,1,1,0
8951,89.52,34.484275817871094,1.9716477101643102,76,4,0,1,1,1,1,0
8952,89.53,34.47749710083008,1.9422165130407976,76,4,0,1,1,1,1,0
8953,89.54,34.355384826660156,1.8300829142221702,76,4,0,1,1,1,1,0
8954,89.55,34.60523986816406,1.9206513651000772,76,4,0,1,1,1,1,0
8955,89.56,34.79091262817383,1.8339601535976278,76,4,0,1,1,1,1,0
8956,89.57,34.78840255737305,1.7973935792330107,76,4,0,1,1,1,1,0
8957,89.58,34.83424377441406,1.6449898410575157,76,4,0,1,1,1,1,0
8958,89.59,34.96619415283203,2.0747979388019346,76,4,0,1,1,1,1,0
8959,89.6,34.927852630615234,1.935404775310455,76,4,0,1,1,1,1,0
8960,89.61,34.8231315612793,1.8098370456610489,76,4,0,1,1,1,1,0
8961,89.62,34.77688980102539,1.7044344853206224,76,4,0,1,1,1,1,0
8962,89.63,34.72513198852539,1.9523822032855365,76,4,0,1,1,1,1,0
8963,89.64,34.840335845947266,1.8253709724451528,76,4,0,1,1,1,1,0
8964,89.65,34.80119705200195,1.9008665064530497,76,4,0,1,1,1,1,0
8965,89.66,35.04768371582031,1.8318532313009102,76,4,0,1,1,1,1,0
8966,89.67,34.895477294921875,1.8517380240779722,76,4,0,1,1,1,1,0
8967,89.68,34.62021255493164,1.74748289523585,76,4,0,1,1,1,1,0
8968,89.69,34.46125030517578,1.935871395296231,76,4,0,1,1,1,1,0
8969,89.7,34.53459548950195,2.039626382775516,76,4,0,1,1,1,1,0
8970,89.71,34.55458450317383,1.853508676884841,76,4,0,1,1,1,1,0
8971,89.72,34.691810607910156,1.9728664058895766,76,4,0,1,1,1,1,0
8972,89.73,34.066062927246094,1.9264743982680756,76,4,0,1,1,1,1,0
8973,89.74,34.2872314453125,2.0413059437816052,76,4,0,1,1,1,1,0
8974,89.75,34.31382369995117,2.0361548076707767,76,4,0,1,1,1,1,0
8975,89.76,34.65951156616211,2.054318704289816,76,4,0,1,1,1,1,0
8976,89.77,34.77315902709961,1.8241093533308663,76,4,0,1,1,1,1,0
8977,89.78,34.76597595214844,1.892862609248121,76,4,0,1,1,1,1,0
8978,89.79,35.042015075683594,1.684839468095768,76,4,0,1,1,1,1,0
8979,89.8,34.59579849243164,1.9030995041823577,76,4,0,1,1,1,1,0
8980,89.81,34.72098922729492,1.9013957436389755,76,4,0,1,1,1,1,0
8981,89.82,35.058021545410156,1.9920595899504845,76,4,0,1,1,1,1,0
8982,89.83,35.21861267089844,1.894883135821036,76,4,0,1,1,1,1,0
8983,89.84,35.023170471191406,1.8025841715317372,76,4,0,1,1,1,1,0
8984,89.85,35.018985748291016,1.8432931637647567,76,4,0,1,1,1,1,0
8985,89.86,35.297096252441406,1.8845115178597762,76,4,0,1,1,1,1,0
8986,89.87,35.18281555175781,1.8518097507668205,76,4,0,1,1,1,1,0
8987,89.88,35.01057052612305,1.8122651265607082,76,4,0,1,1,1,1,0
8988,89.89,35.01115036010742,1.938087529066049,76,4,0,1,1,1,1,0
8989,89.9,35.2153434753418,1.7177347338815496,76,4,0,1,1,1,1,0
8990,89.91,34.877838134765625,2.050221045520445,76,4,0,1,1,1,1,0
8991,89.92,34.69550323486328,1.803274842807211,76,4,0,1,1,1,1,0
8992,89.93,34.4556884765625,1.8883019964910124,76,4,0,1,1,1,1,0
8993,89.94,34.3189811706543,1.8923802036290758,76,4,0,1,1,1,1,0
8994,89.95,34.676902770996094,1.8195902981615697,76,4,0,1,1,1,1,0
8995,89.96,34.831581115722656,1.7984969514011606,76,4,0,1,1,1,1,0
8996,89.97,35.065216064453125,1.7821901079345903,76,4,0,1,1,1,1,0
8997,89.98,34.75952911376953,1.9237972277085091,76,4,0,1,1,1,1,0
8998,89.99,34.88494110107422,1.8415767763516884,76,4,0,1,1,1,1,0
8999,90.0,35.33808517456055,1.750804974086051,76,4,0,1,1,1,1,0
9000,90.01,35.24237060546875,1.9080353064016338,76,4,0,1,1,1,1,0
9001,90.02,35.324485778808594,1.9413621945506174,76,4,0,1,1,1,1,0
9002,90.03,35.30345916748047,1.9129576155815249,76,4,0,1,1,1,1,0
9003,90.04,34.92232894897461,1.8887576473568173,76,4,0,1,1,1,1,0
9004,90.05,34.951602935791016,1.9051779243947649,76,4,0,1,1,1,1,0
9005,90.06,34.72966766357422,1.9549186834052823,76,4,0,1,1,1,1,0
9006,90.07,34.6923713684082,1.7768457441248604,76,4,0,1,1,1,1,0
9007,90.08,34.91486740112305,1.8635998114453503,76,4,0,1,1,1,1,0
9008,90.09,34.5521354675293,1.7322005301915144,76,4,0,1,1,1,1,0
9009,90.1,34.924049377441406,1.7039355672211642,76,4,0,1,1,1,1,0
9010,90.11,34.57927703857422,1.8267214731247567,76,4,0,1,1,1,1,0
9011,90.12,34.40153884887695,1.8629026476019115,76,4,0,1,1,1,1,0
9012,90.13,34.44774627685547,1.92132946081168,76,4,0,1,1,1,1,0
9013,90.14,34.474876403808594,1.8797106199583793,76,4,0,1,1,1,1,0
9014,90.15,34.75589370727539,1.8890228296636005,76,4,0,1,1,1,1,0
9015,90.16,34.676239013671875,1.8300633771007218,76,4,0,1,1,1,1,0
9016,90.17,34.438175201416016,1.8420068270828205,76,4,0,1,1,1,1,0
9017,90.18,34.36939239501953,1.7967484084149938,76,4,0,1,1,1,1,0
9018,90.19,34.43773651123047,1.8383137946017312,76,4,0,1,1,1,1,0
9019,90.2,34.4306640625,1.8738992985040928,76,4,0,1,1,1,1,0
9020,90.21,34.760765075683594,1.7122242004706911,76,4,0,1,1,1,1,0
9021,90.22,34.73124313354492,1.9617877631089635,76,4,0,1,1,1,1,0
9022,90.23,34.672943115234375,1.8223364745475428,76,4,0,1,1,1,1,0
9023,90.24,34.4592170715332,1.805160332746623,76,4,0,1,1,1,1,0
9024,90.25,34.257320404052734,1.7103725639022502,76,4,0,1,1,1,1,0
9025,90.26,34.04255294799805,1.8124555069309332,76,4,0,1,1,1,1,0
9026,90.27,34.56112289428711,1.8905267253999714,76,4,0,1,1,1,1,0
9027,90.28,34.36943817138672,1.8075885545390342,76,4,0,1,1,1,1,0
9028,90.29,34.765193939208984,1.7847409134620045,76,4,0,1,1,1,1,0
9029,90.3,34.79399108886719,1.7130659714669287,76,4,0,1,1,1,1,0
9030,90.31,35.32406997680664,2.1937690804527463,76,4,0,1,1,1,1,0
9031,90.32,34.66510772705078,1.8173848405621202,76,4,0,1,1,1,1,0
9032,90.33,35.10988235473633,1.8785856316005591,76,4,0,1,1,1,1,0
9033,90.34,34.81367492675781,1.8346423398791274,76,4,0,1,1,1,1,0
9034,90.35,34.677032470703125,1.7278857803937955,76,4,0,1,1,1,1,0
9035,90.36,34.5907096862793,1.7109365956897937,76,4,0,1,1,1,1,0
9036,90.37,34.78594207763672,1.7288995309942756,76,4,0,1,1,1,1,0
9037,90.38,34.71002960205078,2.0168512266050462,76,4,0,1,1,1,1,0
9038,90.39,34.77510070800781,1.8813814112076923,76,5,1,1,1,1,1,0
9039,90.4,34.622310638427734,1.934217413628211,76,4,0,1,1,1,1,0
9040,90.41,35.001163482666016,1.8891323411117793,76,4,0,1,1,1,1,0
9041,90.42,34.580589294433594,1.7901419769802465,76,4,0,1,1,1,1,0
9042,90.43,34.44696807861328,1.7927943321413378,76,4,0,1,1,1,1,0
9043,90.44,34.606712341308594,2.222361458236726,76,4,0,1,1,1,1,0
9044,90.45,35.010841369628906,2.0090037443799083,76,4,0,1,1,1,1,0
9045,90.46,34.77027893066406,1.8655836371317616,76,4,0,1,1,1,1,0
9046,90.47,34.69015884399414,2.0404851673192166,76,5,1,1,1,1,1,0
9047,90.48,34.83725357055664,1.7051062632040213,76,4,0,1,1,1,1,0
9048,90.49,34.95827102661133,2.0806264168824278,76,5,1,1,1,1,1,0
9049,90.5,34.730201721191406,1.762045585334754,76,5,1,1,1,1,1,0
9050,90.51,35.291683197021484,1.901521700599875,76,5,1,1,1,1,1,0
9051,90.52,35.15428924560547,1.7457383779174005,76,4,0,1,1,1,1,0
9052,90.53,35.42739486694336,1.7974970645393382,76,5,1,1,1,1,1,0
9053,90.54,34.9166374206543,1.9341437727914141,76,5,1,1,1,1,1,0
9054,90.55,35.01593017578125,2.0367374465740387,76,4,0,1,1,1,1,0
9055,90.56,34.91388702392578,1.8589512745946988,76,4,0,1,1,1,1,0
9056,90.57,34.86126708984375,1.903576387753819,76,4,0,1,1,1,1,0
9057,90.58,35.0562858581543,1.8749086452472974,76,5,1,1,1,1,1,0
9058,90.59,35.470909118652344,1.793429907337065,76,5,1,1,1,1,1,0
9059,90.6,35.35562515258789,1.7601126964219518,76,5,1,1,1,1,1,0
9060,90.61,35.44769287109375,1.846626463839511,76,5,1,1,1,1,1,0
9061,90.62,35.34797668457031,1.8792015287513217,76,5,1,1,1,1,1,0
9062,90.63,35.657981872558594,1.8306847630506562,76,4,0,1,1,1,1,0
9063,90.64,35.5256233215332,1.8346137648115024,76,4,0,1,1,1,1,0
9064,90.65,35.559383392333984,1.7553052014105581,76,4,0,1,1,1,1,0
9065,90.66,35.608699798583984,1.7615075555941841,76,4,0,1,1,1,1,0
9066,90.67,35.684898376464844,1.8933031191686316,76,5,1,1,1,1,1,0
9067,90.68,35.934051513671875,1.8320761879871361,76,5,1,1,1,1,1,0
9068,90.69,35.86771011352539,1.8556148223920976,76,5,1,1,1,1,1,0
9069,90.7,35.983848571777344,1.8903182505600162,76,5,1,1,1,1,1,0
9070,90.71,36.46514892578125,1.9541025053947632,76,4,0,1,1,1,1,0
9071,90.72,36.14801788330078,1.842850724151365,76,5,1,1,1,1,1,0
9072,90.73,36.505611419677734,1.7889073213294204,76,5,1,1,1,1,1,0
9073,90.74,36.60066604614258,1.76946348863256,76,4,1,1,1,0,1,0
9074,90.75,36.59346389770508,1.7745456855781445,76,4,1,1,1,0,1,0
9075,90.76,36.466156005859375,1.7597178796632718,76,4,1,1,1,0,1,0
9076,90.77,36.11579132080078,1.714266309923579,76,5,1,1,1,1,1,0
9077,90.78,36.26149368286133,1.724093832204006,76,4,0,1,1,1,1,0
9078,90.79,36.494606018066406,1.876865979889265,76,4,0,1,1,1,1,0
9079,90.8,36.595008850097656,1.7793846103874178,76,4,0,1,1,1,1,0
9080,90.81,36.576358795166016,1.8102966841276984,76,3,0,1,1,0,1,0
9081,90.82,36.57560348510742,1.8817368702251176,76,4,0,1,1,1,1,0
9082,90.83,36.7305908203125,1.8971063604245746,76,4,0,1,1,1,1,0
9083,90.84,36.371334075927734,1.7010030260324953,76,4,0,1,1,1,1,0
9084,90.85,35.964454650878906,1.9622961179974585,76,4,0,1,1,1,1,0
9085,90.86,36.21269989013672,1.6679946426648045,76,4,0,1,1,1,1,0
9086,90.87,36.025108337402344,1.7025342806378356,76,4,0,1,1,1,1,0
9087,90.88,36.10216522216797,1.8102533683754771,76,5,1,1,1,1,1,0
9088,90.89,36.114898681640625,1.592667215105183,76,4,0,1,1,1,1,0
9089,90.9,36.128639221191406,1.8217074456708484,76,4,0,1,1,1,1,0
9090,90.91,36.30095291137695,2.0235123598663907,76,5,1,1,1,1,1,0
9091,90.92,36.157283782958984,2.020920295701878,76,5,1,1,1,1,1,0
9092,90.93,35.87082290649414,1.699466351398503,76,5,1,1,1,1,1,0
9093,90.94,35.787940979003906,1.8041382314887906,76,5,1,1,1,1,1,0
9094,90.95,35.83516311645508,1.906756023558428,76,5,1,1,1,1,1,0
9095,90.96,36.145023345947266,1.943220788098726,76,5,1,1,1,1,1,0
9096,90.97,36.53818893432617,2.0682589970655756,76,4,0,1,1,1,1,0
9097,90.98,36.11273193359375,1.7166547136128636,76,4,1,1,1,1,0,0
9098,90.99,36.257774353027344,1.7720058924342812,76,5,1,1,1,1,1,0
9099,91.0,36.48957061767578,1.7697779362200485,76,5,1,1,1,1,1,0
9100,91.01,35.95503234863281,1.8908742515528445,76,5,1,1,1,1,1,0
9101,91.02,36.06694793701172,1.819584281319254,76,5,1,1,1,1,1,0
9102,91.03,35.63429260253906,1.9070659818645246,76,5,1,1,1,1,1,0
9103,91.04,35.60552215576172,1.855606743240178,76,5,1,1,1,1,1,0
9104,91.05,35.4906005859375,1.9724084219400535,76,5,1,1,1,1,1,0
9105,91.06,35.588497161865234,1.9649946621356253,76,5,1,1,1,1,1,0
9106,91.07,35.764610290527344,2.2486673978014617,76,5,1,1,1,1,1,0
9107,91.08,35.75588607788086,1.7023186773950783,76,5,1,1,1,1,1,0
9108,91.09,35.677555084228516,1.8392149220678717,76,5,1,1,1,1,1,0
9109,91.1,36.067691802978516,1.8331905705253344,76,4,0,1,1,1,1,0
9110,91.11,35.97602462768555,1.8088125888475217,76,5,1,1,1,1,1,0
9111,91.12,36.082244873046875,1.7542526610221432,76,5,1,1,1,1,1,0
9112,91.13,36.11082077026367,1.8171132763790627,76,4,0,1,1,1,1,0
9113,91.14,35.79484939575195,1.725603756721689,76,5,1,1,1,1,1,0
9114,91.15,35.577178955078125,1.827271433693114,76,5,1,1,1,1,1,0
9115,91.16,36.102603912353516,1.8112958655126268,76,5,1,1,1,1,1,0
9116,91.17,36.00346755981445,1.9232755234369974,76,5,1,1,1,1,1,0
9117,91.18,36.205711364746094,2.1482301164131137,76,5,1,1,1,1,1,0
9118,91.19,36.03539276123047,1.866173566732917,76,4,0,1,1,1,1,0
9119,91.2,36.09075164794922,1.6619309815815944,76,5,1,1,1,1,1,0
9120,91.21,35.695533752441406,2.141519171290724,76,4,0,1,1,1,1,0
9121,91.22,35.872100830078125,1.8397288786338999,76,4,0,1,1,1,1,0
9122,91.23,36.08313751220703,1.7465960215138734,76,4,0,1,1,1,1,0
9123,91.24,36.05466079711914,1.7841541258715046,76,4,0,1,1,1,1,0
9124,91.25,36.20286178588867,2.1214343217686493,76,4,0,1,1,1,1,0
9125,91.26,36.18381881713867,2.140053731666599,76,4,0,1,1,1,1,0
9126,91.27,36.26523208618164,1.921697366996559,76,4,0,1,1,1,1,0
9127,91.28,36.41090393066406,1.931556248160699,76,4,0,1,1,1,1,0
9128,91.29,36.25743103027344,1.8797853582723911,76,4,0,1,1,1,1,0
9129,91.3,35.95048522949219,1.9639225482532676,76,4,0,1,1,1,1,0
9130,91.31,36.16249084472656,1.9873107689584593,76,4,0,1,1,1,1,0
9131,91.32,35.967586517333984,2.2042029859467682,76,4,0,1,1,1,1,0
9132,91.33,36.28666687011719,1.8062336323837187,76,5,1,1,1,1,1,0
9133,91.34,36.02356719970703,1.6828537019126257,76,4,0,1,1,1,1,0
9134,91.35,35.975833892822266,1.8306855548793486,76,5,1,1,1,1,1,0
9135,91.36,35.59048843383789,1.8018904410088705,76,5,1,1,1,1,1,0
9136,91.37,35.38710021972656,1.8448287346846575,76,5,1,1,1,1,1,0
9137,91.38,35.525394439697266,1.6208053819321429,76,5,1,1,1,1,1,0
9138,91.39,35.529258728027344,1.7439310318169898,76,5,1,1,1,1,1,0
9139,91.4,35.4313850402832,1.8294778231061721,76,5,1,1,1,1,1,0
9140,91.41,35.31901168823242,1.8387271342994904,76,5,1,1,1,1,1,0
9141,91.42,35.44677734375,1.764114698181166,76,5,1,1,1,1,1,0
9142,91.43,34.880836486816406,1.7543407243100553,76,5,1,1,1,1,1,0
9143,91.44,35.21538543701172,1.9642318559875191,76,4,0,1,1,1,1,0
9144,91.45,35.05491638183594,1.940410855239355,76,4,0,1,1,1,1,0
9145,91.46,35.00033187866211,1.8940968268042793,76,4,0,1,1,1,1,0
9146,91.47,35.256378173828125,1.885234366909468,76,5,1,1,1,1,1,0
9147,91.48,35.08580780029297,1.8222518228669586,76,4,0,1,1,1,1,0
9148,91.49,34.840187072753906,1.8223863689260122,76,5,1,1,1,1,1,0
9149,91.5,34.9592170715332,2.0087051289744937,76,5,1,1,1,1,1,0
9150,91.51,35.574249267578125,1.8040435488867406,76,5,1,1,1,1,1,0
9151,91.52,35.33957290649414,2.0735930384282173,76,5,1,1,1,1,1,0
9152,91.53,34.996826171875,1.7829727183855035,76,5,1,1,1,1,1,0
9153,91.54,35.230220794677734,2.0324802239298134,76,5,1,1,1,1,1,0
9154,91.55,35.56804275512695,1.7767664180841913,76,5,1,1,1,1,1,0
9155,91.56,35.40966033935547,1.8856020326803506,76,5,1,1,1,1,1,0
9156,91.57,35.846351623535156,2.0207693821659327,76,4,0,1,1,1,1,0
9157,91.58,35.397499084472656,1.8743237647809659,76,5,1,1,1,1,1,0
9158,91.59,35.65176010131836,1.8168653191728132,76,5,1,1,1,1,1,0
9159,91.6,35.74776077270508,1.956858951062775,76,5,1,1,1,1,1,0
9160,91.61,35.894935607910156,1.973528532396005,76,5,1,1,1,1,1,0
9161,91.62,35.8243522644043,1.698971093665179,76,5,1,1,1,1,1,0
9162,91.63,35.6476936340332,1.922126842956005,76,5,1,1,1,1,1,0
9163,91.64,35.311622619628906,1.9079864721612336,76,5,1,1,1,1,1,0
9164,91.65,35.418174743652344,1.7534594512081547,76,5,1,1,1,1,1,0
9165,91.66,35.66350173950195,2.0365221304297996,76,4,0,1,1,1,1,0
9166,91.67,35.86974334716797,2.1019504927655497,76,4,0,1,1,1,1,0
9167,91.68,35.60968780517578,2.1618931908424774,76,4,0,1,1,1,1,0
9168,91.69,35.53802490234375,1.791227491389134,76,5,1,1,1,1,1,0
9169,91.7,35.2687873840332,1.905075502682407,76,5,1,1,1,1,1,0
9170,91.71,35.69568634033203,2.090382928405864,76,5,1,1,1,1,1,0
9171,91.72,35.573974609375,2.1009079131349915,76,5,1,1,1,1,1,0
9172,91.73,35.6107177734375,2.0365932119646404,76,5,1,1,1,1,1,0
9173,91.74,35.32184982299805,1.8541610548139842,76,5,1,1,1,1,1,0
9174,91.75,35.408653259277344,1.7659797754484061,76,5,1,1,1,1,1,0
9175,91.76,35.63002395629883,1.9662129610522256,76,5,1,1,1,1,1,0
9176,91.77,36.05719757080078,1.921618382740464,76,5,1,1,1,1,1,0
9177,91.78,35.75051498413086,1.8387235244105684,76,4,0,1,1,1,1,0
9178,91.79,36.20222473144531,2.1463709400553324,76,3,0,1,1,0,1,0
9179,91.8,36.1845703125,2.240535752402263,76,4,0,1,1,1,1,0
9180,91.81,35.73405456542969,1.8320241004708644,76,3,0,0,1,1,1,0
9181,91.82,36.05289077758789,2.1523468920130155,76,5,1,1,1,1,1,0
9182,91.83,35.71901321411133,1.9814466520764837,76,5,1,1,1,1,1,0
9183,91.84,35.974456787109375,2.0834781030572587,76,4,0,1,1,1,1,0
9184,91.85,36.14528274536133,1.8532683062417799,76,5,1,1,1,1,1,0
9185,91.86,36.27476501464844,1.8699173355238254,76,5,1,1,1,1,1,0
9186,91.87,36.60255432128906,1.9739761688844226,76,4,0,1,1,1,1,0
9187,91.88,36.053287506103516,1.8475109004082726,76,5,1,1,1,1,1,0
9188,91.89,36.0218505859375,1.8533493183112095,76,4,0,1,1,1,1,0
9189,91.9,36.17430877685547,2.3390951973423153,76,5,1,1,1,1,1,0
9190,91.91,35.79738998413086,1.8082903726095116,76,5,1,1,1,1,1,0
9191,91.92,35.771026611328125,2.026248593296233,76,5,1,1,1,1,1,0
9192,91.93,35.76850891113281,2.0453564933378074,76,4,0,1,1,1,1,0
9193,91.94,35.62803649902344,2.306536537794553,76,4,0,1,1,1,1,0
9194,91.95,35.627540588378906,1.9090567036000328,76,5,1,1,1,1,1,0
9195,91.96,36.013572692871094,2.1285216947712504,76,5,1,1,1,1,1,0
9196,91.97,35.482444763183594,1.8736566574621272,76,5,1,1,1,1,1,0
9197,91.98,36.153167724609375,2.036096549815394,76,5,1,1,1,1,1,0
9198,91.99,36.152828216552734,1.9495185586612045,76,5,1,1,1,1,1,0
9199,92.0,36.240150451660156,2.015266547742547,76,5,1,1,1,1,1,0
9200,92.01,36.13414001464844,1.7873766270524307,76,5,1,1,1,1,1,0
9201,92.02,36.07307052612305,1.5826867787328833,76,4,0,1,1,1,1,0
9202,92.03,36.08235168457031,2.005638590886805,76,4,0,1,1,1,1,0
9203,92.04,35.97346115112305,1.7409732227888237,76,4,0,1,1,1,1,0
9204,92.05,35.8812255859375,1.8216730346803092,76,4,0,1,1,1,1,0
9205,92.06,35.54690933227539,1.7641117140875109,76,5,1,1,1,1,1,0
9206,92.07,35.93383026123047,1.8640039012389928,76,4,0,1,1,1,1,0
9207,92.08,35.98896789550781,1.8161741031175898,76,5,1,1,1,1,1,0
9208,92.09,36.23760223388672,1.9207795547397386,76,5,1,1,1,1,1,0
9209,92.1,36.33519744873047,1.8572484335445303,76,4,0,1,1,1,1,0
9210,92.11,36.170921325683594,2.0607824776532713,76,3,0,1,1,0,1,0
9211,92.12,36.3902587890625,2.039534584511761,76,3,0,1,1,0,1,0
9212,92.13,36.63853073120117,2.0919328299731252,76,4,1,1,1,0,1,0
9213,92.14,36.087162017822266,1.9984289361736318,76,5,1,1,1,1,1,0
9214,92.15,36.34445571899414,2.070777580437198,76,4,1,1,1,0,1,0
9215,92.16,36.40437316894531,2.0446535065980553,76,4,1,1,1,0,1,0
9216,92.17,35.97174072265625,1.8586822739599924,76,4,1,1,1,0,1,0
9217,92.18,36.06849670410156,1.944889282371734,76,3,0,1,1,0,1,0
9218,92.19,36.20522689819336,2.009906232944872,76,3,0,1,1,0,1,0
9219,92.2,36.02419662475586,1.753219556044446,76,5,1,1,1,1,1,0
9220,92.21,36.031314849853516,1.8033309972280849,76,5,1,1,1,1,1,0
9221,92.22,36.142730712890625,1.9438358162850184,76,4,1,1,1,0,1,0
9222,92.23,36.4681510925293,1.8678546696469052,76,4,1,1,1,0,1,0
9223,92.24,36.35837173461914,2.110088348719697,76,4,1,1,1,0,1,0
9224,92.25,36.16303634643555,2.024647957802375,76,3,0,1,1,0,1,0
9225,92.26,36.013145446777344,2.1135294303247343,76,4,1,1,1,0,1,0
9226,92.27,36.112518310546875,2.0196539720330753,76,5,1,1,1,1,1,0
9227,92.28,35.740150451660156,1.8105791309846455,76,5,1,1,1,1,1,0
9228,92.29,35.519840240478516,1.9964222943972425,76,5,1,1,1,1,1,0
9229,92.3,35.83659362792969,1.9081717004267016,76,4,1,1,1,0,1,0
9230,92.31,35.45989990234375,1.7194747779410346,76,5,1,1,1,1,1,0
9231,92.32,35.453678131103516,1.7657916645724394,76,5,1,1,1,1,1,0
9232,92.33,35.19071960449219,1.9580348038239954,76,5,1,1,1,1,1,0
9233,92.34,35.40418243408203,1.9604356390650794,76,5,1,1,1,1,1,0
9234,92.35,35.359676361083984,1.915332223944577,76,5,1,1,1,1,1,0
9235,92.36,35.41940689086914,2.137775983880208,76,4,0,1,1,1,1,0
9236,92.37,35.41419982910156,2.0773572675857266,76,5,1,1,1,1,1,0
9237,92.38,35.30262756347656,1.8484042008233488,76,5,1,1,1,1,1,0
9238,92.39,35.29158401489258,1.9750718216229086,76,5,1,1,1,1,1,0
9239,92.4,35.312339782714844,2.256948797417324,76,5,1,1,1,1,1,0
9240,92.41,35.31962203979492,1.780731271274315,76,4,0,1,1,1,1,0
9241,92.42,35.51710510253906,2.1784577512217957,76,5,1,1,1,1,1,0
9242,92.43,35.25756072998047,2.0216055089028346,76,4,0,1,1,1,1,0
9243,92.44,35.45725631713867,1.8124306442209772,76,4,0,1,1,1,1,0
9244,92.45,35.39279556274414,1.9949952640345494,76,4,0,1,1,1,1,0
9245,92.46,35.3505744934082,2.0499743338170697,76,5,1,1,1,1,1,0
9246,92.47,35.616493225097656,2.048805396384192,76,4,0,1,1,1,1,0
9247,92.48,36.029788970947266,2.0705761816214574,76,5,1,1,1,1,1,0
9248,92.49,36.03412628173828,2.1254209163527866,76,5,1,1,1,1,1,0
9249,92.5,36.111576080322266,1.7784784624852352,76,5,1,1,1,1,1,0
9250,92.51,36.034786224365234,1.6791674994591312,76,5,1,1,1,1,1,0
9251,92.52,35.453819274902344,1.7276833430626473,76,4,0,1,1,1,1,0
9252,92.53,35.487056732177734,1.910317626434689,76,5,1,1,1,1,1,0
9253,92.54,35.72557067871094,1.854675147730112,76,5,1,1,1,1,1,0
9254,92.55,35.429195404052734,1.9204415322318085,76,4,0,1,1,1,1,0
9255,92.56,35.655120849609375,1.7265252382245333,76,4,0,1,1,1,1,0
9256,92.57,35.55857467651367,1.9783108035126074,76,4,0,1,1,1,1,0
9257,92.58,35.736087799072266,2.0388908999170816,76,5,1,1,1,1,1,0
9258,92.59,35.85230255126953,1.888853905581774,76,5,1,1,1,1,1,0
9259,92.6,35.41414260864258,1.845163671187136,76,5,1,1,1,1,1,0
9260,92.61,35.67204666137695,2.02407782611056,76,5,1,1,1,1,1,0
9261,92.62,35.50859832763672,1.8072318306359345,76,5,1,1,1,1,1,0
9262,92.63,35.732093811035156,2.0344256636153393,76,3,0,1,1,0,1,0
9263,92.64,35.61952590942383,1.918200795858448,76,5,1,1,1,1,1,0
9264,92.65,35.8355598449707,1.7634091218414099,76,5,1,1,1,1,1,0
9265,92.66,35.2159309387207,2.4044293322701704,76,5,1,1,1,1,1,0
9266,92.67,35.32987976074219,2.009134537103084,76,5,1,1,1,1,1,0
9267,92.68,35.603694915771484,2.101111021172234,76,5,1,1,1,1,1,0
9268,92.69,35.45197677612305,2.1640290674702714,76,5,1,1,1,1,1,0
9269,92.7,35.587730407714844,2.2137310965990387,76,4,0,1,1,1,1,0
9270,92.71,36.049339294433594,2.244927077452818,76,4,0,1,1,1,1,0
9271,92.72,35.5303955078125,1.970527672771239,76,4,0,1,1,1,1,0
9272,92.73,36.02052307128906,2.077732641841549,76,4,0,1,1,1,1,0
9273,92.74,35.692283630371094,1.9790310918697023,76,4,0,1,1,1,1,0
9274,92.75,35.3077392578125,1.929353081789849,76,4,0,1,1,1,1,0
9275,92.76,35.31438446044922,1.914178059350177,76,4,0,1,1,1,1,0
9276,92.77,35.6337776184082,1.7575226740399446,76,4,0,1,1,1,1,0
9277,92.78,35.807830810546875,1.9007644545066984,76,4,0,1,1,1,1,0
9278,92.79,35.91193771362305,2.0233633930144164,76,4,0,1,1,1,1,0
9279,92.8,35.90281295776367,1.9470485123825654,76,4,0,1,1,1,1,0
9280,92.81,36.05498123168945,1.8328682231613642,76,4,0,1,1,1,1,0
9281,92.82,36.16973876953125,2.0027484281595234,76,4,0,1,1,1,1,0
9282,92.83,35.87936782836914,2.1568490803382394,76,4,0,1,1,1,1,0
9283,92.84,35.9545783996582,1.8720648184952142,76,4,0,1,1,1,1,0
9284,92.85,35.993099212646484,1.9323341051905274,76,4,0,1,1,1,1,0
9285,92.86,35.92302703857422,2.1674479568847924,76,4,0,1,1,1,1,0
9286,92.87,36.097103118896484,1.9682241539541003,76,4,0,1,1,1,1,0
9287,92.88,36.17543411254883,1.7539862045312808,76,4,0,1,1,1,1,0
9288,92.89,36.08969497680664,1.930308566557942,76,4,0,1,1,1,1,0
9289,92.9,36.09252166748047,1.8402712829337908,76,4,0,1,1,1,1,0
9290,92.91,35.99350357055664,2.062063624232808,76,4,0,1,1,1,1,0
9291,92.92,36.12715530395508,1.7465341988632246,76,4,0,1,1,1,1,0
9292,92.93,36.028526306152344,1.9612451747674116,76,4,0,1,1,1,1,0
9293,92.94,36.2460823059082,2.0383588929155154,76,4,0,1,1,1,1,0
9294,92.95,36.22063446044922,2.1267412909726695,76,4,0,1,1,1,1,0
9295,92.96,36.37457275390625,2.2770112830907325,76,4,0,1,1,1,1,0
9296,92.97,36.28225326538086,1.9211188481680248,76,4,0,1,1,1,1,0
9297,92.98,36.25325012207031,2.0332690491340006,76,5,1,1,1,1,1,0
9298,92.99,35.88520812988281,1.8770979839753397,76,5,1,1,1,1,1,0
9299,93.0,36.15515899658203,1.9653177624867157,76,5,1,1,1,1,1,0
9300,93.01,36.06517028808594,2.232930258448339,76,4,0,1,1,1,1,0
9301,93.02,35.66035842895508,1.9443460395816454,76,4,0,1,1,1,1,0
9302,93.03,35.93413543701172,1.9190373518837782,76,5,1,1,1,1,1,0
9303,93.04,35.7341194152832,2.0516732123068655,76,5,1,1,1,1,1,0
9304,93.05,36.0184211730957,1.7952707130103884,76,4,0,1,1,1,1,0
9305,93.06,35.6641960144043,1.9268100161719948,76,4,0,1,1,1,1,0
9306,93.07,35.390480041503906,2.0542861656672007,76,4,0,1,1,1,1,0
9307,93.08,35.48415756225586,2.094494411319497,76,4,0,1,1,1,1,0
9308,93.09,35.522857666015625,1.9012881022664014,76,5,1,1,1,1,1,0
9309,93.1,35.747520446777344,2.052651296201162,76,4,0,1,1,1,1,0
9310,93.11,35.51972579956055,1.837688615534576,76,4,0,1,1,1,1,0
9311,93.12,35.905460357666016,1.910050887001683,76,4,0,1,1,1,1,0
9312,93.13,35.71503448486328,2.071218583448836,76,5,1,1,1,1,1,0
9313,93.14,35.81828689575195,2.017181263159117,76,5,1,1,1,1,1,0
9314,93.15,35.6308708190918,2.048416322420197,76,4,0,1,1,1,1,0
9315,93.16,35.968360900878906,2.1083895962270485,76,4,0,1,1,1,1,0
9316,93.17,35.932891845703125,1.9399474115249349,76,4,0,1,1,1,1,0
9317,93.18,35.374595642089844,1.8196136165089993,76,5,1,1,1,1,1,0
9318,93.19,35.46735763549805,2.141051891313635,76,4,0,1,1,1,1,0
9319,93.2,35.15341567993164,2.026174343617593,76,5,1,1,1,1,1,0
9320,93.21,35.36701583862305,2.0852362863454115,76,4,0,1,1,1,1,0
9321,93.22,35.59133529663086,2.324587670307101,76,4,0,1,1,1,1,0
9322,93.23,35.96092987060547,1.8138867472530358,76,4,0,1,1,1,1,0
9323,93.24,36.00615692138672,1.8322422061791093,76,4,0,1,1,1,1,0
9324,93.25,35.45818328857422,1.9393069108742744,76,4,0,1,1,1,1,0
9325,93.26,35.574668884277344,1.9052351999270787,76,4,0,1,1,1,1,0
9326,93.27,35.76873016357422,2.103068337579702,76,4,0,1,1,1,1,0
9327,93.28,35.569175720214844,2.1998861907696523,76,4,0,1,1,1,1,0
9328,93.29,35.78688049316406,2.1218879929894547,76,4,0,1,1,1,1,0
9329,93.3,35.61601638793945,2.092386863147314,76,5,1,1,1,1,1,0
9330,93.31,35.68040084838867,1.8386387765652803,76,4,0,1,1,1,1,0
9331,93.32,35.738101959228516,1.99248481238577,76,5,1,1,1,1,1,0
9332,93.33,35.658451080322266,1.9451981062643364,76,5,1,1,1,1,1,0
9333,93.34,35.22590255737305,2.060019081559424,76,4,0,1,1,1,1,0
9334,93.35,35.16672134399414,2.1269909761919434,76,5,1,1,1,1,1,0
9335,93.36,35.22532653808594,2.107773798382675,76,5,1,1,1,1,1,0
9336,93.37,35.050254821777344,1.9888704707750717,76,5,1,1,1,1,1,0
9337,93.38,35.68973159790039,2.009876334718361,76,5,1,1,1,1,1,0
9338,93.39,35.395511627197266,2.0224753971760943,76,5,1,1,1,1,1,0
9339,93.4,35.749122619628906,1.8707508036472134,76,5,1,1,1,1,1,0
9340,93.41,35.73383331298828,1.961072895914223,76,5,1,1,1,1,1,0
9341,93.42,35.43026351928711,2.1083210257543064,76,4,0,1,1,1,1,0
9342,93.43,35.6882209777832,1.817308564530424,76,5,1,1,1,1,1,0
9343,93.44,35.209354400634766,2.233045253490579,76,4,0,1,1,1,1,0
9344,93.45,35.49886703491211,2.1853613157129383,76,5,1,1,1,1,1,0
9345,93.46,35.346805572509766,1.9777273718228303,76,5,1,1,1,1,1,0
9346,93.47,35.18303680419922,1.9410339667674967,76,5,1,1,1,1,1,0
9347,93.48,35.212459564208984,2.14317119043287,76,4,0,1,1,1,1,0
9348,93.49,35.19428634643555,2.0373999410824384,76,4,0,1,1,1,1,0
9349,93.5,35.29323196411133,1.6938417637647742,76,3,0,0,1,1,1,0
9350,93.51,35.17405319213867,2.018564748480159,76,4,0,1,1,1,1,0
9351,93.52,35.52227020263672,2.003545665358291,76,5,1,1,1,1,1,0
9352,93.53,35.418331146240234,2.1029053737069936,76,5,1,1,1,1,1,0
9353,93.54,35.20036315917969,2.066423903371104,76,5,1,1,1,1,1,0
9354,93.55,35.46682357788086,2.180347750868139,76,5,1,1,1,1,1,0
9355,93.56,35.44163513183594,1.768335140906964,76,5,1,1,1,1,1,0
9356,93.57,35.9666748046875,2.0817525970070028,76,5,1,1,1,1,1,0
9357,93.58,36.06839370727539,2.0665182729074933,76,5,1,1,1,1,1,0
9358,93.59,35.828773498535156,2.101003293836493,76,5,1,1,1,1,1,0
9359,93.6,35.5942497253418,2.091241450683968,76,5,1,1,1,1,1,0
9360,93.61,35.83861541748047,2.106939018780972,76,5,1,1,1,1,1,0
9361,93.62,35.490909576416016,2.066545874895532,76,5,1,1,1,1,1,0
9362,93.63,35.35007095336914,1.7732156524306621,76,4,0,1,1,1,1,0
9363,93.64,35.118778228759766,2.1334505055374815,76,5,1,1,1,1,1,0
9364,93.65,35.286678314208984,1.816730490216338,76,4,0,1,1,1,1,0
9365,93.66,35.05091857910156,1.7397994669125083,76,5,1,1,1,1,1,0
9366,93.67,35.1209716796875,1.936953245534355,76,5,1,1,1,1,1,0
9367,93.68,35.5006217956543,2.043575591792619,76,5,1,1,1,1,1,0
9368,93.69,35.55045700073242,2.2249908563714125,76,4,0,1,1,1,1,0
9369,93.7,35.3615837097168,2.2164246831220913,76,4,0,1,1,1,1,0
9370,93.71,35.20366668701172,1.8663560975944602,76,4,0,1,1,1,1,0
9371,93.72,35.28385543823242,1.9709434837092448,76,4,0,1,1,1,1,0
9372,93.73,35.665618896484375,1.9555831024033734,76,5,1,1,1,1,1,0
9373,93.74,35.898704528808594,2.250935436516197,76,4,0,1,1,1,1,0
9374,93.75,35.592124938964844,1.8830262424126516,76,4,0,1,1,1,1,0
9375,93.76,35.83823776245117,1.808557925214023,76,5,1,1,1,1,1,0
9376,93.77,35.967037200927734,2.1262356299673453,76,5,1,1,1,1,1,0
9377,93.78,35.95826721191406,2.0823521416692157,76,5,1,1,1,1,1,0
9378,93.79,35.908912658691406,1.8701392218923276,76,5,1,1,1,1,1,0
9379,93.8,35.782691955566406,2.148157863198224,76,5,1,1,1,1,1,0
9380,93.81,35.354549407958984,1.8711284101143357,76,4,0,1,1,1,1,0
9381,93.82,35.477542877197266,1.9134733013834933,76,4,0,1,1,1,1,0
9382,93.83,35.99091720581055,1.8793641350240358,76,4,0,1,1,1,1,0
9383,93.84,36.2461051940918,2.00750984313182,76,4,0,1,1,1,1,0
9384,93.85,35.80745315551758,2.357815105467706,76,4,0,1,1,1,1,0
9385,93.86,35.545738220214844,1.8689317722340344,76,5,1,1,1,1,1,0
9386,93.87,35.47224807739258,2.0889214539052503,76,4,0,1,1,1,1,0
9387,93.88,35.47119140625,2.1145195035094067,76,5,1,1,1,1,1,0
9388,93.89,35.6434326171875,1.7359792974410577,76,4,0,1,1,1,1,0
9389,93.9,35.7515754699707,1.954606457688675,76,4,0,1,1,1,1,0
9390,93.91,35.69367218017578,1.936828076221406,76,5,1,1,1,1,1,0
9391,93.92,35.649845123291016,2.2091887511932624,76,4,0,1,1,1,1,0
9392,93.93,35.6295280456543,1.8702217876488136,76,5,1,1,1,1,1,0
9393,93.94,35.81883239746094,1.8511836687293606,76,5,1,1,1,1,1,0
9394,93.95,35.44072723388672,2.388578174919546,76,5,1,1,1,1,1,0
9395,93.96,35.39040756225586,2.0278541355436164,76,5,1,1,1,1,1,0
9396,93.97,35.713890075683594,1.974588572471442,76,5,1,1,1,1,1,0
9397,93.98,35.507789611816406,1.8963430664781298,76,5,1,1,1,1,1,0
9398,93.99,35.49024200439453,1.8051345665174874,76,5,1,1,1,1,1,0
9399,94.0,35.84968566894531,2.018735673507564,76,5,1,1,1,1,1,0
9400,94.01,35.644325256347656,2.0081796432965353,76,4,0,1,1,1,1,0
9401,94.02,35.693084716796875,2.1587233408706434,76,4,0,1,1,1,1,0
9402,94.03,35.946353912353516,2.0290364215702503,76,4,0,1,1,1,1,0
9403,94.04,35.820587158203125,1.9303109380113441,76,4,0,1,1,1,1,0
9404,94.05,36.08663558959961,1.977394126250579,76,4,0,1,1,1,1,0
9405,94.06,36.095516204833984,2.0079042978240937,76,5,1,1,1,1,1,0
9406,94.07,35.820091247558594,1.9040446972498521,76,5,1,1,1,1,1,0
9407,94.08,36.193546295166016,1.9585721073555955,76,5,1,1,1,1,1,0
9408,94.09,35.819244384765625,2.073882145185882,76,5,1,1,1,1,1,0
9409,94.1,35.7917366027832,1.9502270985966246,76,5,1,1,1,1,1,0
9410,94.11,36.04389572143555,2.039339434322396,76,5,1,1,1,1,1,0
9411,94.12,35.91241455078125,1.8933136970720086,76,5,1,1,1,1,1,0
9412,94.13,35.618839263916016,2.0744879180343627,76,4,0,1,1,1,1,0
9413,94.14,35.71604919433594,1.8885449778031154,76,5,1,1,1,1,1,0
9414,94.15,35.918861389160156,1.9318906672817955,76,4,0,1,1,1,1,0
9415,94.16,36.20673370361328,2.032397619048933,76,4,0,1,1,1,1,0
9416,94.17,35.91878890991211,2.1243559657237396,76,4,0,1,1,1,1,0
9417,94.18,36.035240173339844,1.8491540020243893,76,4,0,1,1,1,1,0
9418,94.19,36.181480407714844,2.1538375884545444,76,5,1,1,1,1,1,0
9419,94.2,36.087894439697266,2.2323126299326908,76,5,1,1,1,1,1,0
9420,94.21,36.54561233520508,2.296274819288061,76,4,0,1,1,1,1,0
9421,94.22,36.34912872314453,2.085715083539704,76,4,0,1,1,1,1,0
9422,94.23,36.014198303222656,2.242634076690736,76,4,0,1,1,1,1,0
9423,94.24,35.80671691894531,2.3757323327436666,76,5,1,1,1,1,1,0
9424,94.25,35.61574935913086,2.103591740732774,76,4,0,1,1,1,1,0
9425,94.26,35.12357711791992,1.8418509469885247,76,5,1,1,1,1,1,0
9426,94.27,35.18297576904297,1.8901085619589506,76,5,1,1,1,1,1,0
9427,94.28,35.119869232177734,1.9219231455219956,76,4,0,1,1,1,1,0
9428,94.29,35.20211410522461,1.9965163042072476,76,4,0,1,1,1,1,0
9429,94.3,35.37763214111328,2.0574010554105313,76,4,0,1,1,1,1,0
9430,94.31,35.3314208984375,2.1931969149052044,76,4,0,1,1,1,1,0
9431,94.32,35.38850021362305,2.028917722791719,76,4,0,1,1,1,1,0
9432,94.33,35.15711975097656,1.76465402989611,76,5,1,1,1,1,1,0
9433,94.34,35.21158981323242,1.8463227696657782,76,5,1,1,1,1,1,0
9434,94.35,35.021541595458984,1.9209897478463671,76,4,0,1,1,1,1,0
9435,94.36,34.80924606323242,1.829807793381775,76,4,0,1,1,1,1,0
9436,94.37,34.935401916503906,2.1140976740076916,76,4,0,1,1,1,1,0
9437,94.38,35.05417251586914,1.9038437537909985,76,4,0,1,1,1,1,0
9438,94.39,35.108192443847656,2.0964049806240137,76,4,0,1,1,1,1,0
9439,94.4,34.83555603027344,2.204742478888722,76,5,1,1,1,1,1,0
9440,94.41,34.734432220458984,2.21350266111541,76,5,1,1,1,1,1,0
9441,94.42,34.910457611083984,2.327708268081201,76,5,1,1,1,1,1,0
9442,94.43,34.787925720214844,2.149902161974778,76,5,1,1,1,1,1,0
9443,94.44,34.7414436340332,2.0617949937360724,76,5,1,1,1,1,1,0
9444,94.45,35.559898376464844,2.0034461208769647,76,5,1,1,1,1,1,0
9445,94.46,35.22170639038086,2.069830128069644,76,5,1,1,1,1,1,0
9446,94.47,35.129150390625,2.219595863055217,76,5,1,1,1,1,1,0
9447,94.48,35.59730529785156,2.136026515356053,76,5,1,1,1,1,1,0
9448,94.49,35.6092414855957,1.8087022004490372,76,5,1,1,1,1,1,0
9449,94.5,35.59861373901367,2.1142141345807492,76,5,1,1,1,1,1,0
9450,94.51,35.50692367553711,2.2868758126987054,76,5,1,1,1,1,1,0
9451,94.52,35.68148422241211,1.9442183246270746,76,5,1,1,1,1,1,0
9452,94.53,35.42875289916992,2.069809370622913,76,5,1,1,1,1,1,0
9453,94.54,35.28914260864258,2.0300998967684483,76,5,1,1,1,1,1,0
9454,94.55,35.69846725463867,2.037254292845818,76,5,1,1,1,1,1,0
9455,94.56,36.02018737792969,1.7189237341191732,76,5,1,1,1,1,1,0
9456,94.57,35.4948616027832,1.9227268881881876,76,5,1,1,1,1,1,0
9457,94.58,35.375694274902344,2.0565298158410674,76,5,1,1,1,1,1,0
9458,94.59,35.352027893066406,1.952585458291319,76,5,1,1,1,1,1,0
9459,94.6,35.40410232543945,2.025139987206801,76,5,1,1,1,1,1,0
9460,94.61,35.49931716918945,1.7882707147095045,76,5,1,1,1,1,1,0
9461,94.62,35.24943161010742,1.8411724675669214,76,5,1,1,1,1,1,0
9462,94.63,35.00929641723633,1.8993405653371176,76,5,1,1,1,1,1,0
9463,94.64,34.83399963378906,1.977548928607801,76,5,1,1,1,1,1,0
9464,94.65,34.81037902832031,1.9466375914956093,76,5,1,1,1,1,1,0
9465,94.66,34.9423942565918,1.8628488827898368,76,5,1,1,1,1,1,0
9466,94.67,34.90434646606445,1.766493805881594,76,5,1,1,1,1,1,0
9467,94.68,35.12071990966797,1.9278231481297574,76,5,1,1,1,1,1,0
9468,94.69,35.341705322265625,2.121555558041953,76,5,1,1,1,1,1,0
9469,94.7,34.785709381103516,1.869925373250388,76,5,1,1,1,1,1,0
9470,94.71,34.803062438964844,2.035780335574318,76,5,1,1,1,1,1,0
9471,94.72,34.919212341308594,2.061970438358829,76,5,1,1,1,1,1,0
9472,94.73,34.804237365722656,2.045750904215716,76,5,1,1,1,1,1,0
9473,94.74,34.78461456298828,2.1132688402193676,76,5,1,1,1,1,1,0
9474,94.75,34.86866760253906,1.957419891086911,76,5,1,1,1,1,1,0
9475,94.76,34.81340408325195,1.7936573211461564,76,5,1,1,1,1,1,0
9476,94.77,34.64121627807617,1.8840834954271959,76,5,1,1,1,1,1,0
9477,94.78,34.74693298339844,1.94763915597185,76,5,1,1,1,1,1,0
9478,94.79,34.302886962890625,2.1849725821984354,76,5,1,1,1,1,1,0
9479,94.8,34.493438720703125,1.821128589199943,76,5,1,1,1,1,1,0
9480,94.81,34.47979736328125,1.7937922468919607,76,5,1,1,1,1,1,0
9481,94.82,34.58223342895508,1.8378837514900428,76,5,1,1,1,1,1,0
9482,94.83,34.30628204345703,1.899552889779511,76,5,1,1,1,1,1,0
9483,94.84,34.515018463134766,2.1215077548323196,76,5,1,1,1,1,1,0
9484,94.85,34.628578186035156,2.024476062202178,76,5,1,1,1,1,1,0
9485,94.86,34.604156494140625,2.146393960652767,76,5,1,1,1,1,1,0
9486,94.87,34.62760925292969,2.1060376181107423,76,5,1,1,1,1,1,0
9487,94.88,34.54912567138672,2.022548254926687,76,5,1,1,1,1,1,0
9488,94.89,34.33689880371094,2.044851488918742,76,5,1,1,1,1,1,0
9489,94.9,34.08197784423828,1.9029396878514604,76,5,1,1,1,1,1,0
9490,94.91,33.84565734863281,2.0494874847622926,76,5,1,1,1,1,1,0
9491,94.92,34.24459457397461,1.9577989660432862,76,5,1,1,1,1,1,0
9492,94.93,34.56903076171875,1.7739478701910494,76,5,1,1,1,1,1,0
9493,94.94,34.48139190673828,1.8737159959059981,76,5,1,1,1,1,1,0
9494,94.95,34.25692367553711,1.9463317203298616,76,5,1,1,1,1,1,0
9495,94.96,34.6827278137207,2.1035448712587206,76,5,1,1,1,1,1,0
9496,94.97,34.64886474609375,2.0291368350117778,76,5,1,1,1,1,1,0
9497,94.98,34.5685920715332,2.0013487487115103,76,5,1,1,1,1,1,0
9498,94.99,34.111602783203125,1.8721624850984824,76,5,1,1,1,1,1,0
9499,95.0,33.999271392822266,1.9783081425065066,76,5,1,1,1,1,1,0
9500,95.01,34.23181915283203,2.11898270005632,76,5,1,1,1,1,1,0
9501,95.02,34.13387680053711,1.9535918426518721,76,5,1,1,1,1,1,0
9502,95.03,34.13009262084961,1.980755370964763,76,5,1,1,1,1,1,0
9503,95.04,34.391990661621094,2.046909802631558,76,5,1,1,1,1,1,0
9504,95.05,34.65766525268555,2.1794054939185146,76,5,1,1,1,1,1,0
9505,95.06,34.398170471191406,2.1104707165750662,76,5,1,1,1,1,1,0
9506,95.07,34.3596076965332,2.3269935956833154,76,5,1,1,1,1,1,0
9507,95.08,34.51131820678711,2.1567977437889834,76,5,1,1,1,1,1,0
9508,95.09,34.60844802856445,2.2361614143715625,76,5,1,1,1,1,1,0
9509,95.1,34.928932189941406,1.8773903196346815,76,5,1,1,1,1,1,0
9510,95.11,34.957698822021484,2.175820833909168,76,5,1,1,1,1,1,0
9511,95.12,34.80701446533203,2.3408155184241344,76,5,1,1,1,1,1,0
9512,95.13,34.76966857910156,2.1795841303367363,76,5,1,1,1,1,1,0
9513,95.14,34.78095626831055,2.0429421245926562,76,5,1,1,1,1,1,0
9514,95.15,34.76129150390625,2.298824140439337,76,5,1,1,1,1,1,0
9515,95.16,35.00669479370117,1.8065176647378574,76,5,1,1,1,1,1,0
9516,95.17,35.02648162841797,2.3480645105734412,76,5,1,1,1,1,1,0
9517,95.18,35.113094329833984,2.056533989426944,76,5,1,1,1,1,1,0
9518,95.19,34.890193939208984,2.201479660448168,76,5,1,1,1,1,1,0
9519,95.2,34.98381042480469,2.052729587145698,76,5,1,1,1,1,1,0
9520,95.21,35.00612258911133,2.4213409050856334,76,5,1,1,1,1,1,0
9521,95.22,35.021888732910156,2.446603133228968,76,5,1,1,1,1,1,0
9522,95.23,34.91910934448242,2.1377580453490186,76,5,1,1,1,1,1,0
9523,95.24,34.899471282958984,2.3182115856977106,76,5,1,1,1,1,1,0
9524,95.25,35.14620590209961,2.3316508909095988,76,5,1,1,1,1,1,0
9525,95.26,34.96762466430664,2.1472302836999773,76,5,1,1,1,1,1,0
9526,95.27,34.95745849609375,2.5604870750098003,76,5,1,1,1,1,1,0
9527,95.28,34.845760345458984,2.1349697137770605,76,5,1,1,1,1,1,0
9528,95.29,34.80636215209961,2.266919735795782,76,5,1,1,1,1,1,0
9529,95.3,34.930992126464844,2.2811801620173213,76,5,1,1,1,1,1,0
9530,95.31,35.07450485229492,1.7294222445828218,76,5,1,1,1,1,1,0
9531,95.32,35.17546081542969,1.8407930473035248,76,5,1,1,1,1,1,0
9532,95.33,35.46754837036133,1.8140860416509916,76,5,1,1,1,1,1,0
9533,95.34,35.38467788696289,1.897027478402438,76,5,1,1,1,1,1,0
9534,95.35,35.19917678833008,1.8390477287110905,76,5,1,1,1,1,1,0
9535,95.36,35.35997772216797,1.805824114480741,76,5,1,1,1,1,1,0
9536,95.37,35.05571365356445,1.7418659158781151,76,5,1,1,1,1,1,0
9537,95.38,35.05742645263672,1.7301157459513157,76,5,1,1,1,1,1,0
9538,95.39,34.90353775024414,1.8081241594861128,76,5,1,1,1,1,1,0
9539,95.4,35.054832458496094,1.7436706113721332,76,5,1,1,1,1,1,0
9540,95.41,34.97753143310547,1.798805899534041,76,5,1,1,1,1,1,0
9541,95.42,35.095088958740234,1.8513805966217256,76,5,1,1,1,1,1,0
9542,95.43,35.086849212646484,1.656532913638333,76,5,1,1,1,1,1,0
9543,95.44,35.085330963134766,1.8327015331699916,76,5,1,1,1,1,1,0
9544,95.45,35.299110412597656,1.9148094285631034,76,5,1,1,1,1,1,0
9545,95.46,35.2368278503418,1.8442105423305946,76,5,1,1,1,1,1,0
9546,95.47,35.37431335449219,1.7762365627759529,76,5,1,1,1,1,1,0
9547,95.48,35.53392028808594,1.7194477276991436,76,5,1,1,1,1,1,0
9548,95.49,35.36738586425781,1.7156617719038807,76,5,1,1,1,1,1,0
9549,95.5,35.16877365112305,1.807371821629977,76,5,1,1,1,1,1,0
9550,95.51,35.20499801635742,1.788270821362636,76,5,1,1,1,1,1,0
9551,95.52,35.48080062866211,1.9431386542423152,76,5,1,1,1,1,1,0
9552,95.53,35.539207458496094,1.8432023965095343,76,5,1,1,1,1,1,0
9553,95.54,35.65776443481445,2.0647011292632476,76,5,1,1,1,1,1,0
9554,95.55,35.63204574584961,1.718280653257754,76,5,1,1,1,1,1,0
9555,95.56,35.84903335571289,1.6925130093672096,76,5,1,1,1,1,1,0
9556,95.57,35.8765754699707,1.9422158256067625,76,5,1,1,1,1,1,0
9557,95.58,35.65142059326172,2.0985209504471074,76,5,1,1,1,1,1,0
9558,95.59,35.894309997558594,1.765673163753218,76,5,1,1,1,1,1,0
9559,95.6,36.0267219543457,1.8869554692691688,76,5,1,1,1,1,1,0
9560,95.61,35.677757263183594,1.8201362726596082,76,5,1,1,1,1,1,0
9561,95.62,35.508968353271484,1.8423915463670748,76,5,1,1,1,1,1,0
9562,95.63,35.59968948364258,1.6805407026493695,76,5,1,1,1,1,1,0
9563,95.64,35.74470520019531,1.7216905500868345,76,5,1,1,1,1,1,0
9564,95.65,35.54531478881836,1.8623124807363005,76,5,1,1,1,1,1,0
9565,95.66,35.439903259277344,1.861832096657203,76,5,1,1,1,1,1,0
9566,95.67,35.8812370300293,1.776147480318124,76,5,1,1,1,1,1,0
9567,95.68,35.5747184753418,1.9553475151623922,76,5,1,1,1,1,1,0
9568,95.69,35.29209518432617,1.8583308008812292,76,5,1,1,1,1,1,0
9569,95.7,35.44064712524414,1.8937010922888198,76,5,1,1,1,1,1,0
9570,95.71,35.49645233154297,1.7480596403244901,76,5,1,1,1,1,1,0
9571,95.72,35.54841995239258,1.8360291865448806,76,5,1,1,1,1,1,0
9572,95.73,34.95469665527344,1.6888136407192353,76,5,1,1,1,1,1,0
9573,95.74,35.0662956237793,1.8140842332232012,76,5,1,1,1,1,1,0
9574,95.75,34.873165130615234,1.7578098246517617,76,5,1,1,1,1,1,0
9575,95.76,34.800132751464844,1.7300276623044493,76,5,1,1,1,1,1,0
9576,95.77,34.926212310791016,1.9239732607233455,76,5,1,1,1,1,1,0
9577,95.78,34.89473342895508,1.7978559533755325,76,5,1,1,1,1,1,0
9578,95.79,34.82447814941406,1.7448763994349772,76,5,1,1,1,1,1,0
9579,95.8,35.162742614746094,1.8328379345739558,76,5,1,1,1,1,1,0
9580,95.81,34.790767669677734,1.9267871438077804,76,5,1,1,1,1,1,0
9581,95.82,34.72330093383789,1.8661490313106073,76,5,1,1,1,1,1,0
9582,95.83,34.971893310546875,1.9752738426724592,76,5,1,1,1,1,1,0
9583,95.84,35.079288482666016,1.733292482241441,76,5,1,1,1,1,1,0
9584,95.85,35.26723861694336,1.780613914670436,76,5,1,1,1,1,1,0
9585,95.86,35.13693618774414,1.817609173264722,76,5,1,1,1,1,1,0
9586,95.87,35.298946380615234,2.0109245747423308,76,5,1,1,1,1,1,0
9587,95.88,35.101905822753906,1.6795242980411278,76,5,1,1,1,1,1,0
9588,95.89,34.995704650878906,1.773611292938,76,5,1,1,1,1,1,0
9589,95.9,35.257694244384766,1.9986479744061862,76,5,1,1,1,1,1,0
9590,95.91,35.09163284301758,1.7555623966774057,76,5,1,1,1,1,1,0
9591,95.92,35.104644775390625,2.0491177576247814,76,5,1,1,1,1,1,0
9592,95.93,35.149986267089844,1.8257643370528591,76,5,1,1,1,1,1,0
9593,95.94,35.359432220458984,1.8320253706444833,76,4,1,1,1,0,1,0
9594,95.95,35.252140045166016,1.8435328071594217,76,5,1,1,1,1,1,0
9595,95.96,35.4083137512207,1.9988504180603066,76,5,1,1,1,1,1,0
9596,95.97,35.248680114746094,1.7802545498387732,76,5,1,1,1,1,1,0
9597,95.98,35.55970001220703,1.7801983317786858,76,5,1,1,1,1,1,0
9598,95.99,35.544090270996094,1.7209587583370867,76,5,1,1,1,1,1,0
9599,96.0,35.30542755126953,1.6964105261248612,76,5,1,1,1,1,1,0
9600,96.01,35.53200912475586,1.930258339309567,76,5,1,1,1,1,1,0
9601,96.02,35.44982147216797,1.8106590192574548,76,5,1,1,1,1,1,0
9602,96.03,35.46497344970703,1.8267744844742893,76,5,1,1,1,1,1,0
9603,96.04,35.137298583984375,1.7439622739198308,76,5,1,1,1,1,1,0
9604,96.05,35.65460205078125,2.017402274074125,76,5,1,1,1,1,1,0
9605,96.06,35.47591781616211,1.89960300514723,76,5,1,1,1,1,1,0
9606,96.07,35.130638122558594,1.9639239079176405,76,5,1,1,1,1,1,0
9607,96.08,35.30301284790039,1.6315912672961628,76,5,1,1,1,1,1,0
9608,96.09,35.15908432006836,1.916789919052604,76,5,1,1,1,1,1,0
9609,96.1,35.4577522277832,1.7489755939053717,76,5,1,1,1,1,1,0
9610,96.11,35.379791259765625,1.7397388718410247,76,5,1,1,1,1,1,0
9611,96.12,35.2652587890625,1.64271155913325,76,5,1,1,1,1,1,0
9612,96.13,35.1963996887207,1.883107635409738,76,5,1,1,1,1,1,0
9613,96.14,34.841575622558594,2.017817940136894,76,5,1,1,1,1,1,0
9614,96.15,35.14565658569336,2.0554381174202687,76,5,1,1,1,1,1,0
9615,96.16,35.326988220214844,1.8616649878814182,76,5,1,1,1,1,1,0
9616,96.17,35.024662017822266,1.8697855160435883,76,5,1,1,1,1,1,0
9617,96.18,35.14687728881836,2.1206295511165134,76,5,1,1,1,1,1,0
9618,96.19,34.89748001098633,1.8221124307625145,76,5,1,1,1,1,1,0
9619,96.2,35.01301956176758,1.8797292149173561,76,5,1,1,1,1,1,0
9620,96.21,34.46524429321289,1.8084785136418153,76,5,1,1,1,1,1,0
9621,96.22,34.50226593017578,2.002645701093291,76,5,1,1,1,1,1,0
9622,96.23,34.371116638183594,1.908742451936686,76,5,1,1,1,1,1,0
9623,96.24,34.411651611328125,1.8629567180102036,76,5,1,1,1,1,1,0
9624,96.25,34.406715393066406,1.8414651825687958,76,5,1,1,1,1,1,0
9625,96.26,34.47251892089844,1.913791520205252,76,5,1,1,1,1,1,0
9626,96.27,34.508018493652344,1.810137862545922,76,5,1,1,1,1,1,0
9627,96.28,34.479251861572266,1.9468146551862282,76,5,1,1,1,1,1,0
9628,96.29,34.47008514404297,1.8111842173226569,76,5,1,1,1,1,1,0
9629,96.3,34.353172302246094,1.7937926296824427,76,5,1,1,1,1,1,0
9630,96.31,34.447021484375,1.9835367539458175,76,5,1,1,1,1,1,0
9631,96.32,34.5574951171875,1.8609659307895674,76,5,1,1,1,1,1,0
9632,96.33,34.65144348144531,1.9568328040043035,76,5,1,1,1,1,1,0
9633,96.34,34.6534309387207,2.0150718112072386,76,5,1,1,1,1,1,0
9634,96.35,34.85410690307617,1.739735297764576,76,5,1,1,1,1,1,0
9635,96.36,34.57156753540039,1.8158736349503757,76,5,1,1,1,1,1,0
9636,96.37,34.647159576416016,1.8346398863508022,76,5,1,1,1,1,1,0
9637,96.38,34.79163360595703,1.8835344618836292,76,5,1,1,1,1,1,0
9638,96.39,34.601287841796875,1.8023031174318833,76,5,1,1,1,1,1,0
9639,96.4,35.002628326416016,1.6653541678589976,76,5,1,1,1,1,1,0
9640,96.41,35.32550048828125,1.6075414730009994,76,5,1,1,1,1,1,0
9641,96.42,35.26304626464844,2.0122165494608137,76,5,1,1,1,1,1,0
9642,96.43,35.238128662109375,1.8863694099519666,76,5,1,1,1,1,1,0
9643,96.44,35.3839111328125,1.771607869359011,76,5,1,1,1,1,1,0
9644,96.45,35.63496017456055,1.7735269827027766,76,5,1,1,1,1,1,0
9645,96.46,35.302608489990234,1.7666922711135462,76,5,1,1,1,1,1,0
9646,96.47,35.32463836669922,1.6521551421825782,76,5,1,1,1,1,1,0
9647,96.48,35.326927185058594,1.7477391026357536,76,5,1,1,1,1,1,0
9648,96.49,35.11772537231445,1.8898169825584383,76,5,1,1,1,1,1,0
9649,96.5,35.165287017822266,1.7561913913806506,76,5,1,1,1,1,1,0
9650,96.51,35.08046340942383,1.8040512457401954,76,5,1,1,1,1,1,0
9651,96.52,35.285160064697266,1.818929841373757,76,5,1,1,1,1,1,0
9652,96.53,35.39787292480469,1.9164795628485283,76,5,1,1,1,1,1,0
9653,96.54,35.42872619628906,1.9463263500818482,76,5,1,1,1,1,1,0
9654,96.55,35.27843475341797,1.7463947700995592,76,5,1,1,1,1,1,0
9655,96.56,35.606388092041016,1.7516293370684877,76,5,1,1,1,1,1,0
9656,96.57,35.713470458984375,1.9317647750031244,76,5,1,1,1,1,1,0
9657,96.58,35.53986358642578,1.7056079700178957,76,5,1,1,1,1,1,0
9658,96.59,35.25074768066406,1.8386406645694058,76,5,1,1,1,1,1,0
9659,96.6,35.032554626464844,1.9999539072705474,76,5,1,1,1,1,1,0
9660,96.61,35.416831970214844,1.8360319291032945,76,5,1,1,1,1,1,0
9661,96.62,35.49051284790039,2.0179443996886164,76,5,1,1,1,1,1,0
9662,96.63,35.091373443603516,1.9668508674030862,76,5,1,1,1,1,1,0
9663,96.64,34.804500579833984,1.7183974496458734,76,5,1,1,1,1,1,0
9664,96.65,35.086551666259766,1.9623934149716968,76,5,1,1,1,1,1,0
9665,96.66,34.96786117553711,1.8106881830363573,76,5,1,1,1,1,1,0
9666,96.67,35.12516784667969,1.7503409649730728,76,5,1,1,1,1,1,0
9667,96.68,35.057891845703125,1.6814602164483268,76,5,1,1,1,1,1,0
9668,96.69,34.90090560913086,1.9109205414482309,76,5,1,1,1,1,1,0
9669,96.7,34.915531158447266,1.8475919584515463,76,5,1,1,1,1,1,0
9670,96.71,35.002357482910156,1.8496231742931553,76,5,1,1,1,1,1,0
9671,96.72,35.00612258911133,1.7869846959654965,76,5,1,1,1,1,1,0
9672,96.73,35.03312683105469,1.8567911932167511,76,5,1,1,1,1,1,0
9673,96.74,34.97248077392578,1.8285788857966765,76,5,1,1,1,1,1,0
9674,96.75,35.113487243652344,1.8122060914871518,76,5,1,1,1,1,1,0
9675,96.76,35.18547821044922,1.8334905102585415,76,5,1,1,1,1,1,0
9676,96.77,34.91777801513672,1.8245835648037372,76,5,1,1,1,1,1,0
9677,96.78,35.03490447998047,1.777330623675218,76,5,1,1,1,1,1,0
9678,96.79,35.35590744018555,1.6824070553145793,76,5,1,1,1,1,1,0
9679,96.8,34.69858932495117,1.8239797864471112,76,5,1,1,1,1,1,0
9680,96.81,34.941162109375,1.6561712079592572,76,5,1,1,1,1,1,0
9681,96.82,35.01432418823242,1.793849995347241,76,5,1,1,1,1,1,0
9682,96.83,35.00946807861328,1.8422269604907209,76,5,1,1,1,1,1,0
9683,96.84,34.691673278808594,1.8271840251602636,76,5,1,1,1,1,1,0
9684,96.85,35.097564697265625,1.9143942378401375,76,5,1,1,1,1,1,0
9685,96.86,35.206050872802734,1.7069867709120763,76,5,1,1,1,1,1,0
9686,96.87,35.39640808105469,1.7252545862776003,76,5,1,1,1,1,1,0
9687,96.88,35.000179290771484,1.7515106185926312,76,5,1,1,1,1,1,0
9688,96.89,35.1990966796875,1.7027326060307535,76,5,1,1,1,1,1,0
9689,96.9,35.27854919433594,1.7928187011739276,76,5,1,1,1,1,1,0
9690,96.91,35.21300506591797,1.7925930110855475,76,5,1,1,1,1,1,0
9691,96.92,34.82536315917969,1.8202465334785725,76,5,1,1,1,1,1,0
9692,96.93,34.771209716796875,1.7535630928340509,76,5,1,1,1,1,1,0
9693,96.94,34.58537673950195,1.7809271217453297,76,5,1,1,1,1,1,0
9694,96.95,34.71419906616211,1.8258377735877502,76,5,1,1,1,1,1,0
9695,96.96,34.50244903564453,1.7346153831206341,76,5,1,1,1,1,1,0
9696,96.97,34.45937728881836,1.7729645036230517,76,5,1,1,1,1,1,0
9697,96.98,34.741058349609375,1.7633213383721362,76,5,1,1,1,1,1,0
9698,96.99,34.7496337890625,1.7042895978845654,76,5,1,1,1,1,1,0
9699,97.0,34.794891357421875,2.028025406239206,76,5,1,1,1,1,1,0
9700,97.01,34.830894470214844,1.7436189020605881,76,5,1,1,1,1,1,0
9701,97.02,35.003334045410156,1.79265086200529,76,5,1,1,1,1,1,0
9702,97.03,35.014732360839844,1.9508149612646632,76,5,1,1,1,1,1,0
9703,97.04,34.83336639404297,1.7973876154061168,76,5,1,1,1,1,1,0
9704,97.05,34.97365951538086,1.7593778429625888,76,5,1,1,1,1,1,0
9705,97.06,34.606876373291016,1.911360142733088,76,5,1,1,1,1,1,0
9706,97.07,34.95572280883789,1.588648814801868,76,5,1,1,1,1,1,0
9707,97.08,35.057857513427734,1.6777408196314192,76,5,1,1,1,1,1,0
9708,97.09,34.84935760498047,1.895708464801025,76,5,1,1,1,1,1,0
9709,97.1,34.9370231628418,1.7483717191213766,76,5,1,1,1,1,1,0
9710,97.11,34.89884567260742,1.7559640350512922,76,5,1,1,1,1,1,0
9711,97.12,34.668121337890625,1.8576668008684407,76,5,1,1,1,1,1,0
9712,97.13,34.48316955566406,1.892982725721048,76,5,1,1,1,1,1,0
9713,97.14,34.45466613769531,1.7653566236930058,76,5,1,1,1,1,1,0
9714,97.15,34.729034423828125,1.975477329964621,76,5,1,1,1,1,1,0
9715,97.16,35.09453201293945,1.747540515013148,76,5,1,1,1,1,1,0
9716,97.17,34.809043884277344,1.813669715336322,76,5,1,1,1,1,1,0
9717,97.18,34.77722930908203,1.9297068461386666,76,5,1,1,1,1,1,0
9718,97.19,34.48435592651367,1.8789351836500223,76,5,1,1,1,1,1,0
9719,97.2,34.31604766845703,1.81730757795451,76,5,1,1,1,1,1,0
9720,97.21,34.39976501464844,1.807343110900755,76,5,1,1,1,1,1,0
9721,97.22,34.66930389404297,1.721919729001457,76,5,1,1,1,1,1,0
9722,97.23,34.968807220458984,1.9095805145909373,76,5,1,1,1,1,1,0
9723,97.24,34.73655700683594,1.8861854787919037,76,5,1,1,1,1,1,0
9724,97.25,35.03705978393555,1.6605463861606924,76,5,1,1,1,1,1,0
9725,97.26,34.8245735168457,1.7148190060869137,76,5,1,1,1,1,1,0
9726,97.27,34.762420654296875,1.9369595083178712,76,5,1,1,1,1,1,0
9727,97.28,34.341983795166016,1.7012030547567836,76,5,1,1,1,1,1,0
9728,97.29,34.395774841308594,1.675978233618811,76,5,1,1,1,1,1,0
9729,97.3,34.219085693359375,1.738217079225136,76,5,1,1,1,1,1,0
9730,97.31,34.26954650878906,1.785999429910355,76,5,1,1,1,1,1,0
9731,97.32,34.124794006347656,1.8668172276093575,76,5,1,1,1,1,1,0
9732,97.33,34.11209487915039,1.833631970769168,76,5,1,1,1,1,1,0
9733,97.34,33.74384307861328,1.9161674442925207,76,5,1,1,1,1,1,0
9734,97.35,34.15406799316406,1.7901080460192937,76,5,1,1,1,1,1,0
9735,97.36,33.90079879760742,2.0968079326634714,76,5,1,1,1,1,1,0
9736,97.37,34.316932678222656,1.7087425596784382,76,5,1,1,1,1,1,0
9737,97.38,34.4658203125,2.148586889703057,76,5,1,1,1,1,1,0
9738,97.39,34.63963317871094,1.6557764026608892,76,5,1,1,1,1,1,0
9739,97.4,34.73352813720703,2.1077262074650243,76,5,1,1,1,1,1,0
9740,97.41,34.41547393798828,1.7781183871676076,76,5,1,1,1,1,1,0
9741,97.42,34.397727966308594,1.8236710659252349,76,5,1,1,1,1,1,0
9742,97.43,34.35938262939453,1.750543789327665,76,5,1,1,1,1,1,0
9743,97.44,34.53853988647461,1.6622270953846077,76,5,1,1,1,1,1,0
9744,97.45,34.319183349609375,1.83668530150448,76,5,1,1,1,1,1,0
9745,97.46,34.627960205078125,1.7599405677534015,76,5,1,1,1,1,1,0
9746,97.47,34.44367980957031,1.8074559672034527,76,5,1,1,1,1,1,0
9747,97.48,34.97574996948242,1.760282056071002,76,5,1,1,1,1,1,0
9748,97.49,34.30322265625,1.8679379898711164,76,5,1,1,1,1,1,0
9749,97.5,34.15620422363281,1.7347650603069664,76,5,1,1,1,1,1,0
9750,97.51,34.29960632324219,1.8731284824886307,76,5,1,1,1,1,1,0
9751,97.52,34.13055419921875,1.766833444658794,76,5,1,1,1,1,1,0
9752,97.53,34.286556243896484,1.952078248421976,76,5,1,1,1,1,1,0
9753,97.54,33.940731048583984,2.15956365063984,76,5,1,1,1,1,1,0
9754,97.55,34.437705993652344,1.9230207776243184,76,5,1,1,1,1,1,0
9755,97.56,34.40538787841797,1.8431528379519597,76,5,1,1,1,1,1,0
9756,97.57,34.29845428466797,1.7477382732232554,76,5,1,1,1,1,1,0
9757,97.58,34.66289520263672,1.8348054438888202,76,5,1,1,1,1,1,0
9758,97.59,34.38877868652344,1.674988969922786,76,5,1,1,1,1,1,0
9759,97.6,33.96533966064453,2.0317998797505488,76,5,1,1,1,1,1,0
9760,97.61,34.251983642578125,1.7274533388573379,76,5,1,1,1,1,1,0
9761,97.62,34.282222747802734,1.8907427834910997,76,5,1,1,1,1,1,0
9762,97.63,34.67481994628906,1.8955213947791572,76,5,1,1,1,1,1,0
9763,97.64,34.78056335449219,1.878453709637221,76,5,1,1,1,1,1,0
9764,97.65,34.67678451538086,1.9227871922241948,76,5,1,1,1,1,1,0
9765,97.66,35.13456726074219,1.758270387422762,76,5,1,1,1,1,1,0
9766,97.67,35.40410232543945,1.9784107257302983,76,5,1,1,1,1,1,0
9767,97.68,34.953704833984375,1.9393308551299235,76,5,1,1,1,1,1,0
9768,97.69,35.089725494384766,1.7755566496225978,76,5,1,1,1,1,1,0
9769,97.7,35.11611557006836,1.9275343250458652,76,5,1,1,1,1,1,0
9770,97.71,35.305381774902344,2.009002301290594,76,5,1,1,1,1,1,0
9771,97.72,35.401214599609375,1.8666015882517073,76,5,1,1,1,1,1,0
9772,97.73,35.43037414550781,1.8559651449635388,76,5,1,1,1,1,1,0
9773,97.74,35.24778747558594,1.7415810428511538,76,5,1,1,1,1,1,0
9774,97.75,35.485164642333984,1.8713123331063466,76,5,1,1,1,1,1,0
9775,97.76,35.38602828979492,2.1188962301538607,76,5,1,1,1,1,1,0
9776,97.77,35.1138916015625,1.9570920953359412,76,5,1,1,1,1,1,0
9777,97.78,35.21040344238281,2.162429827487414,76,5,1,1,1,1,1,0
9778,97.79,35.31214141845703,2.3162682472436202,76,5,1,1,1,1,1,0
9779,97.8,35.256935119628906,2.063148821521372,76,5,1,1,1,1,1,0
9780,97.81,35.14497375488281,2.051775771508681,76,5,1,1,1,1,1,0
9781,97.82,35.38358688354492,2.30151915096238,76,5,1,1,1,1,1,0
9782,97.83,35.128814697265625,2.122405946264157,76,5,1,1,1,1,1,0
9783,97.84,34.83457946777344,1.9740608072204275,76,5,1,1,1,1,1,0
9784,97.85,35.17384338378906,1.7325410348706436,76,5,1,1,1,1,1,0
9785,97.86,35.02322769165039,1.6994973334891297,76,5,1,1,1,1,1,0
9786,97.87,34.721710205078125,2.048729171236394,76,5,1,1,1,1,1,0
9787,97.88,34.91872024536133,1.919089264242506,76,5,1,1,1,1,1,0
9788,97.89,34.6497688293457,2.037742754185042,76,5,1,1,1,1,1,0
9789,97.9,34.63983154296875,1.8222503365521077,76,5,1,1,1,1,1,0
9790,97.91,34.94938659667969,2.008780821948988,76,5,1,1,1,1,1,0
9791,97.92,35.05183792114258,2.218736174040434,76,5,1,1,1,1,1,0
9792,97.93,35.10608673095703,1.8293695157972094,76,5,1,1,1,1,1,0
9793,97.94,35.17579650878906,1.9268122335363518,76,5,1,1,1,1,1,0
9794,97.95,35.048587799072266,2.000647121264135,76,5,1,1,1,1,1,0
9795,97.96,34.873748779296875,2.0108194956155026,76,5,1,1,1,1,1,0
9796,97.97,34.95488357543945,2.0004513811027467,76,5,1,1,1,1,1,0
9797,97.98,34.92957305908203,1.8094711517509687,76,5,1,1,1,1,1,0
9798,97.99,35.38978576660156,1.7956343594117843,76,5,1,1,1,1,1,0
9799,98.0,35.367008209228516,1.979369727884402,76,5,1,1,1,1,1,0
9800,98.01,35.15532684326172,1.6852590254363773,76,5,1,1,1,1,1,0
9801,98.02,35.27867126464844,1.9304627775911833,76,5,1,1,1,1,1,0
9802,98.03,35.176719665527344,2.013107914642649,76,4,1,1,1,1,0,0
9803,98.04,35.00803756713867,1.8756565761270034,76,5,1,1,1,1,1,0
9804,98.05,35.20398712158203,2.3622382054003572,76,5,1,1,1,1,1,0
9805,98.06,34.93000411987305,2.1266119374649493,76,5,1,1,1,1,1,0
9806,98.07,35.21525192260742,2.2024970500850873,76,5,1,1,1,1,1,0
9807,98.08,34.72798538208008,2.2011576862920323,76,5,1,1,1,1,1,0
9808,98.09,34.587772369384766,2.2251541365518706,76,5,1,1,1,1,1,0
9809,98.1,34.55588150024414,2.0960426194353254,76,5,1,1,1,1,1,0
9810,98.11,34.28334045410156,2.071856114563329,76,5,1,1,1,1,1,0
9811,98.12,33.81121826171875,2.3062109815000276,76,5,1,1,1,1,1,0
9812,98.13,34.166412353515625,2.3036228632201072,76,5,1,1,1,1,1,0
9813,98.14,34.19633102416992,2.08752612874881,76,5,1,1,1,1,1,0
9814,98.15,33.75975036621094,2.200953619544779,76,5,1,1,1,1,1,0
9815,98.16,33.88655090332031,2.112150506192348,76,5,1,1,1,1,1,0
9816,98.17,33.97293472290039,2.117380339616287,76,5,1,1,1,1,1,0
9817,98.18,34.09160614013672,1.9676117276175877,76,5,1,1,1,1,1,0
9818,98.19,34.078426361083984,2.082434316945506,76,5,1,1,1,1,1,0
9819,98.2,34.2224235534668,1.8487041690053663,76,5,1,1,1,1,1,0
9820,98.21,34.48420333862305,2.1197380213598347,76,5,1,1,1,1,1,0
9821,98.22,34.24260330200195,1.8134500490319678,76,5,1,1,1,1,1,0
9822,98.23,34.095367431640625,1.8435288756110784,76,5,1,1,1,1,1,0
9823,98.24,34.19748306274414,1.8517259932501369,76,5,1,1,1,1,1,0
9824,98.25,34.1383171081543,1.7298499599201433,76,5,1,1,1,1,1,0
9825,98.26,33.83917999267578,2.1349240513380976,76,5,1,1,1,1,1,0
9826,98.27,33.98025131225586,2.211741293268679,76,5,1,1,1,1,1,0
9827,98.28,34.16696548461914,1.691417606057672,76,5,1,1,1,1,1,0
9828,98.29,34.07559585571289,1.949691349769148,76,5,1,1,1,1,1,0
9829,98.3,33.86576461791992,1.7165392209332444,76,5,1,1,1,1,1,0
9830,98.31,33.68808364868164,2.0027229945108314,76,5,1,1,1,1,1,0
9831,98.32,33.9263916015625,2.1772006520861455,76,5,1,1,1,1,1,0
9832,98.33,34.02069091796875,1.6451450290979996,76,5,1,1,1,1,1,0
9833,98.34,34.0069694519043,2.2157159795997403,76,5,1,1,1,1,1,0
9834,98.35,34.097137451171875,2.260667472789368,76,5,1,1,1,1,1,0
9835,98.36,33.96983337402344,1.7589500642129134,76,5,1,1,1,1,1,0
9836,98.37,34.03294372558594,1.7906738317235777,76,5,1,1,1,1,1,0
9837,98.38,34.217044830322266,1.8567182207645567,76,5,1,1,1,1,1,0
9838,98.39,34.15544128417969,1.8540258929536848,76,5,1,1,1,1,1,0
9839,98.4,34.122283935546875,1.9565764613202787,76,5,1,1,1,1,1,0
9840,98.41,34.226715087890625,1.6904744375050968,76,5,1,1,1,1,1,0
9841,98.42,34.04518508911133,1.8837730968307622,76,5,1,1,1,1,1,0
9842,98.43,34.088531494140625,1.6936058572086492,76,5,1,1,1,1,1,0
9843,98.44,33.91801834106445,1.8481120894917211,76,5,1,1,1,1,1,0
9844,98.45,34.10770797729492,1.6952578638232416,76,4,1,1,1,1,0,0
9845,98.46,34.2548713684082,1.7498851603375905,76,5,1,1,1,1,1,0
9846,98.47,34.252662658691406,1.7581190010751802,76,5,1,1,1,1,1,0
9847,98.48,34.205047607421875,1.6981763514241548,76,5,1,1,1,1,1,0
9848,98.49,34.38101577758789,1.7593737450499924,76,4,1,1,1,1,0,0
9849,98.5,33.972232818603516,1.7804780973825052,76,5,1,1,1,1,1,0
9850,98.51,34.31619644165039,1.8163953301118492,76,5,1,1,1,1,1,0
9851,98.52,34.36921691894531,1.6531781747314507,76,5,1,1,1,1,1,0
9852,98.53,34.1282844543457,1.9694619992391194,76,5,1,1,1,1,1,0
9853,98.54,33.9984130859375,1.7891059014968747,76,5,1,1,1,1,1,0
9854,98.55,34.34932327270508,2.225735419307574,76,5,1,1,1,1,1,0
9855,98.56,34.05976867675781,1.7806270686666819,76,5,1,1,1,1,1,0
9856,98.57,33.86545944213867,1.874057194608006,76,5,1,1,1,1,1,0
9857,98.58,34.200950622558594,2.166431544700545,76,5,1,1,1,1,1,0
9858,98.59,33.953041076660156,1.8418992979343425,76,5,1,1,1,1,1,0
9859,98.6,34.06985092163086,1.709268246069096,76,5,1,1,1,1,1,0
9860,98.61,34.07419967651367,1.6884894921639315,76,5,1,1,1,1,1,0
9861,98.62,34.07438278198242,1.731419035787945,76,5,1,1,1,1,1,0
9862,98.63,33.96352005004883,1.869144938608701,76,5,1,1,1,1,1,0
9863,98.64,34.154842376708984,1.7861144891267517,76,5,1,1,1,1,1,0
9864,98.65,33.777347564697266,1.8010546591239707,76,5,1,1,1,1,1,0
9865,98.66,33.33327865600586,1.9645368042783313,76,5,1,1,1,1,1,0
9866,98.67,33.501922607421875,1.9355889761152982,76,5,1,1,1,1,1,0
9867,98.68,33.59646224975586,1.872778946558768,76,4,1,1,1,1,0,0
9868,98.69,33.95285415649414,1.875417111829656,76,5,1,1,1,1,1,0
9869,98.7,33.70994567871094,2.0142747044141087,76,5,1,1,1,1,1,0
9870,98.71,33.947200775146484,1.98509749934821,76,5,1,1,1,1,1,0
9871,98.72,33.49516296386719,1.9135345748399137,76,5,1,1,1,1,1,0
9872,98.73,33.87477493286133,1.7489139207950692,76,5,1,1,1,1,1,0
9873,98.74,33.963348388671875,1.8422506549323312,76,5,1,1,1,1,1,0
9874,98.75,33.75362777709961,1.8155735793133156,76,5,1,1,1,1,1,0
9875,98.76,33.54261779785156,1.7255138509818875,76,5,1,1,1,1,1,0
9876,98.77,33.85429763793945,2.052536583609587,76,5,1,1,1,1,1,0
9877,98.78,33.735755920410156,1.7913997015314012,76,4,1,1,1,1,0,0
9878,98.79,33.52686309814453,1.8020008444709983,76,5,1,1,1,1,1,0
9879,98.8,34.0748291015625,1.8571242187289907,76,4,1,1,1,1,0,0
9880,98.81,33.80734634399414,1.7984660839675437,76,5,1,1,1,1,1,0
9881,98.82,34.2021369934082,1.827626959586025,76,5,1,1,1,1,1,0
9882,98.83,34.056705474853516,1.7659259759777335,76,5,1,1,1,1,1,0
9883,98.84,33.811737060546875,2.1199524971351575,76,5,1,1,1,1,1,0
9884,98.85,34.34828567504883,1.8972045073330852,76,5,1,1,1,1,1,0
9885,98.86,33.93669891357422,2.027042685231876,76,5,1,1,1,1,1,0
9886,98.87,33.933738708496094,2.050880486444559,76,5,1,1,1,1,1,0
9887,98.88,34.02351379394531,1.9865841311294916,76,5,1,1,1,1,1,0
9888,98.89,34.14166259765625,1.9277231168982851,76,5,1,1,1,1,1,0
9889,98.9,34.22420120239258,1.7644829495827234,76,4,1,1,1,1,0,0
9890,98.91,34.2992057800293,1.8312290129528794,76,5,1,1,1,1,1,0
9891,98.92,34.285579681396484,1.8188204445419487,76,4,1,1,1,1,0,0
9892,98.93,34.49018859863281,2.1625519406595726,76,5,1,1,1,1,1,0
9893,98.94,33.980857849121094,1.9045757351974901,76,5,1,1,1,1,1,0
9894,98.95,34.07732391357422,1.715256434377343,76,5,1,1,1,1,1,0
9895,98.96,34.162330627441406,2.0339282283758897,76,4,1,1,1,1,0,0
9896,98.97,34.056060791015625,1.8047153085658,76,5,1,1,1,1,1,0
9897,98.98,33.96868133544922,1.7924502909979803,76,5,1,1,1,1,1,0
9898,98.99,33.926124572753906,1.7546754759846026,76,5,1,1,1,1,1,0
9899,99.0,33.837806701660156,1.719678736122331,76,5,1,1,1,1,1,0
9900,99.01,33.75203323364258,1.7700522368837786,76,5,1,1,1,1,1,0
9901,99.02,33.54093551635742,1.8311227883271302,76,5,1,1,1,1,1,0
9902,99.03,33.62095260620117,1.9780045073477122,76,4,1,1,1,1,0,0
9903,99.04,33.84291458129883,1.7381350245856206,76,5,1,1,1,1,1,0
9904,99.05,33.884559631347656,1.7979184300635662,76,5,1,1,1,1,1,0
9905,99.06,33.796756744384766,1.9516652982883604,76,5,1,1,1,1,1,0
9906,99.07,33.68498611450195,1.8906620823805291,76,5,1,1,1,1,1,0
9907,99.08,33.602378845214844,1.7804779474072507,76,5,1,1,1,1,1,0
9908,99.09,33.75071716308594,1.8933589204682608,76,5,1,1,1,1,1,0
9909,99.1,33.820011138916016,2.2049692960622793,76,5,1,1,1,1,1,0
9910,99.11,34.001956939697266,1.9865797145874262,76,5,1,1,1,1,1,0
9911,99.12,34.10023880004883,1.92421496903929,76,5,1,1,1,1,1,0
9912,99.13,33.75116729736328,1.8429907003952544,76,5,1,1,1,1,1,0
9913,99.14,34.12964630126953,1.775529229162379,76,5,1,1,1,1,1,0
9914,99.15,34.2411994934082,2.1819502619965285,76,5,1,1,1,1,1,0
9915,99.16,34.15959548950195,1.9603324265833295,76,5,1,1,1,1,1,0
9916,99.17,34.31305694580078,2.1019237912656483,76,5,1,1,1,1,1,0
9917,99.18,34.1502571105957,2.1312199812329036,76,5,1,1,1,1,1,0
9918,99.19,34.38051223754883,2.165639303147886,76,4,1,1,1,1,0,0
9919,99.2,34.46323013305664,2.2965421055804622,76,5,1,1,1,1,1,0
9920,99.21,34.205684661865234,2.2320135836211197,76,5,1,1,1,1,1,0
9921,99.22,34.4102897644043,2.301608157330847,76,5,1,1,1,1,1,0
9922,99.23,34.36138916015625,2.1609430105598255,76,5,1,1,1,1,1,0
9923,99.24,34.601985931396484,2.0974967860162312,76,5,1,1,1,1,1,0
9924,99.25,34.468360900878906,2.083486012637825,76,5,1,1,1,1,1,0
9925,99.26,34.319984436035156,1.9741843887732782,76,5,1,1,1,1,1,0
9926,99.27,34.59435272216797,2.084925860000597,76,5,1,1,1,1,1,0
9927,99.28,34.49068832397461,2.2042979811982373,76,5,1,1,1,1,1,0
9928,99.29,34.301998138427734,2.1154191293115385,76,5,1,1,1,1,1,0
9929,99.3,33.973121643066406,1.834173744719576,76,5,1,1,1,1,1,0
9930,99.31,33.85305404663086,1.854317710411807,76,5,1,1,1,1,1,0
9931,99.32,33.96343994140625,1.9776001537711865,76,4,1,1,1,1,0,0
9932,99.33,33.943485260009766,1.7971701829664528,76,5,1,1,1,1,1,0
9933,99.34,34.051536560058594,2.0314031733117544,76,5,1,1,1,1,1,0
9934,99.35,33.66450500488281,2.0376986196961386,76,5,1,1,1,1,1,0
9935,99.36,33.37187957763672,1.822332267016835,76,5,1,1,1,1,1,0
9936,99.37,33.3006706237793,1.977617076023735,76,5,1,1,1,1,1,0
9937,99.38,33.433631896972656,1.9656045464276561,76,5,1,1,1,1,1,0
9938,99.39,33.430580139160156,1.7663005448643754,76,5,1,1,1,1,1,0
9939,99.4,33.103031158447266,1.874674416727031,76,5,1,1,1,1,1,0
9940,99.41,33.461891174316406,1.8975832022168062,76,5,1,1,1,1,1,0
9941,99.42,33.50027847290039,1.7915911280636383,76,5,1,1,1,1,1,0
9942,99.43,33.601436614990234,1.8691482856642643,76,5,1,1,1,1,1,0
9943,99.44,33.4667854309082,1.8338451424846685,76,5,1,1,1,1,1,0
9944,99.45,33.38083267211914,1.9401762766392798,76,5,1,1,1,1,1,0
9945,99.46,33.39122009277344,1.8878512064669157,76,5,1,1,1,1,1,0
9946,99.47,33.244773864746094,2.1206858105150506,76,5,1,1,1,1,1,0
9947,99.48,33.3006477355957,1.9547367724620694,76,5,1,1,1,1,1,0
9948,99.49,33.50497817993164,1.934687869115856,76,5,1,1,1,1,1,0
9949,99.5,33.19049835205078,1.7689278013584189,76,5,1,1,1,1,1,0
9950,99.51,33.726837158203125,1.83068488809467,76,5,1,1,1,1,1,0
9951,99.52,33.39107131958008,1.9321193810819357,76,5,1,1,1,1,1,0
9952,99.53,33.20643997192383,1.9780018459295512,76,5,1,1,1,1,1,0
9953,99.54,33.47344207763672,2.015667016739539,76,5,1,1,1,1,1,0
9954,99.55,33.363712310791016,1.773981787698897,76,5,1,1,1,1,1,0
9955,99.56,33.544822692871094,1.7208166144589652,76,5,1,1,1,1,1,0
9956,99.57,33.087100982666016,2.1301832566328014,76,5,1,1,1,1,1,0
9957,99.58,33.315189361572266,1.7692370400781645,76,5,1,1,1,1,1,0
9958,99.59,33.32180404663086,1.9944664722150267,76,5,1,1,1,1,1,0
9959,99.6,33.372474670410156,1.7505756761078812,76,5,1,1,1,1,1,0
9960,99.61,33.2095947265625,2.01653072704194,76,5,1,1,1,1,1,0
9961,99.62,33.09912109375,1.9517212486827769,76,5,1,1,1,1,1,0
9962,99.63,32.72163772583008,1.8205742795698023,76,5,1,1,1,1,1,0
9963,99.64,32.613548278808594,1.9430388028895038,76,5,1,1,1,1,1,0
9964,99.65,32.952598571777344,1.970625937710793,76,5,1,1,1,1,1,0
9965,99.66,32.89686965942383,1.9152582354085212,76,5,1,1,1,1,1,0
9966,99.67,33.29315185546875,1.881065943034529,76,5,1,1,1,1,1,0
9967,99.68,33.127689361572266,1.9847962866430937,76,5,1,1,1,1,1,0
9968,99.69,32.96891403198242,1.7039052255301705,76,5,1,1,1,1,1,0
9969,99.7,33.33614730834961,2.029830738401035,76,5,1,1,1,1,1,0
9970,99.71,33.08027267456055,1.8742937390669847,76,4,1,1,1,1,0,0
9971,99.72,32.95537185668945,2.0942127221838995,76,5,1,1,1,1,1,0
9972,99.73,33.01429748535156,1.8138593383947956,76,5,1,1,1,1,1,0
9973,99.74,33.27623748779297,1.838071685922408,76,5,1,1,1,1,1,0
9974,99.75,33.102256774902344,1.8752626866803084,76,5,1,1,1,1,1,0
9975,99.76,33.24458312988281,1.7556794071592186,76,5,1,1,1,1,1,0
9976,99.77,33.15605926513672,2.1493281335816286,76,5,1,1,1,1,1,0
9977,99.78,32.99311828613281,1.8518604989995737,76,5,1,1,1,1,1,0
9978,99.79,32.628746032714844,1.7435822060746324,76,5,1,1,1,1,1,0
9979,99.8,32.74124526977539,1.853377439858101,76,5,1,1,1,1,1,0
9980,99.81,33.252342224121094,2.0503179655350645,76,5,1,1,1,1,1,0
9981,99.82,33.262290954589844,1.9981489633644376,76,5,1,1,1,1,1,0
9982,99.83,33.107601165771484,1.9116719087595035,76,5,1,1,1,1,1,0
9983,99.84,32.877071380615234,2.0579143617756843,76,5,1,1,1,1,1,0
9984,99.85,33.0433235168457,2.170854801983761,76,4,1,1,1,1,0,0
9985,99.86,33.100067138671875,1.992837227863889,76,5,1,1,1,1,1,0
9986,99.87,33.01877975463867,1.7949346061891687,76,5,1,1,1,1,1,0
9987,99.88,33.254703521728516,1.9647153225965064,76,4,1,1,1,1,0,0
9988,99.89,32.953369140625,1.905043999282033,76,5,1,1,1,1,1,0
9989,99.9,33.211063385009766,1.7738621996325217,76,4,1,1,1,1,0,0
9990,99.91,32.95416259765625,1.8736594263683082,76,5,1,1,1,1,1,0
9991,99.92,32.79476547241211,2.0308361026658943,76,4,1,1,1,1,0,0
9992,99.93,32.99402618408203,1.9469216800688658,76,4,1,1,1,1,0,0
9993,99.94,33.56843566894531,1.756273840485709,76,5,1,1,1,1,1,0
9994,99.95,33.1812858581543,1.8628165628687625,76,4,1,1,1,1,0,0
9995,99.96,32.951148986816406,1.849757090531712,76,5,1,1,1,1,1,0
9996,99.97,33.035282135009766,2.0388698461784633,76,4,1,1,1,1,0,0
9997,99.98,33.044803619384766,2.132062310126811,76,4,1,1,1,1,0,0
9998,99.99,33.219085693359375,2.1418196854478126,76,4,1,1,1,1,0,0
9999,100.0,33.02526092529297,2.0580349099165063,76,4,1,1,1,1,0,0
