frame,time_ns,binder_target_com_a,min_heavy_atom_distance_a,ca_contacts_le_8a,hotspots_contacting,hotspot_45_contact,hotspot_47_contact,hotspot_48_contact,hotspot_50_contact,hotspot_52_contact,hotspot_56_contact
0,0.01,32.86077117919922,1.7948005739776443,76,5,1,1,1,1,1,0
1,0.02,32.743980407714844,1.770788477049654,76,5,1,1,1,1,1,0
2,0.03,33.190425872802734,1.8510811445774351,76,5,1,1,1,1,1,0
3,0.04,32.945255279541016,1.8853624152356185,76,5,1,1,1,1,1,0
4,0.05,32.87630081176758,1.8365457170810955,76,5,1,1,1,1,1,0
5,0.06,33.041873931884766,1.8630651612490354,76,5,1,1,1,1,1,0
6,0.07,32.89850997924805,1.71376602488677,76,5,1,1,1,1,1,0
7,0.08,32.89850616455078,1.8301111848398424,76,5,1,1,1,1,1,0
8,0.09,32.46579360961914,1.8844075882520885,76,5,1,1,1,1,1,0
9,0.1,32.719078063964844,1.914728626128049,76,5,1,1,1,1,1,0
10,0.11,32.83304214477539,1.8878840070767056,76,5,1,1,1,1,1,0
11,0.12,32.68875503540039,1.7525080695138469,76,5,1,1,1,1,1,0
12,0.13,32.77454376220703,1.7689846579288508,76,5,1,1,1,1,1,0
13,0.14,32.71854019165039,1.7835642150503905,76,5,1,1,1,1,1,0
14,0.15,32.82646179199219,1.826145960716686,76,5,1,1,1,1,1,0
15,0.16,32.888397216796875,1.8082584909709571,76,5,1,1,1,1,1,0
16,0.17,33.18413543701172,1.9192968201477434,76,5,1,1,1,1,1,0
17,0.18,32.77756881713867,1.8702610629442815,76,5,1,1,1,1,1,0
18,0.19,32.80354690551758,1.5592924088097988,76,5,1,1,1,1,1,0
19,0.2,32.806312561035156,1.8077060802562828,76,5,1,1,1,1,1,0
20,0.21,32.90150451660156,1.8489475469227559,76,5,1,1,1,1,1,0
21,0.22,32.87360763549805,1.72907219059005,76,5,1,1,1,1,1,0
22,0.23,32.959320068359375,1.7976371557942972,76,5,1,1,1,1,1,0
23,0.24,33.348121643066406,1.7561865257678064,76,5,1,1,1,1,1,0
24,0.25,33.46074295043945,1.7351912168324592,76,5,1,1,1,1,1,0
25,0.26,33.09328079223633,1.6911883763881246,76,5,1,1,1,1,1,0
26,0.27,32.9630012512207,1.538378344728588,76,5,1,1,1,1,1,0
27,0.28,32.97624588012695,1.858091526242451,76,5,1,1,1,1,1,0
28,0.29,32.666446685791016,1.9668531560063522,76,5,1,1,1,1,1,0
29,0.3,32.857208251953125,1.6917150528287028,76,5,1,1,1,1,1,0
30,0.31,33.016212463378906,1.7153752157349358,76,5,1,1,1,1,1,0
31,0.32,32.8928108215332,1.7981664329998526,76,5,1,1,1,1,1,0
32,0.33,32.90884780883789,1.574130350931845,76,5,1,1,1,1,1,0
33,0.34,32.99022674560547,1.8212919608734197,76,5,1,1,1,1,1,0
34,0.35,33.23503494262695,1.9407462055488087,76,5,1,1,1,1,1,0
35,0.36,33.423583984375,1.9030497214208513,76,5,1,1,1,1,1,0
36,0.37,33.536598205566406,2.038676447382351,76,5,1,1,1,1,1,0
37,0.38,33.44076919555664,1.713856591417088,76,5,1,1,1,1,1,0
38,0.39,33.13561248779297,1.9582875271701448,76,5,1,1,1,1,1,0
39,0.4,33.496944427490234,1.9303910091655205,76,5,1,1,1,1,1,0
40,0.41,33.3013916015625,1.8322401866478994,76,5,1,1,1,1,1,0
41,0.42,33.08866882324219,1.8707479896563288,76,5,1,1,1,1,1,0
42,0.43,33.082611083984375,2.0818518970359725,76,5,1,1,1,1,1,0
43,0.44,33.07925033569336,1.8284690231200995,76,5,1,1,1,1,1,0
44,0.45,33.480323791503906,1.8127891859163854,76,5,1,1,1,1,1,0
45,0.46,33.72357940673828,1.821673725716663,76,5,1,1,1,1,1,0
46,0.47,33.594200134277344,1.8659321289887616,76,5,1,1,1,1,1,0
47,0.48,33.662418365478516,1.9182841167696913,76,5,1,1,1,1,1,0
48,0.49,33.85655975341797,2.081802394202021,76,5,1,1,1,1,1,0
49,0.5,33.62247085571289,1.7905070698109855,76,5,1,1,1,1,1,0
50,0.51,33.49783706665039,1.8494600157559031,76,5,1,1,1,1,1,0
51,0.52,33.175174713134766,1.8998147982649962,76,5,1,1,1,1,1,0
52,0.53,33.75099182128906,1.7861942756161224,76,5,1,1,1,1,1,0
53,0.54,33.432777404785156,1.8496221018263528,76,5,1,1,1,1,1,0
54,0.55,33.02298355102539,1.8282478799875144,76,5,1,1,1,1,1,0
55,0.56,33.37519073486328,1.9561963304516468,76,5,1,1,1,1,1,0
56,0.57,33.37583923339844,1.8286899726358279,76,5,1,1,1,1,1,0
57,0.58,33.425148010253906,1.8221707261968116,76,5,1,1,1,1,1,0
58,0.59,32.97572708129883,1.810691174638505,76,5,1,1,1,1,1,0
59,0.6,33.193729400634766,1.7780844198562618,76,5,1,1,1,1,1,0
60,0.61,33.21388244628906,1.7762313010671233,76,5,1,1,1,1,1,0
61,0.62,33.199951171875,1.950129488046551,76,5,1,1,1,1,1,0
62,0.63,33.22419357299805,1.8188162708134787,76,5,1,1,1,1,1,0
63,0.64,33.31612777709961,1.8108547927897145,76,5,1,1,1,1,1,0
64,0.65,33.137271881103516,1.9296653212360957,76,5,1,1,1,1,1,0
65,0.66,33.15057373046875,1.7525403558774693,76,5,1,1,1,1,1,0
66,0.67,32.817134857177734,1.6237280976809128,76,5,1,1,1,1,1,0
67,0.68,33.17928695678711,1.868258900905034,76,5,1,1,1,1,1,0
68,0.69,33.2621955871582,1.745419752472049,76,5,1,1,1,1,1,0
69,0.7,33.22917938232422,1.9125354407597344,76,5,1,1,1,1,1,0
70,0.71,33.285282135009766,1.8764311310802362,76,5,1,1,1,1,1,0
71,0.72,33.23903274536133,1.8075666427509156,76,5,1,1,1,1,1,0
72,0.73,33.19662857055664,1.8030553487656569,76,5,1,1,1,1,1,0
73,0.74,33.24681854248047,1.926993217294257,76,5,1,1,1,1,1,0
74,0.75,33.564300537109375,1.9643067186721315,76,5,1,1,1,1,1,0
75,0.76,33.693016052246094,1.8324603691910397,76,5,1,1,1,1,1,0
76,0.77,33.36109924316406,1.9578852973730623,76,5,1,1,1,1,1,0
77,0.78,33.14356231689453,1.8468902597604033,76,5,1,1,1,1,1,0
78,0.79,33.46949768066406,1.8330846884752758,76,5,1,1,1,1,1,0
79,0.8,33.026973724365234,1.813005102881335,76,5,1,1,1,1,1,0
80,0.81,33.178184509277344,2.0722186368154527,76,5,1,1,1,1,1,0
81,0.82,33.09224319458008,1.9400511776246803,76,5,1,1,1,1,1,0
82,0.83,33.15729904174805,1.8622002654120815,76,5,1,1,1,1,1,0
83,0.84,32.926700592041016,1.8149680016652787,76,5,1,1,1,1,1,0
84,0.85,33.32625198364258,1.7985034630042143,76,5,1,1,1,1,1,0
85,0.86,33.49827194213867,1.9433234371703432,76,5,1,1,1,1,1,0
86,0.87,33.12386703491211,1.7309819454549256,76,5,1,1,1,1,1,0
87,0.88,33.00481033325195,1.774537194330027,76,5,1,1,1,1,1,0
88,0.89,33.057281494140625,1.8232692933846786,76,5,1,1,1,1,1,0
89,0.9,33.50593948364258,1.9519208788241977,76,5,1,1,1,1,1,0
90,0.91,33.282649993896484,1.8758747943032246,76,5,1,1,1,1,1,0
91,0.92,33.29571533203125,2.063516774115219,76,5,1,1,1,1,1,0
92,0.93,33.20582962036133,1.8211516364936309,76,5,1,1,1,1,1,0
93,0.94,33.013797760009766,1.8841680618477106,76,5,1,1,1,1,1,0
94,0.95,33.02566146850586,2.0179731575755038,76,5,1,1,1,1,1,0
95,0.96,32.95976257324219,1.904890554105949,76,5,1,1,1,1,1,0
96,0.97,32.859092712402344,1.9816378206319367,76,5,1,1,1,1,1,0
97,0.98,33.050533294677734,2.033172779854223,76,5,1,1,1,1,1,0
98,0.99,33.115238189697266,1.883271160263213,76,5,1,1,1,1,1,0
99,1.0,33.24302291870117,1.82480109649461,76,5,1,1,1,1,1,0
100,1.01,33.2375373840332,1.738911657989284,76,5,1,1,1,1,1,0
101,1.02,33.13977813720703,1.8493560759196424,76,5,1,1,1,1,1,0
102,1.03,33.2915153503418,1.7527672857443346,76,5,1,1,1,1,1,0
103,1.04,33.387454986572266,1.836547835719431,76,5,1,1,1,1,1,0
104,1.05,33.06923294067383,1.7340717024427277,76,5,1,1,1,1,1,0
105,1.06,32.926963806152344,1.9016338021725947,76,5,1,1,1,1,1,0
106,1.07,33.161128997802734,1.908248922341937,76,5,1,1,1,1,1,0
107,1.08,33.03778076171875,1.6209302844984566,76,5,1,1,1,1,1,0
108,1.09,33.11100387573242,2.0428459003535044,76,5,1,1,1,1,1,0
109,1.1,33.02848434448242,1.9881693899731627,76,5,1,1,1,1,1,0
110,1.11,33.09435272216797,1.8870361065276327,76,5,1,1,1,1,1,0
111,1.12,33.196197509765625,1.8827058425902021,76,5,1,1,1,1,1,0
112,1.13,33.2122917175293,1.7800023796888749,76,5,1,1,1,1,1,0
113,1.14,32.867164611816406,1.777133936798753,76,5,1,1,1,1,1,0
114,1.15,33.37872314453125,1.9210671495113543,76,5,1,1,1,1,1,0
115,1.16,33.264404296875,1.8837725298169896,76,5,1,1,1,1,1,0
116,1.17,32.986385345458984,1.835045904689917,76,5,1,1,1,1,1,0
117,1.18,32.8429069519043,1.9180718968919201,76,5,1,1,1,1,1,0
118,1.19,32.847900390625,1.8950439335393137,76,5,1,1,1,1,1,0
119,1.2,33.03458023071289,1.7720341639279467,76,5,1,1,1,1,1,0
120,1.21,33.52070999145508,1.798614307668894,76,5,1,1,1,1,1,0
121,1.22,33.07332992553711,1.8950731675028667,76,5,1,1,1,1,1,0
122,1.23,33.11654281616211,1.8828465837597614,76,5,1,1,1,1,1,0
123,1.24,33.15224075317383,1.8072334559488967,76,5,1,1,1,1,1,0
124,1.25,32.79323196411133,1.8288233566996135,76,5,1,1,1,1,1,0
125,1.26,33.33129119873047,1.7636907503508712,76,5,1,1,1,1,1,0
126,1.27,32.985843658447266,1.8548352356062583,76,5,1,1,1,1,1,0
127,1.28,33.20576095581055,1.7900034941804528,76,5,1,1,1,1,1,0
128,1.29,33.052467346191406,1.8399463612603968,76,5,1,1,1,1,1,0
129,1.3,33.011199951171875,1.9326173552830017,76,5,1,1,1,1,1,0
130,1.31,33.187583923339844,1.7907273350319997,76,5,1,1,1,1,1,0
131,1.32,33.17144775390625,1.9256956996454804,76,5,1,1,1,1,1,0
132,1.33,33.248687744140625,1.8188174872728553,76,5,1,1,1,1,1,0
133,1.34,33.0118522644043,1.7281207158360712,76,5,1,1,1,1,1,0
134,1.35,33.16263198852539,1.8887808792612055,76,5,1,1,1,1,1,0
135,1.36,33.00931167602539,1.7700558143917162,76,5,1,1,1,1,1,0
136,1.37,32.83128356933594,1.9510469507741484,76,5,1,1,1,1,1,0
137,1.38,33.185176849365234,1.9868590520806901,76,5,1,1,1,1,1,0
138,1.39,33.17692947387695,1.8689558628986283,76,5,1,1,1,1,1,0
139,1.4,33.52606201171875,1.785641982098345,76,5,1,1,1,1,1,0
140,1.41,33.01424789428711,1.9152316199943011,76,5,1,1,1,1,1,0
141,1.42,33.123661041259766,1.914655710056355,76,5,1,1,1,1,1,0
142,1.43,33.304664611816406,1.8490531807971613,76,5,1,1,1,1,1,0
143,1.44,33.381248474121094,1.9803483814631224,76,5,1,1,1,1,1,0
144,1.45,32.96322250366211,1.9904283754537135,76,5,1,1,1,1,1,0
145,1.46,33.44127655029297,1.806798337725045,76,4,1,0,1,1,1,0
146,1.47,33.34897994995117,2.0630526152185427,76,5,1,1,1,1,1,0
147,1.48,33.060096740722656,1.8511911283700009,76,5,1,1,1,1,1,0
148,1.49,33.29865264892578,1.7718598132832764,76,5,1,1,1,1,1,0
149,1.5,33.309715270996094,1.7949112010062556,76,5,1,1,1,1,1,0
150,1.51,33.276466369628906,1.9352013519183884,76,5,1,1,1,1,1,0
151,1.52,33.02931213378906,1.8444535204450596,76,5,1,1,1,1,1,0
152,1.53,33.351837158203125,1.9289852316912666,76,5,1,1,1,1,1,0
153,1.54,33.35673522949219,1.6902983091865602,76,5,1,1,1,1,1,0
154,1.55,33.318389892578125,1.8895784446833657,76,5,1,1,1,1,1,0
155,1.56,33.37135314941406,1.9437342932982586,76,5,1,1,1,1,1,0
156,1.57,33.2741584777832,2.0310327460469613,76,5,1,1,1,1,1,0
157,1.58,33.14495086669922,1.7088321423293897,76,5,1,1,1,1,1,0
158,1.59,33.36796569824219,2.0041452266771165,76,5,1,1,1,1,1,0
159,1.6,33.118995666503906,1.951048182555163,76,5,1,1,1,1,1,0
160,1.61,33.218746185302734,1.7000280104211338,76,5,1,1,1,1,1,0
161,1.62,33.208702087402344,2.00129944664125,76,5,1,1,1,1,1,0
162,1.63,32.827266693115234,1.7044114040645575,76,5,1,1,1,1,1,0
163,1.64,32.866455078125,1.6732295038879086,76,5,1,1,1,1,1,0
164,1.65,32.754634857177734,1.7904765759525283,76,5,1,1,1,1,1,0
165,1.66,33.3090934753418,1.8380727028697406,76,5,1,1,1,1,1,0
166,1.67,33.26224899291992,1.7989696232398371,76,5,1,1,1,1,1,0
167,1.68,33.01524353027344,1.8232357487703075,76,5,1,1,1,1,1,0
168,1.69,33.257362365722656,2.0196510066386333,76,5,1,1,1,1,1,0
169,1.7,32.81718063354492,1.8976048183552747,76,5,1,1,1,1,1,0
170,1.71,33.0362663269043,1.8065703398533997,76,5,1,1,1,1,1,0
171,1.72,32.95632553100586,2.145741557094221,76,5,1,1,1,1,1,0
172,1.73,32.98501205444336,1.9068812263371944,76,5,1,1,1,1,1,0
173,1.74,32.888980865478516,1.995344941954697,76,5,1,1,1,1,1,0
174,1.75,33.13521194458008,1.924240468982494,76,5,1,1,1,1,1,0
175,1.76,32.73920822143555,1.9369315761492496,76,5,1,1,1,1,1,0
176,1.77,33.31610107421875,1.900865824141415,76,5,1,1,1,1,1,0
177,1.78,33.22032165527344,1.988690341943082,76,5,1,1,1,1,1,0
178,1.79,33.11503982543945,1.8046092566324392,76,5,1,1,1,1,1,0
179,1.8,32.98734664916992,1.6678664260009224,76,5,1,1,1,1,1,0
180,1.81,32.80146789550781,1.925974380235569,76,5,1,1,1,1,1,0
181,1.82,32.92020797729492,1.5992542264615948,76,5,1,1,1,1,1,0
182,1.83,33.08454895019531,1.966237586506943,76,5,1,1,1,1,1,0
183,1.84,33.095420837402344,1.6719458020210158,76,5,1,1,1,1,1,0
184,1.85,32.957942962646484,1.8793081617712069,76,5,1,1,1,1,1,0
185,1.86,33.192081451416016,2.0509004124616035,76,5,1,1,1,1,1,0
186,1.87,32.97489547729492,1.9932135860947533,76,5,1,1,1,1,1,0
187,1.88,32.64005661010742,1.8553171023556183,76,5,1,1,1,1,1,0
188,1.89,32.77705383300781,1.787115344089854,76,5,1,1,1,1,1,0
189,1.9,32.956260681152344,2.0466062614326352,76,5,1,1,1,1,1,0
190,1.91,32.69161605834961,1.77330292458319,76,5,1,1,1,1,1,0
191,1.92,32.97989273071289,1.9525897758911759,76,5,1,1,1,1,1,0
192,1.93,32.870460510253906,1.8608565247294975,76,5,1,1,1,1,1,0
193,1.94,33.053932189941406,1.8887314461947247,76,5,1,1,1,1,1,0
194,1.95,32.8494758605957,1.9556608514393967,76,5,1,1,1,1,1,0
195,1.96,32.889556884765625,2.0999314099042397,76,5,1,1,1,1,1,0
196,1.97,32.78251266479492,2.052438913389789,76,5,1,1,1,1,1,0
197,1.98,33.35361099243164,1.9332092902298423,76,5,1,1,1,1,1,0
198,1.99,33.01759719848633,2.0595402747265354,76,5,1,1,1,1,1,0
199,2.0,33.15157699584961,1.919300815122149,76,5,1,1,1,1,1,0
200,2.01,32.63338851928711,2.047560454468176,76,5,1,1,1,1,1,0
201,2.02,32.497833251953125,1.9175480978112291,76,5,1,1,1,1,1,0
202,2.03,32.81582260131836,1.9810384566505028,76,5,1,1,1,1,1,0
203,2.04,32.711360931396484,1.952508602739641,76,5,1,1,1,1,1,0
204,2.05,32.942291259765625,1.8355110766455887,76,5,1,1,1,1,1,0
205,2.06,32.76035690307617,2.002494591414274,76,5,1,1,1,1,1,0
206,2.07,33.115150451660156,2.0572286330036347,76,5,1,1,1,1,1,0
207,2.08,33.08421325683594,1.7908037207795704,76,5,1,1,1,1,1,0
208,2.09,32.82953643798828,1.8683161852482684,76,5,1,1,1,1,1,0
209,2.1,33.1275749206543,2.046383520587113,76,5,1,1,1,1,1,0
210,2.11,32.91475296020508,1.7896134173373828,76,5,1,1,1,1,1,0
211,2.12,33.21302795410156,2.0463111013588726,76,5,1,1,1,1,1,0
212,2.13,33.40244674682617,1.933522228793064,76,5,1,1,1,1,1,0
213,2.14,33.462013244628906,1.9463066078167162,76,5,1,1,1,1,1,0
214,2.15,33.3095817565918,1.704698438182257,76,5,1,1,1,1,1,0
215,2.16,33.33061981201172,1.8189571528550257,76,5,1,1,1,1,1,0
216,2.17,33.337554931640625,1.986677108765402,76,5,1,1,1,1,1,0
217,2.18,33.0345573425293,1.9294053690533495,76,5,1,1,1,1,1,0
218,2.19,33.19083023071289,2.2345701202780077,76,5,1,1,1,1,1,0
219,2.2,33.227481842041016,2.0217831768943073,76,5,1,1,1,1,1,0
220,2.21,33.207942962646484,1.93219868629556,76,5,1,1,1,1,1,0
221,2.22,33.17054748535156,1.960129799732437,76,5,1,1,1,1,1,0
222,2.23,33.09324264526367,1.692478608717787,76,6,1,1,1,1,1,1
223,2.24,33.12226104736328,1.8062660143761275,76,5,1,1,1,1,1,0
224,2.25,33.43926239013672,1.879360034861388,76,4,0,1,1,1,1,0
225,2.26,33.41313552856445,1.6199049076473535,76,5,1,1,1,1,1,0
226,2.27,33.180328369140625,2.0088017352746266,76,5,1,1,1,1,1,0
227,2.28,33.40845489501953,2.0003466481260306,76,5,1,1,1,1,1,0
228,2.29,33.345977783203125,1.8749982031364076,76,5,1,1,1,1,1,0
229,2.3,33.28105926513672,2.1808237755749897,76,4,1,1,0,1,1,0
230,2.31,33.08599853515625,2.0106018592584958,76,5,1,1,1,1,1,0
231,2.32,33.040740966796875,1.980959893490301,76,5,1,1,1,1,1,0
232,2.33,33.30027389526367,2.012880254045447,76,5,1,1,1,1,1,0
233,2.34,33.206329345703125,2.062085495605695,76,4,1,1,0,1,1,0
234,2.35,33.06788635253906,1.8738715052904449,76,5,1,1,1,1,1,0
235,2.36,33.122474670410156,1.7700031517602797,76,5,1,1,1,1,1,0
236,2.37,33.690513610839844,2.05051275921435,76,5,1,1,1,1,1,0
237,2.38,33.234169006347656,1.8255385198533995,76,5,1,1,1,1,1,0
238,2.39,33.42733383178711,1.814997180283019,76,5,1,1,1,1,1,0
239,2.4,33.61335372924805,1.8966561142979073,76,4,1,1,0,1,1,0
240,2.41,33.43895721435547,1.943527600289949,76,4,1,1,0,1,1,0
241,2.42,33.65021896362305,1.9285978625898015,76,5,1,1,1,1,1,0
242,2.43,33.575538635253906,2.1776373626113115,76,4,1,1,0,1,1,0
243,2.44,33.20566940307617,2.019156336091762,76,5,1,1,1,1,1,0
244,2.45,32.921817779541016,1.9783825303866087,76,5,1,1,1,1,1,0
245,2.46,33.09878158569336,1.9348098842900843,76,5,1,1,1,1,1,0
246,2.47,33.016841888427734,2.0666445212138616,76,5,1,1,1,1,1,0
247,2.48,33.184837341308594,2.0654778891468486,76,5,1,1,1,1,1,0
248,2.49,32.93743133544922,1.9953955573210589,76,5,1,1,1,1,1,0
249,2.5,32.94207000732422,1.8610469972455081,76,4,1,1,0,1,1,0
250,2.51,33.13761520385742,2.055937515593451,76,5,1,1,1,1,1,0
251,2.52,32.985008239746094,2.158103322782266,76,5,1,1,1,1,1,0
252,2.53,33.28754425048828,2.054167718835097,76,5,1,1,1,1,1,0
253,2.54,33.39021682739258,1.9914799754659436,76,5,1,1,1,1,1,0
254,2.55,33.45941925048828,2.138082162563192,76,5,1,1,1,1,1,0
255,2.56,33.449729919433594,1.8023087475019584,76,3,0,1,0,1,1,0
256,2.57,33.68195343017578,1.9619616124043782,76,4,0,1,1,1,1,0
257,2.58,33.5561637878418,1.948689587185199,76,4,0,1,1,1,1,0
258,2.59,33.55372619628906,2.1263333370113613,76,4,0,1,1,1,1,0
259,2.6,33.20195007324219,1.953710548949688,76,4,0,1,1,1,1,0
260,2.61,33.20017623901367,1.861047427681179,76,4,0,1,1,1,1,0
261,2.62,33.28994369506836,1.7998601562460883,76,4,0,1,1,1,1,0
262,2.63,33.24576950073242,1.8204943025511555,76,4,0,1,1,1,1,0
263,2.64,33.29682540893555,2.1534386826181158,76,4,0,1,1,1,1,0
264,2.65,33.460487365722656,1.8283345282605985,76,4,0,1,1,1,1,0
265,2.66,33.39596939086914,1.7797186811369825,76,4,0,1,1,1,1,0
266,2.67,33.42549514770508,1.9069110590180398,76,4,0,1,1,1,1,0
267,2.68,33.511756896972656,2.0786820711386103,76,4,0,1,1,1,1,0
268,2.69,33.57329559326172,1.9976452446471542,76,4,0,1,1,1,1,0
269,2.7,33.40159225463867,1.996020448752306,76,4,0,1,1,1,1,0
270,2.71,33.482154846191406,1.814693784503518,76,5,1,1,1,1,1,0
271,2.72,33.80549240112305,1.887037420527639,76,4,0,1,1,1,1,0
272,2.73,33.573177337646484,2.058663454999291,76,4,0,1,1,1,1,0
273,2.74,33.49415969848633,1.9731423681688205,76,4,0,1,1,1,1,0
274,2.75,33.36354064941406,1.876968233716511,76,5,1,1,1,1,1,0
275,2.76,33.613216400146484,1.862391337869686,76,4,0,1,1,1,1,0
276,2.77,33.64348602294922,1.9544292996510584,76,3,0,0,1,1,1,0
277,2.78,33.390625,1.9432645360126088,76,3,0,1,0,1,1,0
278,2.79,33.22314453125,1.8240619529162683,76,4,0,1,1,1,1,0
279,2.8,33.451053619384766,1.8352929644965967,76,3,0,1,0,1,1,0
280,2.81,33.56331253051758,1.9347359505267752,76,4,0,1,1,1,1,0
281,2.82,33.152931213378906,2.008033376409679,76,4,0,1,1,1,1,0
282,2.83,33.35565185546875,1.8603749445003703,76,4,0,1,1,1,1,0
283,2.84,33.1041374206543,2.0240800123139753,76,4,0,1,1,1,1,0
284,2.85,32.94355773925781,2.051684516857764,76,5,1,1,1,1,1,0
285,2.86,33.17515563964844,2.116082161449753,76,4,0,1,1,1,1,0
286,2.87,33.24229049682617,2.12240492178082,76,4,0,1,1,1,1,0
287,2.88,33.184871673583984,1.843715303582505,76,5,1,1,1,1,1,0
288,2.89,33.06452560424805,1.7034931493623067,76,5,1,1,1,1,1,0
289,2.9,32.625911712646484,2.106702190458861,76,5,1,1,1,1,1,0
290,2.91,33.08332061767578,1.8504635567274474,76,5,1,1,1,1,1,0
291,2.92,33.47624206542969,2.0128111779048314,76,5,1,1,1,1,1,0
292,2.93,33.08406066894531,1.7368064363349367,76,5,1,1,1,1,1,0
293,2.94,33.33176803588867,1.9325084920078415,76,5,1,1,1,1,1,0
294,2.95,33.330963134765625,1.8698855458042754,76,4,0,1,1,1,1,0
295,2.96,33.26402282714844,1.9258488142651353,76,4,0,1,1,1,1,0
296,2.97,33.57915115356445,2.1869614613365846,76,4,0,1,1,1,1,0
297,2.98,33.264137268066406,2.0878697920516585,76,5,1,1,1,1,1,0
298,2.99,33.196510314941406,2.0358288213596034,76,4,0,1,1,1,1,0
299,3.0,33.55659103393555,1.8817284369461433,76,4,0,1,1,1,1,0
300,3.01,33.427154541015625,1.9599484113857293,76,3,0,1,0,1,1,0
301,3.02,33.44511032104492,2.030242807692007,76,4,0,1,1,1,1,0
302,3.03,33.62778091430664,1.9492781679412379,76,5,1,1,1,1,1,0
303,3.04,34.04733657836914,2.023384872028077,76,4,0,1,1,1,1,0
304,3.05,33.728633880615234,2.1786420859173794,76,4,0,1,1,1,1,0
305,3.06,33.46245193481445,1.9769907090827252,76,4,0,1,1,1,1,0
306,3.07,33.710628509521484,2.1023852290120066,76,4,0,1,1,1,1,0
307,3.08,33.92909622192383,2.082158109858368,76,4,0,1,1,1,1,0
308,3.09,33.589717864990234,1.9281564341449648,76,4,0,1,1,1,1,0
309,3.1,33.65977478027344,2.0966876306193742,76,4,0,1,1,1,1,0
310,3.11,33.496726989746094,2.006335925016354,76,4,0,1,1,1,1,0
311,3.12,33.597145080566406,1.9722843229256204,76,4,0,1,1,1,1,0
312,3.13,33.34579086303711,2.0426930397735106,76,4,0,1,1,1,1,0
313,3.14,33.82537078857422,1.8601911294892333,76,4,0,1,1,1,1,0
314,3.15,34.15891647338867,2.171500029467295,76,4,0,1,1,1,1,0
315,3.16,33.98237228393555,2.286240349821091,76,4,0,1,1,1,1,0
316,3.17,34.00522994995117,2.128002989292691,76,4,0,1,1,1,1,0
317,3.18,33.70225143432617,2.0590006343114062,76,4,0,1,1,1,1,0
318,3.19,33.69524383544922,2.2913338400608017,76,4,0,1,1,1,1,0
319,3.2,33.73081588745117,2.1782068027396893,76,4,0,1,1,1,1,0
320,3.21,33.59632110595703,2.164992751887601,76,4,0,1,1,1,1,0
321,3.22,33.610294342041016,2.1947898183757335,76,4,0,1,1,1,1,0
322,3.23,33.662723541259766,2.102594598736901,76,4,0,1,1,1,1,0
323,3.24,33.759490966796875,1.852375580475597,76,4,0,1,1,1,1,0
324,3.25,33.70790100097656,2.087247538211592,76,4,0,1,1,1,1,0
325,3.26,33.798946380615234,2.2812709317902744,76,4,0,1,1,1,1,0
326,3.27,33.779296875,2.2662998233988296,76,4,0,1,1,1,1,0
327,3.28,33.61506271362305,2.3077258785377537,76,4,0,1,1,1,1,0
328,3.29,33.667724609375,2.2009334227929576,76,4,0,1,1,1,1,0
329,3.3,33.615501403808594,2.3083780878289515,76,4,0,1,1,1,1,0
330,3.31,33.96514892578125,2.2114520057596283,76,4,0,1,1,1,1,0
331,3.32,33.98875045776367,2.278330253746805,76,4,0,1,1,1,1,0
332,3.33,33.90947341918945,2.123324351558528,76,4,0,1,1,1,1,0
333,3.34,34.048858642578125,2.192806752233168,76,4,0,1,1,1,1,0
334,3.35,34.363670349121094,2.200799481175311,76,4,0,1,1,1,1,0
335,3.36,34.423370361328125,2.12574809901621,76,4,0,1,1,1,1,0
336,3.37,34.54186248779297,2.285039892874239,76,4,0,1,1,1,1,0
337,3.38,34.039005279541016,2.0561383074593538,76,4,0,1,1,1,1,0
338,3.39,34.12955093383789,2.0989514536083056,76,4,0,1,1,1,1,0
339,3.4,34.17130661010742,2.1681801487598245,76,4,0,1,1,1,1,0
340,3.41,33.89280319213867,2.2494466482740068,76,4,0,1,1,1,1,0
341,3.42,33.9176025390625,2.007339539539165,76,4,0,1,1,1,1,0
342,3.43,33.8146858215332,2.07413211920289,76,5,1,1,1,1,1,0
343,3.44,34.16404724121094,2.244950021985128,76,5,1,1,1,1,1,0
344,3.45,33.86555480957031,1.9244491938523358,76,5,1,1,1,1,1,0
345,3.46,33.6846923828125,2.022201356849166,76,5,1,1,1,1,1,0
346,3.47,33.626686096191406,2.044140024103254,76,5,1,1,1,1,1,0
347,3.48,33.45450973510742,2.1264534508356694,76,5,1,1,1,1,1,0
348,3.49,33.9364128112793,2.19095673865797,76,4,0,1,1,1,1,0
349,3.5,33.91163635253906,1.7974681536316464,76,4,0,1,1,1,1,0
350,3.51,33.66658020019531,2.1866136360020514,76,4,0,1,1,1,1,0
351,3.52,33.82129669189453,1.9320731497250965,76,4,0,1,1,1,1,0
352,3.53,33.788063049316406,2.299434206164347,76,4,0,1,1,1,1,0
353,3.54,33.56731414794922,2.1383394968638965,76,4,0,1,1,1,1,0
354,3.55,33.56303787231445,1.994843058521346,76,4,0,1,1,1,1,0
355,3.56,33.49827194213867,2.403037102692917,76,4,0,1,1,1,1,0
356,3.57,33.83386993408203,2.1680855768089424,76,4,0,1,1,1,1,0
357,3.58,33.50804138183594,1.9937411030097574,76,5,1,1,1,1,1,0
358,3.59,33.3907356262207,2.0777125508567704,76,5,1,1,1,1,1,0
359,3.6,33.448184967041016,2.064387651960112,76,4,1,1,1,1,0,0
360,3.61,33.81402587890625,2.2201352066296343,76,3,0,1,1,1,0,0
361,3.62,33.724578857421875,2.0157851710908963,76,4,0,1,1,1,1,0
362,3.63,33.68826675415039,2.0294559828490497,76,5,1,1,1,1,1,0
363,3.64,33.92461013793945,2.2466376332036972,76,5,1,1,1,1,1,0
364,3.65,33.51276779174805,1.9412652583419892,76,4,0,1,1,1,1,0
365,3.66,33.16701889038086,2.197684290673286,76,5,1,1,1,1,1,0
366,3.67,33.3773307800293,2.1542724478797197,76,4,0,1,1,1,1,0
367,3.68,33.39537811279297,2.104277811373506,76,4,0,1,1,1,1,0
368,3.69,33.53461837768555,2.419007193210995,76,4,0,1,1,1,1,0
369,3.7,33.521480560302734,2.3608438502666527,76,5,1,1,1,1,1,0
370,3.71,33.44108200073242,2.2016597285479667,76,5,1,1,1,1,1,0
371,3.72,33.69867706298828,2.0692726110438038,76,4,0,1,1,1,1,0
372,3.73,33.69563293457031,2.2342983228251243,76,4,0,1,1,1,1,0
373,3.74,33.43815231323242,2.0789642498929917,76,5,1,1,1,1,1,0
374,3.75,33.23151779174805,2.080886530118955,76,5,1,1,1,1,1,0
375,3.76,33.77033996582031,2.1289918503509186,76,5,1,1,1,1,1,0
376,3.77,33.46569061279297,2.2387728497312636,76,4,0,1,1,1,1,0
377,3.78,33.45661163330078,2.0127111440285916,76,4,0,1,1,1,1,0
378,3.79,33.29374313354492,2.2562371788676203,76,4,0,1,1,1,1,0
379,3.8,33.36567687988281,2.3023686447582197,76,4,0,1,1,1,1,0
380,3.81,33.234222412109375,2.314842560195784,76,4,0,1,1,1,1,0
381,3.82,33.01730728149414,2.2585360337811746,76,4,0,1,1,1,1,0
382,3.83,33.44675827026367,1.8620950495718231,76,5,1,1,1,1,1,0
383,3.84,33.262367248535156,2.1742397767005315,76,4,0,1,1,1,1,0
384,3.85,32.98908996582031,2.090812151505754,76,4,0,1,1,1,1,0
385,3.86,33.206668853759766,2.041982317427286,76,4,0,1,1,1,1,0
386,3.87,33.42496109008789,2.1358153862070344,76,4,0,1,1,1,1,0
387,3.88,33.440032958984375,1.9950205093923536,76,4,0,1,1,1,1,0
388,3.89,33.49663162231445,2.3327866356693523,76,4,0,1,1,1,1,0
389,3.9,33.27425003051758,2.0740289917329195,76,4,0,1,1,1,1,0
390,3.91,33.18392562866211,1.8604045797084323,76,4,0,1,1,1,1,0
391,3.92,33.421966552734375,2.1494213656340295,76,4,0,1,1,1,1,0
392,3.93,33.31941223144531,2.111895905387488,76,4,0,1,1,1,1,0
393,3.94,33.35770034790039,1.9504379516267925,76,4,0,1,1,1,1,0
394,3.95,33.289398193359375,2.1304938210488156,76,4,0,1,1,1,1,0
395,3.96,33.32859802246094,2.1106190840843344,76,4,0,1,1,1,1,0
396,3.97,33.350101470947266,2.2375447100223202,76,4,0,1,1,1,1,0
397,3.98,33.5213623046875,2.0762721658243706,76,4,0,1,1,1,1,0
398,3.99,33.506160736083984,2.045701721227903,76,4,0,1,1,1,1,0
399,4.0,33.88394546508789,1.981563073681704,76,4,0,1,1,1,1,0
400,4.01,33.68579864501953,1.978607296750602,76,4,0,1,1,1,1,0
401,4.02,33.53535461425781,2.068890778793926,76,4,0,1,1,1,1,0
402,4.03,33.52828598022461,2.2761611074821446,76,4,0,1,1,1,1,0
403,4.04,33.65680694580078,2.036889199666364,76,4,0,1,1,1,1,0
404,4.05,33.59804153442383,2.2171632275768762,76,4,0,1,1,1,1,0
405,4.06,33.607383728027344,1.9136868285687576,76,4,0,1,1,1,1,0
406,4.07,33.73223114013672,2.3625624998246146,76,4,0,1,1,1,1,0
407,4.08,33.45289993286133,2.336213813612873,76,4,0,1,1,1,1,0
408,4.09,33.321380615234375,2.311531861588892,76,4,0,1,1,1,1,0
409,4.1,33.419891357421875,1.9275428943442117,76,4,0,1,1,1,1,0
410,4.11,33.926856994628906,2.293685834025987,76,4,0,1,1,1,1,0
411,4.12,33.666900634765625,2.0974762478071036,76,4,0,1,1,1,1,0
412,4.13,33.48141098022461,1.8935948064188377,76,4,0,1,1,1,1,0
413,4.14,33.8266716003418,1.7379603899900293,76,4,0,1,1,1,1,0
414,4.15,33.70278549194336,2.1775203524358173,76,4,0,1,1,1,1,0
415,4.16,33.909202575683594,2.3107819341043045,76,4,0,1,1,1,1,0
416,4.17,34.08111572265625,2.255882765037944,76,4,0,1,1,1,1,0
417,4.18,34.04669952392578,2.2895208938731444,76,4,0,1,1,1,1,0
418,4.19,33.67332077026367,2.204062977694953,76,4,0,1,1,1,1,0
419,4.2,33.76332092285156,2.1247501698735785,76,4,0,1,1,1,1,0
420,4.21,33.82771301269531,2.2016614612000502,76,3,0,0,1,1,1,0
421,4.22,33.31312942504883,2.2787057395401615,76,4,0,1,1,1,1,0
422,4.23,33.57620620727539,2.106328121385945,76,4,0,1,1,1,1,0
423,4.24,33.46828842163086,2.101077695171062,76,4,0,1,1,1,1,0
424,4.25,33.800289154052734,2.1757325377493744,76,4,0,1,1,1,1,0
425,4.26,33.73773193359375,2.1582679515214256,76,4,0,1,1,1,1,0
426,4.27,34.00028610229492,2.336711510827942,76,4,0,1,1,1,1,0
427,4.28,33.83742141723633,1.9740831318494265,76,3,0,0,1,1,1,0
428,4.29,34.20973205566406,2.1626330666637092,76,4,0,1,1,1,1,0
429,4.3,34.3115119934082,2.3532981032791285,76,4,0,1,1,1,1,0
430,4.31,33.955467224121094,2.1353482514998956,76,4,0,1,1,1,1,0
431,4.32,34.02693176269531,1.945276760624207,76,4,0,1,1,1,1,0
432,4.33,33.88841247558594,1.9420373801273079,76,4,0,1,1,1,1,0
433,4.34,33.8738899230957,1.9032892767024872,76,4,0,1,1,1,1,0
434,4.35,33.742061614990234,1.795020418611214,76,4,0,1,1,1,1,0
435,4.36,33.63309860229492,2.0781227436422594,76,4,0,1,1,1,1,0
436,4.37,33.717018127441406,1.825320971552296,76,4,0,1,1,1,1,0
437,4.38,33.7755012512207,1.957906851746708,76,4,0,1,1,1,1,0
438,4.39,33.629825592041016,2.043650049223237,76,4,0,1,1,1,1,0
439,4.4,33.60713577270508,1.978914810425922,76,4,0,1,1,1,1,0
440,4.41,33.9283447265625,2.049830658412428,76,4,0,1,1,1,1,0
441,4.42,33.734127044677734,1.8254860995130322,76,4,0,1,1,1,1,0
442,4.43,33.567840576171875,2.0388702952110958,76,4,0,1,1,1,1,0
443,4.44,33.472171783447266,2.110022364494658,76,4,0,1,1,1,1,0
444,4.45,33.852317810058594,2.113057278602145,76,4,0,1,1,1,1,0
445,4.46,33.641334533691406,2.026100335973947,76,4,0,1,1,1,1,0
446,4.47,33.70497131347656,1.960023476597813,76,4,0,1,1,1,1,0
447,4.48,34.186058044433594,1.8041110128420095,76,4,0,1,1,1,1,0
448,4.49,34.06003952026367,2.1571747323603345,76,4,0,1,1,1,1,0
449,4.5,34.17323684692383,1.9038393657253372,76,4,0,1,1,1,1,0
450,4.51,33.86496353149414,2.182226132133537,76,4,0,1,1,1,1,0
451,4.52,33.946224212646484,2.0976184237792594,76,4,0,1,1,1,1,0
452,4.53,34.004398345947266,1.9268136391937412,76,4,0,1,1,1,1,0
453,4.54,34.09309005737305,2.1840744935680534,76,4,0,1,1,1,1,0
454,4.55,34.07073211669922,2.058883255409067,76,4,0,1,1,1,1,0
455,4.56,33.6865234375,1.893623619578,76,4,0,1,1,1,1,0
456,4.57,33.90933609008789,1.965932708001839,76,4,0,1,1,1,1,0
457,4.58,33.96593475341797,1.9387598411618083,76,4,0,1,1,1,1,0
458,4.59,34.07044982910156,1.905413047886795,76,4,0,1,1,1,1,0
459,4.6,34.093971252441406,1.8398116894571135,76,4,0,1,1,1,1,0
460,4.61,34.180477142333984,1.826281556707411,76,4,0,1,1,1,1,0
461,4.62,34.283382415771484,1.9492052917898883,76,4,0,1,1,1,1,0
462,4.63,34.123714447021484,2.0081323135786326,76,4,0,1,1,1,1,0
463,4.64,34.45512390136719,1.770563619937574,76,4,0,1,1,1,1,0
464,4.65,34.187496185302734,2.0735225813594953,76,4,0,1,1,1,1,0
465,4.66,34.2916145324707,2.0994341365948945,76,4,0,1,1,1,1,0
466,4.67,34.28015899658203,2.035783183791637,76,4,0,1,1,1,1,0
467,4.68,34.29022979736328,1.928655668912388,76,4,0,1,1,1,1,0
468,4.69,34.28476333618164,1.7991624494265452,76,4,0,1,1,1,1,0
469,4.7,34.03166961669922,2.0392665591829933,76,4,0,1,1,1,1,0
470,4.71,34.362937927246094,1.787539818384412,76,4,0,1,1,1,1,0
471,4.72,34.415950775146484,2.1914827248247613,76,4,0,1,1,1,1,0
472,4.73,34.14828872680664,1.9196656524155986,76,4,0,1,1,1,1,0
473,4.74,34.35211944580078,1.8923830056189777,76,4,0,1,1,1,1,0
474,4.75,34.41814041137695,1.9529213550095081,76,4,0,1,1,1,1,0
475,4.76,34.044944763183594,2.0249688115577262,76,4,0,1,1,1,1,0
476,4.77,33.959129333496094,1.8677268098696385,76,4,0,1,1,1,1,0
477,4.78,34.25468444824219,1.969443631692342,76,4,0,1,1,1,1,0
478,4.79,34.10078048706055,1.8593307849976748,76,4,0,1,1,1,1,0
479,4.8,34.04840087890625,1.9288873570447667,76,4,0,1,1,1,1,0
480,4.81,34.018280029296875,1.9906958286648104,76,3,0,0,1,1,1,0
481,4.82,33.93242645263672,1.9612471392445732,76,4,0,1,1,1,1,0
482,4.83,34.056514739990234,1.8186008340341395,76,4,0,1,1,1,1,0
483,4.84,34.27257537841797,1.8366314546246874,76,4,0,1,1,1,1,0
484,4.85,34.13124465942383,1.9402536796678926,76,3,0,0,1,1,1,0
485,4.86,33.99435043334961,2.0305169275155093,76,4,0,1,1,1,1,0
486,4.87,33.802940368652344,1.9256682776207474,76,4,0,1,1,1,1,0
487,4.88,34.21438217163086,2.0704329225022384,76,3,0,0,1,1,1,0
488,4.89,34.08574676513672,2.042397818483623,76,4,0,1,1,1,1,0
489,4.9,34.05465316772461,1.8188445697348603,76,3,0,0,1,1,1,0
490,4.91,33.9566764831543,2.0459981624777814,76,4,0,1,1,1,1,0
491,4.92,34.22026824951172,1.9784058474682922,76,4,0,1,1,1,1,0
492,4.93,34.42887496948242,2.122380975953624,76,4,0,1,1,1,1,0
493,4.94,34.27122497558594,1.724119194393184,76,4,0,1,1,1,1,0
494,4.95,34.83090591430664,2.0817749944947326,76,3,0,0,1,1,1,0
495,4.96,34.45698165893555,2.1563598024641246,76,3,0,0,1,1,1,0
496,4.97,34.1119499206543,1.7407468153412642,76,4,0,1,1,1,1,0
497,4.98,33.9044303894043,1.8525875426247074,76,4,0,1,1,1,1,0
498,4.99,34.23323440551758,1.8752607541685564,76,4,0,1,1,1,1,0
499,5.0,34.30685043334961,2.003395518494081,76,4,0,1,1,1,1,0
500,5.01,33.905513763427734,1.9004751723576532,76,4,0,1,1,1,1,0
501,5.02,34.066463470458984,2.0407086828133463,76,4,0,1,1,1,1,0
502,5.03,34.25063705444336,2.056937908835943,76,4,0,1,1,1,1,0
503,5.04,34.23298263549805,2.030495373650178,76,4,0,1,1,1,1,0
504,5.05,34.44439697265625,2.017321553147116,76,5,1,1,1,1,1,0
505,5.06,34.0045166015625,1.7726801521673048,76,4,0,1,1,1,1,0
506,5.07,33.984588623046875,1.9912037575755643,76,5,1,1,1,1,1,0
507,5.08,34.044281005859375,2.288100719184742,76,4,0,1,1,1,1,0
508,5.09,34.32075881958008,1.7467942797458933,76,4,0,1,1,1,1,0
509,5.1,34.04172134399414,2.030028832148678,76,4,0,1,1,1,1,0
510,5.11,34.04457473754883,2.064118307469258,76,5,1,1,1,1,1,0
511,5.12,33.93892288208008,1.8884150444302847,76,5,1,1,1,1,1,0
512,5.13,33.916744232177734,2.0166806904142898,76,5,1,1,1,1,1,0
513,5.14,34.06235122680664,2.016257373400769,76,5,1,1,1,1,1,0
514,5.15,33.9332275390625,1.9883169838088337,76,4,0,1,1,1,1,0
515,5.16,34.0031852722168,1.9547649380790149,76,5,1,1,1,1,1,0
516,5.17,33.96434783935547,2.016481928579556,76,5,1,1,1,1,1,0
517,5.18,33.78574752807617,1.9817393652732365,76,5,1,1,1,1,1,0
518,5.19,33.63544845581055,1.8938037061484,76,5,1,1,1,1,1,0
519,5.2,33.86075210571289,1.98522429460656,76,5,1,1,1,1,1,0
520,5.21,33.56070327758789,1.9947169320583495,76,5,1,1,1,1,1,0
521,5.22,33.74055099487305,1.8478633373713995,76,5,1,1,1,1,1,0
522,5.23,33.624263763427734,1.9945977209472625,76,5,1,1,1,1,1,0
523,5.24,33.6883659362793,2.0260357398428352,76,5,1,1,1,1,1,0
524,5.25,33.873958587646484,2.0410561546544916,76,5,1,1,1,1,1,0
525,5.26,33.75448989868164,1.8442109767116464,76,5,1,1,1,1,1,0
526,5.27,33.65117645263672,1.8845206471376577,76,5,1,1,1,1,1,0
527,5.28,33.87921142578125,1.9980472408067227,76,5,1,1,1,1,1,0
528,5.29,33.87685775756836,1.9159090057061725,76,5,1,1,1,1,1,0
529,5.3,33.768470764160156,1.8968637920238207,76,5,1,1,1,1,1,0
530,5.31,33.83847427368164,2.097262038146165,76,5,1,1,1,1,1,0
531,5.32,33.57607650756836,1.8234296071548182,76,5,1,1,1,1,1,0
532,5.33,33.98115539550781,1.9891968844239825,76,5,1,1,1,1,1,0
533,5.34,34.23008728027344,1.855313154664117,76,5,1,1,1,1,1,0
534,5.35,34.13462448120117,2.102645462580535,76,5,1,1,1,1,1,0
535,5.36,33.42558288574219,2.0946594864748915,76,5,1,1,1,1,1,0
536,5.37,33.47883605957031,1.8867958220558727,76,5,1,1,1,1,1,0
537,5.38,33.63173294067383,2.061189043897591,76,5,1,1,1,1,1,0
538,5.39,33.8586540222168,1.9066489648795932,76,5,1,1,1,1,1,0
539,5.4,33.69709014892578,2.094827225511386,76,5,1,1,1,1,1,0
540,5.41,33.864742279052734,2.0195815576463096,76,5,1,1,1,1,1,0
541,5.42,33.65153884887695,1.9122209628186473,76,5,1,1,1,1,1,0
542,5.43,33.754066467285156,1.7830862400106586,76,5,1,1,1,1,1,0
543,5.44,33.725826263427734,2.205561865673143,76,5,1,1,1,1,1,0
544,5.45,33.97103500366211,1.9446848502740286,76,5,1,1,1,1,1,0
545,5.46,34.077537536621094,1.9523325048455258,76,5,1,1,1,1,1,0
546,5.47,34.080379486083984,2.048295040579809,76,4,0,1,1,1,1,0
547,5.48,33.63737487792969,2.080725825662169,76,5,1,1,1,1,1,0
548,5.49,33.98418426513672,1.8577945111261553,76,4,0,1,1,1,1,0
549,5.5,34.44598388671875,2.2032901887076175,76,4,0,1,1,1,1,0
550,5.51,34.08179473876953,2.118063420778506,76,4,0,1,1,1,1,0
551,5.52,33.8456916809082,2.0002490041231162,76,4,0,1,1,1,1,0
552,5.53,33.42265701293945,1.8092583763011827,76,4,0,1,1,1,1,0
553,5.54,34.39039611816406,2.18821643959889,76,4,0,1,1,1,1,0
554,5.55,34.120506286621094,1.8676940229092276,76,4,0,1,1,1,1,0
555,5.56,33.698699951171875,2.0427688179081334,76,4,0,1,1,1,1,0
556,5.57,33.501094818115234,2.099646725689711,76,4,0,1,1,1,1,0
557,5.58,33.64925003051758,2.0655751828933284,76,4,0,1,1,1,1,0
558,5.59,33.70405578613281,2.154760871951101,76,4,0,1,1,1,1,0
559,5.6,33.77345275878906,1.9127201487211278,76,4,0,1,1,1,1,0
560,5.61,33.76756286621094,2.2349475132474677,76,4,0,1,1,1,1,0
561,5.62,33.746341705322266,1.9047573698050677,76,4,0,1,1,1,1,0
562,5.63,33.95527648925781,2.027659460308334,76,4,0,1,1,1,1,0
563,5.64,33.867919921875,1.8622531066740622,76,4,0,1,1,1,1,0
564,5.65,33.75716018676758,1.8166475301805456,76,4,0,1,1,1,1,0
565,5.66,33.78201675415039,2.207738902044805,76,4,0,1,1,1,1,0
566,5.67,34.15092468261719,1.9752994366535876,76,4,0,1,1,1,1,0
567,5.68,33.77870178222656,2.0295044317668633,76,4,0,1,1,1,1,0
568,5.69,33.80803680419922,1.9285792838882334,76,4,0,1,1,1,1,0
569,5.7,33.441734313964844,1.7466840121948592,76,4,0,1,1,1,1,0
570,5.71,33.687679290771484,1.799826747624359,76,4,0,1,1,1,1,0
571,5.72,33.47859573364258,2.1202382871512038,76,4,0,1,1,1,1,0
572,5.73,33.94448471069336,2.2048344404253952,76,4,0,1,1,1,1,0
573,5.74,33.751243591308594,1.8790746643793936,76,4,0,1,1,1,1,0
574,5.75,33.943790435791016,2.037670027865711,76,4,0,1,1,1,1,0
575,5.76,33.93510818481445,1.982245278468168,76,4,0,1,1,1,1,0
576,5.77,33.780052185058594,2.0978337971890952,76,4,0,1,1,1,1,0
577,5.78,34.02470779418945,1.8101101229604215,76,4,0,1,1,1,1,0
578,5.79,33.755367279052734,2.0301985289412134,76,4,0,1,1,1,1,0
579,5.8,33.641544342041016,2.0617708435323525,76,4,0,1,1,1,1,0
580,5.81,33.9112434387207,2.0029236169313713,76,4,0,1,1,1,1,0
581,5.82,33.921573638916016,1.7754148375702496,76,4,0,1,1,1,1,0
582,5.83,34.179569244384766,1.8901088848774013,76,4,0,1,1,1,1,0
583,5.84,34.003074645996094,1.859192182620018,76,4,0,1,1,1,1,0
584,5.85,33.79377746582031,1.885308097138869,76,4,0,1,1,1,1,0
585,5.86,33.73701858520508,1.9616577417077712,76,4,0,1,1,1,1,0
586,5.87,33.57255172729492,1.966746808421823,76,4,0,1,1,1,1,0
587,5.88,33.69652557373047,1.8098025354494136,76,4,0,1,1,1,1,0
588,5.89,33.72168731689453,1.9807828199578161,76,4,0,1,1,1,1,0
589,5.9,34.24427032470703,1.9921355707084707,76,4,0,1,1,1,1,0
590,5.91,33.774940490722656,1.878134520244078,76,4,0,1,1,1,1,0
591,5.92,34.03532409667969,1.95762285687681,76,4,0,1,1,1,1,0
592,5.93,34.06361770629883,2.0259555700203427,76,4,0,1,1,1,1,0
593,5.94,33.81904602050781,1.9091898477211102,76,4,0,1,1,1,1,0
594,5.95,33.832923889160156,1.7497785975467945,76,4,0,1,1,1,1,0
595,5.96,34.076416015625,2.014698286547531,76,4,0,1,1,1,1,0
596,5.97,33.954166412353516,2.0481687787109286,76,4,0,1,1,1,1,0
597,5.98,34.012046813964844,1.9327964928362253,76,4,0,1,1,1,1,0
598,5.99,34.217071533203125,1.9228304329346482,76,4,0,1,1,1,1,0
599,6.0,34.621124267578125,2.1517693851467286,76,4,0,1,1,1,1,0
600,6.01,34.23776626586914,1.8965538156758215,76,4,0,1,1,1,1,0
601,6.02,34.77702331542969,2.0208945244545946,76,4,0,1,1,1,1,0
602,6.03,34.591094970703125,2.023409763175361,76,4,0,1,1,1,1,0
603,6.04,34.23731994628906,1.9656567038738988,76,4,0,1,1,1,1,0
604,6.05,34.50918960571289,2.078412890509418,76,4,0,1,1,1,1,0
605,6.06,34.00419616699219,1.883641376164979,76,4,0,1,1,1,1,0
606,6.07,34.205970764160156,2.1923721238146014,76,4,0,1,1,1,1,0
607,6.08,34.583885192871094,1.9058563814678267,76,4,0,1,1,1,1,0
608,6.09,34.09627914428711,2.1830730567740466,76,3,0,0,1,1,1,0
609,6.1,34.33796310424805,2.048537988127739,76,3,0,0,1,1,1,0
610,6.11,34.19873046875,2.083938792554658,76,4,0,1,1,1,1,0
611,6.12,33.989280700683594,2.0757874967571674,76,3,0,0,1,1,1,0
612,6.13,34.34362030029297,1.7293641755530498,76,3,0,0,1,1,1,0
613,6.14,33.997962951660156,2.0095038565733923,76,4,0,1,1,1,1,0
614,6.15,34.476009368896484,1.8811948631607314,76,3,0,0,1,1,1,0
615,6.16,33.99443435668945,1.9182782503930933,76,3,0,0,1,1,1,0
616,6.17,34.04454803466797,1.903734547583982,76,3,0,0,1,1,1,0
617,6.18,34.10862350463867,1.8708240035989636,76,3,0,0,1,1,1,0
618,6.19,34.44108581542969,2.0366853675531025,76,3,0,0,1,1,1,0
619,6.2,34.226688385009766,1.9728415538044,76,3,0,0,1,1,1,0
620,6.21,34.23845291137695,1.8443674226110007,76,3,0,0,1,1,1,0
621,6.22,34.44185256958008,1.8564460814224903,76,3,0,0,1,1,1,0
622,6.23,34.28768539428711,1.8226381586017026,76,3,0,0,1,1,1,0
623,6.24,34.46798324584961,1.824306318161664,76,3,0,0,1,1,1,0
624,6.25,34.28521728515625,1.8923805463185448,76,3,0,0,1,1,1,0
625,6.26,33.88679122924805,1.7021696431821907,76,3,0,0,1,1,1,0
626,6.27,34.14798355102539,1.9417777090618629,76,3,0,0,1,1,1,0
627,6.28,34.268714904785156,1.7779479158623235,76,3,0,0,1,1,1,0
628,6.29,34.152217864990234,1.8369851067018728,76,3,0,0,1,1,1,0
629,6.3,34.22307205200195,2.078292643321161,76,3,0,0,1,1,1,0
630,6.31,34.362449645996094,1.7970209273373356,76,3,0,0,1,1,1,0
631,6.32,34.5687141418457,1.812874721345845,76,3,0,0,1,1,1,0
632,6.33,34.21097183227539,1.8503518185521568,76,3,0,0,1,1,1,0
633,6.34,34.011192321777344,2.0155652887548348,76,3,0,0,1,1,1,0
634,6.35,33.517112731933594,1.7932368901833253,76,3,0,0,1,1,1,0
635,6.36,33.851234436035156,1.8467539460737896,76,4,0,1,1,1,1,0
636,6.37,34.050994873046875,1.8020551969188572,76,4,0,1,1,1,1,0
637,6.38,34.040687561035156,2.061791404384733,76,4,0,1,1,1,1,0
638,6.39,33.96992492675781,1.8504304020243916,76,3,0,0,1,1,1,0
639,6.4,33.9801025390625,1.906879465906657,76,4,0,1,1,1,1,0
640,6.41,33.84042739868164,1.8402708683522797,76,4,0,1,1,1,1,0
641,6.42,33.76127624511719,1.829230311563402,76,4,0,1,1,1,1,0
642,6.43,33.71288299560547,1.7714950118588675,76,4,0,1,1,1,1,0
643,6.44,33.95878601074219,2.022992097003749,76,3,0,0,1,1,1,0
644,6.45,33.83841323852539,1.7363410151480063,76,3,0,0,1,1,1,0
645,6.46,33.6996955871582,2.1091256999791845,76,4,0,1,1,1,1,0
646,6.47,33.82563400268555,1.8104421271628193,76,3,0,0,1,1,1,0
647,6.48,33.88949203491211,1.8773078862917674,76,4,0,1,1,1,1,0
648,6.49,33.876731872558594,1.9618611635027492,76,3,0,0,1,1,1,0
649,6.5,33.76559066772461,2.094421415347739,76,3,0,0,1,1,1,0
650,6.51,33.88352966308594,2.045219096276998,76,4,0,1,1,1,1,0
651,6.52,33.95484161376953,1.8193675097152076,76,4,0,1,1,1,1,0
652,6.53,33.92878723144531,1.9547396997317126,76,4,0,1,1,1,1,0
653,6.54,34.12866973876953,1.9335229193217354,76,4,0,1,1,1,1,0
654,6.55,33.96794891357422,2.0335184628817538,76,4,0,1,1,1,1,0
655,6.56,33.81278991699219,1.7774423487440612,76,3,0,0,1,1,1,0
656,6.57,33.64149475097656,1.8152139273867067,76,3,0,0,1,1,1,0
657,6.58,33.839012145996094,1.8734187904743205,76,3,0,0,1,1,1,0
658,6.59,33.520076751708984,2.087250023779164,76,2,0,0,0,1,1,0
659,6.6,33.530574798583984,1.8591640259134998,76,3,0,0,1,1,1,0
660,6.61,33.77988815307617,1.914993000868659,76,3,0,0,1,1,1,0
661,6.62,33.86371612548828,1.7233087500808446,76,3,0,0,1,1,1,0
662,6.63,33.77056121826172,2.116272289793575,76,3,0,0,1,1,1,0
663,6.64,33.591339111328125,1.982043910246461,76,3,0,0,1,1,1,0
664,6.65,33.603614807128906,1.766895269531266,76,2,0,0,0,1,1,0
665,6.66,34.14523696899414,2.3135686482458087,76,3,0,0,1,1,1,0
666,6.67,33.908695220947266,1.7721773227851845,76,2,0,0,0,1,1,0
667,6.68,34.11003494262695,1.754477825685472,76,3,0,0,1,1,1,0
668,6.69,34.129764556884766,1.8709074770296703,76,3,0,0,1,1,1,0
669,6.7,34.3056755065918,1.788043511840428,76,3,0,0,1,1,1,0
670,6.71,34.27855682373047,1.9138240954941752,76,3,0,0,1,1,1,0
671,6.72,34.28032302856445,2.011836749424342,76,2,0,0,0,1,1,0
672,6.73,34.27916717529297,2.0190570889220516,76,3,0,0,1,1,1,0
673,6.74,33.84249496459961,1.6943991185165739,76,2,0,0,0,1,1,0
674,6.75,34.00387191772461,2.0898064657957764,76,2,0,0,0,1,1,0
675,6.76,33.826297760009766,2.0855169015134725,76,2,0,0,0,1,1,0
676,6.77,33.745391845703125,2.042839140549731,76,2,0,0,0,1,1,0
677,6.78,34.01853561401367,2.0263510086019796,76,2,0,0,0,1,1,0
678,6.79,34.063575744628906,1.8465372858748932,76,2,0,0,0,1,1,0
679,6.8,34.23481369018555,1.8104158882672343,76,2,0,0,0,1,1,0
680,6.81,34.468528747558594,2.001699355875393,76,2,0,0,0,1,1,0
681,6.82,34.1529655456543,1.8234568093939985,76,2,0,0,0,1,1,0
682,6.83,34.0723991394043,2.1080083347600245,76,3,0,0,1,1,1,0
683,6.84,33.873409271240234,2.0159602487412847,76,2,0,0,0,1,1,0
684,6.85,34.10264587402344,2.2079170256615743,76,2,0,0,0,1,1,0
685,6.86,34.16741943359375,1.8542406083495215,76,3,0,0,1,1,1,0
686,6.87,34.37117385864258,1.9836587643843278,76,2,0,0,0,1,1,0
687,6.88,34.33537673950195,1.8397251877681042,76,2,0,0,0,1,1,0
688,6.89,34.22575378417969,2.215114290565747,76,2,0,0,0,1,1,0
689,6.9,33.86710739135742,2.166495476323971,76,2,0,0,0,1,1,0
690,6.91,33.80412292480469,2.042083887603881,76,3,0,1,0,1,1,0
691,6.92,34.02890396118164,1.9942446218924827,76,2,0,0,0,1,1,0
692,6.93,34.36764144897461,2.026083818670392,76,2,0,0,0,1,1,0
693,6.94,34.84352493286133,1.8590851755166533,76,2,0,0,0,1,1,0
694,6.95,34.72368240356445,1.819589166071198,76,3,0,0,1,1,1,0
695,6.96,34.660865783691406,1.9288087858884344,76,3,0,0,1,1,1,0
696,6.97,34.586612701416016,1.939716454467122,76,3,0,0,1,1,1,0
697,6.98,34.6639518737793,1.676576868971411,76,2,0,0,0,1,1,0
698,6.99,34.41558837890625,1.8708319150812114,76,2,0,0,0,1,1,0
699,7.0,34.47172546386719,1.9890469585591515,76,2,0,0,0,1,1,0
700,7.01,33.85693359375,1.8762980207585398,76,3,0,0,1,1,1,0
701,7.02,33.99106216430664,1.7443066060467907,76,2,0,0,0,1,1,0
702,7.03,34.0981559753418,1.7900583813976105,76,2,0,0,0,1,1,0
703,7.04,34.14305114746094,1.9988245340279076,76,2,0,0,0,1,1,0
704,7.05,34.10940933227539,1.9725360908640095,76,2,0,0,0,1,1,0
705,7.06,34.00873565673828,1.9341683134704064,76,2,0,0,0,1,1,0
706,7.07,34.11378479003906,1.8098921323268928,76,2,0,0,0,1,1,0
707,7.08,34.17741394042969,1.8861075962493112,76,2,0,0,0,1,1,0
708,7.09,34.300148010253906,1.9912550146104293,76,2,0,0,0,1,1,0
709,7.1,33.865779876708984,1.8406749814217838,76,2,0,0,0,1,1,0
710,7.11,34.11558532714844,1.9242091604021831,76,2,0,0,0,1,1,0
711,7.12,34.18523025512695,1.863973647886569,76,2,0,0,0,1,1,0
712,7.13,34.507877349853516,1.921302552258769,76,2,0,0,0,1,1,0
713,7.14,34.384342193603516,2.06215606596381,76,2,0,0,0,1,1,0
714,7.15,34.2014045715332,2.052950134360725,76,3,0,0,1,1,1,0
715,7.16,34.246341705322266,1.7200324095435058,76,2,0,0,0,1,1,0
716,7.17,34.027442932128906,1.7022931248659037,76,2,0,0,0,1,1,0
717,7.18,33.760257720947266,1.884917519791688,76,3,0,0,1,1,1,0
718,7.19,33.887779235839844,1.9313491209346607,76,2,0,0,0,1,1,0
719,7.2,33.861473083496094,1.7493405556895851,76,2,0,0,0,1,1,0
720,7.21,34.10594940185547,1.6989699485663214,76,2,0,0,0,1,1,0
721,7.22,33.72620391845703,1.7300600594970372,76,3,0,0,1,1,1,0
722,7.23,33.77314758300781,2.05480201380849,76,2,0,0,0,1,1,0
723,7.24,33.820682525634766,1.8506239264764173,76,3,0,0,1,1,1,0
724,7.25,34.121925354003906,1.8642419259250023,76,3,0,0,1,1,1,0
725,7.26,34.21575927734375,1.7712402593382959,76,2,0,0,0,1,1,0
726,7.27,34.0413932800293,1.9505364072497051,76,2,0,0,0,1,1,0
727,7.28,33.930625915527344,1.86786157256214,76,3,0,0,1,1,1,0
728,7.29,33.891971588134766,1.787424232002569,76,2,0,0,0,1,1,0
729,7.3,33.96268081665039,1.9022550367751192,76,3,0,0,1,1,1,0
730,7.31,34.24345779418945,1.8458818828937846,76,3,0,0,1,1,1,0
731,7.32,34.282596588134766,1.6893239799084403,76,3,0,0,1,1,1,0
732,7.33,33.85752487182617,1.80945027470756,76,3,0,0,1,1,1,0
733,7.34,33.859737396240234,1.857087464985885,76,3,0,0,1,1,1,0
734,7.35,34.08460235595703,1.7307203259584485,76,2,0,0,0,1,1,0
735,7.36,34.437198638916016,1.8043832865583973,76,3,0,0,1,1,1,0
736,7.37,34.12060546875,1.8465390625194396,76,2,0,0,0,1,1,0
737,7.38,34.2382698059082,1.9206782033294554,76,3,0,0,1,1,1,0
738,7.39,34.233909606933594,1.8652860562271385,76,3,0,0,1,1,1,0
739,7.4,34.33644104003906,1.8150474655634763,76,2,0,0,0,1,1,0
740,7.41,34.49148941040039,1.7923728261539846,76,2,0,0,0,1,1,0
741,7.42,34.757015228271484,1.8331940664486928,76,3,0,0,1,1,1,0
742,7.43,34.56199645996094,1.8843839785276426,76,2,0,0,0,1,1,0
743,7.44,34.56206512451172,1.8043864154722515,76,3,0,0,1,1,1,0
744,7.45,34.37143325805664,2.105471601780363,76,3,0,0,1,1,1,0
745,7.46,34.12493133544922,1.7434744047161483,76,2,0,0,0,1,1,0
746,7.47,34.08517837524414,1.9781590305285595,76,3,0,0,1,1,1,0
747,7.48,34.3273811340332,1.848026492374889,76,3,0,0,1,1,1,0
748,7.49,34.309288024902344,1.7696941546969405,76,3,0,0,1,1,1,0
749,7.5,34.1498908996582,1.8757681491391256,76,3,0,0,1,1,1,0
750,7.51,34.355857849121094,1.776766181914118,76,3,0,0,1,1,1,0
751,7.52,34.179832458496094,1.8074521471380351,76,3,0,0,1,1,1,0
752,7.53,34.49991989135742,1.9059378002258858,76,2,0,0,0,1,1,0
753,7.54,34.24288558959961,1.724904792262053,76,3,0,0,1,1,1,0
754,7.55,34.66883850097656,1.8599486895722028,76,2,0,0,0,1,1,0
755,7.56,34.7670783996582,1.9398420470158746,76,2,0,0,0,1,1,0
756,7.57,34.77744674682617,1.8674854299447297,76,2,0,0,0,1,1,0
757,7.58,34.7161750793457,1.9766659465321004,76,3,0,0,1,1,1,0
758,7.59,34.055049896240234,1.7328872182062685,76,3,0,0,1,1,1,0
759,7.6,33.894004821777344,1.7670917036354588,76,3,0,0,1,1,1,0
760,7.61,33.882205963134766,1.9988280646992194,76,3,0,0,1,1,1,0
761,7.62,34.07697677612305,1.7917026132737004,76,3,0,0,1,1,1,0
762,7.63,34.089046478271484,1.7866724440262278,76,3,0,0,1,1,1,0
763,7.64,34.07476806640625,1.7966937892683008,76,4,0,1,1,1,1,0
764,7.65,34.17208480834961,1.780277719163284,76,4,0,1,1,1,1,0
765,7.66,34.05753707885742,1.779527070741121,76,4,0,1,1,1,1,0
766,7.67,34.09299087524414,1.7651045295534156,76,3,0,0,1,1,1,0
767,7.68,34.03228759765625,1.8048241231118431,76,4,0,1,1,1,1,0
768,7.69,34.30417251586914,2.065404698806061,76,3,0,0,1,1,1,0
769,7.7,34.1157112121582,2.1206375200031404,76,3,0,0,1,1,1,0
770,7.71,33.65296173095703,1.8429078254065705,76,3,0,0,1,1,1,0
771,7.72,34.25930404663086,1.76754069711842,76,3,0,0,1,1,1,0
772,7.73,34.01626205444336,1.7562705824266307,76,4,0,1,1,1,1,0
773,7.74,33.94411849975586,1.856265083236819,76,4,0,1,1,1,1,0
774,7.75,34.0969352722168,2.038432960770031,76,3,0,0,1,1,1,0
775,7.76,33.8997688293457,1.8425558898043735,76,4,0,1,1,1,1,0
776,7.77,33.92293167114258,1.8882805970739438,76,4,0,1,1,1,1,0
777,7.78,33.82615661621094,1.8815152972710052,76,4,0,1,1,1,1,0
778,7.79,33.842079162597656,2.0160889629315593,76,4,0,1,1,1,1,0
779,7.8,34.09267044067383,2.1054673078041666,76,4,0,1,1,1,1,0
780,7.81,33.42932891845703,1.7567303978373032,76,4,0,1,1,1,1,0
781,7.82,33.6073112487793,1.8565852586528169,76,4,0,1,1,1,1,0
782,7.83,33.41360855102539,1.7964932874179702,76,4,0,1,1,1,1,0
783,7.84,33.43168640136719,1.8103582046742277,76,4,0,1,1,1,1,0
784,7.85,33.48561096191406,1.900151531414377,76,4,0,1,1,1,1,0
785,7.86,33.73873519897461,1.59100943042816,76,4,0,1,1,1,1,0
786,7.87,33.4681282043457,1.7480000081053046,76,4,0,1,1,1,1,0
787,7.88,33.67979049682617,1.7230802872406867,76,4,0,1,1,1,1,0
788,7.89,33.91901779174805,1.8160879669187606,76,4,0,1,1,1,1,0
789,7.9,33.99925231933594,1.833140345924158,76,4,0,1,1,1,1,0
790,7.91,34.00495910644531,1.7901943028984852,76,4,0,1,1,1,1,0
791,7.92,34.01714324951172,1.7865284395761054,76,4,0,1,1,1,1,0
792,7.93,33.866268157958984,1.874829154819447,76,3,0,0,1,1,1,0
793,7.94,34.08625793457031,1.882394548087495,76,3,0,0,1,1,1,0
794,7.95,33.66951370239258,1.709971572015489,76,4,0,1,1,1,1,0
795,7.96,33.693870544433594,1.5724169181927603,76,4,0,1,1,1,1,0
796,7.97,33.710384368896484,1.7774389792512482,76,3,0,0,1,1,1,0
797,7.98,34.02893829345703,1.8850196809099369,76,3,0,0,1,1,1,0
798,7.99,33.75539016723633,2.058954306068487,76,4,0,1,1,1,1,0
799,8.0,33.98228454589844,1.782864581446484,76,4,0,1,1,1,1,0
800,8.01,33.91505432128906,1.8951218312840148,76,4,0,1,1,1,1,0
801,8.02,33.7004280090332,1.785326909932343,76,4,0,1,1,1,1,0
802,8.03,33.93975067138672,1.7704790999322706,76,3,0,0,1,1,1,0
803,8.04,33.92685317993164,1.7425860819757713,76,4,0,1,1,1,1,0
804,8.05,33.7454948425293,1.7633444705877315,76,4,0,1,1,1,1,0
805,8.06,33.8383903503418,1.7531130871176368,76,3,0,0,1,1,1,0
806,8.07,33.71455764770508,1.8083683369053263,76,3,0,0,1,1,1,0
807,8.08,33.805824279785156,1.7973551583378582,76,4,0,1,1,1,1,0
808,8.09,33.814754486083984,1.9523035030259228,76,4,0,1,1,1,1,0
809,8.1,33.409156799316406,1.7106127367319874,76,4,0,1,1,1,1,0
810,8.11,33.40041732788086,1.90076068147248,76,4,0,1,1,1,1,0
811,8.12,33.542816162109375,1.9707844461102997,76,3,0,0,1,1,1,0
812,8.13,33.82809066772461,1.8462433708453245,76,3,0,0,1,1,1,0
813,8.14,33.79957962036133,1.9615791996681218,76,3,0,0,1,1,1,0
814,8.15,33.812435150146484,1.8513490243194994,76,3,0,0,1,1,1,0
815,8.16,33.871002197265625,1.7293346991280993,76,3,0,0,1,1,1,0
816,8.17,33.9256706237793,1.8008379024509817,76,3,0,0,1,1,1,0
817,8.18,33.91671371459961,1.9630807463952848,76,3,0,0,1,1,1,0
818,8.19,34.214935302734375,1.8709882962274604,76,3,0,0,1,1,1,0
819,8.2,33.900840759277344,1.8534527049212233,76,3,0,0,1,1,1,0
820,8.21,33.67853546142578,1.730575699472592,76,4,0,1,1,1,1,0
821,8.22,33.578094482421875,1.7898905817651958,76,3,0,0,1,1,1,0
822,8.23,33.829925537109375,1.9777522975330801,76,4,0,1,1,1,1,0
823,8.24,33.57707214355469,1.7829483003552826,76,4,0,1,1,1,1,0
824,8.25,33.60444641113281,1.8681755950011745,76,3,0,0,1,1,1,0
825,8.26,33.743263244628906,1.752632401247017,76,3,0,0,1,1,1,0
826,8.27,33.724952697753906,1.7093262390225503,76,4,0,1,1,1,1,0
827,8.28,33.597713470458984,1.878857589353062,76,4,0,1,1,1,1,0
828,8.29,33.607303619384766,1.9813879023082734,76,4,0,1,1,1,1,0
829,8.3,33.72056579589844,1.9478477823753484,76,4,0,1,1,1,1,0
830,8.31,33.76127624511719,1.866032324422051,76,4,0,1,1,1,1,0
831,8.32,33.780941009521484,1.8388333760349869,76,3,0,0,1,1,1,0
832,8.33,33.56911849975586,1.8323169445147294,76,3,0,0,1,1,1,0
833,8.34,34.40089797973633,2.04494483929679,76,3,0,0,1,1,1,0
834,8.35,33.93678665161133,1.8093615414370168,76,3,0,0,1,1,1,0
835,8.36,33.807861328125,1.9428856881898071,76,3,0,0,1,1,1,0
836,8.37,34.065216064453125,1.7084469387242662,76,4,0,1,1,1,1,0
837,8.38,34.17036056518555,1.7763152467157792,76,3,0,0,1,1,1,0
838,8.39,34.297237396240234,1.7972206698765827,76,3,0,0,1,1,1,0
839,8.4,34.097801208496094,1.6562019865194677,76,4,0,1,1,1,1,0
840,8.41,34.030757904052734,1.7757821419381816,76,5,1,1,1,1,1,0
841,8.42,33.867271423339844,2.02872215304108,76,4,0,1,1,1,1,0
842,8.43,33.933773040771484,2.018664076551994,76,4,0,1,1,1,1,0
843,8.44,33.959598541259766,1.935099415364474,76,4,0,1,1,1,1,0
844,8.45,33.71417999267578,2.2634704403754244,76,4,0,1,1,1,1,0
845,8.46,33.967018127441406,1.9377570929481303,76,3,0,0,1,1,1,0
846,8.47,33.63105392456055,2.0632278049784034,76,4,0,1,1,1,1,0
847,8.48,33.48265838623047,2.068672226110563,76,4,0,1,1,1,1,0
848,8.49,33.782447814941406,2.1247540657969948,76,3,0,0,1,1,1,0
849,8.5,33.908931732177734,2.020172054404525,76,4,0,1,1,1,1,0
850,8.51,34.17532730102539,1.9868048592154495,76,4,0,1,1,1,1,0
851,8.52,33.945865631103516,1.9366470069823847,76,3,0,0,1,1,1,0
852,8.53,33.69935607910156,2.0681117592615657,76,3,0,0,1,1,1,0
853,8.54,33.878597259521484,1.9208606587076928,76,4,0,1,1,1,1,0
854,8.55,33.836280822753906,1.7121027941654021,76,4,0,1,1,1,1,0
855,8.56,34.15825271606445,1.8084804120506335,76,4,0,1,1,1,1,0
856,8.57,33.90065002441406,1.8078133432176524,76,4,0,1,1,1,1,0
857,8.58,34.012168884277344,1.9222144390336002,76,4,0,1,1,1,1,0
858,8.59,33.8870735168457,2.1702368787279376,76,4,0,1,1,1,1,0
859,8.6,33.62516784667969,2.1216486440397433,76,4,0,1,1,1,1,0
860,8.61,33.47046661376953,2.2294863217934475,76,4,0,1,1,1,1,0
861,8.62,33.608097076416016,2.039949518216015,76,4,0,1,1,1,1,0
862,8.63,33.79855728149414,2.044821094252008,76,4,0,1,1,1,1,0
863,8.64,33.618690490722656,1.81697540059099,76,4,0,1,1,1,1,0
864,8.65,33.505592346191406,2.027238398184846,76,4,0,1,1,1,1,0
865,8.66,33.590179443359375,1.9387058385432991,76,4,0,1,1,1,1,0
866,8.67,33.708160400390625,1.847863089643716,76,4,0,1,1,1,1,0
867,8.68,33.408164978027344,2.0203453546798413,76,4,0,1,1,1,1,0
868,8.69,33.43754959106445,2.0558198504705105,76,4,0,1,1,1,1,0
869,8.7,33.614768981933594,1.972765874121918,76,4,0,1,1,1,1,0
870,8.71,33.44533920288086,2.095065104857181,76,4,0,1,1,1,1,0
871,8.72,33.39476776123047,1.8517229443392291,76,4,0,1,1,1,1,0
872,8.73,33.484092712402344,1.8405945513960715,76,4,0,1,1,1,1,0
873,8.74,33.538700103759766,1.9114646624460023,76,4,0,1,1,1,1,0
874,8.75,33.32842254638672,1.7587509422110121,76,4,0,1,1,1,1,0
875,8.76,33.65499496459961,1.875050053054143,76,4,0,1,1,1,1,0
876,8.77,33.58210754394531,1.9283909813750586,76,4,0,1,1,1,1,0
877,8.78,33.59736251831055,2.06770590849215,76,4,0,1,1,1,1,0
878,8.79,33.448883056640625,1.915652224883955,76,4,0,1,1,1,1,0
879,8.8,33.28738784790039,1.854568209108154,76,4,0,1,1,1,1,0
880,8.81,33.210453033447266,1.9033953218503683,76,4,0,1,1,1,1,0
881,8.82,33.28215408325195,1.573630100870276,76,4,0,1,1,1,1,0
882,8.83,33.66603469848633,1.894012743967677,76,4,0,1,1,1,1,0
883,8.84,33.344581604003906,1.7808126698961957,76,4,0,1,1,1,1,0
884,8.85,33.58026123046875,1.8763294578809036,76,4,0,1,1,1,1,0
885,8.86,33.637123107910156,1.7806167639846076,76,4,0,1,1,1,1,0
886,8.87,33.406944274902344,1.6728738026701493,76,4,0,1,1,1,1,0
887,8.88,33.48514175415039,2.1333105030469133,76,4,0,1,1,1,1,0
888,8.89,33.35676956176758,1.7158372086713223,76,4,0,1,1,1,1,0
889,8.9,33.39860916137695,1.8723763532789581,76,4,0,1,1,1,1,0
890,8.91,33.26387023925781,2.050900728663586,76,4,0,1,1,1,1,0
891,8.92,33.56792068481445,2.003396680006515,76,4,0,1,1,1,1,0
892,8.93,33.418739318847656,1.7977211204372279,76,4,0,1,1,1,1,0
893,8.94,33.25493240356445,1.7701109968838833,76,5,1,1,1,1,1,0
894,8.95,33.757102966308594,1.6703925588529234,76,4,0,1,1,1,1,0
895,8.96,34.054935455322266,1.831315270224082,76,4,0,1,1,1,1,0
896,8.97,34.163150787353516,1.7561353370491959,76,4,0,1,1,1,1,0
897,8.98,33.809635162353516,1.5976853145279584,76,4,0,1,1,1,1,0
898,8.99,33.84027099609375,2.0099966704027907,76,4,0,1,1,1,1,0
899,9.0,33.89130401611328,1.9653486491027934,76,4,0,1,1,1,1,0
900,9.01,33.507476806640625,1.9282377421922354,76,4,0,1,1,1,1,0
901,9.02,33.53828430175781,1.962244629399002,76,4,0,1,1,1,1,0
902,9.03,33.6165885925293,1.8767511386565778,76,5,1,1,1,1,1,0
903,9.04,33.98834991455078,1.7418725953952716,76,5,1,1,1,1,1,0
904,9.05,33.63981246948242,1.7797176308619687,76,5,1,1,1,1,1,0
905,9.06,33.47278594970703,1.8494604488961477,76,5,1,1,1,1,1,0
906,9.07,33.777896881103516,1.9720291376360908,76,5,1,1,1,1,1,0
907,9.08,33.24284362792969,1.717088675076522,76,5,1,1,1,1,1,0
908,9.09,33.158050537109375,1.930465267413369,76,5,1,1,1,1,1,0
909,9.1,33.39742660522461,1.7709036629148789,76,5,1,1,1,1,1,0
910,9.11,33.39224624633789,2.1193121546428144,76,5,1,1,1,1,1,0
911,9.12,33.09488296508789,1.959540565516836,76,4,1,1,1,1,0,0
912,9.13,33.393619537353516,1.9696939035012775,76,5,1,1,1,1,1,0
913,9.14,33.4567985534668,1.932513584821522,76,5,1,1,1,1,1,0
914,9.15,33.7497444152832,1.8723760374980332,76,4,1,1,1,1,0,0
915,9.16,33.62969970703125,2.0126882528157775,76,5,1,1,1,1,1,0
916,9.17,33.51668167114258,1.7385403599142835,76,5,1,1,1,1,1,0
917,9.18,33.597618103027344,1.7805032777339478,76,5,1,1,1,1,1,0
918,9.19,33.60201644897461,1.9702290342796613,76,5,1,1,1,1,1,0
919,9.2,33.676048278808594,1.9478425533923502,76,5,1,1,1,1,1,0
920,9.21,33.46100997924805,1.7557592296279023,76,5,1,1,1,1,1,0
921,9.22,33.506103515625,1.8754712282230817,76,5,1,1,1,1,1,0
922,9.23,33.67417907714844,2.0131085589115845,76,5,1,1,1,1,1,0
923,9.24,33.69655227661133,1.961861357949964,76,5,1,1,1,1,1,0
924,9.25,33.545867919921875,1.8166433094736638,76,5,1,1,1,1,1,0
925,9.26,33.604454040527344,1.7874526757941795,76,5,1,1,1,1,1,0
926,9.27,33.46592330932617,1.9411804870694598,76,5,1,1,1,1,1,0
927,9.28,33.272220611572266,1.7425880959395186,76,5,1,1,1,1,1,0
928,9.29,33.376556396484375,1.818158260396563,76,5,1,1,1,1,1,0
929,9.3,33.64937973022461,1.892853782173825,76,5,1,1,1,1,1,0
930,9.31,33.49540328979492,1.7284088005487959,76,5,1,1,1,1,1,0
931,9.32,33.5860710144043,1.872808018862047,76,5,1,1,1,1,1,0
932,9.33,33.60582733154297,1.7724854995747155,76,5,1,1,1,1,1,0
933,9.34,33.71811294555664,1.7336951871889448,76,5,1,1,1,1,1,0
934,9.35,33.45671844482422,1.9171569354216327,76,5,1,1,1,1,1,0
935,9.36,33.50142288208008,1.8459146853172497,76,5,1,1,1,1,1,0
936,9.37,33.30122375488281,1.9826817255922315,76,5,1,1,1,1,1,0
937,9.38,33.53860855102539,1.848918924723557,76,5,1,1,1,1,1,0
938,9.39,33.29582977294922,1.73669155892107,76,5,1,1,1,1,1,0
939,9.4,33.38389587402344,1.9900261053971162,76,5,1,1,1,1,1,0
940,9.41,33.49332046508789,2.019530773998634,76,5,1,1,1,1,1,0
941,9.42,33.912418365478516,1.8402760298692264,76,5,1,1,1,1,1,0
942,9.43,33.70856475830078,1.9207787801948921,76,5,1,1,1,1,1,0
943,9.44,33.88588333129883,1.8843863672876489,76,5,1,1,1,1,1,0
944,9.45,33.45331954956055,1.8393983446109883,76,5,1,1,1,1,1,0
945,9.46,33.74519348144531,1.9112563058933263,76,5,1,1,1,1,1,0
946,9.47,33.393455505371094,1.919531466224661,76,5,1,1,1,1,1,0
947,9.48,33.45417785644531,1.736523633021626,76,5,1,1,1,1,1,0
948,9.49,33.572349548339844,1.7463420274099337,76,5,1,1,1,1,1,0
949,9.5,34.01537322998047,1.9040483235230026,76,5,1,1,1,1,1,0
950,9.51,33.92271041870117,1.798611656530695,76,5,1,1,1,1,1,0
951,9.52,33.91071319580078,1.8338231075987543,76,5,1,1,1,1,1,0
952,9.53,33.83122634887695,1.888626092553546,76,5,1,1,1,1,1,0
953,9.54,33.47199249267578,1.7503667096353046,76,5,1,1,1,1,1,0
954,9.55,33.53915023803711,1.8732277635420957,76,5,1,1,1,1,1,0
955,9.56,33.333194732666016,1.7818502278214137,76,5,1,1,1,1,1,0
956,9.57,33.54484558105469,1.8470203880800118,76,5,1,1,1,1,1,0
957,9.58,33.67605209350586,1.6870374275684887,76,5,1,1,1,1,1,0
958,9.59,33.8958625793457,1.8634846644611314,76,5,1,1,1,1,1,0
959,9.6,33.66025161743164,1.848084280007163,76,5,1,1,1,1,1,0
960,9.61,33.76458740234375,2.0454094332820993,76,5,1,1,1,1,1,0
961,9.62,33.8050537109375,1.7925364351530917,76,5,1,1,1,1,1,0
962,9.63,33.83021926879883,1.8702136695902611,76,5,1,1,1,1,1,0
963,9.64,33.83610153198242,1.8532182140968263,76,5,1,1,1,1,1,0
964,9.65,33.95615768432617,1.9724591423901274,76,5,1,1,1,1,1,0
965,9.66,33.78062057495117,1.9852749566407766,76,5,1,1,1,1,1,0
966,9.67,33.57174301147461,1.8607765365189066,76,5,1,1,1,1,1,0
967,9.68,33.121803283691406,1.7772458137632263,76,5,1,1,1,1,1,0
968,9.69,33.281639099121094,1.8398623746844023,76,5,1,1,1,1,1,0
969,9.7,33.31243896484375,1.7833346585294485,76,5,1,1,1,1,1,0
970,9.71,33.492794036865234,1.786787609366193,76,5,1,1,1,1,1,0
971,9.72,33.62886428833008,1.8684211528453738,76,5,1,1,1,1,1,0
972,9.73,33.38579177856445,1.706489224946213,76,5,1,1,1,1,1,0
973,9.74,33.550445556640625,1.8331104572275934,76,5,1,1,1,1,1,0
974,9.75,33.75092315673828,1.8304366227741427,76,5,1,1,1,1,1,0
975,9.76,34.10755920410156,1.8988389670123946,76,5,1,1,1,1,1,0
976,9.77,33.96961975097656,1.7019138155032332,76,5,1,1,1,1,1,0
977,9.78,33.78121566772461,1.8491637803111793,76,5,1,1,1,1,1,0
978,9.79,33.585018157958984,1.8903457817815346,76,5,1,1,1,1,1,0
979,9.8,33.553855895996094,2.0053374199342358,76,5,1,1,1,1,1,0
980,9.81,33.439918518066406,1.7883483359028154,76,5,1,1,1,1,1,0
981,9.82,33.658817291259766,1.8289031154901978,76,5,1,1,1,1,1,0
982,9.83,33.716426849365234,2.0196505911060174,76,5,1,1,1,1,1,0
983,9.84,33.67198181152344,1.7666649289880996,76,5,1,1,1,1,1,0
984,9.85,33.33550262451172,1.8358886795404246,76,5,1,1,1,1,1,0
985,9.86,33.65264129638672,1.844209921798457,76,5,1,1,1,1,1,0
986,9.87,33.31599426269531,1.9348653363056307,76,5,1,1,1,1,1,0
987,9.88,33.33041763305664,1.9879899651579465,76,5,1,1,1,1,1,0
988,9.89,33.293704986572266,1.793459010962293,76,5,1,1,1,1,1,0
989,9.9,33.003883361816406,1.7360012997413072,76,5,1,1,1,1,1,0
990,9.91,33.63749694824219,1.8836383384049338,76,4,0,1,1,1,1,0
991,9.92,33.31239318847656,1.8375545048327921,76,5,1,1,1,1,1,0
992,9.93,33.29991149902344,1.6917210058379102,76,5,1,1,1,1,1,0
993,9.94,33.22496795654297,1.9046799662816338,76,4,0,1,1,1,1,0
994,9.95,33.394264221191406,1.7385360153945915,76,5,1,1,1,1,1,0
995,9.96,33.29481887817383,1.7924578035264938,76,5,1,1,1,1,1,0
996,9.97,33.02394104003906,1.8040238354631835,76,5,1,1,1,1,1,0
997,9.98,33.10032653808594,1.907198164871787,76,5,1,1,1,1,1,0
998,9.99,33.31938934326172,1.6757999671172665,76,5,1,1,1,1,1,0
999,10.0,33.03290557861328,1.843990314717808,76,4,0,1,1,1,1,0
1000,10.01,33.24086380004883,1.7743997724913048,76,4,0,1,1,1,1,0
1001,10.02,33.13604736328125,1.8203833652096628,76,4,0,1,1,1,1,0
1002,10.03,33.361202239990234,1.8096947158594194,76,5,1,1,1,1,1,0
1003,10.04,33.61498260498047,1.967006771019605,76,5,1,1,1,1,1,0
1004,10.05,33.82721710205078,1.9267843126508302,76,5,1,1,1,1,1,0
1005,10.06,33.3924560546875,2.0424487432795218,76,5,1,1,1,1,1,0
1006,10.07,33.757965087890625,1.7889126950144083,76,5,1,1,1,1,1,0
1007,10.08,33.651710510253906,1.9918072255056805,76,5,1,1,1,1,1,0
1008,10.09,33.90950393676758,1.9797217032896672,76,5,1,1,1,1,1,0
1009,10.1,33.556095123291016,1.9496153584237146,76,5,1,1,1,1,1,0
1010,10.11,33.77560806274414,2.001619945610273,76,4,0,1,1,1,1,0
1011,10.12,34.084598541259766,1.9751951081731394,76,4,0,1,1,1,1,0
1012,10.13,33.864227294921875,1.9873846663136603,76,4,0,1,1,1,1,0
1013,10.14,33.77997970581055,2.174648203495194,76,4,0,1,1,1,1,0
1014,10.15,33.63331604003906,1.8300546640050177,76,4,0,1,1,1,1,0
1015,10.16,33.62382125854492,1.9257463430259094,76,4,0,1,1,1,1,0
1016,10.17,33.38405227661133,1.9192986486924826,76,4,0,1,1,1,1,0
1017,10.18,33.498451232910156,1.7966120273187836,76,4,0,1,1,1,1,0
1018,10.19,33.79282760620117,1.9463032954681498,76,4,0,1,1,1,1,0
1019,10.2,33.75529479980469,1.7183122285190189,76,4,0,1,1,1,1,0
1020,10.21,33.870567321777344,1.8412281291552808,76,4,0,1,1,1,1,0
1021,10.22,33.50719451904297,1.8644532551313397,76,4,0,1,1,1,1,0
1022,10.23,33.80267333984375,1.8806640385682691,76,5,1,1,1,1,1,0
1023,10.24,33.628868103027344,1.8219507029596882,76,5,1,1,1,1,1,0
1024,10.25,33.846031188964844,1.9685067744166005,76,5,1,1,1,1,1,0
1025,10.26,33.85115432739258,1.979367395934929,76,4,0,1,1,1,1,0
1026,10.27,33.802162170410156,1.9283884196415482,76,4,0,1,1,1,1,0
1027,10.28,33.3547477722168,2.0299275608026104,76,4,0,1,1,1,1,0
1028,10.29,33.28593063354492,1.6829097943737095,76,5,1,1,1,1,1,0
1029,10.3,33.51110076904297,1.963469647195978,76,5,1,1,1,1,1,0
1030,10.31,33.325260162353516,1.6225038577406545,76,5,1,1,1,1,1,0
1031,10.32,33.48275375366211,1.9407767166615226,76,5,1,1,1,1,1,0
1032,10.33,33.585411071777344,1.8174677459531245,76,5,1,1,1,1,1,0
1033,10.34,33.74284744262695,1.8334944009058765,76,4,0,1,1,1,1,0
1034,10.35,33.487091064453125,1.903807060420278,76,5,1,1,1,1,1,0
1035,10.36,33.51496505737305,1.8694923584950685,76,4,0,1,1,1,1,0
1036,10.37,33.704132080078125,1.7925704903955604,76,4,0,1,1,1,1,0
1037,10.38,33.81553268432617,1.7940439671633739,76,5,1,1,1,1,1,0
1038,10.39,33.722320556640625,1.7346153171443142,76,4,0,1,1,1,1,0
1039,10.4,33.60643768310547,1.8117718095518607,76,4,0,1,1,1,1,0
1040,10.41,33.74143600463867,2.1136653287234513,76,4,0,1,1,1,1,0
1041,10.42,34.00199890136719,2.091048097783121,76,5,1,1,1,1,1,0
1042,10.43,33.856842041015625,1.8317745380902557,76,4,0,1,1,1,1,0
1043,10.44,33.891544342041016,1.834693209503808,76,4,0,1,1,1,1,0
1044,10.45,33.9009895324707,1.6995602162334973,76,4,0,1,1,1,1,0
1045,10.46,33.97798538208008,1.7828878452162549,76,5,1,1,1,1,1,0
1046,10.47,34.05324172973633,2.0892588623721435,76,4,0,1,1,1,1,0
1047,10.48,33.71055221557617,1.7769071347307672,76,4,0,1,1,1,1,0
1048,10.49,34.095645904541016,2.032261209391493,76,5,1,1,1,1,1,0
1049,10.5,33.925907135009766,1.7408634630340087,76,5,1,1,1,1,1,0
1050,10.51,33.67245864868164,1.8144414600359788,76,5,1,1,1,1,1,0
1051,10.52,33.573280334472656,1.7700012551917976,76,4,0,1,1,1,1,0
1052,10.53,33.888851165771484,1.9732963828344778,76,4,0,1,1,1,1,0
1053,10.54,33.78714370727539,1.8036036002054376,76,4,0,1,1,1,1,0
1054,10.55,33.697025299072266,1.8202751873897518,76,4,0,1,1,1,1,0
1055,10.56,33.80729293823242,2.0479520752832,76,4,0,1,1,1,1,0
1056,10.57,33.72943878173828,1.9658633599584556,76,4,0,1,1,1,1,0
1057,10.58,33.66005325317383,1.8313942955904468,76,4,0,1,1,1,1,0
1058,10.59,33.69120407104492,2.0145496525899818,76,4,0,1,1,1,1,0
1059,10.6,33.83897018432617,1.8719269347991585,76,5,1,1,1,1,1,0
1060,10.61,34.08104705810547,1.7994722584525238,76,4,0,1,1,1,1,0
1061,10.62,34.3117790222168,1.8446106282251984,76,4,0,1,1,1,1,0
1062,10.63,34.22972106933594,1.8990783303064682,76,5,1,1,1,1,1,0
1063,10.64,34.07988357543945,1.9428325660056525,76,5,1,1,1,1,1,0
1064,10.65,34.38568878173828,1.8584415872225564,76,4,0,1,1,1,1,0
1065,10.66,34.28245544433594,1.6216983228852584,76,5,1,1,1,1,1,0
1066,10.67,34.08388137817383,2.0856423290116877,76,5,1,1,1,1,1,0
1067,10.68,34.053855895996094,1.8813044044575955,76,4,0,1,1,1,1,0
1068,10.69,34.108951568603516,1.7803632309938178,76,5,1,1,1,1,1,0
1069,10.7,33.88496398925781,1.7159205296821238,76,5,1,1,1,1,1,0
1070,10.71,34.04331588745117,1.8561753818957327,76,5,1,1,1,1,1,0
1071,10.72,33.87020492553711,1.8486775652462382,76,5,1,1,1,1,1,0
1072,10.73,34.19801330566406,1.8604843583677608,76,5,1,1,1,1,1,0
1073,10.74,34.1828498840332,1.8530514401727471,76,5,1,1,1,1,1,0
1074,10.75,34.08342742919922,1.7012052971080074,76,5,1,1,1,1,1,0
1075,10.76,34.36261749267578,1.8210722504235417,76,4,0,1,1,1,1,0
1076,10.77,34.13254165649414,1.8370669614354131,76,4,0,1,1,1,1,0
1077,10.78,34.64030075073242,2.0277552012050366,76,4,0,1,1,1,1,0
1078,10.79,34.42728042602539,1.903339454030968,76,5,1,1,1,1,1,0
1079,10.8,34.19504165649414,1.7860843474369752,76,4,0,1,1,1,1,0
1080,10.81,34.61750793457031,1.7582431095951006,76,5,1,1,1,1,1,0
1081,10.82,34.48849868774414,1.737983881696935,76,4,0,1,1,1,1,0
1082,10.83,34.1005973815918,1.9087973322396108,76,5,1,1,1,1,1,0
1083,10.84,34.36783981323242,2.027558409278729,76,4,0,1,1,1,1,0
1084,10.85,34.376365661621094,1.7638018795560737,76,4,0,1,1,1,1,0
1085,10.86,34.51655197143555,1.7733023437629802,76,4,0,1,1,1,1,0
1086,10.87,34.445152282714844,1.8379108643392859,76,4,0,1,1,1,1,0
1087,10.88,34.235294342041016,1.857039283526643,76,4,0,1,1,1,1,0
1088,10.89,34.146018981933594,1.799690748147483,76,5,1,1,1,1,1,0
1089,10.9,34.31483840942383,1.8426352819144698,76,4,0,1,1,1,1,0
1090,10.91,34.45962905883789,1.8561487619078907,76,5,1,1,1,1,1,0
1091,10.92,34.32493209838867,1.8525919697086606,76,5,1,1,1,1,1,0
1092,10.93,34.14957046508789,1.794245019114376,76,4,0,1,1,1,1,0
1093,10.94,34.30363082885742,1.7773308275647157,76,5,1,1,1,1,1,0
1094,10.95,34.34012222290039,1.9640281941561095,76,5,1,1,1,1,1,0
1095,10.96,34.2724609375,1.9020289692453967,76,5,1,1,1,1,1,0
1096,10.97,34.27376174926758,1.8355892771543287,76,4,0,1,1,1,1,0
1097,10.98,34.32596206665039,1.7484005255045911,76,5,1,1,1,1,1,0
1098,10.99,34.36101531982422,1.7827523295553032,76,5,1,1,1,1,1,0
1099,11.0,34.22993469238281,1.7363758429957206,76,5,1,1,1,1,1,0
1100,11.01,34.308021545410156,1.7623269338958434,76,5,1,1,1,1,1,0
1101,11.02,34.25028610229492,1.7386755916834247,76,5,1,1,1,1,1,0
1102,11.03,34.220611572265625,1.8853633864295145,76,5,1,1,1,1,1,0
1103,11.04,34.19413757324219,1.7060133639428883,76,5,1,1,1,1,1,0
1104,11.05,34.654964447021484,1.9408482189848653,76,5,1,1,1,1,1,0
1105,11.06,34.551876068115234,1.9144937102023234,76,5,1,1,1,1,1,0
1106,11.07,34.618202209472656,1.8680996162303205,76,4,0,1,1,1,1,0
1107,11.08,34.64531326293945,1.687187368867196,76,5,1,1,1,1,1,0
1108,11.09,34.693302154541016,1.847189276019265,76,4,0,1,1,1,1,0
1109,11.1,34.484886169433594,1.7745161427568008,76,5,1,1,1,1,1,0
1110,11.11,34.435733795166016,1.9334371772240646,76,5,1,1,1,1,1,0
1111,11.12,34.32053756713867,1.8939100004335023,76,4,0,1,1,1,1,0
1112,11.13,34.65934753417969,2.01422011284383,76,4,0,1,1,1,1,0
1113,11.14,34.37822723388672,1.8049108602687072,76,4,0,1,1,1,1,0
1114,11.15,34.36488723754883,1.905307495453068,76,4,0,1,1,1,1,0
1115,11.16,34.41917037963867,1.7747118838026958,76,4,0,1,1,1,1,0
1116,11.17,34.64203643798828,2.012983785357102,76,4,0,1,1,1,1,0
1117,11.18,34.43486404418945,1.779496710276184,76,5,1,1,1,1,1,0
1118,11.19,34.61390686035156,1.8364693852344778,76,5,1,1,1,1,1,0
1119,11.2,34.266414642333984,1.7777495913756332,76,4,0,1,1,1,1,0
1120,11.21,34.502201080322266,1.7587250816948388,76,5,1,1,1,1,1,0
1121,11.22,34.236412048339844,1.757385788491084,76,5,1,1,1,1,1,0
1122,11.23,34.502044677734375,1.9684743482657503,76,5,1,1,1,1,1,0
1123,11.24,34.56277084350586,1.9556519372234014,76,5,1,1,1,1,1,0
1124,11.25,34.82755661010742,1.9279307524170555,76,4,0,1,1,1,1,0
1125,11.26,34.44327926635742,1.7863372819891965,76,4,0,1,1,1,1,0
1126,11.27,34.553348541259766,1.8606995995824684,76,4,0,1,1,1,1,0
1127,11.28,34.33639907836914,1.8573959301030658,76,4,0,1,1,1,1,0
1128,11.29,34.32605743408203,1.78641940745636,76,4,0,1,1,1,1,0
1129,11.3,34.45175552368164,1.7692055112103249,76,4,0,1,1,1,1,0
1130,11.31,34.52106475830078,1.7547907412784254,76,4,0,1,1,1,1,0
1131,11.32,34.42371368408203,1.8705437956039765,76,4,0,1,1,1,1,0
1132,11.33,34.510963439941406,1.9061228873492768,76,4,0,1,1,1,1,0
1133,11.34,34.68922424316406,2.030910670278448,76,4,0,1,1,1,1,0
1134,11.35,34.53382110595703,1.8726673584254245,76,4,0,1,1,1,1,0
1135,11.36,34.63435745239258,1.758009140043635,76,4,0,1,1,1,1,0
1136,11.37,34.84523391723633,1.9407986969071078,76,4,0,1,1,1,1,0
1137,11.38,34.62489318847656,1.941492376583913,76,5,1,1,1,1,1,0
1138,11.39,34.20692825317383,1.8777120734088997,76,4,0,1,1,1,1,0
1139,11.4,34.524898529052734,1.7901396755523524,76,4,0,1,1,1,1,0
1140,11.41,34.5444221496582,1.7473937222606604,76,4,0,1,1,1,1,0
1141,11.42,34.615028381347656,2.1191450216070837,76,4,0,1,1,1,1,0
1142,11.43,35.13825225830078,1.822766983727402,76,4,0,1,1,1,1,0
1143,11.44,34.89174270629883,1.8708547476735407,76,4,0,1,1,1,1,0
1144,11.45,34.5986213684082,1.835922699413506,76,4,0,1,1,1,1,0
1145,11.46,34.5368766784668,1.8816164875214068,76,4,0,1,1,1,1,0
1146,11.47,34.96584701538086,1.8947061416580544,76,4,0,1,1,1,1,0
1147,11.48,35.091270446777344,1.9197382390909605,76,4,0,1,1,1,1,0
1148,11.49,34.996192932128906,1.9228391025384957,76,4,0,1,1,1,1,0
1149,11.5,34.98749923706055,1.9928398885864396,76,4,0,1,1,1,1,0
1150,11.51,34.81317901611328,1.955126142806824,76,4,0,1,1,1,1,0
1151,11.52,34.61042785644531,1.8734184443163286,76,4,0,1,1,1,1,0
1152,11.53,34.7546501159668,1.7534253325265554,76,5,1,1,1,1,1,0
1153,11.54,34.84043502807617,1.8624973767224802,76,4,0,1,1,1,1,0
1154,11.55,34.83649826049805,1.9192959257563653,76,5,1,1,1,1,1,0
1155,11.56,34.80677795410156,1.8336852608243324,76,4,0,1,1,1,1,0
1156,11.57,34.8559684753418,1.777050158617518,76,4,0,1,1,1,1,0
1157,11.58,35.16014862060547,1.7945189385530314,76,4,0,1,1,1,1,0
1158,11.59,34.850711822509766,1.942731618930601,76,4,0,1,1,1,1,0
1159,11.6,34.49396896362305,1.9066459237683195,76,4,0,1,1,1,1,0
1160,11.61,34.59107971191406,1.9100306499556101,76,5,1,1,1,1,1,0
1161,11.62,34.60990524291992,1.7733864925958016,76,4,0,1,1,1,1,0
1162,11.63,34.611732482910156,1.8454817625212177,76,5,1,1,1,1,1,0
1163,11.64,34.54854202270508,1.7749613884039122,76,5,1,1,1,1,1,0
1164,11.65,34.703834533691406,1.7164156084507258,76,4,0,1,1,1,1,0
1165,11.66,34.613853454589844,1.8687454103161738,76,4,0,1,1,1,1,0
1166,11.67,34.43518829345703,1.7776968991637572,76,5,1,1,1,1,1,0
1167,11.68,34.637508392333984,1.721454316026789,76,4,0,1,1,1,1,0
1168,11.69,34.16413879394531,1.783342872581857,76,4,0,1,1,1,1,0
1169,11.7,34.21089553833008,1.8223087113100165,76,4,0,1,1,1,1,0
1170,11.71,34.55758285522461,1.797944002666026,76,4,0,1,1,1,1,0
1171,11.72,34.69892120361328,1.8414355118439258,76,4,0,1,1,1,1,0
1172,11.73,34.979427337646484,2.024303379377903,76,4,0,1,1,1,1,0
1173,11.74,34.76543045043945,1.7623252022328115,76,5,1,1,1,1,1,0
1174,11.75,34.953392028808594,1.699971271049316,76,4,0,1,1,1,1,0
1175,11.76,34.700870513916016,1.8745928814209898,76,4,0,1,1,1,1,0
1176,11.77,34.640438079833984,1.7942997128025393,76,4,0,1,1,1,1,0
1177,11.78,34.29640579223633,1.867971548588197,76,4,0,1,1,1,1,0
1178,11.79,34.62546157836914,2.019358008316512,76,4,0,1,1,1,1,0
1179,11.8,34.454036712646484,1.8804579189389194,76,4,0,1,1,1,1,0
1180,11.81,34.787113189697266,1.7372957169359209,76,4,0,1,1,1,1,0
1181,11.82,34.57139205932617,1.7901448111411102,76,4,0,1,1,1,1,0
1182,11.83,34.48170471191406,1.8970217272716978,76,4,0,1,1,1,1,0
1183,11.84,34.8339729309082,2.0190581469544786,76,4,0,1,1,1,1,0
1184,11.85,34.511985778808594,1.7920354094818047,76,4,0,1,1,1,1,0
1185,11.86,34.45207214355469,1.9546399921215305,76,4,0,1,1,1,1,0
1186,11.87,34.65846633911133,1.8645110246730912,76,4,0,1,1,1,1,0
1187,11.88,34.73680877685547,1.8385579462473103,76,4,0,1,1,1,1,0
1188,11.89,35.068851470947266,1.7590327093039646,76,4,0,1,1,1,1,0
1189,11.9,34.70876693725586,1.7544533589615126,76,4,0,1,1,1,1,0
1190,11.91,34.407588958740234,1.6338309454710087,76,4,0,1,1,1,1,0
1191,11.92,34.43667221069336,1.9277770314232017,76,4,0,1,1,1,1,0
1192,11.93,34.57307815551758,1.8254085946738436,76,4,0,1,1,1,1,0
1193,11.94,34.42638397216797,1.724818123339936,76,4,0,1,1,1,1,0
1194,11.95,34.204559326171875,1.7086288540967618,76,5,1,1,1,1,1,0
1195,11.96,34.5220947265625,1.6599395106681925,76,5,1,1,1,1,1,0
1196,11.97,34.050514221191406,1.8023601487277328,76,4,0,1,1,1,1,0
1197,11.98,34.411006927490234,1.9682996400248847,76,4,0,1,1,1,1,0
1198,11.99,34.61913299560547,1.7873191389933265,76,4,0,1,1,1,1,0
1199,12.0,34.46334457397461,1.7671168372587904,76,4,0,1,1,1,1,0
1200,12.01,34.593875885009766,1.806791138158515,76,4,0,1,1,1,1,0
1201,12.02,34.763526916503906,1.8292352748294491,76,4,0,1,1,1,1,0
1202,12.03,34.186622619628906,1.7380794194753986,76,4,0,1,1,1,1,0
1203,12.04,34.25141906738281,1.9367197647820356,76,4,0,1,1,1,1,0
1204,12.05,34.77278518676758,1.8964419770317158,76,4,0,1,1,1,1,0
1205,12.06,34.56509017944336,1.8647802277682808,76,4,0,1,1,1,1,0
1206,12.07,34.58753204345703,1.832512631653948,76,4,0,1,1,1,1,0
1207,12.08,34.66412353515625,1.8725663160908717,76,4,0,1,1,1,1,0
1208,12.09,34.38749694824219,1.9375799103091027,76,4,0,1,1,1,1,0
1209,12.1,34.263267517089844,1.7714648152244992,76,4,0,1,1,1,1,0
1210,12.11,34.34393310546875,1.693136829382551,76,4,0,1,1,1,1,0
1211,12.12,34.49896240234375,1.800971654793854,76,4,0,1,1,1,1,0
1212,12.13,34.33850860595703,1.8617223726671415,76,4,0,1,1,1,1,0
1213,12.14,34.374061584472656,1.7133032953253782,76,4,0,1,1,1,1,0
1214,12.15,34.28363800048828,1.7727091230355634,76,4,0,1,1,1,1,0
1215,12.16,34.41398239135742,1.788910029498563,76,4,0,1,1,1,1,0
1216,12.17,34.583065032958984,1.7102390644323318,76,4,0,1,1,1,1,0
1217,12.18,34.1926383972168,1.7895248089230422,76,4,0,1,1,1,1,0
1218,12.19,34.52743911743164,1.8457262267090544,76,4,0,1,1,1,1,0
1219,12.2,34.778961181640625,1.8314447347094096,76,4,0,1,1,1,1,0
1220,12.21,34.45962905883789,2.038673378672795,76,4,0,1,1,1,1,0
1221,12.22,34.23170471191406,1.705929983905575,76,4,0,1,1,1,1,0
1222,12.23,34.25925827026367,1.7206447670418707,76,4,0,1,1,1,1,0
1223,12.24,34.670040130615234,1.8778144233878216,76,4,0,1,1,1,1,0
1224,12.25,34.42176055908203,1.8692494515128768,76,4,0,1,1,1,1,0
1225,12.26,34.6187858581543,1.8440462843045478,76,4,0,1,1,1,1,0
1226,12.27,34.853477478027344,1.8107781574382733,76,4,0,1,1,1,1,0
1227,12.28,34.73141098022461,1.8028367378606547,76,4,0,1,1,1,1,0
1228,12.29,34.74315643310547,1.8987834071226755,76,4,0,1,1,1,1,0
1229,12.3,34.47344970703125,1.8279190889700527,76,4,0,1,1,1,1,0
1230,12.31,34.411460876464844,1.7420709094344677,76,4,0,1,1,1,1,0
1231,12.32,34.37774658203125,1.85272845096902,76,4,0,1,1,1,1,0
1232,12.33,34.17622375488281,1.938403399518203,76,4,0,1,1,1,1,0
1233,12.34,34.289268493652344,1.8041618129834767,76,4,0,1,1,1,1,0
1234,12.35,34.48102951049805,1.8034671029307447,76,4,0,1,1,1,1,0
1235,12.36,34.26244354248047,1.9316854717087122,76,4,0,1,1,1,1,0
1236,12.37,34.30096435546875,1.7749669547468176,76,4,0,1,1,1,1,0
1237,12.38,34.1044807434082,1.8228533065634511,76,4,0,1,1,1,1,0
1238,12.39,34.66469192504883,1.7287534944112204,76,4,0,1,1,1,1,0
1239,12.4,34.1854133605957,1.869894705683664,76,4,0,1,1,1,1,0
1240,12.41,34.340476989746094,1.7972472075442167,76,4,0,1,1,1,1,0
1241,12.42,34.48507308959961,1.8563666018515124,76,4,0,1,1,1,1,0
1242,12.43,34.33647155761719,1.8319632658365135,76,4,0,1,1,1,1,0
1243,12.44,34.5816764831543,1.9852898919944546,76,4,0,1,1,1,1,0
1244,12.45,34.62763977050781,1.8602452992181593,76,4,0,1,1,1,1,0
1245,12.46,34.2090950012207,1.816504704995804,76,4,0,1,1,1,1,0
1246,12.47,34.292510986328125,1.745993530406014,76,4,0,1,1,1,1,0
1247,12.48,34.691551208496094,1.7346147673583288,76,4,0,1,1,1,1,0
1248,12.49,34.300235748291016,1.8098083318752247,76,4,0,1,1,1,1,0
1249,12.5,34.44823455810547,1.8371155213351713,76,4,0,1,1,1,1,0
1250,12.51,34.68115234375,1.9474317804756758,76,4,0,1,1,1,1,0
1251,12.52,34.6106071472168,1.7619060200624725,76,4,0,1,1,1,1,0
1252,12.53,34.88619613647461,1.7394818698754766,76,4,0,1,1,1,1,0
1253,12.54,35.157203674316406,1.8218998753844209,76,4,0,1,1,1,1,0
1254,12.55,35.02603530883789,1.8674512701181716,76,4,0,1,1,1,1,0
1255,12.56,34.737606048583984,1.8731017368653025,76,4,0,1,1,1,1,0
1256,12.57,34.57499313354492,1.8982900011853192,76,4,0,1,1,1,1,0
1257,12.58,34.301570892333984,1.9457090310332184,76,4,0,1,1,1,1,0
1258,12.59,34.52186965942383,1.8714971145142114,76,4,0,1,1,1,1,0
1259,12.6,34.76237487792969,1.9112561761570968,76,4,0,1,1,1,1,0
1260,12.61,34.73203659057617,1.8306851798030606,76,4,0,1,1,1,1,0
1261,12.62,34.31124496459961,1.7502040844360864,76,4,0,1,1,1,1,0
1262,12.63,34.524261474609375,1.9405678804776103,76,4,0,1,1,1,1,0
1263,12.64,34.551300048828125,1.8898994152720392,76,4,0,1,1,1,1,0
1264,12.65,34.518798828125,1.8645623683140162,76,4,0,1,1,1,1,0
1265,12.66,34.56412124633789,1.8201644462660218,76,4,0,1,1,1,1,0
1266,12.67,34.43817138671875,1.6688330926292951,76,4,0,1,1,1,1,0
1267,12.68,34.61518478393555,1.7066930362538284,76,4,0,1,1,1,1,0
1268,12.69,34.24618148803711,1.9468215916491933,76,4,0,1,1,1,1,0
1269,12.7,34.63856506347656,1.9948420832581812,76,4,0,1,1,1,1,0
1270,12.71,34.46982192993164,1.9138751925331898,76,4,0,1,1,1,1,0
1271,12.72,34.60114288330078,1.8157663439421121,76,4,0,1,1,1,1,0
1272,12.73,34.77456283569336,1.7816284796997068,76,4,0,1,1,1,1,0
1273,12.74,34.88022994995117,2.0925815507161576,76,3,0,1,1,1,0,0
1274,12.75,34.40320587158203,1.8274015395439114,76,3,0,1,1,1,0,0
1275,12.76,34.31833267211914,1.8045466310716638,76,4,0,1,1,1,1,0
1276,12.77,34.073822021484375,1.8255408393368184,76,4,0,1,1,1,1,0
1277,12.78,34.56449508666992,1.8311229966495248,76,4,0,1,1,1,1,0
1278,12.79,34.4405403137207,1.9408784729684798,76,4,0,1,1,1,1,0
1279,12.8,34.64484786987305,1.9101837621039406,76,4,0,1,1,1,1,0
1280,12.81,34.59520721435547,1.8864270543163186,76,4,0,1,1,1,1,0
1281,12.82,34.68800735473633,1.8162388691487616,76,4,0,1,1,1,1,0
1282,12.83,34.8492546081543,2.0541409997585323,76,3,0,1,1,1,0,0
1283,12.84,34.690311431884766,1.720466738518357,76,3,0,1,1,1,0,0
1284,12.85,34.6927490234375,2.08437322256955,76,3,0,1,1,1,0,0
1285,12.86,34.71382141113281,1.8225786013779761,76,4,1,1,1,1,0,0
1286,12.87,34.816566467285156,1.8383436505808548,76,4,0,1,1,1,1,0
1287,12.88,34.7848014831543,1.8362451753508977,76,3,0,1,1,1,0,0
1288,12.89,34.94316482543945,1.719330891725014,76,4,0,1,1,1,1,0
1289,12.9,35.00518798828125,1.890398401331041,76,4,0,1,1,1,1,0
1290,12.91,34.815982818603516,1.7123648632791069,76,4,0,1,1,1,1,0
1291,12.92,34.571388244628906,1.9599229672927383,76,4,0,1,1,1,1,0
1292,12.93,34.52627182006836,1.9284731795718708,76,4,1,1,1,1,0,0
1293,12.94,34.5833625793457,1.839374634166083,76,4,0,1,1,1,1,0
1294,12.95,34.60431671142578,1.6645117883152363,76,4,0,1,1,1,1,0
1295,12.96,34.676082611083984,1.869394613629953,76,3,0,1,1,1,0,0
1296,12.97,34.81248474121094,1.991130615029203,76,4,0,1,1,1,1,0
1297,12.98,34.75867462158203,1.917552931951541,76,3,0,1,1,1,0,0
1298,12.99,34.63838195800781,2.0096782476185626,76,4,1,1,1,1,0,0
1299,13.0,35.03400802612305,1.9035234210511354,76,4,1,1,1,1,0,0
1300,13.01,34.839813232421875,1.8776032367953128,76,4,1,1,1,1,0,0
1301,13.02,34.76478958129883,1.9546348984047945,76,4,1,1,1,1,0,0
1302,13.03,34.71894836425781,1.8383937641635109,76,4,0,1,1,1,1,0
1303,13.04,34.636714935302734,2.0260544227826283,76,5,1,1,1,1,1,0
1304,13.05,34.84777069091797,1.9907017498987853,76,4,0,1,1,1,1,0
1305,13.06,34.711822509765625,1.7014406656575949,76,5,1,1,1,1,1,0
1306,13.07,34.77953338623047,1.994120274908649,76,4,0,1,1,1,1,0
1307,13.08,34.83842849731445,1.8645616522501411,76,5,1,1,1,1,1,0
1308,13.09,34.78523635864258,1.8186237455521665,76,5,1,1,1,1,1,0
1309,13.1,35.05634307861328,1.8801588778633012,76,5,1,1,1,1,1,0
1310,13.11,35.12700653076172,2.1257680410713315,76,5,1,1,1,1,1,0
1311,13.12,35.06151580810547,1.8062417422888308,76,4,0,1,1,1,1,0
1312,13.13,34.80997848510742,1.8871596057635451,76,4,0,1,1,1,1,0
1313,13.14,35.35597229003906,1.8528378222641533,76,3,0,1,1,1,0,0
1314,13.15,35.12197494506836,1.933964345814832,76,4,0,1,1,1,1,0
1315,13.16,35.05862808227539,1.894570922589799,76,4,1,1,1,1,0,0
1316,13.17,35.5107307434082,1.9824192195268813,76,3,0,1,1,1,0,0
1317,13.18,35.10589599609375,1.7557047910659567,76,3,0,1,1,1,0,0
1318,13.19,35.02070617675781,1.989295301025026,76,3,0,1,1,1,0,0
1319,13.2,34.865150451660156,1.8725964102538541,76,3,0,1,1,1,0,0
1320,13.21,35.011749267578125,1.873739648425319,76,4,0,1,1,1,1,0
1321,13.22,34.96555709838867,1.8809570976690566,76,4,1,1,1,1,0,0
1322,13.23,34.764522552490234,1.89055671525786,76,4,1,1,1,1,0,0
1323,13.24,35.06242752075195,1.9242154051887066,76,3,0,1,1,1,0,0
1324,13.25,35.09820556640625,2.083866854702479,76,4,0,1,1,1,1,0
1325,13.26,34.839744567871094,1.7496860532091338,76,4,1,1,1,1,0,0
1326,13.27,34.98943328857422,1.7424430752514795,76,4,1,1,1,1,0,0
1327,13.28,35.16615676879883,1.790281716882403,76,4,1,1,1,1,0,0
1328,13.29,35.29693603515625,1.7787627019592396,76,4,1,1,1,1,0,0
1329,13.3,35.02748107910156,1.8657445269316475,76,4,1,1,1,1,0,0
1330,13.31,34.98729705810547,1.955963235429426,76,3,0,1,1,1,0,0
1331,13.32,35.32270050048828,2.1575276926828018,76,3,0,1,1,1,0,0
1332,13.33,34.97801208496094,1.9434742404824144,76,3,0,1,1,1,0,0
1333,13.34,35.131465911865234,2.144902234819514,76,3,0,1,1,1,0,0
1334,13.35,35.06784439086914,2.0508290455774754,76,3,0,1,1,1,0,0
1335,13.36,35.191192626953125,1.7986150287821772,76,4,1,1,1,1,0,0
1336,13.37,35.03700637817383,1.913765671741225,76,3,0,1,1,1,0,0
1337,13.38,35.16421890258789,2.191508500505685,76,3,0,1,1,1,0,0
1338,13.39,34.9084587097168,1.8677297101160732,76,3,0,1,1,1,0,0
1339,13.4,35.109928131103516,1.9201578568230961,76,4,1,1,1,1,0,0
1340,13.41,35.38766860961914,1.8494879695519955,76,3,0,1,1,1,0,0
1341,13.42,35.50263977050781,1.7828346308593095,76,3,0,1,1,1,0,0
1342,13.43,35.389869689941406,2.150442216684371,76,4,0,1,1,1,1,0
1343,13.44,35.26715087890625,1.7512803021157504,76,3,0,1,1,1,0,0
1344,13.45,35.138519287109375,2.1625437381299752,76,3,0,1,1,1,0,0
1345,13.46,35.170860290527344,1.9028629521241995,76,3,0,1,1,1,0,0
1346,13.47,35.012840270996094,1.9762077042339325,76,4,1,1,1,1,0,0
1347,13.48,35.210018157958984,1.8481915937942606,76,4,0,1,1,1,1,0
1348,13.49,34.887306213378906,2.0903110298287095,76,3,0,1,1,1,0,0
1349,13.5,34.8110237121582,1.969291446508386,76,3,0,1,1,1,0,0
1350,13.51,34.84637451171875,2.1595620431902183,76,3,0,1,1,1,0,0
1351,13.52,35.25676345825195,1.8875644520257207,76,3,0,1,1,1,0,0
1352,13.53,35.080238342285156,2.0090249022257827,76,3,0,1,1,1,0,0
1353,13.54,35.47358322143555,2.0080368813896614,76,3,0,1,1,1,0,0
1354,13.55,35.06167984008789,1.930830069618162,76,3,0,1,1,1,0,0
1355,13.56,35.09542465209961,2.107271713980607,76,3,0,1,1,1,0,0
1356,13.57,35.075950622558594,1.7760607775043866,76,3,0,1,1,1,0,0
1357,13.58,35.24095153808594,1.892324312994903,76,3,0,1,1,1,0,0
1358,13.59,35.191349029541016,1.823018134918551,76,3,0,1,1,1,0,0
1359,13.6,34.827552795410156,1.9566054095551457,76,3,0,1,1,1,0,0
1360,13.61,35.36179733276367,2.1390423551877786,76,3,0,1,1,1,0,0
1361,13.62,35.476009368896484,2.0508295849975116,76,3,0,1,1,1,0,0
1362,13.63,34.852630615234375,2.041760566808998,76,3,0,1,1,1,0,0
1363,13.64,34.60853576660156,1.8134483451503522,76,3,0,1,1,1,0,0
1364,13.65,34.895606994628906,1.7855252259885954,76,3,0,1,1,1,0,0
1365,13.66,35.046104431152344,1.9566296002838834,76,3,0,1,1,1,0,0
1366,13.67,35.38439178466797,1.9544304512257438,76,3,0,1,1,1,0,0
1367,13.68,35.272457122802734,1.8387504900310863,76,3,0,1,1,1,0,0
1368,13.69,35.17844009399414,1.7690080611131875,76,3,0,1,1,1,0,0
1369,13.7,34.76525115966797,1.845887772675961,76,3,0,1,1,1,0,0
1370,13.71,35.014652252197266,1.9651448797746622,76,3,0,1,1,1,0,0
1371,13.72,34.94853210449219,1.857467766919825,76,4,1,1,1,1,0,0
1372,13.73,35.007747650146484,2.024475628813011,76,4,1,1,1,1,0,0
1373,13.74,34.95650100708008,2.0508805050417274,76,5,1,1,1,1,1,0
1374,13.75,34.967918395996094,2.09124082136446,76,5,1,1,1,1,1,0
1375,13.76,35.250125885009766,2.0156371661161505,76,4,1,1,1,1,0,0
1376,13.77,34.87484359741211,1.8743804160259963,76,3,0,1,1,1,0,0
1377,13.78,34.892860412597656,1.7904776412264845,76,4,1,1,1,1,0,0
1378,13.79,34.86186981201172,1.926285969227747,76,3,0,1,1,1,0,0
1379,13.8,34.6845588684082,1.9383245646516314,76,4,1,1,1,1,0,0
1380,13.81,35.05873489379883,1.8138898807925887,76,3,0,1,1,1,0,0
1381,13.82,34.66716766357422,1.905412567399592,76,4,1,1,1,1,0,0
1382,13.83,34.49687194824219,1.8515612481959365,76,4,1,1,1,1,0,0
1383,13.84,34.66529083251953,1.7923744223670608,76,4,1,1,1,1,0,0
1384,13.85,34.696136474609375,1.653878037858093,76,4,1,1,1,1,0,0
1385,13.86,34.693851470947266,1.8621507003253674,76,4,1,1,1,1,0,0
1386,13.87,34.61187744140625,1.8610237778318164,76,4,1,1,1,1,0,0
1387,13.88,34.182106018066406,1.8112156788794316,76,4,1,1,1,1,0,0
1388,13.89,34.318782806396484,1.7851880536010867,76,4,1,1,1,1,0,0
1389,13.9,34.392059326171875,1.9502327319489352,76,3,0,1,1,1,0,0
1390,13.91,34.32604217529297,1.7111719855807497,76,4,1,1,1,1,0,0
1391,13.92,34.51466751098633,1.8106894470926211,76,3,0,1,1,1,0,0
1392,13.93,34.27336883544922,1.820604751220781,76,4,1,1,1,1,0,0
1393,13.94,34.540916442871094,1.7741495008674286,76,3,0,1,1,1,0,0
1394,13.95,34.59466552734375,1.8629552846439457,76,3,0,1,1,1,0,0
1395,13.96,34.0971794128418,1.802968141501566,76,4,1,1,1,1,0,0
1396,13.97,34.57968521118164,1.8726205148881616,76,3,0,1,1,1,0,0
1397,13.98,34.59714126586914,1.9994979304560494,76,3,0,1,1,1,0,0
1398,13.99,34.17310333251953,1.8152976884357803,76,3,0,1,1,1,0,0
1399,14.0,34.381622314453125,1.8436138745800605,76,3,0,1,1,1,0,0
1400,14.01,34.70014953613281,1.9502058505445565,76,3,0,1,1,1,0,0
1401,14.02,34.20991516113281,1.9013952822044533,76,3,0,1,1,1,0,0
1402,14.03,34.45758056640625,1.7217987847911032,76,3,0,1,1,1,0,0
1403,14.04,34.683536529541016,1.793151694441456,76,3,0,1,1,1,0,0
1404,14.05,34.8393669128418,2.01258611838729,76,3,0,1,1,1,0,0
1405,14.06,34.539363861083984,1.8742765962930463,76,3,0,1,1,1,0,0
1406,14.07,34.576900482177734,1.87875097136578,76,3,0,1,1,1,0,0
1407,14.08,34.62318420410156,1.9182532479008203,76,4,1,1,1,1,0,0
1408,14.09,34.62749099731445,1.9812577809136613,76,4,1,1,1,1,0,0
1409,14.1,34.569679260253906,2.0633254451794145,76,3,0,1,1,1,0,0
1410,14.11,34.733184814453125,2.1813960212898884,76,4,1,1,1,1,0,0
1411,14.12,34.5606803894043,2.0104982052887226,76,3,0,1,1,1,0,0
1412,14.13,34.69278335571289,2.090123047931648,76,3,0,1,1,1,0,0
1413,14.14,34.351261138916016,2.108316357611276,76,3,0,1,1,1,0,0
1414,14.15,34.76259994506836,2.0312809695707856,76,4,0,1,1,1,1,0
1415,14.16,34.82344436645508,2.2034760988810205,76,3,0,1,1,1,0,0
1416,14.17,34.75715637207031,2.046703799943622,76,4,0,1,1,1,1,0
1417,14.18,34.668514251708984,1.895099421890229,76,4,0,1,1,1,1,0
1418,14.19,34.6648063659668,1.7877624336208124,76,4,0,1,1,1,1,0
1419,14.2,35.103675842285156,2.004593904613791,76,3,0,1,1,1,0,0
1420,14.21,34.67172622680664,1.8943579290096966,76,4,0,1,1,1,1,0
1421,14.22,34.6129150390625,1.861774039093612,76,4,0,1,1,1,1,0
1422,14.23,34.57788848876953,1.8301899704029037,76,4,0,1,1,1,1,0
1423,14.24,34.28430938720703,1.8842716402620694,76,5,1,1,1,1,1,0
1424,14.25,34.70670700073242,1.7799689733904633,76,5,1,1,1,1,1,0
1425,14.26,34.495296478271484,2.006712089779759,76,5,1,1,1,1,1,0
1426,14.27,34.71689224243164,1.9881906352153802,76,5,1,1,1,1,1,0
1427,14.28,34.65367126464844,2.1397689837297933,76,4,1,1,1,1,0,0
1428,14.29,35.06424331665039,2.1161305018343244,76,4,1,1,1,1,0,0
1429,14.3,35.22732925415039,1.8895789897625406,76,5,1,1,1,1,1,0
1430,14.31,34.783199310302734,1.8724571600030218,76,5,1,1,1,1,1,0
1431,14.32,34.67911148071289,1.9543027316351451,76,5,1,1,1,1,1,0
1432,14.33,35.019718170166016,2.0759817381199364,76,5,1,1,1,1,1,0
1433,14.34,34.77790451049805,1.9010230957938485,76,5,1,1,1,1,1,0
1434,14.35,34.47173309326172,2.0034201629384287,76,5,1,1,1,1,1,0
1435,14.36,34.674285888671875,1.9449705381564981,76,5,1,1,1,1,1,0
1436,14.37,34.71577835083008,1.8949697466967088,76,5,1,1,1,1,1,0
1437,14.38,34.5927734375,2.1273742330326066,76,5,1,1,1,1,1,0
1438,14.39,34.6902961730957,2.099449895108162,76,5,1,1,1,1,1,0
1439,14.4,34.5579833984375,1.8973944070471531,76,5,1,1,1,1,1,0
1440,14.41,34.472442626953125,1.8972843269801785,76,5,1,1,1,1,1,0
1441,14.42,34.75625228881836,1.85143135660985,76,5,1,1,1,1,1,0
1442,14.43,34.59663772583008,1.9395644345941743,76,5,1,1,1,1,1,0
1443,14.44,34.35395812988281,1.7016172211454577,76,5,1,1,1,1,1,0
1444,14.45,34.82036590576172,1.830326308881776,76,5,1,1,1,1,1,0
1445,14.46,34.553714752197266,1.8204651072709024,76,5,1,1,1,1,1,0
1446,14.47,34.75141906738281,2.0749273786675553,76,5,1,1,1,1,1,0
1447,14.48,34.45296859741211,2.0934682405820393,76,5,1,1,1,1,1,0
1448,14.49,34.550968170166016,2.108101349428303,76,5,1,1,1,1,1,0
1449,14.5,34.561214447021484,1.9569902074478382,76,4,0,1,1,1,1,0
1450,14.51,34.58833694458008,1.975877233454238,76,4,0,1,1,1,1,0
1451,14.52,34.72019958496094,1.8108019263119595,76,4,0,1,1,1,1,0
1452,14.53,34.646888732910156,1.85766197515185,76,4,0,1,1,1,1,0
1453,14.54,34.63507080078125,1.8193692290180101,76,4,0,1,1,1,1,0
1454,14.55,34.35008239746094,1.9326153715575423,76,4,0,1,1,1,1,0
1455,14.56,34.392581939697266,1.7919254351500453,76,4,0,1,1,1,1,0
1456,14.57,34.54143524169922,1.7425841336634331,76,4,0,1,1,1,1,0
1457,14.58,34.36711120605469,1.780027952512208,76,4,0,1,1,1,1,0
1458,14.59,34.3364372253418,1.8788551732600445,76,4,0,1,1,1,1,0
1459,14.6,34.13374328613281,1.9172377250613897,76,4,0,1,1,1,1,0
1460,14.61,34.257408142089844,1.8928825058394727,76,4,0,1,1,1,1,0
1461,14.62,34.453582763671875,1.7490909731092168,76,4,0,1,1,1,1,0
1462,14.63,34.33538055419922,1.6753764471445518,76,4,0,1,1,1,1,0
1463,14.64,34.05453872680664,1.954335100141018,76,4,0,1,1,1,1,0
1464,14.65,34.350006103515625,1.7669534652588548,76,4,0,1,1,1,1,0
1465,14.66,34.40922927856445,1.7504601986330321,76,4,0,1,1,1,1,0
1466,14.67,34.480384826660156,1.8663607781784897,76,4,0,1,1,1,1,0
1467,14.68,34.07298278808594,1.9248337116623948,76,4,0,1,1,1,1,0
1468,14.69,34.14732360839844,1.9356878519961689,76,4,0,1,1,1,1,0
1469,14.7,34.2761116027832,2.02675077431782,76,4,0,1,1,1,1,0
1470,14.71,34.48003387451172,1.9609460758406936,76,4,0,1,1,1,1,0
1471,14.72,34.264705657958984,1.9309562599003893,76,4,0,1,1,1,1,0
1472,14.73,34.191619873046875,1.9226519342446804,76,4,0,1,1,1,1,0
1473,14.74,33.95972442626953,1.895522682760302,76,4,0,1,1,1,1,0
1474,14.75,34.21931076049805,1.8866381024129883,76,4,0,1,1,1,1,0
1475,14.76,34.54473114013672,1.8298091693059828,76,4,0,1,1,1,1,0
1476,14.77,34.3386344909668,1.7770483339750183,76,4,0,1,1,1,1,0
1477,14.78,34.22709655761719,1.8962333075996791,76,4,0,1,1,1,1,0
1478,14.79,34.204246520996094,1.8051317770284319,76,4,0,1,1,1,1,0
1479,14.8,34.37698745727539,1.7002637663032811,76,4,0,1,1,1,1,0
1480,14.81,34.65154266357422,1.7994717496815107,76,4,0,1,1,1,1,0
1481,14.82,34.49713897705078,1.843309415052535,76,4,0,1,1,1,1,0
1482,14.83,34.335304260253906,1.8521616786729034,76,4,0,1,1,1,1,0
1483,14.84,34.54961395263672,1.8524030990095302,76,5,1,1,1,1,1,0
1484,14.85,34.33540725708008,1.887379737915511,76,4,0,1,1,1,1,0
1485,14.86,34.31968307495117,1.7706778509699872,76,4,0,1,1,1,1,0
1486,14.87,34.49119567871094,1.892013391303771,76,4,0,1,1,1,1,0
1487,14.88,34.56648254394531,1.7884645024430066,76,4,0,1,1,1,1,0
1488,14.89,34.454627990722656,1.7689021327589207,76,5,1,1,1,1,1,0
1489,14.9,34.740081787109375,1.7673708027620358,76,4,0,1,1,1,1,0
1490,14.91,34.40387725830078,2.124552481901524,76,4,0,1,1,1,1,0
1491,14.92,34.19101333618164,1.7949640041986665,76,4,0,1,1,1,1,0
1492,14.93,34.25312042236328,1.7014734278190562,76,4,0,1,1,1,1,0
1493,14.94,34.2829704284668,1.8239802047275142,76,4,0,1,1,1,1,0
1494,14.95,34.4221305847168,2.05849454813388,76,5,1,1,1,1,1,0
1495,14.96,34.74391174316406,1.654234249305256,76,4,0,1,1,1,1,0
1496,14.97,34.48689270019531,2.036220506582364,76,4,0,1,1,1,1,0
1497,14.98,34.48050308227539,1.8850429184041775,76,5,1,1,1,1,1,0
1498,14.99,34.065921783447266,1.9746882000866897,76,4,0,1,1,1,1,0
1499,15.0,34.13065719604492,1.922447141558828,76,4,0,1,1,1,1,0
1500,15.01,34.304752349853516,1.9591061870170232,76,5,1,1,1,1,1,0
1501,15.02,34.45454406738281,1.9775259390047109,76,4,0,1,1,1,1,0
1502,15.03,34.50850296020508,1.7475135499277767,76,4,0,1,1,1,1,0
1503,15.04,34.52581787109375,1.8461318731530463,76,4,0,1,1,1,1,0
1504,15.05,34.368656158447266,2.122172515745702,76,4,0,1,1,1,1,0
1505,15.06,34.563350677490234,1.871092339187702,76,4,0,1,1,1,1,0
1506,15.07,34.77894973754883,1.952772316603132,76,4,0,1,1,1,1,0
1507,15.08,34.79420471191406,1.9880900916534987,76,4,0,1,1,1,1,0
1508,15.09,34.66426467895508,1.7443864459746445,76,4,0,1,1,1,1,0
1509,15.1,34.64897918701172,2.090120255512027,76,4,0,1,1,1,1,0
1510,15.11,34.901397705078125,1.6769297373844112,76,4,0,1,1,1,1,0
1511,15.12,34.8383903503418,2.0686485803195267,76,4,0,1,1,1,1,0
1512,15.13,34.25752258300781,1.9984528783245272,76,4,0,1,1,1,1,0
1513,15.14,34.40085220336914,1.8588173845497615,76,4,0,1,1,1,1,0
1514,15.15,34.49428939819336,1.755590520122698,76,4,0,1,1,1,1,0
1515,15.16,34.44441604614258,1.8739807214883406,76,4,0,1,1,1,1,0
1516,15.17,34.5944709777832,1.9272032077573515,76,4,0,1,1,1,1,0
1517,15.18,34.69768524169922,2.3062126190585097,76,4,0,1,1,1,1,0
1518,15.19,34.324214935302734,1.7604865303413069,76,4,0,1,1,1,1,0
1519,15.2,34.57303237915039,1.8530208021404688,76,4,0,1,1,1,1,0
1520,15.21,34.6070442199707,1.9870820725302427,76,4,0,1,1,1,1,0
1521,15.22,34.703147888183594,1.9131661856259394,76,4,0,1,1,1,1,0
1522,15.23,34.951576232910156,1.9076909664901858,76,4,0,1,1,1,1,0
1523,15.24,34.851863861083984,1.8951816047102992,76,4,0,1,1,1,1,0
1524,15.25,34.74066925048828,1.829181938556171,76,4,0,1,1,1,1,0
1525,15.26,34.81622314453125,1.8026111381240826,76,4,0,1,1,1,1,0
1526,15.27,34.41194534301758,1.8902376725913004,76,4,0,1,1,1,1,0
1527,15.28,34.229949951171875,1.7000555716060382,76,4,0,1,1,1,1,0
1528,15.29,34.25822067260742,1.8593822511734253,76,4,0,1,1,1,1,0
1529,15.3,34.369110107421875,2.0184647918607626,76,4,0,1,1,1,1,0
1530,15.31,34.284427642822266,1.8009696108032383,76,4,0,1,1,1,1,0
1531,15.32,34.62596130371094,1.8353700311612473,76,4,0,1,1,1,1,0
1532,15.33,34.038414001464844,1.825864960854385,76,4,0,1,1,1,1,0
1533,15.34,34.5643424987793,2.014670731597644,76,4,0,1,1,1,1,0
1534,15.35,34.48453903198242,1.884249142318153,76,4,0,1,1,1,1,0
1535,15.36,34.31318283081055,1.7358290876309812,76,4,0,1,1,1,1,0
1536,15.37,33.81318664550781,1.7242081883151352,76,4,0,1,1,1,1,0
1537,15.38,34.261165618896484,1.7311806476964418,76,4,0,1,1,1,1,0
1538,15.39,34.40678787231445,1.772619906360877,76,4,0,1,1,1,1,0
1539,15.4,34.04099655151367,1.7725421559412307,76,4,0,1,1,1,1,0
1540,15.41,34.454200744628906,1.9002666246219202,76,4,0,1,1,1,1,0
1541,15.42,34.14262008666992,1.8206911765858567,76,4,0,1,1,1,1,0
1542,15.43,34.231117248535156,1.7310123634716885,76,5,1,1,1,1,1,0
1543,15.44,34.467872619628906,1.7703351142243997,76,4,0,1,1,1,1,0
1544,15.45,34.175437927246094,1.8356965732944275,76,4,0,1,1,1,1,0
1545,15.46,34.122520446777344,1.9228370392921366,76,4,0,1,1,1,1,0
1546,15.47,34.498008728027344,1.8402714487616247,76,4,0,1,1,1,1,0
1547,15.48,34.11860656738281,1.8015874424090177,76,5,1,1,1,1,1,0
1548,15.49,34.07435989379883,1.7427546713774225,76,5,1,1,1,1,1,0
1549,15.5,33.929893493652344,1.8074778908850517,76,4,0,1,1,1,1,0
1550,15.51,33.749603271484375,1.6811306790748533,76,5,1,1,1,1,1,0
1551,15.52,33.76081085205078,1.9490023105991927,76,4,0,1,1,1,1,0
1552,15.53,33.908897399902344,1.9438890189901106,76,4,0,1,1,1,1,0
1553,15.54,33.51601028442383,1.836463953362148,76,4,0,1,1,1,1,0
1554,15.55,33.88335037231445,1.8117941126117585,76,4,0,1,1,1,1,0
1555,15.56,34.070472717285156,1.82389481365357,76,4,0,1,1,1,1,0
1556,15.57,34.12782669067383,2.0844199741013583,76,4,0,1,1,1,1,0
1557,15.58,34.06248474121094,1.8752588725144965,76,4,0,1,1,1,1,0
1558,15.59,34.88625717163086,1.8030255008589038,76,4,0,1,1,1,1,0
1559,15.6,34.19281768798828,2.0527017436256187,76,4,0,1,1,1,1,0
1560,15.61,33.969764709472656,1.7446196404431438,76,4,0,1,1,1,1,0
1561,15.62,33.779170989990234,1.852485240306721,76,4,0,1,1,1,1,0
1562,15.63,34.080810546875,1.8668972941526005,76,4,0,1,1,1,1,0
1563,15.64,33.917144775390625,2.047265506493828,76,4,0,1,1,1,1,0
1564,15.65,33.97531509399414,1.9696682948001834,76,4,0,1,1,1,1,0
1565,15.66,34.049434661865234,2.070126560063703,76,4,0,1,1,1,1,0
1566,15.67,33.97241973876953,2.0897136955745457,76,4,0,1,1,1,1,0
1567,15.68,33.789615631103516,1.815209787402085,76,4,0,1,1,1,1,0
1568,15.69,33.997440338134766,1.985797628428873,76,4,0,1,1,1,1,0
1569,15.7,34.02971649169922,1.8968164399400558,76,4,0,1,1,1,1,0
1570,15.71,33.761878967285156,1.5812018601510327,76,4,0,1,1,1,1,0
1571,15.72,33.74385070800781,1.8561211139422635,76,4,0,1,1,1,1,0
1572,15.73,33.98238754272461,2.0062659580655815,76,4,0,1,1,1,1,0
1573,15.74,33.886146545410156,1.7809022472749363,76,4,0,1,1,1,1,0
1574,15.75,34.502197265625,2.0157839410194405,76,4,0,1,1,1,1,0
1575,15.76,34.368133544921875,1.7829468668556339,76,4,0,1,1,1,1,0
1576,15.77,34.429832458496094,1.8758474777506893,76,4,0,1,1,1,1,0
1577,15.78,34.294071197509766,1.7939098258823154,76,4,0,1,1,1,1,0
1578,15.79,34.048038482666016,1.9897958230974344,76,4,0,1,1,1,1,0
1579,15.8,34.09320068359375,1.8351299246135813,76,4,0,1,1,1,1,0
1580,15.81,34.05415725708008,1.7739495474995284,76,4,0,1,1,1,1,0
1581,15.82,33.83557891845703,1.80036033923313,76,4,0,1,1,1,1,0
1582,15.83,33.46729278564453,1.7411214003559117,76,4,0,1,1,1,1,0
1583,15.84,33.32951736450195,1.6985259004188387,76,4,0,1,1,1,1,0
1584,15.85,33.45497512817383,2.067294792874757,76,4,0,1,1,1,1,0
1585,15.86,33.664119720458984,1.7996099066311109,76,4,0,1,1,1,1,0
1586,15.87,33.756683349609375,1.9256706349784802,76,4,0,1,1,1,1,0
1587,15.88,33.763877868652344,1.7284074321761362,76,4,0,1,1,1,1,0
1588,15.89,33.95293045043945,1.601812867245137,76,4,0,1,1,1,1,0
1589,15.9,33.51698303222656,1.8110807768770651,76,4,0,1,1,1,1,0
1590,15.91,33.776756286621094,1.8439323574146214,76,4,0,1,1,1,1,0
1591,15.92,33.62894821166992,1.7179338136680447,76,4,0,1,1,1,1,0
1592,15.93,33.411041259765625,1.9854685040763016,76,4,0,1,1,1,1,0
1593,15.94,33.803916931152344,1.8028344526424314,76,4,0,1,1,1,1,0
1594,15.95,33.77045440673828,1.809450654185576,76,4,0,1,1,1,1,0
1595,15.96,33.6331901550293,1.8155708899009628,76,4,0,1,1,1,1,0
1596,15.97,33.76056671142578,1.9760061261481843,76,4,0,1,1,1,1,0
1597,15.98,33.928348541259766,1.8949934157618264,76,4,0,1,1,1,1,0
1598,15.99,34.01991271972656,1.7293621902943177,76,5,1,1,1,1,1,0
1599,16.0,33.90913772583008,2.025316271539683,76,5,1,1,1,1,1,0
1600,16.01,33.85504150390625,1.9685801762088633,76,5,1,1,1,1,1,0
1601,16.02,33.95901107788086,1.92543567711683,76,3,0,1,1,1,0,0
1602,16.03,33.946502685546875,2.1810522231386447,76,4,1,1,1,1,0,0
1603,16.04,33.88397979736328,2.1170697614900646,76,4,1,1,1,1,0,0
1604,16.05,33.82691955566406,1.8426356131416652,76,4,1,1,1,1,0,0
1605,16.06,33.78678894042969,1.7333479768206577,76,4,1,1,1,1,0,0
1606,16.07,33.43779754638672,1.75619060940385,76,4,1,1,1,1,0,0
1607,16.08,33.724674224853516,1.9340627721914014,76,3,0,1,1,1,0,0
1608,16.09,33.84237289428711,1.9403343333400067,76,4,1,1,1,1,0,0
1609,16.1,34.016944885253906,1.8223613486433494,76,4,1,1,1,1,0,0
1610,16.11,33.61958312988281,1.8864212708796468,76,4,1,1,1,1,0,0
1611,16.12,33.61450958251953,1.7100039476545899,76,5,1,1,1,1,1,0
1612,16.13,33.83077621459961,1.6392077583990927,76,4,1,1,1,1,0,0
1613,16.14,33.85489273071289,1.9327434683510958,76,5,1,1,1,1,1,0
1614,16.15,33.57997131347656,1.8401075646868466,76,3,0,1,1,1,0,0
1615,16.16,33.562583923339844,1.8320798317880302,76,3,0,1,1,1,0,0
1616,16.17,33.340702056884766,1.6547205054572296,76,4,1,1,1,1,0,0
1617,16.18,33.41492462158203,1.7571816915115985,76,5,1,1,1,1,1,0
1618,16.19,33.48191833496094,1.921173662843324,76,4,1,1,1,1,0,0
1619,16.2,33.23677062988281,1.8168968188431098,76,4,1,1,1,1,0,0
1620,16.21,33.58134460449219,1.7483141049268864,76,4,1,1,1,1,0,0
1621,16.22,33.50238800048828,1.7502261694704402,76,4,1,1,1,1,0,0
1622,16.23,33.61958312988281,1.7393657764997859,76,4,1,1,1,1,0,0
1623,16.24,33.41891860961914,1.7473132774590057,76,4,1,1,1,1,0,0
1624,16.25,33.713401794433594,1.9375744567351558,76,4,1,1,1,1,0,0
1625,16.26,34.03092956542969,1.7611652002439053,76,4,1,1,1,1,0,0
1626,16.27,33.685142517089844,1.8868790741371502,76,4,1,1,1,1,0,0
1627,16.28,33.87439727783203,1.8807140386392085,76,4,1,1,1,1,0,0
1628,16.29,33.8170051574707,1.8205521050082223,76,4,1,1,1,1,0,0
1629,16.3,34.360897064208984,1.8221163247737093,76,4,1,1,1,1,0,0
1630,16.31,34.04307174682617,1.851407429394018,76,4,1,1,1,1,0,0
1631,16.32,33.78757095336914,1.766834049192514,76,4,1,1,1,1,0,0
1632,16.33,34.04783630371094,2.053603962165091,76,4,1,1,1,1,0,0
1633,16.34,34.103065490722656,1.843804142151997,76,4,1,1,1,1,0,0
1634,16.35,34.132686614990234,2.0233628839730855,76,4,1,1,1,1,0,0
1635,16.36,33.89764404296875,1.7655306010516512,76,4,1,1,1,1,0,0
1636,16.37,33.71257019042969,1.9186726336969848,76,4,1,1,1,1,0,0
1637,16.38,33.83428955078125,1.8487574579123984,76,4,1,1,1,1,0,0
1638,16.39,33.68988800048828,1.706721316796725,76,4,1,1,1,1,0,0
1639,16.4,33.82823181152344,1.7836517080256784,76,3,0,1,1,1,0,0
1640,16.41,33.46790313720703,1.9282356550496336,76,3,0,1,1,1,0,0
1641,16.42,33.612972259521484,2.042030291677156,76,3,0,1,1,1,0,0
1642,16.43,33.50192642211914,1.9616848259254995,76,4,1,1,1,1,0,0
1643,16.44,33.89899826049805,1.8575793440158863,76,4,1,1,1,1,0,0
1644,16.45,34.01036834716797,1.7743460670848943,76,3,0,1,1,1,0,0
1645,16.46,33.88099670410156,1.9851725744013051,76,4,0,1,1,1,1,0
1646,16.47,33.81260299682617,1.918668120489627,76,4,0,1,1,1,1,0
1647,16.48,33.71043395996094,1.9688324468909941,76,4,0,1,1,1,1,0
1648,16.49,33.8671760559082,1.9996493238115565,76,4,0,1,1,1,1,0
1649,16.5,33.66643142700195,2.07166629233793,76,4,0,1,1,1,1,0
1650,16.51,33.732276916503906,2.03239080570239,76,4,0,1,1,1,1,0
1651,16.52,33.63834762573242,1.581201739517155,76,4,0,1,1,1,1,0
1652,16.53,33.62471008300781,1.8298949723302396,76,4,0,1,1,1,1,0
1653,16.54,33.72509765625,1.7939113037824759,76,4,0,1,1,1,1,0
1654,16.55,33.716514587402344,1.802250529260275,76,4,0,1,1,1,1,0
1655,16.56,33.77303695678711,1.8345584015840397,76,5,1,1,1,1,1,0
1656,16.57,33.677223205566406,1.9174198711826749,76,5,1,1,1,1,1,0
1657,16.58,33.862083435058594,1.9838601802058844,76,4,0,1,1,1,1,0
1658,16.59,33.96955108642578,1.6621991135118799,76,4,0,1,1,1,1,0
1659,16.6,33.94863510131836,1.9190362784598607,76,4,0,1,1,1,1,0
1660,16.61,34.294620513916016,1.9318371045260585,76,4,0,1,1,1,1,0
1661,16.62,34.053497314453125,1.8766760254163701,76,4,0,1,1,1,1,0
1662,16.63,33.85727310180664,1.9496177259560468,76,4,0,1,1,1,1,0
1663,16.64,33.98188018798828,1.7672838960116943,76,4,0,1,1,1,1,0
1664,16.65,33.97539520263672,1.8652875695964541,76,5,1,1,1,1,1,0
1665,16.66,33.597537994384766,1.923044131185,76,5,1,1,1,1,1,0
1666,16.67,33.92451095581055,1.8631950402662374,76,3,0,1,1,1,0,0
1667,16.68,34.105995178222656,1.83885646073864,76,4,1,1,1,1,0,0
1668,16.69,33.758819580078125,1.6900599668806644,76,4,1,1,1,1,0,0
1669,16.7,33.520965576171875,1.9004448372010614,76,4,1,1,1,1,0,0
1670,16.71,33.945919036865234,1.85466539846246,76,3,0,1,1,1,0,0
1671,16.72,34.12294006347656,1.7800492603623042,76,4,1,1,1,1,0,0
1672,16.73,34.27044677734375,1.9114646624421958,76,3,0,1,1,1,0,0
1673,16.74,33.82345962524414,1.7452188681438463,76,4,1,1,1,1,0,0
1674,16.75,34.02375793457031,1.7401402603417289,76,3,0,1,1,1,0,0
1675,16.76,33.91049575805664,1.9557394751249957,76,3,0,1,1,1,0,0
1676,16.77,33.96037673950195,1.8100477931173706,76,3,0,1,1,1,0,0
1677,16.78,33.611698150634766,1.7666651557109225,76,3,0,1,1,1,0,0
1678,16.79,33.60160446166992,1.6139713812168996,76,3,0,1,1,1,0,0
1679,16.8,33.994449615478516,1.861743667548276,76,3,0,1,1,1,0,0
1680,16.81,33.74252700805664,1.711987997103391,76,3,0,1,1,1,0,0
1681,16.82,33.71464157104492,2.0637110243812002,76,3,0,1,1,1,0,0
1682,16.83,33.558807373046875,1.8275696522339244,76,3,0,1,1,1,0,0
1683,16.84,33.66936492919922,1.7196223789249743,76,3,0,1,1,1,0,0
1684,16.85,33.50834655761719,2.1468552270083094,76,3,0,1,1,1,0,0
1685,16.86,33.78409957885742,2.005117352643824,76,3,0,1,1,1,0,0
1686,16.87,33.86092758178711,1.853564729493257,76,4,1,1,1,1,0,0
1687,16.88,33.84406280517578,2.009697519211092,76,3,0,1,1,1,0,0
1688,16.89,33.89324951171875,1.8342609865327186,76,3,0,1,1,1,0,0
1689,16.9,34.49153137207031,2.1095512903823743,76,3,0,1,1,1,0,0
1690,16.91,34.29677963256836,1.9758835466234586,76,4,1,1,1,1,0,0
1691,16.92,34.023189544677734,2.039088665351453,76,3,0,1,1,1,0,0
1692,16.93,34.075618743896484,1.8787775553695023,76,3,1,0,1,1,0,0
1693,16.94,33.862274169921875,1.7383353450195682,76,3,0,1,1,1,0,0
1694,16.95,33.9842414855957,2.141357031543031,76,3,0,1,1,1,0,0
1695,16.96,33.877811431884766,1.9006834363019187,76,4,0,1,1,1,1,0
1696,16.97,33.96484375,1.796830164184011,76,3,0,1,1,1,0,0
1697,16.98,33.81719970703125,1.8255443290127404,76,4,0,1,1,1,1,0
1698,16.99,33.94263458251953,1.748316635962374,76,3,0,1,1,1,0,0
1699,17.0,34.228858947753906,1.609321091908634,76,3,0,1,1,1,0,0
1700,17.01,33.8047981262207,1.606925594527768,76,3,0,1,1,1,0,0
1701,17.02,33.80946731567383,1.774091498186735,76,4,1,1,1,1,0,0
1702,17.03,33.987796783447266,2.0168024737310906,76,3,0,1,1,1,0,0
1703,17.04,33.80860137939453,1.9126143413615837,76,4,1,1,1,1,0,0
1704,17.05,33.702999114990234,1.8167557980248032,76,3,0,1,1,1,0,0
1705,17.06,33.665340423583984,1.8816255903102204,76,3,0,1,1,1,0,0
1706,17.07,33.73921585083008,1.9390205065745179,76,3,0,1,1,1,0,0
1707,17.08,33.680973052978516,1.89140137363953,76,3,0,1,1,1,0,0
1708,17.09,33.872718811035156,1.7917044336412535,76,3,0,1,1,1,0,0
1709,17.1,33.81593322753906,1.8244194424212794,76,3,0,1,1,1,0,0
1710,17.11,33.560970306396484,1.732072771705131,76,3,0,1,1,1,0,0
1711,17.12,34.01153564453125,1.7242697605934376,76,3,0,1,1,1,0,0
1712,17.13,34.17197799682617,1.6688603689457508,76,3,0,1,1,1,0,0
1713,17.14,33.86788558959961,1.8674606666419034,76,4,1,1,1,1,0,0
1714,17.15,34.05095672607422,1.9170005894070086,76,4,1,1,1,1,0,0
1715,17.16,34.114173889160156,1.8775230274251198,76,3,0,1,1,1,0,0
1716,17.17,34.0006103515625,1.844829189602348,76,3,0,1,1,1,0,0
1717,17.18,34.094886779785156,1.8075390114278238,76,3,0,1,1,1,0,0
1718,17.19,34.04859161376953,1.663038329196672,76,3,0,1,1,1,0,0
1719,17.2,34.01531982421875,1.7912006941652097,76,3,0,1,1,1,0,0
1720,17.21,34.10296630859375,1.8867153564965835,76,3,0,1,1,1,0,0
1721,17.22,33.87968063354492,1.93504140726544,76,3,0,1,1,1,0,0
1722,17.23,34.0450553894043,1.853099375360275,76,3,0,1,1,1,0,0
1723,17.24,34.020503997802734,1.829045160222122,76,3,0,1,1,1,0,0
1724,17.25,33.911590576171875,1.760710551141459,76,3,0,1,1,1,0,0
1725,17.26,34.336708068847656,1.784845399562395,76,3,0,1,1,1,0,0
1726,17.27,34.25410461425781,1.9201560886939473,76,3,0,1,1,1,0,0
1727,17.28,34.72036361694336,2.059151450639251,76,3,0,1,1,1,0,0
1728,17.29,34.608402252197266,1.8879086035267274,76,3,0,1,1,1,0,0
1729,17.3,34.54476547241211,2.250509610268221,76,3,0,1,1,1,0,0
1730,17.31,34.69676971435547,2.0876047563674973,76,4,0,1,1,1,1,0
1731,17.32,34.84710693359375,1.7503124302606885,76,3,0,1,1,1,0,0
1732,17.33,34.54521942138672,2.156871034038425,76,3,0,1,1,1,0,0
1733,17.34,34.31452941894531,2.0048174067672098,76,4,0,1,1,1,1,0
1734,17.35,34.359954833984375,1.592793869145004,76,3,0,1,1,1,0,0
1735,17.36,34.15601348876953,1.7802782548527338,76,3,0,1,1,1,0,0
1736,17.37,34.46052932739258,2.0120870566997966,76,3,0,1,1,1,0,0
1737,17.38,34.487247467041016,1.8442846922361398,76,3,0,1,1,1,0,0
1738,17.39,34.04041290283203,1.7536798233992736,76,4,1,1,1,1,0,0
1739,17.4,34.46528244018555,1.9036271286218098,76,4,1,1,1,1,0,0
1740,17.41,34.378963470458984,1.7729347193068463,76,3,0,1,1,1,0,0
1741,17.42,34.0158805847168,2.0482665221745138,76,3,0,1,1,1,0,0
1742,17.43,34.326751708984375,1.9952909986884189,76,3,0,1,1,1,0,0
1743,17.44,34.1014289855957,1.5803797630195988,76,3,0,1,1,1,0,0
1744,17.45,33.866512298583984,1.7487716933053774,76,4,1,1,1,1,0,0
1745,17.46,33.84402847290039,1.9816658349026115,76,3,0,1,1,1,0,0
1746,17.47,34.16549301147461,1.6986186718827099,76,3,0,1,1,1,0,0
1747,17.48,33.83493423461914,1.7853299974446943,76,3,0,1,1,1,0,0
1748,17.49,34.199214935302734,1.8631676197063907,76,5,1,1,1,1,1,0
1749,17.5,34.0320930480957,1.9718026928114814,76,5,1,1,1,1,1,0
1750,17.51,33.92207717895508,1.7830877803614078,76,4,0,1,1,1,1,0
1751,17.52,34.13022994995117,2.0730899073562465,76,3,0,1,1,1,0,0
1752,17.53,33.84492492675781,1.983778854010848,76,3,0,1,1,1,0,0
1753,17.54,33.829933166503906,1.8937263585015083,76,4,0,1,1,1,1,0
1754,17.55,33.827693939208984,1.9431393904328569,76,3,0,1,1,1,0,0
1755,17.56,34.038055419921875,1.8841741761477189,76,3,0,1,1,1,0,0
1756,17.57,33.84225082397461,1.866921646060769,76,3,0,1,1,1,0,0
1757,17.58,33.73634338378906,1.9071930044654912,76,3,0,1,1,1,0,0
1758,17.59,34.04368209838867,1.6529048868095577,76,3,0,1,1,1,0,0
1759,17.6,34.1805305480957,2.0681885980639962,76,3,0,1,1,1,0,0
1760,17.61,34.074607849121094,1.9198704636115351,76,3,0,1,1,1,0,0
1761,17.62,34.15869140625,1.9351751882065293,76,3,0,1,1,1,0,0
1762,17.63,34.20868682861328,2.2016877501202488,76,3,0,1,1,1,0,0
1763,17.64,33.656494140625,1.9098200097114273,76,3,0,1,1,1,0,0
1764,17.65,33.741851806640625,1.8040239200470878,76,3,0,1,1,1,0,0
1765,17.66,33.80327224731445,1.8533198378572042,76,3,0,1,1,1,0,0
1766,17.67,34.062530517578125,1.8248558464090159,76,3,0,1,1,1,0,0
1767,17.68,34.1492805480957,1.746597353796478,76,3,0,1,1,1,0,0
1768,17.69,33.89727783203125,1.8096934932688045,76,4,0,1,1,1,1,0
1769,17.7,33.86701202392578,1.7612788062803386,76,3,0,1,1,1,0,0
1770,17.71,34.38410186767578,1.8011688836818722,76,3,0,1,1,1,0,0
1771,17.72,34.03547668457031,2.1860266533161874,76,3,0,1,1,1,0,0
1772,17.73,34.044189453125,1.7963560374912328,76,3,0,1,1,1,0,0
1773,17.74,34.001556396484375,1.8073787022825436,76,3,0,1,1,1,0,0
1774,17.75,33.83865737915039,1.724267304871786,76,3,0,1,1,1,0,0
1775,17.76,33.917781829833984,1.9425265473638136,76,4,0,1,1,1,1,0
1776,17.77,33.643394470214844,1.847184897927741,76,4,0,1,1,1,1,0
1777,17.78,34.30183792114258,2.18286083337256,76,3,0,1,1,1,0,0
1778,17.79,33.74919891357422,1.998070843883828,76,4,0,1,1,1,1,0
1779,17.8,33.588417053222656,2.0994053498273133,76,3,0,1,1,1,0,0
1780,17.81,33.49763107299805,1.8607026542989626,76,4,1,1,1,1,0,0
1781,17.82,33.574466705322266,1.8768313810030335,76,3,0,1,1,1,0,0
1782,17.83,33.70402526855469,1.8942025004782659,76,3,0,1,1,1,0,0
1783,17.84,33.2149772644043,1.7484591404621017,76,3,0,1,1,1,0,0
1784,17.85,33.407161712646484,1.9715481320667614,76,3,0,1,1,1,0,0
1785,17.86,33.14599609375,1.7546524251471112,76,3,0,1,1,1,0,0
1786,17.87,33.51363754272461,1.801139353976592,76,3,0,1,1,1,0,0
1787,17.88,33.38426208496094,1.8071792381244665,76,3,0,1,1,1,0,0
1788,17.89,33.40845489501953,1.5931055395187692,76,3,0,1,1,1,0,0
1789,17.9,33.49074172973633,1.883133226063291,76,3,0,1,1,1,0,0
1790,17.91,33.628475189208984,1.8907654260873519,76,3,0,1,1,1,0,0
1791,17.92,33.54679870605469,1.9814415117602067,76,3,0,1,1,1,0,0
1792,17.93,33.35847854614258,1.7829734672083275,76,4,1,1,1,1,0,0
1793,17.94,33.49283981323242,1.7505439636594795,76,4,1,1,1,1,0,0
1794,17.95,33.73133850097656,1.9272030494058598,76,4,1,1,1,1,0,0
1795,17.96,33.510704040527344,1.8602664674649985,76,3,0,1,1,1,0,0
1796,17.97,33.306392669677734,1.728837141719837,76,3,0,1,1,1,0,0
1797,17.98,33.68231964111328,1.8489707426057669,76,3,0,1,1,1,0,0
1798,17.99,33.8408088684082,1.9308307018229076,76,3,0,1,1,1,0,0
1799,18.0,34.015132904052734,1.8894676467972085,76,3,0,1,1,1,0,0
1800,18.01,33.9187126159668,1.874296425619384,76,3,0,1,1,1,0,0
1801,18.02,33.746742248535156,2.080649413192953,76,3,0,1,1,1,0,0
1802,18.03,33.72757339477539,2.1918511545662818,76,3,0,1,1,1,0,0
1803,18.04,33.681339263916016,1.8792813213880708,76,3,0,1,1,1,0,0
1804,18.05,33.595970153808594,1.767742573074122,76,3,0,1,1,1,0,0
1805,18.06,33.53482437133789,2.119881394506055,76,3,0,1,1,1,0,0
1806,18.07,33.5977668762207,1.8875128448326433,76,3,0,1,1,1,0,0
1807,18.08,33.986595153808594,1.8294559024352042,76,3,0,1,1,1,0,0
1808,18.09,33.761497497558594,2.0162318641915706,76,4,0,1,1,1,1,0
1809,18.1,33.76618957519531,1.8697862402992724,76,4,1,1,1,1,0,0
1810,18.11,33.56780242919922,1.8628163990439879,76,3,0,1,1,1,0,0
1811,18.12,33.609458923339844,1.8222511320458386,76,4,0,1,1,1,1,0
1812,18.13,33.84782409667969,2.0478780723015895,76,4,0,1,1,1,1,0
1813,18.14,33.796443939208984,2.02618376655501,76,3,0,1,1,1,0,0
1814,18.15,33.5031623840332,1.9365448116474857,76,4,0,1,1,1,1,0
1815,18.16,33.608646392822266,1.7055829476286646,76,4,0,1,1,1,1,0
1816,18.17,33.46609878540039,1.7919003408048766,76,4,0,1,1,1,1,0
1817,18.18,33.7978401184082,1.7945465577756856,76,3,0,1,1,1,0,0
1818,18.19,33.75545120239258,2.0658389270272832,76,4,0,1,1,1,1,0
1819,18.2,33.998809814453125,1.891033877213325,76,3,0,1,1,1,0,0
1820,18.21,33.48523712158203,1.7159578616877387,76,4,0,1,1,1,1,0
1821,18.22,33.626468658447266,1.725394009923515,76,3,0,1,1,1,0,0
1822,18.23,33.90045166015625,1.868556927052847,76,4,0,1,1,1,1,0
1823,18.24,33.90088653564453,1.8867193597992649,76,3,0,1,1,1,0,0
1824,18.25,33.88273239135742,2.0671435464769448,76,5,1,1,1,1,1,0
1825,18.26,34.141746520996094,1.8219751845191685,76,3,0,1,1,1,0,0
1826,18.27,34.02821350097656,1.7954641914038327,76,4,0,1,1,1,1,0
1827,18.28,34.17660903930664,2.0504887365800983,76,3,0,1,1,1,0,0
1828,18.29,34.146690368652344,2.161506854849045,76,4,1,1,1,1,0,0
1829,18.3,34.19076156616211,1.9424966528892633,76,3,0,1,1,1,0,0
1830,18.31,33.90715789794922,1.8608367366891205,76,3,0,1,1,1,0,0
1831,18.32,33.74028396606445,1.7634037569666214,76,4,1,1,1,1,0,0
1832,18.33,33.70393371582031,1.8195877928884496,76,3,0,1,1,1,0,0
1833,18.34,33.57600784301758,2.006813563216481,76,3,0,1,1,1,0,0
1834,18.35,33.816925048828125,1.695436379406273,76,3,0,1,1,1,0,0
1835,18.36,34.1124267578125,1.9100266755338822,76,3,0,1,1,1,0,0
1836,18.37,33.87980651855469,1.7890224707263584,76,3,0,1,1,1,0,0
1837,18.38,33.822906494140625,1.8309800297378407,76,3,0,1,1,1,0,0
1838,18.39,33.95258712768555,1.7382744575069167,76,4,1,1,1,1,0,0
1839,18.4,33.8652229309082,1.745160843838372,76,3,0,1,1,1,0,0
1840,18.41,33.826072692871094,1.801055845222192,76,4,1,1,1,1,0,0
1841,18.42,33.71710205078125,2.0921539031374046,76,4,1,1,1,1,0,0
1842,18.43,34.13972473144531,2.1157997134498006,76,4,1,1,1,1,0,0
1843,18.44,33.60369873046875,2.021165042714153,76,4,1,1,1,1,0,0
1844,18.45,33.95490264892578,1.9079042310877723,76,3,0,1,1,1,0,0
1845,18.46,34.00978469848633,1.8935928321835414,76,3,0,1,1,1,0,0
1846,18.47,33.557498931884766,2.02173236364153,76,4,1,1,1,1,0,0
1847,18.48,33.84983825683594,1.8217320561339445,76,4,1,1,1,1,0,0
1848,18.49,34.268550872802734,1.8066825476579766,76,4,1,1,1,1,0,0
1849,18.5,33.98920822143555,1.9603588480359562,76,3,0,1,1,1,0,0
1850,18.51,33.929115295410156,1.9314249618955177,76,4,1,1,1,1,0,0
1851,18.52,33.73638153076172,1.8046887116139776,76,4,1,1,1,1,0,0
1852,18.53,34.06159210205078,2.1282144095172306,76,4,1,1,1,1,0,0
1853,18.54,34.12306594848633,1.8310929708502042,76,3,0,1,1,1,0,0
1854,18.55,34.10285186767578,1.8452661933241916,76,3,0,1,1,1,0,0
1855,18.56,33.76218795776367,1.7846296559897106,76,3,0,1,1,1,0,0
1856,18.57,33.54594802856445,1.804133664342508,76,4,1,1,1,1,0,0
1857,18.58,33.797996520996094,1.8380385152480943,76,3,0,1,1,1,0,0
1858,18.59,33.75569534301758,1.8298356929876687,76,4,1,1,1,1,0,0
1859,18.6,33.762359619140625,1.7153967484699508,76,4,1,1,1,1,0,0
1860,18.61,34.045040130615234,1.7504585641918222,76,3,0,1,1,1,0,0
1861,18.62,34.16425704956055,1.880504060092747,76,3,0,1,1,1,0,0
1862,18.63,34.250606536865234,2.277236103471414,76,3,0,1,1,1,0,0
1863,18.64,34.01704788208008,1.859082908143679,76,3,0,1,1,1,0,0
1864,18.65,34.239994049072266,1.8912398325594038,76,3,0,1,1,1,0,0
1865,18.66,34.453582763671875,1.9669497620901424,76,3,0,1,1,1,0,0
1866,18.67,33.83880615234375,1.8493214574330497,76,3,0,1,1,1,0,0
1867,18.68,33.77661895751953,2.040931370121506,76,3,0,1,1,1,0,0
1868,18.69,33.90202331542969,1.812349950030757,76,3,0,1,1,1,0,0
1869,18.7,34.24153518676758,1.919453595227874,76,3,0,1,1,1,0,0
1870,18.71,34.696998596191406,1.9144967587743948,76,3,0,1,1,1,0,0
1871,18.72,35.009098052978516,2.125015796558864,76,3,0,1,1,1,0,0
1872,18.73,34.683956146240234,1.7224394669557184,76,3,0,1,1,1,0,0
1873,18.74,34.43502426147461,1.9921081441016277,76,3,0,1,1,1,0,0
1874,18.75,34.830963134765625,1.9645334449978378,76,3,0,1,1,1,0,0
1875,18.76,34.470855712890625,1.9659091653574219,76,3,0,1,1,1,0,0
1876,18.77,34.722694396972656,1.9792955120166074,76,3,0,1,1,1,0,0
1877,18.78,34.70780563354492,2.0726292727009867,76,3,0,1,1,1,0,0
1878,18.79,34.61738967895508,2.014224809667371,76,3,0,1,1,1,0,0
1879,18.8,34.73542785644531,2.341409185226232,76,3,0,1,1,1,0,0
1880,18.81,34.70366287231445,1.8865033868750516,76,3,0,1,1,1,0,0
1881,18.82,34.82594680786133,2.029605404692747,76,3,0,1,1,1,0,0
1882,18.83,34.86301803588867,2.0242060618125586,76,4,0,1,1,1,1,0
1883,18.84,34.61372375488281,2.049925307984817,76,3,0,1,1,1,0,0
1884,18.85,34.6059684753418,1.7826108010483,76,4,0,1,1,1,1,0
1885,18.86,34.562538146972656,2.257967722826203,76,4,0,1,1,1,1,0
1886,18.87,34.53623580932617,1.7464542605336117,76,3,0,1,1,1,0,0
1887,18.88,34.83285903930664,1.9731426195086363,76,4,0,1,1,1,1,0
1888,18.89,34.40096664428711,2.0268434150604064,76,3,0,1,1,1,0,0
1889,18.9,35.07389831542969,1.9310350202394713,76,3,1,0,1,1,0,0
1890,18.91,35.06171417236328,1.8229920142595235,76,4,0,1,1,1,1,0
1891,18.92,34.76530075073242,2.2329329747714595,76,2,0,0,1,1,0,0
1892,18.93,34.719417572021484,2.1655911166830517,76,3,1,0,1,1,0,0
1893,18.94,34.7244873046875,1.6385967629420948,76,4,0,1,1,1,1,0
1894,18.95,35.132774353027344,2.278642419904131,76,3,0,0,1,1,1,0
1895,18.96,34.83690643310547,1.8749365248101235,76,4,0,1,1,1,1,0
1896,18.97,35.006832122802734,1.9304705731058949,76,3,0,1,1,1,0,0
1897,18.98,34.863155364990234,1.9724577499177187,76,3,0,1,1,1,0,0
1898,18.99,34.75584030151367,2.1451587065222295,76,3,0,1,1,1,0,0
1899,19.0,35.147891998291016,2.1030003373064337,76,3,0,1,1,1,0,0
1900,19.01,35.009151458740234,1.9018418389485487,76,4,1,1,1,1,0,0
1901,19.02,35.39977264404297,1.900447547004427,76,3,0,1,1,1,0,0
1902,19.03,35.206939697265625,1.8842808719277249,76,3,0,1,1,1,0,0
1903,19.04,35.35075378417969,2.0251913082999518,76,3,0,1,1,1,0,0
1904,19.05,35.08369827270508,1.9933399224999013,76,4,0,1,1,1,1,0
1905,19.06,35.39967346191406,2.159679178504326,76,3,0,1,1,1,0,0
1906,19.07,35.15678405761719,1.943734420862965,76,3,0,1,1,1,0,0
1907,19.08,34.8124885559082,1.8945714360324752,76,3,0,1,1,1,0,0
1908,19.09,35.19419479370117,1.9323829163435144,76,3,0,1,1,1,0,0
1909,19.1,34.962913513183594,1.9906570227943203,76,3,0,1,1,1,0,0
1910,19.11,35.0332145690918,1.8374157130891167,76,3,0,1,1,1,0,0
1911,19.12,35.67962646484375,2.1060860803659356,76,3,0,1,1,1,0,0
1912,19.13,35.42214584350586,2.001524917626853,76,2,0,0,1,1,0,0
1913,19.14,34.92679214477539,2.319694714029801,76,2,0,0,1,1,0,0
1914,19.15,34.978965759277344,2.1231104679436332,76,2,0,0,1,1,0,0
1915,19.16,34.949363708496094,2.100355684950345,76,4,1,1,1,1,0,0
1916,19.17,35.047454833984375,2.3777520124209848,76,3,1,0,1,1,0,0
1917,19.18,35.22562026977539,2.2828284274055455,76,3,0,1,1,1,0,0
1918,19.19,34.969871520996094,2.0931570485911024,76,3,0,1,1,1,0,0
1919,19.2,35.19841384887695,2.16732334741779,76,4,1,1,1,1,0,0
1920,19.21,35.06989288330078,2.0565483144978005,76,3,1,0,1,1,0,0
1921,19.22,35.15629959106445,1.898157117451075,76,3,0,1,1,1,0,0
1922,19.23,35.04888153076172,2.012264522449689,76,4,1,1,1,1,0,0
1923,19.24,35.32528305053711,2.1747874918667054,76,3,0,1,1,1,0,0
1924,19.25,35.35429382324219,2.078148677103885,76,3,0,1,1,1,0,0
1925,19.26,35.4774055480957,2.6742137062838154,76,2,0,0,1,1,0,0
1926,19.27,35.68890380859375,2.419522996037029,76,2,0,0,1,1,0,0
1927,19.28,35.05489730834961,1.9674857264853838,76,4,1,1,1,1,0,0
1928,19.29,35.032142639160156,2.272704902372448,76,2,0,0,1,1,0,0
1929,19.3,35.0399169921875,1.9949939255401072,76,3,0,1,1,1,0,0
1930,19.31,35.09320068359375,2.11095250041625,76,4,0,1,1,1,1,0
1931,19.32,35.27884292602539,1.8908711447175661,76,3,0,1,1,1,0,0
1932,19.33,35.37776184082031,2.057691185785855,76,5,1,1,1,1,1,0
1933,19.34,35.790645599365234,2.139088536039803,76,4,0,1,1,1,1,0
1934,19.35,35.434268951416016,1.9799737874631904,76,4,0,1,1,1,1,0
1935,19.36,35.66702651977539,1.9448885468529242,76,3,0,1,1,1,0,0
1936,19.37,35.48194885253906,1.7884315421619366,76,4,0,1,1,1,1,0
1937,19.38,35.53528594970703,2.243860654872668,76,2,0,0,1,1,0,0
1938,19.39,35.90834426879883,2.705067445830433,76,2,0,0,1,1,0,0
1939,19.4,35.77037048339844,2.0709907902745615,76,3,0,1,1,1,0,0
1940,19.41,35.7231330871582,2.0068110540598045,76,4,0,1,1,1,1,0
1941,19.42,35.67756652832031,2.034379910187093,76,3,0,1,1,1,0,0
1942,19.43,35.5944709777832,1.9958185016944905,76,4,0,1,1,1,1,0
1943,19.44,35.512691497802734,1.7064869001229228,76,4,0,1,1,1,1,0
1944,19.45,35.540008544921875,2.1157975048248465,76,3,0,1,1,1,0,0
1945,19.46,35.51261901855469,2.0053401591905775,76,4,0,1,1,1,1,0
1946,19.47,35.137271881103516,1.930647499303074,76,4,0,1,1,1,1,0
1947,19.48,35.33701705932617,2.1623156109312816,76,4,0,1,1,1,1,0
1948,19.49,35.68732452392578,2.0700066607977696,76,4,0,1,1,1,1,0
1949,19.5,35.93806457519531,2.294012286504077,76,3,0,0,1,1,1,0
1950,19.51,35.262088775634766,2.1141452838865105,76,4,0,1,1,1,1,0
1951,19.52,35.491512298583984,2.169862300181366,76,4,0,1,1,1,1,0
1952,19.53,35.29782485961914,1.9094000480261808,76,4,0,1,1,1,1,0
1953,19.54,35.121246337890625,1.8982888959335025,76,4,0,1,1,1,1,0
1954,19.55,35.363548278808594,2.0423809847073886,76,4,0,1,1,1,1,0
1955,19.56,35.3726692199707,2.1819480503948365,76,4,0,1,1,1,1,0
1956,19.57,35.4932746887207,1.9826723171566025,76,4,0,1,1,1,1,0
1957,19.58,35.26228332519531,1.9121726943051753,76,3,0,1,1,1,0,0
1958,19.59,34.74802780151367,2.086001413038194,76,4,0,1,1,1,1,0
1959,19.6,34.65301513671875,1.8367609390152115,76,4,0,1,1,1,1,0
1960,19.61,34.471927642822266,1.7187793356879157,76,4,0,1,1,1,1,0
1961,19.62,34.35905838012695,1.8741387328606098,76,4,0,1,1,1,1,0
1962,19.63,34.428653717041016,1.801355904961689,76,4,0,1,1,1,1,0
1963,19.64,34.53266906738281,1.8082619296095481,76,4,0,1,1,1,1,0
1964,19.65,34.99429702758789,2.1411630375724826,76,4,0,1,1,1,1,0
1965,19.66,34.46196746826172,1.9726918449023523,76,4,0,1,1,1,1,0
1966,19.67,34.061004638671875,2.0806034753340694,76,4,0,1,1,1,1,0
1967,19.68,34.08985137939453,1.8433925409936878,76,4,0,1,1,1,1,0
1968,19.69,34.2481689453125,1.9094751925274613,76,4,0,1,1,1,1,0
1969,19.7,34.16106414794922,1.9948395399311694,76,4,0,1,1,1,1,0
1970,19.71,34.12394714355469,1.929225313532447,76,4,0,1,1,1,1,0
1971,19.72,34.32533264160156,1.9581089098764188,76,4,0,1,1,1,1,0
1972,19.73,34.637577056884766,1.8883866770202724,76,4,0,1,1,1,1,0
1973,19.74,34.63849639892578,1.972337444851664,76,4,0,1,1,1,1,0
1974,19.75,34.634220123291016,1.8928524923699144,76,4,0,1,1,1,1,0
1975,19.76,34.63033676147461,2.0635179572434934,76,4,0,1,1,1,1,0
1976,19.77,34.45176315307617,1.8753139190454489,76,4,0,1,1,1,1,0
1977,19.78,34.54971694946289,2.2586295967563585,76,4,0,1,1,1,1,0
1978,19.79,34.313175201416016,2.130090722679223,76,4,0,1,1,1,1,0
1979,19.8,34.71485137939453,1.8674589201105134,76,4,0,1,1,1,1,0
1980,19.81,34.62369918823242,2.176808936633853,76,4,0,1,1,1,1,0
1981,19.82,35.02825927734375,1.9168199358279283,76,4,0,1,1,1,1,0
1982,19.83,35.00578308105469,1.9127677054021843,76,4,0,1,1,1,1,0
1983,19.84,34.74558639526367,1.8717334526023484,76,4,0,1,1,1,1,0
1984,19.85,34.685794830322266,1.9335436009930835,76,4,0,1,1,1,1,0
1985,19.86,34.906715393066406,1.9794178609797886,76,5,1,1,1,1,1,0
1986,19.87,34.30636978149414,1.9158780786549492,76,4,0,1,1,1,1,0
1987,19.88,34.556983947753906,2.0171743227995194,76,4,0,1,1,1,1,0
1988,19.89,34.39856719970703,2.1057268344004565,76,4,0,1,1,1,1,0
1989,19.9,34.491485595703125,1.8811945792662788,76,4,0,1,1,1,1,0
1990,19.91,34.842506408691406,1.8352962173791751,76,5,1,1,1,1,1,0
1991,19.92,34.43125534057617,1.9815683869447045,76,4,0,1,1,1,1,0
1992,19.93,34.56418991088867,1.9743114115177713,76,4,0,1,1,1,1,0
1993,19.94,34.65385055541992,1.949050919630127,76,4,0,1,1,1,1,0
1994,19.95,34.710418701171875,2.046707937632733,76,4,0,1,1,1,1,0
1995,19.96,34.55979919433594,1.7988298266195812,76,4,0,1,1,1,1,0
1996,19.97,35.2336311340332,2.19271731336216,76,4,0,1,1,1,1,0
1997,19.98,34.989952087402344,2.1314091529850403,76,4,0,1,1,1,1,0
1998,19.99,34.577781677246094,1.8473767593874264,76,4,0,1,1,1,1,0
1999,20.0,34.17733383178711,1.9960454518106565,76,4,0,1,1,1,1,0
2000,20.01,34.81022262573242,2.011195314946631,76,4,0,1,1,1,1,0
2001,20.02,34.764644622802734,1.9401004828191213,76,4,0,1,1,1,1,0
2002,20.03,34.239749908447266,1.7555934535217437,76,4,0,1,1,1,1,0
2003,20.04,34.01371765136719,1.9178611055317145,76,4,0,1,1,1,1,0
2004,20.05,33.95159149169922,1.9063343363183307,76,4,0,1,1,1,1,0
2005,20.06,33.88386535644531,2.046285155882045,76,4,0,1,1,1,1,0
2006,20.07,33.98906707763672,2.047003254802226,76,5,1,1,1,1,1,0
2007,20.08,34.359771728515625,1.758411325961181,76,4,0,1,1,1,1,0
2008,20.09,34.12230682373047,2.040394996850542,76,4,0,1,1,1,1,0
2009,20.1,34.561370849609375,1.9291731301450092,76,4,0,1,1,1,1,0
2010,20.11,34.19539260864258,1.9631847276616983,76,4,0,1,1,1,1,0
2011,20.12,34.5190315246582,2.0421576709172844,76,4,0,1,1,1,1,0
2012,20.13,34.12607192993164,2.1530943890157883,76,4,0,1,1,1,1,0
2013,20.14,34.28218078613281,1.8721439780114029,76,4,0,1,1,1,1,0
2014,20.15,34.682247161865234,2.242345848614507,76,4,0,1,1,1,1,0
2015,20.16,34.39182662963867,1.7564178060858566,76,4,0,1,1,1,1,0
2016,20.17,34.24457931518555,1.7342744058711879,76,4,0,1,1,1,1,0
2017,20.18,34.2922477722168,1.8240634586646196,76,4,0,1,1,1,1,0
2018,20.19,33.952083587646484,1.9103392183013164,76,4,0,1,1,1,1,0
2019,20.2,34.22140884399414,2.0936562136536763,76,4,0,1,1,1,1,0
2020,20.21,34.41435241699219,1.7401734557248256,76,4,0,1,1,1,1,0
2021,20.22,34.28661346435547,1.8338459121426864,76,4,0,1,1,1,1,0
2022,20.23,34.24827194213867,2.0544808430448125,76,4,0,1,1,1,1,0
2023,20.24,34.191070556640625,2.1355596769192178,76,5,0,1,1,1,1,1
2024,20.25,34.60529327392578,2.029804009059971,76,4,0,1,1,1,1,0
2025,20.26,34.73249435424805,1.9660625921878019,76,4,0,1,1,1,1,0
2026,20.27,34.67947006225586,2.0454126224387132,76,4,0,1,1,1,1,0
2027,20.28,34.39839553833008,1.9179682643057319,76,4,0,1,1,1,1,0
2028,20.29,34.6704216003418,2.024770486519472,76,5,1,1,1,1,1,0
2029,20.3,34.917964935302734,2.0083067097586227,76,4,0,1,1,1,1,0
2030,20.31,35.10731506347656,1.7492815123210703,76,4,0,1,1,1,1,0
2031,20.32,34.94934844970703,1.9184883894624964,76,4,0,1,1,1,1,0
2032,20.33,34.768489837646484,2.24966894130389,76,4,0,1,1,1,1,0
2033,20.34,34.639469146728516,2.3101733128658735,76,4,0,1,1,1,1,0
2034,20.35,34.49060821533203,2.4622375624200576,76,3,0,0,1,1,1,0
2035,20.36,34.628944396972656,1.9192189495592522,76,4,0,1,1,1,1,0
2036,20.37,34.281158447265625,2.2027465474499923,76,4,0,1,1,1,1,0
2037,20.38,34.55049133300781,2.1693315817826724,76,4,0,1,1,1,1,0
2038,20.39,34.55830383300781,1.8754708417630914,76,4,0,1,1,1,1,0
2039,20.4,34.298519134521484,2.0857842874461157,76,4,0,1,1,1,1,0
2040,20.41,34.490909576416016,1.9420076352595599,76,4,0,1,1,1,1,0
2041,20.42,34.417999267578125,1.8313066047595086,76,4,0,1,1,1,1,0
2042,20.43,34.67386245727539,2.3708695612055086,76,4,0,1,1,1,1,0
2043,20.44,34.73783874511719,2.343950715364646,76,4,0,1,1,1,1,0
2044,20.45,34.65654754638672,2.4775180481114454,76,4,0,1,1,1,1,0
2045,20.46,34.79425811767578,2.3314789645194,76,3,0,0,1,1,1,0
2046,20.47,35.25135803222656,2.6171329696423875,76,4,0,1,1,1,1,0
2047,20.48,35.075740814208984,2.5583978205044007,76,4,0,1,1,1,1,0
2048,20.49,34.7044677734375,2.5185122791120436,76,5,1,1,1,1,1,0
2049,20.5,34.73780822753906,2.1776367319766767,76,5,1,1,1,1,1,0
2050,20.51,34.247840881347656,2.3649786998674647,76,5,1,1,1,1,1,0
2051,20.52,34.772056579589844,2.1882843892263346,76,4,0,1,1,1,1,0
2052,20.53,34.54777908325195,2.293226350393684,76,5,1,1,1,1,1,0
2053,20.54,34.52794647216797,1.7450834657755294,76,4,0,1,1,1,1,0
2054,20.55,34.430564880371094,1.9590295678063976,76,4,0,1,1,1,1,0
2055,20.56,34.54405212402344,1.978914251399404,76,4,0,1,1,1,1,0
2056,20.57,34.429752349853516,1.9300239794745764,76,4,0,1,1,1,1,0
2057,20.58,34.58649826049805,1.8453431742399535,76,5,1,1,1,1,1,0
2058,20.59,34.33436584472656,2.1035658579821144,76,4,0,1,1,1,1,0
2059,20.6,34.37748718261719,1.8856838606827155,76,5,1,1,1,1,1,0
2060,20.61,34.17734909057617,2.1878090636867586,76,4,0,1,1,1,1,0
2061,20.62,34.13962936401367,1.9801494692262018,76,4,0,1,1,1,1,0
2062,20.63,34.28386306762695,1.9707095778577264,76,4,0,1,1,1,1,0
2063,20.64,34.340858459472656,2.2501127833638983,76,4,0,1,1,1,1,0
2064,20.65,34.27647399902344,2.0667111612692293,76,4,0,1,1,1,1,0
2065,20.66,34.65005874633789,1.7947959193101548,76,4,0,1,1,1,1,0
2066,20.67,34.422176361083984,1.8625280636737707,76,4,0,1,1,1,1,0
2067,20.68,33.83661651611328,1.7280036494612474,76,4,0,1,1,1,1,0
2068,20.69,34.129703521728516,1.83980841344326,76,4,0,1,1,1,1,0
2069,20.7,33.99915313720703,1.8843034707026816,76,4,0,1,1,1,1,0
2070,20.71,34.11827087402344,1.9374995455858817,76,4,0,1,1,1,1,0
2071,20.72,34.038597106933594,2.1353436424419487,76,4,0,1,1,1,1,0
2072,20.73,34.44768142700195,1.8746210505747387,76,4,0,1,1,1,1,0
2073,20.74,34.30221176147461,1.745677333424542,76,4,0,1,1,1,1,0
2074,20.75,34.066802978515625,1.7759781945125086,76,5,1,1,1,1,1,0
2075,20.76,33.93769073486328,1.9954692221851726,76,4,0,1,1,1,1,0
2076,20.77,34.118873596191406,2.0001470260049805,76,4,0,1,1,1,1,0
2077,20.78,34.10480499267578,1.9393277078990028,76,4,0,1,1,1,1,0
2078,20.79,34.09883499145508,2.129830582743036,76,4,0,1,1,1,1,0
2079,20.8,34.2257194519043,1.747163638167393,76,4,0,1,1,1,1,0
2080,20.81,34.274391174316406,1.7832818532412251,76,4,0,1,1,1,1,0
2081,20.82,34.329620361328125,1.9965225903110018,76,4,0,1,1,1,1,0
2082,20.83,34.24116134643555,1.8287474743256529,76,4,0,1,1,1,1,0
2083,20.84,34.01030731201172,1.9613548547471,76,4,0,1,1,1,1,0
2084,20.85,34.23625183105469,1.985800144923073,76,4,0,1,1,1,1,0
2085,20.86,34.30513381958008,1.8469698373197543,76,4,0,1,1,1,1,0
2086,20.87,34.31608200073242,1.9906259826980035,76,4,0,1,1,1,1,0
2087,20.88,34.07277297973633,1.9035513825247694,76,4,0,1,1,1,1,0
2088,20.89,34.30879592895508,1.9752972930050776,76,4,0,1,1,1,1,0
2089,20.9,34.37545394897461,1.8903168379420878,76,5,1,1,1,1,1,0
2090,20.91,34.25167465209961,1.8879118566818975,76,5,1,1,1,1,1,0
2091,20.92,34.30046081542969,1.9284703805688674,76,4,0,1,1,1,1,0
2092,20.93,34.274776458740234,2.01298297048288,76,5,1,1,1,1,1,0
2093,20.94,34.580467224121094,1.8879329167818573,76,5,1,1,1,1,1,0
2094,20.95,34.501914978027344,1.9483569158776997,76,5,1,1,1,1,1,0
2095,20.96,34.50008773803711,1.7773317934031336,76,4,0,1,1,1,1,0
2096,20.97,33.826683044433594,1.9390967360463296,76,4,0,1,1,1,1,0
2097,20.98,33.90685272216797,1.9856525945449095,76,4,0,1,1,1,1,0
2098,20.99,33.961082458496094,2.036884648744272,76,4,0,1,1,1,1,0
2099,21.0,34.20325469970703,1.9273308032795229,76,4,0,1,1,1,1,0
2100,21.01,33.9228515625,2.0144940648480807,76,4,0,1,1,1,1,0
2101,21.02,34.10116195678711,1.722585595921199,76,4,0,1,1,1,1,0
2102,21.03,33.995033264160156,1.8333888276977455,76,5,1,1,1,1,1,0
2103,21.04,34.01714324951172,1.867776880539374,76,4,0,1,1,1,1,0
2104,21.05,34.13723373413086,1.940049702905175,76,5,1,1,1,1,1,0
2105,21.06,34.0758171081543,1.9561439012516444,76,4,0,1,1,1,1,0
2106,21.07,34.28071594238281,1.8761127870578904,76,4,0,1,1,1,1,0
2107,21.08,33.89345932006836,1.986300164972045,76,4,0,1,1,1,1,0
2108,21.09,34.344120025634766,1.8626086115588747,76,4,0,1,1,1,1,0
2109,21.1,34.246498107910156,1.8614286010447625,76,4,0,1,1,1,1,0
2110,21.11,34.30954360961914,1.9954979694319503,76,4,0,1,1,1,1,0
2111,21.12,34.12210464477539,1.8576902778323414,76,4,0,1,1,1,1,0
2112,21.13,34.355709075927734,1.9476661609291483,76,4,0,1,1,1,1,0
2113,21.14,34.65757751464844,2.070127416930015,76,4,0,1,1,1,1,0
2114,21.15,34.20571517944336,1.9141795938408401,76,4,0,1,1,1,1,0
2115,21.16,34.33919143676758,1.848890219549929,76,4,0,1,1,1,1,0
2116,21.17,34.32472610473633,1.9357166692060555,76,4,0,1,1,1,1,0
2117,21.18,33.73719024658203,1.9241892506899712,76,4,0,1,1,1,1,0
2118,21.19,33.788360595703125,1.8958900233706872,76,4,0,1,1,1,1,0
2119,21.2,33.928428649902344,2.1818152773975865,76,4,0,1,1,1,1,0
2120,21.21,33.85974884033203,1.910890990945098,76,4,0,1,1,1,1,0
2121,21.22,34.13331985473633,1.8383454662717975,76,4,0,1,1,1,1,0
2122,21.23,33.93389892578125,1.9578080750711382,76,4,0,1,1,1,1,0
2123,21.24,33.650665283203125,1.9592072055265284,76,4,0,1,1,1,1,0
2124,21.25,33.77001190185547,2.0293082418184523,76,4,0,1,1,1,1,0
2125,21.26,33.77195739746094,2.2973267745022015,76,4,0,1,1,1,1,0
2126,21.27,33.83277130126953,1.9614251012346307,76,4,0,1,1,1,1,0
2127,21.28,33.43208694458008,1.716213707485082,76,4,0,1,1,1,1,0
2128,21.29,33.689395904541016,1.7514864806715336,76,4,0,1,1,1,1,0
2129,21.3,33.69179153442383,1.8449377058736738,76,4,0,1,1,1,1,0
2130,21.31,33.50563430786133,1.8089519724896994,76,4,0,1,1,1,1,0
2131,21.32,33.18010711669922,1.7603939638554043,76,5,1,1,1,1,1,0
2132,21.33,33.43482971191406,1.7742000300944427,76,4,0,1,1,1,1,0
2133,21.34,33.675045013427734,1.867856058398989,76,4,0,1,1,1,1,0
2134,21.35,33.26325988769531,1.967331557474921,76,4,0,1,1,1,1,0
2135,21.36,33.469261169433594,1.9467407658395581,76,4,0,1,1,1,1,0
2136,21.37,33.54047775268555,1.8990776875198343,76,5,1,1,1,1,1,0
2137,21.38,33.41923904418945,1.915752468234121,76,5,1,1,1,1,1,0
2138,21.39,33.65056610107422,1.8317760999835029,76,5,1,1,1,1,1,0
2139,21.4,33.6893424987793,1.8217821974004007,76,5,1,1,1,1,1,0
2140,21.41,33.64125442504883,1.9577018888981996,76,5,1,1,1,1,1,0
2141,21.42,33.81719970703125,1.8895760221147333,76,4,0,1,1,1,1,0
2142,21.43,33.70240020751953,1.7098817144199694,76,4,0,1,1,1,1,0
2143,21.44,33.36640548706055,1.8678898228216017,76,4,0,1,1,1,1,0
2144,21.45,33.98853302001953,1.8526729907645836,76,4,0,1,1,1,1,0
2145,21.46,33.940673828125,1.8065756610035162,76,4,0,1,1,1,1,0
2146,21.47,34.1400032043457,2.0885889314729735,76,4,0,1,1,1,1,0
2147,21.48,34.27608108520508,1.6737040420524925,76,4,0,1,1,1,1,0
2148,21.49,34.283599853515625,2.101262636528157,76,4,0,1,1,1,1,0
2149,21.5,34.16206359863281,1.7556152534765024,76,4,0,1,1,1,1,0
2150,21.51,34.22371292114258,1.9275390153994054,76,4,0,1,1,1,1,0
2151,21.52,34.4104118347168,1.7375251537695184,76,4,0,1,1,1,1,0
2152,21.53,34.32255554199219,1.8138661944338463,76,4,0,1,1,1,1,0
2153,21.54,34.51357650756836,1.9182569865221395,76,4,0,1,1,1,1,0
2154,21.55,34.43571090698242,1.921719426505089,76,4,0,1,1,1,1,0
2155,21.56,34.54779815673828,1.763917846048661,76,4,0,1,1,1,1,0
2156,21.57,34.692649841308594,1.7726274383787337,76,4,0,1,1,1,1,0
2157,21.58,34.521053314208984,1.8448301407702152,76,4,0,1,1,1,1,0
2158,21.59,34.869422912597656,1.853533564860209,76,4,0,1,1,1,1,0
2159,21.6,34.65503692626953,1.7458792574871225,76,4,0,1,1,1,1,0
2160,21.61,34.255897521972656,1.9150178068862302,76,4,0,1,1,1,1,0
2161,21.62,34.74473571777344,1.9580870070594827,76,4,0,1,1,1,1,0
2162,21.63,34.955833435058594,1.8726703528696074,76,4,0,1,1,1,1,0
2163,21.64,35.15766525268555,1.9025248341730365,76,4,0,1,1,1,1,0
2164,21.65,35.009063720703125,2.061510594413161,76,4,0,1,1,1,1,0
2165,21.66,35.090492248535156,1.857793628185998,76,4,0,1,1,1,1,0
2166,21.67,35.046146392822266,1.7531177436688121,76,5,1,1,1,1,1,0
2167,21.68,34.66857147216797,1.7206364088611499,76,4,0,1,1,1,1,0
2168,21.69,34.73445510864258,1.747536181961122,76,4,0,1,1,1,1,0
2169,21.7,35.020931243896484,1.7443048564909047,76,4,0,1,1,1,1,0
2170,21.71,34.447975158691406,1.8045512817238887,76,4,0,1,1,1,1,0
2171,21.72,34.559104919433594,2.114000592394078,76,4,0,1,1,1,1,0
2172,21.73,33.943626403808594,1.7096805814054983,76,4,0,1,1,1,1,0
2173,21.74,34.18086624145508,2.0136229072413694,76,4,0,1,1,1,1,0
2174,21.75,34.4773063659668,1.8608621416381612,76,4,0,1,1,1,1,0
2175,21.76,34.64336013793945,1.7738925167443649,76,4,0,1,1,1,1,0
2176,21.77,34.83320236206055,1.6597036349997132,76,4,0,1,1,1,1,0
2177,21.78,34.76873779296875,1.779043358042554,76,4,0,1,1,1,1,0
2178,21.79,34.60124588012695,1.8866345639884932,76,4,0,1,1,1,1,0
2179,21.8,34.39445114135742,1.796215506529579,76,4,0,1,1,1,1,0
2180,21.81,34.29362106323242,1.9101870572090829,76,4,0,1,1,1,1,0
2181,21.82,34.68410110473633,1.7047261923903259,76,4,0,1,1,1,1,0
2182,21.83,34.629234313964844,1.7683036822343197,76,4,0,1,1,1,1,0
2183,21.84,34.56064224243164,1.7246734110967887,76,4,0,1,1,1,1,0
2184,21.85,34.83379364013672,1.9734455142945417,76,4,0,1,1,1,1,0
2185,21.86,34.7247314453125,1.7046423913589177,76,4,0,1,1,1,1,0
2186,21.87,34.56632614135742,1.7227282027761488,76,4,0,1,1,1,1,0
2187,21.88,34.3302001953125,1.8551049277464196,76,4,0,1,1,1,1,0
2188,21.89,34.268314361572266,1.7429593415358842,76,5,1,1,1,1,1,0
2189,21.9,34.266178131103516,1.8651061613496467,76,4,0,1,1,1,1,0
2190,21.91,34.6624870300293,1.94507136902942,76,4,0,1,1,1,1,0
2191,21.92,34.6634407043457,1.8555014618896557,76,4,0,1,1,1,1,0
2192,21.93,34.80081558227539,1.8492117543985227,76,4,0,1,1,1,1,0
2193,21.94,34.946388244628906,1.9086352448646562,76,4,0,1,1,1,1,0
2194,21.95,34.330772399902344,1.8478382491638832,76,4,0,1,1,1,1,0
2195,21.96,34.37748718261719,1.783395323109754,76,4,0,1,1,1,1,0
2196,21.97,34.286521911621094,1.8180482506066393,76,4,0,1,1,1,1,0
2197,21.98,34.652687072753906,2.0446265792354597,76,5,1,1,1,1,1,0
2198,21.99,34.58654022216797,2.0382801435562112,76,4,0,1,1,1,1,0
2199,22.0,34.69482421875,1.760625038136459,76,5,1,1,1,1,1,0
2200,22.01,34.83159255981445,1.8414412501330835,76,4,0,1,1,1,1,0
2201,22.02,34.50297927856445,1.7177586798526339,76,4,0,1,1,1,1,0
2202,22.03,35.06367874145508,1.890449102420815,76,4,0,1,1,1,1,0
2203,22.04,34.97001266479492,1.8740617541863538,76,5,1,1,1,1,1,0
2204,22.05,35.16025924682617,1.8725359769884298,76,4,0,1,1,1,1,0
2205,22.06,34.86323547363281,1.7500281038549543,76,4,0,1,1,1,1,0
2206,22.07,35.04388427734375,1.776347025210294,76,4,0,1,1,1,1,0
2207,22.08,35.139835357666016,1.9111529624195192,76,4,0,1,1,1,1,0
2208,22.09,35.50175094604492,1.7230787596599135,76,5,1,1,1,1,1,0
2209,22.1,34.775794982910156,1.7880991845791616,76,4,0,1,1,1,1,0
2210,22.11,34.80926513671875,1.754569008448835,76,4,0,1,1,1,1,0
2211,22.12,35.069488525390625,1.774994663290796,76,4,0,1,1,1,1,0
2212,22.13,35.07484436035156,1.7235121881493916,76,4,0,1,1,1,1,0
2213,22.14,34.90132522583008,1.7317616986574802,76,4,0,1,1,1,1,0
2214,22.15,35.23699951171875,1.6843744084612915,76,4,0,1,1,1,1,0
2215,22.16,35.53260803222656,1.841766343034036,76,4,0,1,1,1,1,0
2216,22.17,35.059288024902344,1.8481606275126494,76,4,0,1,1,1,1,0
2217,22.18,35.12473678588867,1.9394307990679318,76,4,0,1,1,1,1,0
2218,22.19,35.20589065551758,1.5897512123773143,76,4,0,1,1,1,1,0
2219,22.2,34.78446578979492,1.8444286547392688,76,4,0,1,1,1,1,0
2220,22.21,35.10313034057617,1.8700273742327556,76,4,0,1,1,1,1,0
2221,22.22,35.0462532043457,2.001693676794667,76,4,0,1,1,1,1,0
2222,22.23,34.92573165893555,1.9343746458226565,76,4,0,1,1,1,1,0
2223,22.24,34.478057861328125,2.017257356687292,76,4,0,1,1,1,1,0
2224,22.25,34.3302001953125,2.1015487627367997,76,4,0,1,1,1,1,0
2225,22.26,34.35736846923828,2.1344300245872576,76,4,0,1,1,1,1,0
2226,22.27,34.34392166137695,2.1549059245114215,76,4,0,1,1,1,1,0
2227,22.28,34.46758270263672,2.2592916651310864,76,4,0,1,1,1,1,0
2228,22.29,34.68108367919922,1.722381804776353,76,4,0,1,1,1,1,0
2229,22.3,34.25882339477539,1.8331675705418002,76,4,0,1,1,1,1,0
2230,22.31,34.399723052978516,1.9516186894652277,76,4,0,1,1,1,1,0
2231,22.32,34.56892395019531,1.8780285721366734,76,4,0,1,1,1,1,0
2232,22.33,34.639747619628906,2.0177984530764332,76,4,0,1,1,1,1,0
2233,22.34,34.78467559814453,1.6957358432518632,76,4,0,1,1,1,1,0
2234,22.35,34.653560638427734,1.8331666549293384,76,4,0,1,1,1,1,0
2235,22.36,34.839073181152344,1.9567349576165374,76,4,0,1,1,1,1,0
2236,22.37,34.651329040527344,1.8062412565375723,76,4,0,1,1,1,1,0
2237,22.38,34.66095733642578,1.827299372036647,76,4,0,1,1,1,1,0
2238,22.39,34.933837890625,1.826060984267643,76,4,0,1,1,1,1,0
2239,22.4,34.783355712890625,2.0302957847358973,76,4,0,1,1,1,1,0
2240,22.41,34.55338668823242,1.9315828361291691,76,4,0,1,1,1,1,0
2241,22.42,34.821441650390625,1.8014176038072096,76,4,0,1,1,1,1,0
2242,22.43,34.591739654541016,1.87800065722431,76,4,0,1,1,1,1,0
2243,22.44,34.382972717285156,1.8621486517794672,76,4,0,1,1,1,1,0
2244,22.45,34.408203125,1.88862401212959,76,4,0,1,1,1,1,0
2245,22.46,34.31902313232422,1.8540718277794128,76,4,0,1,1,1,1,0
2246,22.47,34.30455780029297,1.905416231118615,76,4,0,1,1,1,1,0
2247,22.48,34.6632194519043,2.100002979104916,76,4,0,1,1,1,1,0
2248,22.49,34.56050109863281,1.8219256766980712,76,4,0,1,1,1,1,0
2249,22.5,34.76736068725586,2.2392140985389233,76,4,0,1,1,1,1,0
2250,22.51,34.82847595214844,1.863037063080054,76,4,0,1,1,1,1,0
2251,22.52,34.52602767944336,1.7615062345845038,76,4,0,1,1,1,1,0
2252,22.53,34.65851974487305,1.780141919084391,76,4,0,1,1,1,1,0
2253,22.54,34.562034606933594,1.8571518106829228,76,4,0,1,1,1,1,0
2254,22.55,34.616886138916016,1.8675642524950706,76,4,0,1,1,1,1,0
2255,22.56,34.50813674926758,1.911390444362997,76,4,0,1,1,1,1,0
2256,22.57,34.41269302368164,1.9733012157354655,76,4,0,1,1,1,1,0
2257,22.58,34.42355728149414,1.8163152951046104,76,4,0,1,1,1,1,0
2258,22.59,34.500938415527344,1.8666857000971089,76,4,0,1,1,1,1,0
2259,22.6,34.30342483520508,1.8799202711418708,76,4,0,1,1,1,1,0
2260,22.61,34.65846252441406,1.7891896908268683,76,4,0,1,1,1,1,0
2261,22.62,34.26643753051758,1.8517289597551403,76,4,0,1,1,1,1,0
2262,22.63,34.829715728759766,1.9997297852219231,76,4,0,1,1,1,1,0
2263,22.64,34.518836975097656,1.808066255084095,76,4,0,1,1,1,1,0
2264,22.65,34.608856201171875,1.8220030784547807,76,4,0,1,1,1,1,0
2265,22.66,34.460506439208984,2.0587844595626335,76,4,0,1,1,1,1,0
2266,22.67,34.8366813659668,2.071278436957727,76,4,0,1,1,1,1,0
2267,22.68,34.522396087646484,1.849913912866505,76,4,0,1,1,1,1,0
2268,22.69,34.6868896484375,1.7636917669190277,76,4,0,1,1,1,1,0
2269,22.7,34.519569396972656,1.837551473924542,76,4,0,1,1,1,1,0
2270,22.71,34.67914581298828,1.8186510826061122,76,4,0,1,1,1,1,0
2271,22.72,35.06336212158203,1.7978018771169293,76,4,0,1,1,1,1,0
2272,22.73,34.51115036010742,2.052704122339661,76,4,0,1,1,1,1,0
2273,22.74,34.52948760986328,1.9876168593185888,76,4,0,1,1,1,1,0
2274,22.75,34.433040618896484,1.7460237524424176,76,5,1,1,1,1,1,0
2275,22.76,34.61703109741211,1.8700240083694513,76,4,0,1,1,1,1,0
2276,22.77,34.56303787231445,1.7111702690219146,76,4,0,1,1,1,1,0
2277,22.78,34.85699462890625,1.7687839481639096,76,4,0,1,1,1,1,0
2278,22.79,34.887657165527344,2.035531348894638,76,4,0,1,1,1,1,0
2279,22.8,34.57630157470703,1.7695743415364735,76,4,0,1,1,1,1,0
2280,22.81,34.758514404296875,1.9868017967896852,76,4,0,1,1,1,1,0
2281,22.82,34.87335968017578,1.7628100291633693,76,4,0,1,1,1,1,0
2282,22.83,34.48268508911133,1.9470479344094942,76,4,0,1,1,1,1,0
2283,22.84,34.27085876464844,1.8390714641136554,76,4,0,1,1,1,1,0
2284,22.85,34.162353515625,2.0288949674228913,76,4,0,1,1,1,1,0
2285,22.86,34.1024169921875,1.8055788112878344,76,4,0,1,1,1,1,0
2286,22.87,34.4276008605957,1.75630727394134,76,4,0,1,1,1,1,0
2287,22.88,34.32858657836914,1.80648636419517,76,4,0,1,1,1,1,0
2288,22.89,34.19160079956055,1.9609169679596674,76,4,0,1,1,1,1,0
2289,22.9,34.16169357299805,1.6889589748879579,76,4,0,1,1,1,1,0
2290,22.91,34.41189956665039,1.8073498333626825,76,4,0,1,1,1,1,0
2291,22.92,34.02528762817383,1.750547493884338,76,4,0,1,1,1,1,0
2292,22.93,34.14384841918945,1.8242339282901594,76,4,0,1,1,1,1,0
2293,22.94,34.29059600830078,1.791193368037165,76,4,0,1,1,1,1,0
2294,22.95,34.45758056640625,1.7514816237812472,76,4,0,1,1,1,1,0
2295,22.96,34.151161193847656,1.7992212552262181,76,4,0,1,1,1,1,0
2296,22.97,34.31084060668945,1.8643483710499826,76,4,0,1,1,1,1,0
2297,22.98,34.09484100341797,1.8289052638441405,76,4,0,1,1,1,1,0
2298,22.99,34.00720977783203,1.7662603461685094,76,4,0,1,1,1,1,0
2299,23.0,34.20599365234375,1.7245547171650562,76,4,0,1,1,1,1,0
2300,23.01,34.326271057128906,1.7397966603712083,76,4,0,1,1,1,1,0
2301,23.02,34.33025360107422,1.8184118522671473,76,4,0,1,1,1,1,0
2302,23.03,34.12300109863281,1.7755514826011753,76,4,0,1,1,1,1,0
2303,23.04,34.387577056884766,1.9195260011279316,76,5,1,1,1,1,1,0
2304,23.05,34.18962860107422,1.954767709191663,76,4,0,1,1,1,1,0
2305,23.06,34.004756927490234,1.9266788024725798,76,4,0,1,1,1,1,0
2306,23.07,34.199127197265625,1.7612238885509979,76,4,0,1,1,1,1,0
2307,23.08,33.93464660644531,1.7535656815483658,76,4,0,1,1,1,1,0
2308,23.09,33.91737365722656,1.739799159944595,76,4,0,1,1,1,1,0
2309,23.1,34.10426712036133,1.791366859134604,76,4,0,1,1,1,1,0
2310,23.11,34.083805084228516,1.7406616145729572,76,4,0,1,1,1,1,0
2311,23.12,34.23757553100586,1.8068240591067,76,4,0,1,1,1,1,0
2312,23.13,34.32014465332031,1.8987889319140607,76,4,0,1,1,1,1,0
2313,23.14,33.91963195800781,1.9192987480721306,76,4,0,1,1,1,1,0
2314,23.15,33.812721252441406,1.8881204658973079,76,4,0,1,1,1,1,0
2315,23.16,33.95420837402344,2.0188609607546044,76,4,0,1,1,1,1,0
2316,23.17,34.395294189453125,1.8267782014900598,76,4,0,1,1,1,1,0
2317,23.18,34.296470642089844,1.6967641034827523,76,4,0,1,1,1,1,0
2318,23.19,34.08940505981445,1.8580114497898834,76,4,0,1,1,1,1,0
2319,23.2,34.31120681762695,1.7226728643270888,76,4,0,1,1,1,1,0
2320,23.21,34.30214309692383,1.9058140366769505,76,4,0,1,1,1,1,0
2321,23.22,34.462100982666016,1.915982411641539,76,4,0,1,1,1,1,0
2322,23.23,34.01247787475586,1.958289884221718,76,4,0,1,1,1,1,0
2323,23.24,33.932613372802734,2.0379861360823037,76,4,0,1,1,1,1,0
2324,23.25,34.440616607666016,1.8234583365706385,76,4,0,1,1,1,1,0
2325,23.26,34.333839416503906,1.758012872263701,76,4,0,1,1,1,1,0
2326,23.27,34.1473503112793,1.9938155464712977,76,4,0,1,1,1,1,0
2327,23.28,33.986968994140625,1.85246385959681,76,5,1,1,1,1,1,0
2328,23.29,34.14995193481445,1.7380750737993464,76,4,0,1,1,1,1,0
2329,23.3,34.525569915771484,1.8586269093186496,76,4,0,1,1,1,1,0
2330,23.31,34.0163688659668,1.848836439278919,76,4,0,1,1,1,1,0
2331,23.32,34.339412689208984,1.8478319939940002,76,4,0,1,1,1,1,0
2332,23.33,34.120025634765625,2.124024491748329,76,4,0,1,1,1,1,0
2333,23.34,34.237884521484375,1.8855761315914368,76,4,0,1,1,1,1,0
2334,23.35,34.961830139160156,2.1841925148991588,76,3,0,0,1,1,1,0
2335,23.36,34.97367858886719,2.1904086953570223,76,4,0,1,1,1,1,0
2336,23.37,34.802467346191406,2.019756608413803,76,4,0,1,1,1,1,0
2337,23.38,34.930233001708984,2.0194997338053646,76,4,0,1,1,1,1,0
2338,23.39,34.78536605834961,2.0798833814438598,76,4,0,1,1,1,1,0
2339,23.4,34.814605712890625,1.9632103043491451,76,4,0,1,1,1,1,0
2340,23.41,34.96724319458008,1.90790600057483,76,4,0,1,1,1,1,0
2341,23.42,35.16972732543945,1.9595413831435984,76,4,0,1,1,1,1,0
2342,23.43,34.92893981933594,1.8133364297836496,76,4,0,1,1,1,1,0
2343,23.44,34.84619903564453,1.8976574778437827,76,4,0,1,1,1,1,0
2344,23.45,35.11814498901367,2.2009307189656435,76,4,0,1,1,1,1,0
2345,23.46,34.80696105957031,1.7423012610051394,76,4,0,1,1,1,1,0
2346,23.47,34.754981994628906,1.8772297370344766,76,4,0,1,1,1,1,0
2347,23.48,34.38456726074219,1.8128679457163908,76,4,0,1,1,1,1,0
2348,23.49,34.21260452270508,1.8283317741637868,76,4,0,1,1,1,1,0
2349,23.5,34.64724349975586,1.8300523919330471,76,4,0,1,1,1,1,0
2350,23.51,34.8076286315918,1.935093481682498,76,4,0,1,1,1,1,0
2351,23.52,34.92951583862305,2.0280251993326393,76,4,0,1,1,1,1,0
2352,23.53,34.80860900878906,2.100407856166965,76,4,0,1,1,1,1,0
2353,23.54,34.70603561401367,1.8464528450078133,76,4,0,1,1,1,1,0
2354,23.55,34.674076080322266,1.8919019496514504,76,4,0,1,1,1,1,0
2355,23.56,34.87223434448242,1.8534593527447498,76,4,0,1,1,1,1,0
2356,23.57,34.453182220458984,1.8820463884841885,76,4,0,1,1,1,1,0
2357,23.58,34.478084564208984,2.0374023657535862,76,4,0,1,1,1,1,0
2358,23.59,34.126590728759766,2.073182115023379,76,4,0,1,1,1,1,0
2359,23.6,34.16572189331055,1.7799174720414623,76,4,0,1,1,1,1,0
2360,23.61,34.567771911621094,2.1157730875646403,76,4,0,1,1,1,1,0
2361,23.62,34.253440856933594,1.7774658122647882,76,4,0,1,1,1,1,0
2362,23.63,34.75763702392578,1.9271959928550102,76,4,0,1,1,1,1,0
2363,23.64,34.68843460083008,1.7497741501293813,76,4,0,1,1,1,1,0
2364,23.65,34.654510498046875,1.9000522518048688,76,4,0,1,1,1,1,0
2365,23.66,34.5508918762207,1.8056326757598793,76,4,0,1,1,1,1,0
2366,23.67,34.43128204345703,1.711049323015736,76,4,0,1,1,1,1,0
2367,23.68,34.59714126586914,1.7066053754030115,76,4,0,1,1,1,1,0
2368,23.69,34.391719818115234,2.060605543450963,76,4,0,1,1,1,1,0
2369,23.7,34.495540618896484,1.8561247721884389,76,4,0,1,1,1,1,0
2370,23.71,34.403968811035156,1.938401470918906,76,4,0,1,1,1,1,0
2371,23.72,34.6077766418457,1.9047847524097716,76,4,0,1,1,1,1,0
2372,23.73,34.767921447753906,1.9104475677358168,76,4,0,1,1,1,1,0
2373,23.74,34.69418716430664,1.7924566968644944,76,4,0,1,1,1,1,0
2374,23.75,34.8443489074707,1.781707717722097,76,4,0,1,1,1,1,0
2375,23.76,34.40174102783203,1.9329245184248898,76,4,0,1,1,1,1,0
2376,23.77,34.28647994995117,1.8536753788042477,76,4,0,1,1,1,1,0
2377,23.78,34.38277816772461,2.243235118392112,76,4,0,1,1,1,1,0
2378,23.79,34.38779067993164,1.8653176175862247,76,4,0,1,1,1,1,0
2379,23.8,34.23441696166992,1.857740577942194,76,4,0,1,1,1,1,0
2380,23.81,34.52625274658203,2.013078651407729,76,4,0,1,1,1,1,0
2381,23.82,34.54262161254883,1.9472567710783089,76,4,0,1,1,1,1,0
2382,23.83,34.93207550048828,1.8828164103025486,76,4,0,1,1,1,1,0
2383,23.84,34.63240432739258,2.192852775014253,76,3,0,0,1,1,1,0
2384,23.85,34.55462646484375,2.17653833888847,76,4,0,1,1,1,1,0
2385,23.86,34.54396438598633,1.930801179455046,76,4,0,1,1,1,1,0
2386,23.87,34.387725830078125,2.0277342199877655,76,4,0,1,1,1,1,0
2387,23.88,34.46842956542969,1.7510558046427083,76,4,0,1,1,1,1,0
2388,23.89,34.381736755371094,1.9856741740940396,76,4,0,1,1,1,1,0
2389,23.9,34.389686584472656,1.9889212892683474,76,4,0,1,1,1,1,0
2390,23.91,34.27156448364258,1.861076047828193,76,4,0,1,1,1,1,0
2391,23.92,34.29684829711914,1.8612584842422586,76,4,0,1,1,1,1,0
2392,23.93,34.426544189453125,1.918176637554212,76,4,0,1,1,1,1,0
2393,23.94,34.17409133911133,1.983177434528617,76,4,0,1,1,1,1,0
2394,23.95,34.4008674621582,2.163472757108544,76,4,0,1,1,1,1,0
2395,23.96,34.298648834228516,2.0538231060391987,76,4,0,1,1,1,1,0
2396,23.97,34.12965393066406,1.804300234512256,76,4,0,1,1,1,1,0
2397,23.98,34.31842803955078,2.083986286024168,76,4,0,1,1,1,1,0
2398,23.99,34.11528778076172,1.7862547469963483,76,5,1,1,1,1,1,0
2399,24.0,34.211822509765625,2.2443251460830744,76,4,0,1,1,1,1,0
2400,24.01,34.44437789916992,1.9409772759237012,76,4,0,1,1,1,1,0
2401,24.02,34.6602668762207,2.080482419630999,76,4,0,1,1,1,1,0
2402,24.03,34.45021438598633,2.191713246517398,76,4,0,1,1,1,1,0
2403,24.04,34.33170700073242,2.1397408465790613,76,4,0,1,1,1,1,0
2404,24.05,34.28776931762695,2.0145496525899818,76,4,0,1,1,1,1,0
2405,24.06,34.3448486328125,1.885602275446088,76,4,0,1,1,1,1,0
2406,24.07,34.32478713989258,1.862957137776855,76,4,0,1,1,1,1,0
2407,24.08,34.348968505859375,2.1260724861436238,76,4,0,1,1,1,1,0
2408,24.09,34.335636138916016,1.9110728437356708,76,4,0,1,1,1,1,0
2409,24.1,34.25043869018555,2.0153404610836394,76,4,0,1,1,1,1,0
2410,24.11,34.14557647705078,1.95788381660237,76,4,0,1,1,1,1,0
2411,24.12,34.28343963623047,1.8588996015410617,76,4,0,1,1,1,1,0
2412,24.13,34.083030700683594,1.8648628671345162,76,4,0,1,1,1,1,0
2413,24.14,34.10051345825195,1.7858335985911244,76,4,0,1,1,1,1,0
2414,24.15,34.219757080078125,1.8456721475596491,76,4,0,1,1,1,1,0
2415,24.16,34.5544319152832,1.9387169557448607,76,4,0,1,1,1,1,0
2416,24.17,34.10597229003906,1.7628650597832018,76,4,0,1,1,1,1,0
2417,24.18,33.977535247802734,2.08204502297123,76,4,0,1,1,1,1,0
2418,24.19,34.38653564453125,1.9335160732546572,76,4,0,1,1,1,1,0
2419,24.2,34.83778762817383,2.089236654666483,76,4,0,1,1,1,1,0
2420,24.21,34.71516036987305,2.1271103355297667,76,4,0,1,1,1,1,0
2421,24.22,34.477622985839844,2.0146961090985305,76,4,0,1,1,1,1,0
2422,24.23,34.09636688232422,1.9190095166582428,76,4,0,1,1,1,1,0
2423,24.24,34.108360290527344,2.274489288690956,76,4,0,1,1,1,1,0
2424,24.25,34.25243377685547,1.7510274885430237,76,4,0,1,1,1,1,0
2425,24.26,34.50558090209961,1.9998259953157216,76,4,0,1,1,1,1,0
2426,24.27,34.2330322265625,1.7832813398592418,76,4,0,1,1,1,1,0
2427,24.28,34.35232925415039,1.9016025025354872,76,4,0,1,1,1,1,0
2428,24.29,34.66874313354492,1.8758725777250869,76,4,0,1,1,1,1,0
2429,24.3,34.44770812988281,1.8889441351491159,76,4,0,1,1,1,1,0
2430,24.31,34.34311294555664,1.8149069421277026,76,4,0,1,1,1,1,0
2431,24.32,34.17238998413086,1.8014690516439857,76,4,0,1,1,1,1,0
2432,24.33,34.23369216918945,1.8954743512911723,76,4,0,1,1,1,1,0
2433,24.34,34.56142807006836,1.973297707055769,76,4,0,1,1,1,1,0
2434,24.35,34.59821701049805,2.075190412136912,76,4,0,1,1,1,1,0
2435,24.36,34.41875457763672,1.9042572083271607,76,4,0,1,1,1,1,0
2436,24.37,34.37515640258789,1.855618337728277,76,4,0,1,1,1,1,0
2437,24.38,34.47623062133789,1.826636022232038,76,4,0,1,1,1,1,0
2438,24.39,34.397735595703125,1.9875556817174973,76,4,0,1,1,1,1,0
2439,24.4,34.361572265625,1.6470624689620719,76,4,0,1,1,1,1,0
2440,24.41,34.73186492919922,1.9511480346260246,76,4,0,1,1,1,1,0
2441,24.42,34.509559631347656,1.7407450403043983,76,4,0,1,1,1,1,0
2442,24.43,34.51664733886719,1.6107749140315801,76,4,0,1,1,1,1,0
2443,24.44,34.606201171875,1.8862899980344625,76,4,0,1,1,1,1,0
2444,24.45,34.58641052246094,1.9449745196419896,76,4,0,1,1,1,1,0
2445,24.46,34.69203567504883,1.8317444188520464,76,4,0,1,1,1,1,0
2446,24.47,34.43994140625,1.8102722764145813,76,4,0,1,1,1,1,0
2447,24.48,34.44108963012695,1.8034164312756615,76,4,0,1,1,1,1,0
2448,24.49,34.66801071166992,1.9944185110319401,76,4,0,1,1,1,1,0
2449,24.5,34.67770004272461,1.7673960187738036,76,4,0,1,1,1,1,0
2450,24.51,34.249595642089844,1.7618454166462298,76,4,0,1,1,1,1,0
2451,24.52,34.23745346069336,1.9295116395750644,76,4,0,1,1,1,1,0
2452,24.53,34.699214935302734,1.925978579213275,76,4,0,1,1,1,1,0
2453,24.54,34.819862365722656,1.79624573305705,76,4,0,1,1,1,1,0
2454,24.55,34.789180755615234,2.025068183415471,76,4,0,1,1,1,1,0
2455,24.56,34.773502349853516,1.8674103832153983,76,4,0,1,1,1,1,0
2456,24.57,34.927791595458984,1.929477332310243,76,4,0,1,1,1,1,0
2457,24.58,34.553279876708984,1.699061101706574,76,4,0,1,1,1,1,0
2458,24.59,35.08369445800781,1.9525922765724646,76,4,0,1,1,1,1,0
2459,24.6,35.022132873535156,1.796383511677223,76,5,1,1,1,1,1,0
2460,24.61,34.91411590576172,1.990930883171133,76,4,0,1,1,1,1,0
2461,24.62,34.68063735961914,1.7826646319507309,76,4,0,1,1,1,1,0
2462,24.63,35.0112419128418,1.783138024217822,76,4,0,1,1,1,1,0
2463,24.64,34.872806549072266,1.833681932269127,76,4,0,1,1,1,1,0
2464,24.65,35.038761138916016,1.7260345399677233,76,4,0,1,1,1,1,0
2465,24.66,34.759918212890625,1.8307663160430157,76,4,0,1,1,1,1,0
2466,24.67,34.58985900878906,2.0427685564569,76,4,0,1,1,1,1,0
2467,24.68,34.701473236083984,1.856718210478898,76,4,0,1,1,1,1,0
2468,24.69,34.5213623046875,1.8344753744040199,76,4,0,1,1,1,1,0
2469,24.7,34.554473876953125,1.7605669582286314,76,4,0,1,1,1,1,0
2470,24.71,34.62937545776367,2.067127993792695,76,4,0,1,1,1,1,0
2471,24.72,34.580875396728516,1.9550972214453919,76,4,0,1,1,1,1,0
2472,24.73,34.32076644897461,1.832623313514231,76,4,0,1,1,1,1,0
2473,24.74,34.35938262939453,1.9058083320635888,76,4,0,1,1,1,1,0
2474,24.75,34.467811584472656,1.8522430892507944,76,4,0,1,1,1,1,0
2475,24.76,34.25808334350586,2.180960098372808,76,4,0,1,1,1,1,0
2476,24.77,34.42349624633789,2.1196486397863348,76,4,0,1,1,1,1,0
2477,24.78,34.15122604370117,1.9676651307833137,76,4,0,1,1,1,1,0
2478,24.79,34.209537506103516,1.8108806882873363,76,4,0,1,1,1,1,0
2479,24.8,34.08613204956055,1.863195429272448,76,4,0,1,1,1,1,0
2480,24.81,34.17939376831055,1.835321487414697,76,4,0,1,1,1,1,0
2481,24.82,34.27961730957031,1.8284716518317325,76,4,0,1,1,1,1,0
2482,24.83,34.27690124511719,1.8811205864261076,76,4,0,1,1,1,1,0
2483,24.84,34.32792663574219,1.7125687660875921,76,4,0,1,1,1,1,0
2484,24.85,34.3096923828125,1.7366627120694993,76,4,0,1,1,1,1,0
2485,24.86,34.37163162231445,1.8067108043808655,76,4,0,1,1,1,1,0
2486,24.87,34.51194763183594,1.850326640395371,76,4,0,1,1,1,1,0
2487,24.88,34.44118118286133,1.877927229183585,76,4,0,1,1,1,1,0
2488,24.89,34.1826057434082,1.8615582048918922,76,5,1,1,1,1,1,0
2489,24.9,34.519676208496094,1.9908803171621623,76,4,0,1,1,1,1,0
2490,24.91,34.565032958984375,2.03457768288192,76,4,0,1,1,1,1,0
2491,24.92,34.349613189697266,1.9701300234446324,76,4,0,1,1,1,1,0
2492,24.93,35.194183349609375,2.05973102925044,76,4,0,1,1,1,1,0
2493,24.94,34.78297805786133,1.9707819685135726,76,4,0,1,1,1,1,0
2494,24.95,34.86357498168945,1.7128597782693777,76,5,1,1,1,1,1,0
2495,24.96,35.02970886230469,1.8228846190478631,76,4,0,1,1,1,1,0
2496,24.97,35.084197998046875,2.110072271910141,76,4,0,1,1,1,1,0
2497,24.98,34.79683303833008,1.9546049354076258,76,4,0,1,1,1,1,0
2498,24.99,34.75404739379883,2.0127116841904598,76,4,0,1,1,1,1,0
2499,25.0,34.574974060058594,1.7039377388165682,76,4,0,1,1,1,1,0
2500,25.01,34.536582946777344,1.8774995546333322,76,4,0,1,1,1,1,0
2501,25.02,34.70958709716797,1.654961032933418,76,5,1,1,1,1,1,0
2502,25.03,34.98405456542969,2.1705724427051782,76,4,0,1,1,1,1,0
2503,25.04,35.130130767822266,2.134997806596006,76,4,0,1,1,1,1,0
2504,25.05,34.911224365234375,1.8077918772830548,76,4,0,1,1,1,1,0
2505,25.06,35.0990104675293,1.9731663078291375,76,4,0,1,1,1,1,0
2506,25.07,34.917755126953125,1.8737661711950673,76,4,0,1,1,1,1,0
2507,25.08,35.132850646972656,1.95112802832157,76,4,0,1,1,1,1,0
2508,25.09,35.37141418457031,1.9816422866783692,76,4,0,1,1,1,1,0
2509,25.1,34.591365814208984,1.7813794592186405,76,4,0,1,1,1,1,0
2510,25.11,34.47677230834961,2.0454078853281366,76,4,0,1,1,1,1,0
2511,25.12,34.488155364990234,1.9122247930278078,76,4,0,1,1,1,1,0
2512,25.13,34.808197021484375,2.048366272271893,76,4,0,1,1,1,1,0
2513,25.14,34.93660354614258,1.911750625506831,76,4,0,1,1,1,1,0
2514,25.15,35.037845611572266,2.047263689766182,76,4,0,1,1,1,1,0
2515,25.16,35.129974365234375,1.7334647482930863,76,4,0,1,1,1,1,0
2516,25.17,35.25830078125,1.851079516551354,76,4,0,1,1,1,1,0
2517,25.18,34.799713134765625,1.9410057198133217,76,4,0,1,1,1,1,0
2518,25.19,35.1981086730957,1.9488225486641877,76,4,0,1,1,1,1,0
2519,25.2,34.951881408691406,1.9230425442409524,76,4,0,1,1,1,1,0
2520,25.21,35.21950149536133,1.8417913378957753,76,4,0,1,1,1,1,0
2521,25.22,35.050201416015625,2.0805277000975324,76,4,0,1,1,1,1,0
2522,25.23,34.697044372558594,2.018587195102722,76,4,0,1,1,1,1,0
2523,25.24,34.98085403442383,1.7370407362651101,76,4,0,1,1,1,1,0
2524,25.25,34.59104537963867,2.018986722033584,76,4,0,1,1,1,1,0
2525,25.26,34.455936431884766,1.910603441715863,76,4,0,1,1,1,1,0
2526,25.27,34.91107177734375,1.8122337568815947,76,4,0,1,1,1,1,0
2527,25.28,34.729400634765625,1.959436595290965,76,4,0,1,1,1,1,0
2528,25.29,34.83393478393555,1.9399525634707984,76,4,0,1,1,1,1,0
2529,25.3,34.72089767456055,2.0052891670705377,76,4,0,1,1,1,1,0
2530,25.31,34.84296417236328,1.7991360884290999,76,4,0,1,1,1,1,0
2531,25.32,34.8052864074707,1.9254865650847224,76,4,0,1,1,1,1,0
2532,25.33,35.1630973815918,1.834911902290959,76,4,0,1,1,1,1,0
2533,25.34,35.02816390991211,1.9334985282795463,76,4,0,1,1,1,1,0
2534,25.35,34.75608444213867,1.7913930576353154,76,4,0,1,1,1,1,0
2535,25.36,34.75189208984375,1.9621401317174103,76,4,0,1,1,1,1,0
2536,25.37,35.01508712768555,1.6267175221476757,76,4,0,1,1,1,1,0
2537,25.38,34.587196350097656,1.9551705023207864,76,4,0,1,1,1,1,0
2538,25.39,34.61505126953125,1.899179810033024,76,4,0,1,1,1,1,0
2539,25.4,34.652305603027344,1.702149198138708,76,5,1,1,1,1,1,0
2540,25.41,34.52525329589844,1.7607082762463586,76,4,0,1,1,1,1,0
2541,25.42,34.801239013671875,1.698174666662412,76,4,0,1,1,1,1,0
2542,25.43,34.50408172607422,1.932174199562826,76,4,0,1,1,1,1,0
2543,25.44,34.939666748046875,2.0448207584549496,76,5,1,1,1,1,1,0
2544,25.45,34.51248550415039,1.957265621112543,76,4,0,1,1,1,1,0
2545,25.46,34.575111389160156,1.9207526583476568,76,4,0,1,1,1,1,0
2546,25.47,34.62903594970703,1.682414923196761,76,4,0,1,1,1,1,0
2547,25.48,34.40938949584961,1.744131517684357,76,4,0,1,1,1,1,0
2548,25.49,34.487789154052734,2.0995455691650866,76,4,0,1,1,1,1,0
2549,25.5,34.698116302490234,2.064606861442463,76,4,0,1,1,1,1,0
2550,25.51,34.844970703125,2.1809401012752034,76,4,0,1,1,1,1,0
2551,25.52,35.13853454589844,1.7567616620330797,76,4,0,1,1,1,1,0
2552,25.53,34.9377555847168,1.993989166937223,76,4,0,1,1,1,1,0
2553,25.54,34.89347457885742,2.100144121226437,76,3,0,0,1,1,1,0
2554,25.55,34.82746124267578,2.1066351766738993,76,3,0,0,1,1,1,0
2555,25.56,34.61086654663086,2.2335590566608716,76,4,0,1,1,1,1,0
2556,25.57,34.487674713134766,2.1125830170188626,76,4,0,1,1,1,1,0
2557,25.58,34.429229736328125,1.7464534742136628,76,4,0,1,1,1,1,0
2558,25.59,34.57033157348633,1.9127221630477322,76,4,0,1,1,1,1,0
2559,25.6,34.805999755859375,1.8826038395808622,76,4,0,1,1,1,1,0
2560,25.61,34.5361442565918,1.7331175577996751,76,4,0,1,1,1,1,0
2561,25.62,34.495052337646484,1.9481769475302095,76,4,0,1,1,1,1,0
2562,25.63,34.49836349487305,1.923877371674939,76,4,0,1,1,1,1,0
2563,25.64,34.736366271972656,1.8454307355313395,76,4,0,1,1,1,1,0
2564,25.65,34.6951789855957,2.07120871153731,76,4,0,1,1,1,1,0
2565,25.66,34.537841796875,1.991380919746371,76,4,0,1,1,1,1,0
2566,25.67,34.68898010253906,1.9486899199723062,76,4,0,1,1,1,1,0
2567,25.68,34.64220428466797,1.9067235675853773,76,4,0,1,1,1,1,0
2568,25.69,34.47834014892578,2.125349933853502,76,4,0,1,1,1,1,0
2569,25.7,34.55021286010742,2.137986446600693,76,4,0,1,1,1,1,0
2570,25.71,34.37681198120117,1.8487528565643796,76,4,0,1,1,1,1,0
2571,25.72,34.477874755859375,1.7764249848913134,76,4,0,1,1,1,1,0
2572,25.73,34.737979888916016,1.8993164583708886,76,4,0,1,1,1,1,0
2573,25.74,34.756404876708984,1.8259521609146996,76,4,0,1,1,1,1,0
2574,25.75,34.71641159057617,1.8769375389602967,76,4,0,1,1,1,1,0
2575,25.76,34.49536895751953,1.8880981451527956,76,4,0,1,1,1,1,0
2576,25.77,35.163299560546875,1.7994711137094552,76,4,0,1,1,1,1,0
2577,25.78,35.0677604675293,2.246266840482998,76,4,0,1,1,1,1,0
2578,25.79,35.0900764465332,2.2470881345160065,76,4,0,1,1,1,1,0
2579,25.8,34.95155334472656,2.094895618546124,76,4,0,1,1,1,1,0
2580,25.81,35.0957145690918,1.8378774209164523,76,4,0,1,1,1,1,0
2581,25.82,35.33536148071289,2.022226828485258,76,4,0,1,1,1,1,0
2582,25.83,35.30402374267578,2.2651745713405242,76,4,0,1,1,1,1,0
2583,25.84,35.090667724609375,2.1972242850315533,76,4,0,1,1,1,1,0
2584,25.85,34.84270477294922,1.890289770448442,76,4,0,1,1,1,1,0
2585,25.86,34.68543243408203,2.142358002738589,76,4,0,1,1,1,1,0
2586,25.87,34.69826889038086,1.80778535693271,76,4,0,1,1,1,1,0
2587,25.88,34.76994705200195,1.7309208874357207,76,4,0,1,1,1,1,0
2588,25.89,34.83280944824219,2.017353922160896,76,4,0,1,1,1,1,0
2589,25.9,35.21974563598633,2.4323240656054006,76,4,0,1,1,1,1,0
2590,25.91,35.34058380126953,2.464302369111603,76,3,0,0,1,1,1,0
2591,25.92,34.876617431640625,1.831120100920221,76,4,0,1,1,1,1,0
2592,25.93,34.450016021728516,1.9211986273292971,76,4,0,1,1,1,1,0
2593,25.94,35.025997161865234,1.7981375328544351,76,4,0,1,1,1,1,0
2594,25.95,34.83910369873047,1.9299189725568062,76,4,0,1,1,1,1,0
2595,25.96,34.85099792480469,2.0216106980486845,76,4,0,1,1,1,1,0
2596,25.97,34.620784759521484,1.8341992797947129,76,4,0,1,1,1,1,0
2597,25.98,34.60126495361328,1.8285805755825542,76,4,0,1,1,1,1,0
2598,25.99,34.60860824584961,2.14841858940597,76,4,0,1,1,1,1,0
2599,26.0,34.59503936767578,1.9462749094033969,76,4,0,1,1,1,1,0
2600,26.01,34.37862014770508,1.9950414331132535,76,4,0,1,1,1,1,0
2601,26.02,34.37790298461914,2.0018226794422995,76,4,0,1,1,1,1,0
2602,26.03,34.48076248168945,1.8699967287455892,76,4,0,1,1,1,1,0
2603,26.04,34.56614303588867,1.7070692054654624,76,4,0,1,1,1,1,0
2604,26.05,34.544471740722656,1.9678171509574065,76,4,0,1,1,1,1,0
2605,26.06,35.01544189453125,2.1099057991038532,76,4,0,1,1,1,1,0
2606,26.07,34.470314025878906,2.0145983653068282,76,4,0,1,1,1,1,0
2607,26.08,34.54435348510742,1.8587641788223597,76,4,0,1,1,1,1,0
2608,26.09,34.5442008972168,1.8958125596261117,76,4,0,1,1,1,1,0
2609,26.1,34.28019714355469,2.0379892807001756,76,4,0,1,1,1,1,0
2610,26.11,34.68257141113281,2.073353799474789,76,4,0,1,1,1,1,0
2611,26.12,34.730224609375,2.0562096384835957,76,4,0,1,1,1,1,0
2612,26.13,34.595367431640625,1.9194247822620616,76,4,0,1,1,1,1,0
2613,26.14,34.75574493408203,2.1597704182591055,76,4,0,1,1,1,1,0
2614,26.15,34.633026123046875,1.9115179179746402,76,4,0,1,1,1,1,0
2615,26.16,34.91773986816406,1.8726167971939163,76,4,0,1,1,1,1,0
2616,26.17,34.603919982910156,1.9294060215089883,76,4,0,1,1,1,1,0
2617,26.18,34.47515106201172,2.0086304017164975,76,4,0,1,1,1,1,0
2618,26.19,34.825801849365234,1.8674845618030245,76,4,0,1,1,1,1,0
2619,26.2,34.93037033081055,2.163541254635863,76,4,0,1,1,1,1,0
2620,26.21,34.71700668334961,2.010495169460524,76,4,0,1,1,1,1,0
2621,26.22,34.547977447509766,1.741320665278484,76,4,0,1,1,1,1,0
2622,26.23,34.550533294677734,2.24037372946262,76,4,0,1,1,1,1,0
2623,26.24,34.4033317565918,1.885045731293691,76,4,0,1,1,1,1,0
2624,26.25,34.14095687866211,1.8925655483666317,76,4,0,1,1,1,1,0
2625,26.26,34.363365173339844,1.8841708962936534,76,4,0,1,1,1,1,0
2626,26.27,34.59254837036133,1.9734529370572698,76,4,0,1,1,1,1,0
2627,26.28,34.4864616394043,1.9872073590280674,76,4,0,1,1,1,1,0
2628,26.29,34.63650131225586,1.8213442087014342,76,4,0,1,1,1,1,0
2629,26.3,34.64955139160156,2.047875054632116,76,4,0,1,1,1,1,0
2630,26.31,34.521507263183594,2.128125885868139,76,4,0,1,1,1,1,0
2631,26.32,34.67585754394531,1.8183746517001158,76,4,0,1,1,1,1,0
2632,26.33,34.686100006103516,1.9561130643047688,76,4,0,1,1,1,1,0
2633,26.34,34.393497467041016,1.8819679292562879,76,4,0,1,1,1,1,0
2634,26.35,34.22087478637695,2.066522878552488,76,4,0,1,1,1,1,0
2635,26.36,34.854736328125,1.7195602963981158,76,4,0,1,1,1,1,0
2636,26.37,34.38351058959961,1.939226204626712,76,4,0,1,1,1,1,0
2637,26.38,34.51015853881836,1.9475645535986796,76,4,0,1,1,1,1,0
2638,26.39,34.35818862915039,1.943737080133138,76,4,0,1,1,1,1,0
2639,26.4,34.43986892700195,2.1663348889783176,76,4,0,1,1,1,1,0
2640,26.41,34.427101135253906,2.089234774010557,76,4,0,1,1,1,1,0
2641,26.42,34.66523361206055,2.054409210598559,76,4,0,1,1,1,1,0
2642,26.43,34.486473083496094,2.0051187129092605,76,4,0,1,1,1,1,0
2643,26.44,34.44397735595703,2.0439636089010795,76,4,0,1,1,1,1,0
2644,26.45,34.5927619934082,1.9239562235304246,76,4,0,1,1,1,1,0
2645,26.46,34.83595275878906,1.7947120303792943,76,4,0,1,1,1,1,0
2646,26.47,34.87204360961914,2.0572077391338337,76,4,0,1,1,1,1,0
2647,26.48,34.43605041503906,2.0137055760751776,76,4,0,1,1,1,1,0
2648,26.49,34.541526794433594,2.184855266469819,76,4,0,1,1,1,1,0
2649,26.5,34.66442108154297,1.9351771397452668,76,4,0,1,1,1,1,0
2650,26.51,34.478633880615234,1.7722876185092682,76,4,0,1,1,1,1,0
2651,26.52,34.569374084472656,2.1878334180248107,76,4,0,1,1,1,1,0
2652,26.53,34.47726821899414,2.183878097060278,76,4,0,1,1,1,1,0
2653,26.54,34.5006217956543,1.9887910469689212,76,4,0,1,1,1,1,0
2654,26.55,34.3833122253418,1.774513885556122,76,4,0,1,1,1,1,0
2655,26.56,34.91474914550781,2.171130904742103,76,4,0,1,1,1,1,0
2656,26.57,34.721778869628906,1.8862406715943427,76,4,0,1,1,1,1,0
2657,26.58,34.55644226074219,1.9081162723336949,76,4,0,1,1,1,1,0
2658,26.59,34.516937255859375,2.192217590870872,76,4,0,1,1,1,1,0
2659,26.6,34.46171951293945,2.081246269707701,76,4,0,1,1,1,1,0
2660,26.61,34.6567268371582,1.8593844668904147,76,4,0,1,1,1,1,0
2661,26.62,34.54703140258789,1.8306787409960412,76,4,0,1,1,1,1,0
2662,26.63,34.49312973022461,1.9569618009467824,76,4,0,1,1,1,1,0
2663,26.64,34.47832489013672,2.0522413284573515,76,4,0,1,1,1,1,0
2664,26.65,34.726600646972656,1.9795503001685055,76,4,0,1,1,1,1,0
2665,26.66,34.70455551147461,1.9803573386174942,76,4,0,1,1,1,1,0
2666,26.67,34.54682922363281,2.0283195598441455,76,4,0,1,1,1,1,0
2667,26.68,34.36006546020508,1.8649697268117618,76,4,0,1,1,1,1,0
2668,26.69,34.39273452758789,1.9517158150736797,76,4,0,1,1,1,1,0
2669,26.7,34.606082916259766,2.0049173778624185,76,4,0,1,1,1,1,0
2670,26.71,35.11442565917969,1.83076327389563,76,4,0,1,1,1,1,0
2671,26.72,35.21017074584961,1.8007193776683081,76,4,0,1,1,1,1,0
2672,26.73,35.0080451965332,1.8543733888522154,76,4,0,1,1,1,1,0
2673,26.74,35.14888381958008,2.0656495306366747,76,4,0,1,1,1,1,0
2674,26.75,35.249473571777344,2.0447729149805838,76,4,0,1,1,1,1,0
2675,26.76,35.000736236572266,2.0068382227132253,76,4,0,1,1,1,1,0
2676,26.77,34.72831726074219,1.8721337084246503,76,4,0,1,1,1,1,0
2677,26.78,35.0299072265625,2.117757139841734,76,4,0,1,1,1,1,0
2678,26.79,35.15709686279297,1.9639464546140104,76,4,0,1,1,1,1,0
2679,26.8,35.16995620727539,1.9845442095407813,76,4,0,1,1,1,1,0
2680,26.81,35.11579132080078,1.9893239265560068,76,4,0,1,1,1,1,0
2681,26.82,34.75147247314453,1.947404292335013,76,4,0,1,1,1,1,0
2682,26.83,34.90036392211914,2.0312785000269247,76,4,0,1,1,1,1,0
2683,26.84,34.666229248046875,1.89179695405092,76,4,0,1,1,1,1,0
2684,26.85,34.65177536010742,1.7964977041084562,76,4,0,1,1,1,1,0
2685,26.86,34.24122619628906,1.9316554094491645,76,4,0,1,1,1,1,0
2686,26.87,34.32365417480469,2.1664018609241165,76,4,0,1,1,1,1,0
2687,26.88,34.41957092285156,1.9652488974090818,76,4,0,1,1,1,1,0
2688,26.89,34.485877990722656,1.781709323492985,76,4,0,1,1,1,1,0
2689,26.9,34.71342086791992,1.8443658093421502,76,4,0,1,1,1,1,0
2690,26.91,34.63006591796875,1.6964055115366174,76,4,0,1,1,1,1,0
2691,26.92,34.7056770324707,1.9066742595894177,76,4,0,1,1,1,1,0
2692,26.93,34.42491912841797,1.7057849775191887,76,4,0,1,1,1,1,0
2693,26.94,34.266902923583984,2.0909543245127824,76,4,0,1,1,1,1,0
2694,26.95,34.886512756347656,2.002127694374216,76,4,0,1,1,1,1,0
2695,26.96,34.9494743347168,2.20764557546008,76,4,0,1,1,1,1,0
2696,26.97,34.68500518798828,1.9239041847302683,76,4,0,1,1,1,1,0
2697,26.98,34.782108306884766,2.1938758519312715,76,4,0,1,1,1,1,0
2698,26.99,34.613948822021484,1.8623926487666025,76,4,0,1,1,1,1,0
2699,27.0,34.46712112426758,1.8790674778173075,76,4,0,1,1,1,1,0
2700,27.01,34.56938552856445,1.8464251035095869,76,4,0,1,1,1,1,0
2701,27.02,34.25706481933594,2.03894155682269,76,4,0,1,1,1,1,0
2702,27.03,34.2764892578125,2.091815675979114,76,4,0,1,1,1,1,0
2703,27.04,34.25198745727539,1.7738359142592839,76,4,0,1,1,1,1,0
2704,27.05,34.235267639160156,1.8402399968152199,76,4,0,1,1,1,1,0
2705,27.06,34.188899993896484,2.028992191697966,76,4,0,1,1,1,1,0
2706,27.07,33.967132568359375,2.224502911194623,76,4,0,1,1,1,1,0
2707,27.08,34.047508239746094,1.9880934878866188,76,4,0,1,1,1,1,0
2708,27.09,34.17146301269531,1.8935908579452259,76,4,0,1,1,1,1,0
2709,27.1,34.563201904296875,1.8231342056846003,76,4,0,1,1,1,1,0
2710,27.11,34.66965103149414,1.9772944420544236,76,4,0,1,1,1,1,0
2711,27.12,34.42414855957031,2.15705581636915,76,4,0,1,1,1,1,0
2712,27.13,34.487606048583984,2.1785099869565774,76,4,0,1,1,1,1,0
2713,27.14,34.461219787597656,1.937341818773005,76,4,0,1,1,1,1,0
2714,27.15,34.472984313964844,2.0303249971001875,76,4,0,1,1,1,1,0
2715,27.16,34.38827133178711,1.7731924015858334,76,4,0,1,1,1,1,0
2716,27.17,34.49916076660156,2.0919647830359644,76,4,0,1,1,1,1,0
2717,27.18,34.29632568359375,2.0069340540352587,76,4,0,1,1,1,1,0
2718,27.19,34.32228088378906,1.9306494850467364,76,4,0,1,1,1,1,0
2719,27.2,34.14210891723633,2.0255921315299545,76,4,0,1,1,1,1,0
2720,27.21,34.31260299682617,2.150421465706921,76,4,0,1,1,1,1,0
2721,27.22,34.302181243896484,2.14322924317506,76,4,0,1,1,1,1,0
2722,27.23,34.325321197509766,1.8977067789001798,76,3,0,0,1,1,1,0
2723,27.24,34.86868667602539,1.828495774871273,76,4,0,1,1,1,1,0
2724,27.25,34.7909049987793,2.0973090844033133,76,3,0,0,1,1,1,0
2725,27.26,34.80394744873047,2.0627640803704757,76,3,0,0,1,1,1,0
2726,27.27,34.92431640625,1.9429102951676023,76,3,0,0,1,1,1,0
2727,27.28,34.780616760253906,2.191095582229703,76,4,0,1,1,1,1,0
2728,27.29,34.74641036987305,1.874277776764865,76,3,0,0,1,1,1,0
2729,27.3,34.70965576171875,1.9003690746678337,76,3,0,0,1,1,1,0
2730,27.31,34.3665657043457,2.365864306022192,76,3,0,0,1,1,1,0
2731,27.32,34.40968322753906,2.175891204302181,76,3,0,0,1,1,1,0
2732,27.33,34.31919479370117,1.9778049447065156,76,4,0,1,1,1,1,0
2733,27.34,34.15343475341797,2.0333522699937503,76,3,0,0,1,1,1,0
2734,27.35,34.6499137878418,1.875472845244877,76,4,0,1,1,1,1,0
2735,27.36,34.54988098144531,1.7080087045289423,76,4,0,1,1,1,1,0
2736,27.37,34.930511474609375,1.7715542623428517,76,3,0,0,1,1,1,0
2737,27.38,34.67705535888672,1.798357202883797,76,3,0,0,1,1,1,0
2738,27.39,34.740203857421875,1.8993158457914556,76,3,0,0,1,1,1,0
2739,27.4,34.975589752197266,1.7438772083825227,76,3,0,0,1,1,1,0
2740,27.41,34.99416732788086,1.6864196302969268,76,4,0,1,1,1,1,0
2741,27.42,35.125152587890625,1.894861810723515,76,3,0,0,1,1,1,0
2742,27.43,35.342628479003906,2.08619186914759,76,3,0,0,1,1,1,0
2743,27.44,34.78024673461914,1.7654977311805748,76,4,0,1,1,1,1,0
2744,27.45,35.254920959472656,1.9906323832391541,76,4,0,1,1,1,1,0
2745,27.46,35.453460693359375,2.1700903371909446,76,4,0,1,1,1,1,0
2746,27.47,35.149417877197266,1.9098215277481554,76,4,0,1,1,1,1,0
2747,27.48,35.14532470703125,2.026548971896882,76,3,0,0,1,1,1,0
2748,27.49,34.95278549194336,1.9484332695337871,76,4,0,1,1,1,1,0
2749,27.5,35.17154312133789,1.9885945042733546,76,4,0,1,1,1,1,0
2750,27.51,34.533103942871094,2.009823331901375,76,4,0,1,1,1,1,0
2751,27.52,34.4001350402832,2.1794980344431436,76,4,0,1,1,1,1,0
2752,27.53,34.68540954589844,2.095467895847672,76,4,0,1,1,1,1,0
2753,27.54,34.51829147338867,2.0725789053997725,76,4,0,1,1,1,1,0
2754,27.55,34.67523193359375,2.2037493609173446,76,4,0,1,1,1,1,0
2755,27.56,34.62971878051758,2.1158698895282817,76,4,0,1,1,1,1,0
2756,27.57,34.93950271606445,2.2920095590136085,76,4,0,1,1,1,1,0
2757,27.58,34.81366729736328,2.090984012089388,76,4,0,1,1,1,1,0
2758,27.59,34.5771484375,2.220919761865341,76,4,0,1,1,1,1,0
2759,27.6,34.15790939331055,2.087795687449512,76,4,0,1,1,1,1,0
2760,27.61,34.2363166809082,2.064872853798153,76,4,0,1,1,1,1,0
2761,27.62,33.93695068359375,1.8870375822457894,76,4,0,1,1,1,1,0
2762,27.63,34.25906753540039,2.13067808005422,76,4,0,1,1,1,1,0
2763,27.64,34.349388122558594,2.18093961152403,76,5,1,1,1,1,1,0
2764,27.65,34.1614875793457,2.310606903015921,76,5,1,1,1,1,1,0
2765,27.66,34.203250885009766,1.9608915753524023,76,5,1,1,1,1,1,0
2766,27.67,34.3648796081543,1.9592093083444342,76,5,1,1,1,1,1,0
2767,27.68,34.13779830932617,1.807784090849845,76,4,0,1,1,1,1,0
2768,27.69,34.587501525878906,2.0013256226991665,76,4,0,1,1,1,1,0
2769,27.7,34.38423538208008,2.0356324445146585,76,4,0,1,1,1,1,0
2770,27.71,34.46107482910156,2.245839109890876,76,4,0,1,1,1,1,0
2771,27.72,34.27165222167969,1.8538916883428493,76,5,1,1,1,1,1,0
2772,27.73,34.583126068115234,2.3525793469680827,76,4,0,1,1,1,1,0
2773,27.74,34.42450714111328,2.025240235950409,76,4,0,1,1,1,1,0
2774,27.75,34.45775604248047,2.1639053276737092,76,4,0,1,1,1,1,0
2775,27.76,33.99891662597656,2.1800934503860527,76,4,0,1,1,1,1,0
2776,27.77,34.35606002807617,2.3390873647203296,76,4,0,1,1,1,1,0
2777,27.78,33.979652404785156,1.9913348669491213,76,5,1,1,1,1,1,0
2778,27.79,33.932838439941406,2.1219761926222898,76,4,0,1,1,1,1,0
2779,27.8,34.31772232055664,1.8614818023418869,76,4,0,1,1,1,1,0
2780,27.81,34.146629333496094,1.9831750685960206,76,4,0,1,1,1,1,0
2781,27.82,33.74539566040039,1.9306465607656578,76,4,0,1,1,1,1,0
2782,27.83,34.14417266845703,2.2529100999514955,76,4,0,1,1,1,1,0
2783,27.84,33.65943145751953,2.0812279447501436,76,4,0,1,1,1,1,0
2784,27.85,34.047210693359375,2.0411284052296503,76,4,0,1,1,1,1,0
2785,27.86,33.99953842163086,2.188632297631956,76,4,0,1,1,1,1,0
2786,27.87,33.96707534790039,2.034846963230096,76,4,0,1,1,1,1,0
2787,27.88,33.73063278198242,2.1264775660701694,76,4,0,1,1,1,1,0
2788,27.89,33.494014739990234,2.12087207275911,76,5,1,1,1,1,1,0
2789,27.9,33.92125701904297,2.2340126905268605,76,4,0,1,1,1,1,0
2790,27.91,34.120670318603516,2.151350745730623,76,4,0,1,1,1,1,0
2791,27.92,34.20505905151367,2.4123194420831906,76,4,0,1,1,1,1,0
2792,27.93,33.946388244628906,2.2338513471463717,76,4,0,1,1,1,1,0
2793,27.94,34.10557556152344,2.1607618443651297,76,5,1,1,1,1,1,0
2794,27.95,34.497467041015625,2.272314805483113,76,4,0,1,1,1,1,0
2795,27.96,34.29079055786133,2.134056320154277,76,5,1,1,1,1,1,0
2796,27.97,34.44594955444336,1.9830592321488512,76,4,0,1,1,1,1,0
2797,27.98,34.48186111450195,2.096546301287163,76,4,0,1,1,1,1,0
2798,27.99,34.491455078125,2.0790852563671036,76,4,0,1,1,1,1,0
2799,28.0,34.03901290893555,2.358408569144863,76,4,0,1,1,1,1,0
2800,28.01,34.37677001953125,2.067220485849704,76,4,0,1,1,1,1,0
2801,28.02,34.163543701171875,2.3081838888411754,76,4,0,1,1,1,1,0
2802,28.03,34.46216583251953,2.2565009747776457,76,4,0,1,1,1,1,0
2803,28.04,34.37234878540039,2.240133344226038,76,4,0,1,1,1,1,0
2804,28.05,34.316280364990234,2.090484628670268,76,4,0,1,1,1,1,0
2805,28.06,33.86198425292969,2.154576122971167,76,4,0,1,1,1,1,0
2806,28.07,33.85309600830078,2.2081206043608,76,4,0,1,1,1,1,0
2807,28.08,33.9796257019043,2.33908121639687,76,4,0,1,1,1,1,0
2808,28.09,33.795413970947266,1.9557350376947995,76,4,0,1,1,1,1,0
2809,28.1,34.495697021484375,2.2515768820565514,76,4,0,1,1,1,1,0
2810,28.11,34.057090759277344,2.062453693409157,76,4,0,1,1,1,1,0
2811,28.12,33.94926834106445,2.2820401356660556,76,5,1,1,1,1,1,0
2812,28.13,33.83316421508789,2.1123429207297373,76,5,1,1,1,1,1,0
2813,28.14,33.841129302978516,2.0845424298271182,76,5,1,1,1,1,1,0
2814,28.15,33.81320571899414,2.1078403235264735,76,4,0,1,1,1,1,0
2815,28.16,33.79646301269531,2.2677771607330865,76,5,1,1,1,1,1,0
2816,28.17,34.01780700683594,2.30043784577088,76,5,1,1,1,1,1,0
2817,28.18,33.537376403808594,2.1377309077974753,76,5,1,1,1,1,1,0
2818,28.19,33.8091926574707,2.207124702806637,76,4,0,1,1,1,1,0
2819,28.2,33.91574478149414,2.3931544293202585,76,5,1,1,1,1,1,0
2820,28.21,33.93056106567383,2.2352850358064504,76,4,0,1,1,1,1,0
2821,28.22,33.89741897583008,2.1428455197964924,76,5,1,1,1,1,1,0
2822,28.23,33.7656364440918,1.9941406915736,76,5,1,1,1,1,1,0
2823,28.24,34.01933670043945,2.0196463035601098,76,5,1,1,1,1,1,0
2824,28.25,34.267120361328125,2.300020272207681,76,5,1,1,1,1,1,0
2825,28.26,34.1186408996582,1.9055691134787935,76,4,0,1,1,1,1,0
2826,28.27,34.10773849487305,2.327468093343956,76,5,1,1,1,1,1,0
2827,28.28,34.2232666015625,2.3025388845770443,76,5,1,1,1,1,1,0
2828,28.29,33.95459747314453,2.038259775993401,76,5,1,1,1,1,1,0
2829,28.3,33.94388198852539,2.0900952827610353,76,4,0,1,1,1,1,0
2830,28.31,33.67461013793945,1.8664947198059838,76,4,0,1,1,1,1,0
2831,28.32,33.94200134277344,2.234033365153309,76,4,0,1,1,1,1,0
2832,28.33,33.793373107910156,1.9271742236488982,76,4,0,1,1,1,1,0
2833,28.34,34.03090286254883,2.0859065167711637,76,4,0,1,1,1,1,0
2834,28.35,33.98585891723633,2.1273469719729565,76,4,0,1,1,1,1,0
2835,28.36,33.95591354370117,1.95604167143467,76,4,0,1,1,1,1,0
2836,28.37,34.24699401855469,2.170001860588473,76,5,1,1,1,1,1,0
2837,28.38,34.24530792236328,2.1037608528440135,76,4,0,1,1,1,1,0
2838,28.39,34.024017333984375,2.0980475121030593,76,4,0,1,1,1,1,0
2839,28.4,34.02145767211914,1.902232911953233,76,5,1,1,1,1,1,0
2840,28.41,34.054874420166016,2.1187054730384247,76,4,0,1,1,1,1,0
2841,28.42,34.185848236083984,2.1899948642691647,76,4,0,1,1,1,1,0
2842,28.43,34.52268981933594,2.456131674061074,76,4,0,1,1,1,1,0
2843,28.44,34.287742614746094,2.163402511754588,76,4,0,1,1,1,1,0
2844,28.45,34.41349792480469,2.159398908691014,76,4,0,1,1,1,1,0
2845,28.46,34.38056945800781,2.275195693102411,76,4,0,1,1,1,1,0
2846,28.47,34.39521789550781,2.2531307137657706,76,4,0,1,1,1,1,0
2847,28.48,34.33744430541992,2.427959767419545,76,5,1,1,1,1,1,0
2848,28.49,34.39586639404297,2.2073086136618065,76,4,0,1,1,1,1,0
2849,28.5,34.07368087768555,2.0845621621724164,76,4,0,1,1,1,1,0
2850,28.51,34.075374603271484,2.2365380612435786,76,4,0,1,1,1,1,0
2851,28.52,33.855918884277344,2.1829096783902138,76,5,1,1,1,1,1,0
2852,28.53,33.62431716918945,2.3237059715408384,76,4,0,1,1,1,1,0
2853,28.54,33.55232238769531,1.987309540458121,76,4,0,1,1,1,1,0
2854,28.55,33.7086181640625,2.310407929838278,76,4,0,1,1,1,1,0
2855,28.56,33.98537063598633,2.416048836424388,76,4,0,1,1,1,1,0
2856,28.57,34.12003707885742,2.0407836934611328,76,4,0,1,1,1,1,0
2857,28.58,34.217350006103516,2.431889176556195,76,4,0,1,1,1,1,0
2858,28.59,34.06607437133789,2.454120573879861,76,4,0,1,1,1,1,0
2859,28.6,33.9271125793457,1.9471242120490369,76,4,0,1,1,1,1,0
2860,28.61,34.208126068115234,2.3946821679603625,76,4,0,1,1,1,1,0
2861,28.62,34.09031295776367,2.3115797617425664,76,4,0,1,1,1,1,0
2862,28.63,34.296451568603516,2.3650412080538397,76,4,0,1,1,1,1,0
2863,28.64,34.457759857177734,2.240312212588202,76,4,0,1,1,1,1,0
2864,28.65,34.36762619018555,2.149672391552623,76,4,0,1,1,1,1,0
2865,28.66,34.354583740234375,2.4160103652939444,76,4,0,1,1,1,1,0
2866,28.67,33.93326187133789,2.2658759754583073,76,4,0,1,1,1,1,0
2867,28.68,34.52192306518555,2.5041571612781195,76,4,0,1,1,1,1,0
2868,28.69,34.43357467651367,2.435778864509483,76,3,0,0,1,1,1,0
2869,28.7,34.32893371582031,2.1777280514224633,76,3,0,0,1,1,1,0
2870,28.71,34.578895568847656,2.437089282054443,76,4,0,1,1,1,1,0
2871,28.72,34.33782958984375,2.2813396547105618,76,4,0,1,1,1,1,0
2872,28.73,34.07246780395508,2.281362065825233,76,4,0,1,1,1,1,0
2873,28.74,34.19918441772461,2.140137368189627,76,5,1,1,1,1,1,0
2874,28.75,34.108734130859375,2.2675733863551977,76,4,0,1,1,1,1,0
2875,28.76,34.002071380615234,2.303432080609803,76,5,1,1,1,1,1,0
2876,28.77,33.817562103271484,2.3448047704770576,76,4,0,1,1,1,1,0
2877,28.78,34.036285400390625,1.959213728169315,76,5,1,1,1,1,1,0
2878,28.79,33.52229309082031,2.1250437517077128,76,4,0,1,1,1,1,0
2879,28.8,34.03873825073242,1.8673219118465116,76,4,0,1,1,1,1,0
2880,28.81,34.16501998901367,2.0379905535170857,76,5,1,1,1,1,1,0
2881,28.82,33.99953842163086,2.2264081518668095,76,5,1,1,1,1,1,0
2882,28.83,34.11941909790039,2.3213135532661244,76,4,0,1,1,1,1,0
2883,28.84,34.368289947509766,2.3578812091364427,76,4,0,1,1,1,1,0
2884,28.85,34.25511169433594,2.163979998995717,76,5,1,1,1,1,1,0
2885,28.86,33.73614501953125,2.3290182856657102,76,5,1,1,1,1,1,0
2886,28.87,33.92816162109375,2.1313347365934328,76,4,0,1,1,1,1,0
2887,28.88,34.00984573364258,1.9351972517914724,76,4,0,1,1,1,1,0
2888,28.89,34.06166076660156,2.0725334328625324,76,4,0,1,1,1,1,0
2889,28.9,34.16229248046875,2.251247105830428,76,5,1,1,1,1,1,0
2890,28.91,34.17564010620117,2.3579238319708873,76,5,1,1,1,1,1,0
2891,28.92,33.96300506591797,2.237098118672243,76,4,0,1,1,1,1,0
2892,28.93,33.61416244506836,2.111587501413824,76,5,1,1,1,1,1,0
2893,28.94,33.70577621459961,2.2590909922389177,76,4,0,1,1,1,1,0
2894,28.95,33.84044647216797,2.2950579986282253,76,5,1,1,1,1,1,0
2895,28.96,34.30232620239258,2.5235852166368096,76,4,0,1,1,1,1,0
2896,28.97,34.06216049194336,2.625280178272682,76,5,1,1,1,1,1,0
2897,28.98,34.02734375,2.3720660871919224,76,5,1,1,1,1,1,0
2898,28.99,33.64657211303711,2.0111905731125903,76,5,1,1,1,1,1,0
2899,29.0,33.17961502075195,2.170598282149339,76,5,1,1,1,1,1,0
2900,29.01,33.22857666015625,2.1856300706143963,76,4,0,1,1,1,1,0
2901,29.02,33.465736389160156,2.227758915141713,76,4,0,1,1,1,1,0
2902,29.03,33.23280334472656,2.291939658073157,76,5,1,1,1,1,1,0
2903,29.04,33.19226837158203,2.1513934175572067,76,5,1,1,1,1,1,0
2904,29.05,33.384010314941406,2.1159154042761417,76,4,0,1,1,1,1,0
2905,29.06,33.205509185791016,2.1427317992699555,76,5,1,1,1,1,1,0
2906,29.07,33.32240295410156,2.0406398009377127,76,4,0,1,1,1,1,0
2907,29.08,33.7407341003418,2.082158238100483,76,4,0,1,1,1,1,0
2908,29.09,33.31319046020508,2.0600469557972128,76,4,0,1,1,1,1,0
2909,29.1,33.51414108276367,2.009901886630559,76,4,0,1,1,1,1,0
2910,29.11,33.57678985595703,2.232439981747324,76,4,0,1,1,1,1,0
2911,29.12,33.4512939453125,2.3900841114799176,76,5,1,1,1,1,1,0
2912,29.13,33.45871353149414,1.9641808648214536,76,4,0,1,1,1,1,0
2913,29.14,33.479068756103516,2.150811309329352,76,5,0,1,1,1,1,1
2914,29.15,33.647911071777344,2.1201186128975156,76,4,0,1,1,1,1,0
2915,29.16,33.83903121948242,2.3805490113824046,76,4,0,1,1,1,1,0
2916,29.17,33.96757888793945,2.1118698715252786,76,4,0,1,1,1,1,0
2917,29.18,33.66883087158203,2.170457846163327,76,4,0,1,1,1,1,0
2918,29.19,33.9310302734375,2.263405978237566,76,4,0,1,1,1,1,0
2919,29.2,33.7683219909668,1.9933883497847633,76,4,0,1,1,1,1,0
2920,29.21,33.93716049194336,2.079691714774374,76,4,0,1,1,1,1,0
2921,29.22,33.91630935668945,2.3696839616887977,76,4,0,1,1,1,1,0
2922,29.23,34.110137939453125,2.4468319959569618,76,4,0,1,1,1,1,0
2923,29.24,34.2406120300293,2.29381616448424,76,4,0,1,1,1,1,0
2924,29.25,33.76869583129883,2.179401538146256,76,4,0,1,1,1,1,0
2925,29.26,33.884246826171875,2.049237054801912,76,4,0,1,1,1,1,0
2926,29.27,33.869266510009766,2.183779933924288,76,4,0,1,1,1,1,0
2927,29.28,33.8577766418457,2.3564603452875117,76,4,0,1,1,1,1,0
2928,29.29,33.84250259399414,2.0099278747404097,76,4,0,1,1,1,1,0
2929,29.3,34.02716827392578,2.35614235095391,76,4,0,1,1,1,1,0
2930,29.31,33.96187973022461,2.227220801125826,76,4,0,1,1,1,1,0
2931,29.32,33.669368743896484,2.0074348813498593,76,4,0,1,1,1,1,0
2932,29.33,34.187164306640625,2.0339573979198478,76,4,0,1,1,1,1,0
2933,29.34,33.84856033325195,1.9576024880515552,76,4,0,1,1,1,1,0
2934,29.35,33.85374069213867,2.105640164363333,76,5,1,1,1,1,1,0
2935,29.36,33.910709381103516,2.050119469119803,76,5,1,1,1,1,1,0
2936,29.37,34.20686340332031,2.2175667248046462,76,4,0,1,1,1,1,0
2937,29.38,34.0124626159668,1.87390031635394,76,4,0,1,1,1,1,0
2938,29.39,34.13642501831055,2.0895202195567735,76,4,0,1,1,1,1,0
2939,29.4,34.15822982788086,2.0403468439345485,76,5,1,1,1,1,1,0
2940,29.41,33.953125,2.0662569232266,76,5,1,1,1,1,1,0
2941,29.42,33.82882308959961,1.8641346971094743,76,4,0,1,1,1,1,0
2942,29.43,33.83732986450195,2.0587658698250655,76,4,0,1,1,1,1,0
2943,29.44,33.5330810546875,1.945272505249984,76,4,0,1,1,1,1,0
2944,29.45,32.89292526245117,1.9116437268241842,76,4,0,1,1,1,1,0
2945,29.46,33.473915100097656,2.267400639050645,76,4,0,1,1,1,1,0
2946,29.47,33.443756103515625,2.2618133555130933,76,4,0,1,1,1,1,0
2947,29.48,33.89846420288086,2.1826791968980435,76,5,1,1,1,1,1,0
2948,29.49,33.761287689208984,1.9716501092850223,76,5,1,1,1,1,1,0
2949,29.5,33.63545608520508,2.4034125531500585,76,5,1,1,1,1,1,0
2950,29.51,33.750545501708984,1.7974683446354853,76,5,1,1,1,1,1,0
2951,29.52,33.7841911315918,2.510636343375878,76,5,1,1,1,1,1,0
2952,29.53,33.166873931884766,1.9735512496332803,76,5,1,1,1,1,1,0
2953,29.54,33.42738723754883,2.129364213215659,76,5,1,1,1,1,1,0
2954,29.55,33.601341247558594,2.053946039442958,76,5,1,1,1,1,1,0
2955,29.56,33.507240295410156,1.918491063842551,76,5,1,1,1,1,1,0
2956,29.57,33.57029342651367,2.1230703361043686,76,5,1,1,1,1,1,0
2957,29.58,33.70603942871094,2.2167265428093006,76,4,0,1,1,1,1,0
2958,29.59,33.94649124145508,1.923155335259019,76,5,1,1,1,1,1,0
2959,29.6,33.432090759277344,2.0225233154538196,76,5,1,1,1,1,1,0
2960,29.61,33.2991828918457,2.0142248475458095,76,5,1,1,1,1,1,0
2961,29.62,33.40249252319336,2.0813937146862473,76,5,1,1,1,1,1,0
2962,29.63,33.261810302734375,2.0635153136953743,76,4,0,1,1,1,1,0
2963,29.64,33.34434127807617,2.0708920194330234,76,5,1,1,1,1,1,0
2964,29.65,33.209228515625,1.8173080607488346,76,5,1,1,1,1,1,0
2965,29.66,33.36874008178711,2.1774539414465686,76,5,1,1,1,1,1,0
2966,29.67,33.440250396728516,2.0617697889162003,76,4,0,1,1,1,1,0
2967,29.68,33.418460845947266,2.2624732023764014,76,4,0,1,1,1,1,0
2968,29.69,33.435943603515625,2.1484378416226395,76,4,0,1,1,1,1,0
2969,29.7,33.78398895263672,2.4535101546285207,76,4,0,1,1,1,1,0
2970,29.71,33.54092788696289,2.26558753875554,76,4,0,1,1,1,1,0
2971,29.72,33.507083892822266,2.2366923802777694,76,4,0,1,1,1,1,0
2972,29.73,33.497737884521484,2.1456210829453757,76,4,0,1,1,1,1,0
2973,29.74,32.89369201660156,2.1723926752109923,76,4,0,1,1,1,1,0
2974,29.75,32.94123840332031,2.0751394084419696,76,4,0,1,1,1,1,0
2975,29.76,33.41102981567383,2.1209400036388124,76,4,0,1,1,1,1,0
2976,29.77,33.04679870605469,2.0504165925831503,76,4,0,1,1,1,1,0
2977,29.78,32.78936004638672,2.1070587536188774,76,4,0,1,1,1,1,0
2978,29.79,33.10615539550781,2.2573440677024452,76,4,0,1,1,1,1,0
2979,29.8,32.93534851074219,2.03889477279635,76,5,1,1,1,1,1,0
2980,29.81,33.4222412109375,2.0349426658868524,76,5,1,1,1,1,1,0
2981,29.82,33.080230712890625,1.9357146886708765,76,5,1,1,1,1,1,0
2982,29.83,33.243106842041016,1.7901123506050975,76,5,1,1,1,1,1,0
2983,29.84,33.05441665649414,2.060098814587373,76,5,1,1,1,1,1,0
2984,29.85,33.1396598815918,2.122850137508839,76,5,1,1,1,1,1,0
2985,29.86,32.90719985961914,1.7243291515751153,76,5,1,1,1,1,1,0
2986,29.87,33.35041046142578,1.9682271968372889,76,5,1,1,1,1,1,0
2987,29.88,33.5464973449707,1.8127048459835422,76,5,1,1,1,1,1,0
2988,29.89,33.767730712890625,1.841788842122815,76,5,1,1,1,1,1,0
2989,29.9,33.590694427490234,1.8887315673764797,76,5,1,1,1,1,1,0
2990,29.91,33.593563079833984,1.785803494879715,76,5,1,1,1,1,1,0
2991,29.92,33.56589126586914,2.024577643918691,76,5,1,1,1,1,1,0
2992,29.93,33.75652313232422,1.9432189427906585,76,5,1,1,1,1,1,0
2993,29.94,33.73662567138672,1.6679029581258833,76,4,0,1,1,1,1,0
2994,29.95,33.777652740478516,1.769800251190869,76,4,0,1,1,1,1,0
2995,29.96,33.54737854003906,2.00561657945149,76,4,0,1,1,1,1,0
2996,29.97,33.658203125,2.0766359561922623,76,4,0,1,1,1,1,0
2997,29.98,33.48323440551758,1.9672349507541074,76,5,1,1,1,1,1,0
2998,29.99,33.29755401611328,1.7234031645971017,76,4,0,1,1,1,1,0
2999,30.0,33.25136947631836,1.762210970944983,76,4,0,1,1,1,1,0
3000,30.01,33.38017272949219,1.8543231619805844,76,4,0,1,1,1,1,0
3001,30.02,33.40521240234375,2.096498018810012,76,4,0,1,1,1,1,0
3002,30.03,33.540531158447266,1.990202222355618,76,5,1,1,1,1,1,0
3003,30.04,33.632625579833984,1.9690323086307042,76,4,0,1,1,1,1,0
3004,30.05,33.73230743408203,1.8520512890768288,76,5,1,1,1,1,1,0
3005,30.06,33.71563720703125,2.044726003188311,76,5,1,1,1,1,1,0
3006,30.07,33.70870590209961,2.248400154828123,76,5,1,1,1,1,1,0
3007,30.08,33.431671142578125,2.1993854954571446,76,4,0,1,1,1,1,0
3008,30.09,33.69559860229492,2.099264512384968,76,4,0,1,1,1,1,0
3009,30.1,33.34681701660156,1.952352772344399,76,4,0,1,1,1,1,0
3010,30.11,33.6052360534668,2.139766363064399,76,4,0,1,1,1,1,0
3011,30.12,33.86083984375,2.0717370703180418,76,4,0,1,1,1,1,0
3012,30.13,34.135963439941406,2.132158318869828,76,4,0,1,1,1,1,0
3013,30.14,33.828739166259766,2.148416991379777,76,4,0,1,1,1,1,0
3014,30.15,33.713985443115234,1.9685790716672589,76,4,0,1,1,1,1,0
3015,30.16,33.647159576416016,2.109810893186203,76,4,0,1,1,1,1,0
3016,30.17,33.698612213134766,2.2057446962308385,76,4,0,1,1,1,1,0
3017,30.18,33.81538772583008,1.9979253453099675,76,4,0,1,1,1,1,0
3018,30.19,33.834739685058594,1.931968086343189,76,4,0,1,1,1,1,0
3019,30.2,34.275230407714844,1.8376863632714477,76,5,1,1,1,1,1,0
3020,30.21,33.713375091552734,1.934968960930057,76,4,0,1,1,1,1,0
3021,30.22,34.142967224121094,1.8792263403300693,76,4,0,1,1,1,1,0
3022,30.23,33.84454345703125,1.7927893318132766,76,5,1,1,1,1,1,0
3023,30.24,33.641258239746094,1.9695689361979907,76,5,1,1,1,1,1,0
3024,30.25,33.81089401245117,2.064238816711523,76,4,0,1,1,1,1,0
3025,30.26,33.57495880126953,2.0869384712158556,76,5,1,1,1,1,1,0
3026,30.27,33.44475173950195,1.8076199309588765,76,4,0,1,1,1,1,0
3027,30.28,33.1250114440918,2.0576424457856244,76,4,0,1,1,1,1,0
3028,30.29,33.19134521484375,1.9429885513083507,76,5,1,1,1,1,1,0
3029,30.3,33.59525680541992,1.9009497443202612,76,5,1,1,1,1,1,0
3030,30.31,33.06695556640625,2.0659415770132754,76,5,1,1,1,1,1,0
3031,30.32,33.26195526123047,1.8843033897262822,76,5,1,1,1,1,1,0
3032,30.33,33.376380920410156,1.9174204680305158,76,5,1,1,1,1,1,0
3033,30.34,33.800689697265625,1.8851285547690024,76,5,1,1,1,1,1,0
3034,30.35,33.910919189453125,2.2487797984645956,76,5,1,1,1,1,1,0
3035,30.36,34.37236022949219,1.856261240300221,76,5,1,1,1,1,1,0
3036,30.37,34.123924255371094,1.8982605756115831,76,5,1,1,1,1,1,0
3037,30.38,33.719085693359375,1.8850467431239453,76,5,1,1,1,1,1,0
3038,30.39,33.97513961791992,1.7374733164609641,76,5,1,1,1,1,1,0
3039,30.4,34.178688049316406,1.8515652038868156,76,4,0,1,1,1,1,0
3040,30.41,33.585227966308594,2.2724863399028488,76,5,1,1,1,1,1,0
3041,30.42,33.70045471191406,2.0729466103214325,76,4,0,1,1,1,1,0
3042,30.43,34.01639938354492,2.020620458512281,76,4,0,1,1,1,1,0
3043,30.44,33.97669982910156,1.896209784775043,76,4,0,1,1,1,1,0
3044,30.45,33.830543518066406,1.8675631290602699,76,4,0,1,1,1,1,0
3045,30.46,33.696781158447266,2.024575552464596,76,4,0,1,1,1,1,0
3046,30.47,33.957115173339844,2.3397624379445285,76,4,0,1,1,1,1,0
3047,30.48,34.01596450805664,1.862280397315825,76,4,0,1,1,1,1,0
3048,30.49,34.16427993774414,2.1555919845039804,76,4,0,1,1,1,1,0
3049,30.5,34.35099792480469,1.9842632004377583,76,4,0,1,1,1,1,0
3050,30.51,34.307029724121094,1.802140035258078,76,4,0,1,1,1,1,0
3051,30.52,34.283714294433594,1.9728366424385637,76,4,0,1,1,1,1,0
3052,30.53,34.18252182006836,1.7242676809728428,76,5,1,1,1,1,1,0
3053,30.54,34.14888381958008,2.0005516657083877,76,4,0,1,1,1,1,0
3054,30.55,34.14161682128906,1.9687784456677322,76,4,0,1,1,1,1,0
3055,30.56,34.085079193115234,2.0969754088880084,76,4,0,1,1,1,1,0
3056,30.57,33.880863189697266,1.9665945988194609,76,4,0,1,1,1,1,0
3057,30.58,33.99626159667969,1.8959168700655864,76,4,0,1,1,1,1,0
3058,30.59,33.86383056640625,1.8645608748194202,76,4,0,1,1,1,1,0
3059,30.6,33.65196228027344,1.9260546712653952,76,4,0,1,1,1,1,0
3060,30.61,33.934837341308594,1.8793866914342563,76,4,0,1,1,1,1,0
3061,30.62,33.83370590209961,1.8067946429344015,76,4,0,1,1,1,1,0
3062,30.63,33.92445755004883,2.0706278596072774,76,4,0,1,1,1,1,0
3063,30.64,33.607940673828125,1.7209833576779918,76,4,0,1,1,1,1,0
3064,30.65,34.01317596435547,1.7618472029123293,76,4,0,1,1,1,1,0
3065,30.66,34.13119888305664,1.870323303351745,76,4,0,1,1,1,1,0
3066,30.67,34.29288101196289,1.8232110539834965,76,4,0,1,1,1,1,0
3067,30.68,34.20275115966797,2.186022386696402,76,4,0,1,1,1,1,0
3068,30.69,34.20256042480469,1.8492424761518247,76,4,0,1,1,1,1,0
3069,30.7,34.14077377319336,1.9792215053789934,76,5,1,1,1,1,1,0
3070,30.71,34.31512451171875,1.887139042380499,76,4,0,1,1,1,1,0
3071,30.72,34.273170471191406,2.0970016094773714,76,4,0,1,1,1,1,0
3072,30.73,34.236087799072266,1.7822734732732972,76,4,0,1,1,1,1,0
3073,30.74,34.676795959472656,1.9958179091794543,76,4,0,1,1,1,1,0
3074,30.75,34.54257583618164,1.9796213269577942,76,4,0,1,1,1,1,0
3075,30.76,34.640316009521484,2.137052729698126,76,4,0,1,1,1,1,0
3076,30.77,34.39632797241211,2.0588815508329485,76,4,0,1,1,1,1,0
3077,30.78,33.99342346191406,1.961304683475683,76,4,0,1,1,1,1,0
3078,30.79,34.26481246948242,1.8198064562872593,76,4,0,1,1,1,1,0
3079,30.8,34.483741760253906,2.171196999614489,76,4,0,1,1,1,1,0
3080,30.81,34.22768783569336,1.771584177525349,76,4,0,1,1,1,1,0
3081,30.82,33.87315368652344,1.7394563040390336,76,4,0,1,1,1,1,0
3082,30.83,34.151405334472656,1.8694914198671664,76,4,0,1,1,1,1,0
3083,30.84,34.10599136352539,2.098953016595136,76,4,0,1,1,1,1,0
3084,30.85,34.28292465209961,1.972762519191955,76,4,0,1,1,1,1,0
3085,30.86,34.290374755859375,1.8994226249024382,76,4,0,1,1,1,1,0
3086,30.87,34.63114547729492,2.107036570576269,76,4,0,1,1,1,1,0
3087,30.88,34.11748123168945,1.9340652179345352,76,4,0,1,1,1,1,0
3088,30.89,34.16685104370117,1.8144182013706063,76,4,0,1,1,1,1,0
3089,30.9,33.93580627441406,1.9791393621366795,76,4,0,1,1,1,1,0
3090,30.91,33.96242904663086,1.8582482200071864,76,4,0,1,1,1,1,0
3091,30.92,34.01845932006836,1.6848710134725253,76,4,0,1,1,1,1,0
3092,30.93,33.95277404785156,1.83447121551002,76,4,0,1,1,1,1,0
3093,30.94,34.355594635009766,1.880794111916067,76,4,0,1,1,1,1,0
3094,30.95,33.85443878173828,1.9056241552369912,76,5,1,1,1,1,1,0
3095,30.96,34.45583724975586,1.8494845559960789,76,4,0,1,1,1,1,0
3096,30.97,34.57201385498047,1.7505746301325655,76,4,0,1,1,1,1,0
3097,30.98,34.5284538269043,1.6379550708045585,76,4,0,1,1,1,1,0
3098,30.99,34.342041015625,1.9409562017690773,76,4,0,1,1,1,1,0
3099,31.0,34.486759185791016,1.7255182282846433,76,4,0,1,1,1,1,0
3100,31.01,34.34698486328125,1.7151431828627326,76,5,1,1,1,1,1,0
3101,31.02,34.28254699707031,1.8226058163183463,76,5,1,1,1,1,1,0
3102,31.03,34.17067337036133,1.821346397399699,76,5,1,1,1,1,1,0
3103,31.04,33.92470169067383,1.8147725562336177,76,5,1,1,1,1,1,0
3104,31.05,33.828224182128906,1.7881322043161936,76,5,1,1,1,1,1,0
3105,31.06,33.923763275146484,1.7700029362402088,76,5,1,1,1,1,1,0
3106,31.07,34.282989501953125,1.7086550039774562,76,5,1,1,1,1,1,0
3107,31.08,34.38016128540039,1.786893117896793,76,5,1,1,1,1,1,0
3108,31.09,34.268775939941406,1.9090833451595315,76,5,1,1,1,1,1,0
3109,31.1,33.72877502441406,1.7801147406863453,76,5,1,1,1,1,1,0
3110,31.11,33.83458709716797,1.6535421961493943,76,4,0,1,1,1,1,0
3111,31.12,33.71601867675781,1.6807740172341117,76,5,1,1,1,1,1,0
3112,31.13,33.4622917175293,1.8934885750310457,76,5,1,1,1,1,1,0
3113,31.14,33.608604431152344,1.6066755016513055,76,4,0,1,1,1,1,0
3114,31.15,33.586387634277344,1.8519176726202125,76,5,1,1,1,1,1,0
3115,31.16,33.386314392089844,1.7666662245514029,76,5,1,1,1,1,1,0
3116,31.17,33.60408020019531,1.8127927211872943,76,5,1,1,1,1,1,0
3117,31.18,33.603919982910156,1.6648737670013856,76,4,0,1,1,1,1,0
3118,31.19,33.56270980834961,1.8245544663181346,76,4,0,1,1,1,1,0
3119,31.2,33.66060256958008,1.958649114509547,76,4,0,1,1,1,1,0
3120,31.21,33.62828063964844,1.8315545646888785,76,4,0,1,1,1,1,0
3121,31.22,33.490509033203125,1.7887954060012956,76,4,0,1,1,1,1,0
3122,31.23,33.30027389526367,1.9690863125758151,76,4,0,1,1,1,1,0
3123,31.24,33.37346267700195,1.800915723356808,76,4,0,1,1,1,1,0
3124,31.25,33.852176666259766,1.9185680692332416,76,4,0,1,1,1,1,0
3125,31.26,33.735618591308594,1.8669174777044706,76,4,0,1,1,1,1,0
3126,31.27,34.08372497558594,2.1625179435609447,76,4,0,1,1,1,1,0
3127,31.28,34.04179763793945,1.9564767693200187,76,4,0,1,1,1,1,0
3128,31.29,33.96892547607422,2.0550668621097388,76,4,0,1,1,1,1,0
3129,31.3,34.134281158447266,1.9038094247981647,76,5,1,1,1,1,1,0
3130,31.31,33.587432861328125,1.8379340955318195,76,4,0,1,1,1,1,0
3131,31.32,33.92068862915039,2.065548315891496,76,5,1,1,1,1,1,0
3132,31.33,33.9256706237793,2.0551643703098423,76,4,0,1,1,1,1,0
3133,31.34,34.01585388183594,1.9239765916776497,76,4,0,1,1,1,1,0
3134,31.35,33.78872299194336,1.8212635219393678,76,4,0,1,1,1,1,0
3135,31.36,33.835296630859375,1.8002807779705425,76,4,0,1,1,1,1,0
3136,31.37,33.8365364074707,1.7492843908673603,76,4,0,1,1,1,1,0
3137,31.38,33.69135665893555,2.1949315825640805,76,4,0,1,1,1,1,0
3138,31.39,33.688697814941406,1.9305195993482458,76,4,0,1,1,1,1,0
3139,31.4,33.862850189208984,2.1346907030291957,76,4,0,1,1,1,1,0
3140,31.41,34.16292953491211,1.764906339674021,76,4,0,1,1,1,1,0
3141,31.42,33.960853576660156,1.9216910743107725,76,4,0,1,1,1,1,0
3142,31.43,34.48861312866211,2.054145308178336,76,4,0,1,1,1,1,0
3143,31.44,34.55883026123047,1.926812817577502,76,4,0,1,1,1,1,0
3144,31.45,34.46541976928711,1.9736756362104928,76,4,0,1,1,1,1,0
3145,31.46,34.53861618041992,2.0715743670851214,76,4,0,1,1,1,1,0
3146,31.47,34.33852005004883,1.8938065463239064,76,4,0,1,1,1,1,0
3147,31.48,34.27030563354492,1.9043631294583485,76,4,0,1,1,1,1,0
3148,31.49,34.176902770996094,2.017791061116276,76,4,0,1,1,1,1,0
3149,31.5,33.895416259765625,1.851973155444803,76,4,0,1,1,1,1,0
3150,31.51,33.540611267089844,1.8702397936327366,76,4,0,1,1,1,1,0
3151,31.52,34.01287078857422,1.7825257501493836,76,4,0,1,1,1,1,0
3152,31.53,34.03301239013672,2.069831602474874,76,4,0,1,1,1,1,0
3153,31.54,34.16071701049805,1.9290173724183517,76,4,0,1,1,1,1,0
3154,31.55,33.91089630126953,1.9162714231016957,76,4,0,1,1,1,1,0
3155,31.56,33.62153625488281,1.8365445746669586,76,5,1,1,1,1,1,0
3156,31.57,33.60865020751953,1.7881297829700484,76,4,0,1,1,1,1,0
3157,31.58,33.829307556152344,1.6880755962789997,76,4,0,1,1,1,1,0
3158,31.59,33.55982971191406,1.737813270925518,76,4,0,1,1,1,1,0
3159,31.6,33.64836883544922,1.870400721413619,76,5,1,1,1,1,1,0
3160,31.61,33.7647590637207,1.8259499568550996,76,4,0,1,1,1,1,0
3161,31.62,33.79246520996094,1.8890476334142605,76,5,1,1,1,1,1,0
3162,31.63,34.166358947753906,1.783733422485523,76,5,1,1,1,1,1,0
3163,31.64,33.88934326171875,1.9829543500596891,76,4,0,1,1,1,1,0
3164,31.65,33.74516296386719,1.775757925779844,76,4,0,1,1,1,1,0
3165,31.66,34.07475280761719,1.9944647412779084,76,4,0,1,1,1,1,0
3166,31.67,34.05072784423828,1.9170296477347206,76,4,0,1,1,1,1,0
3167,31.68,34.270233154296875,2.1014512829260714,76,4,0,1,1,1,1,0
3168,31.69,34.09858703613281,2.0990186763609033,76,4,0,1,1,1,1,0
3169,31.7,33.872154235839844,1.9710175495600273,76,5,1,1,1,1,1,0
3170,31.71,34.33761215209961,1.839293877659453,76,4,0,1,1,1,1,0
3171,31.72,33.80964279174805,2.1231363280419004,76,4,0,1,1,1,1,0
3172,31.73,33.82340621948242,1.72241025959497,76,4,0,1,1,1,1,0
3173,31.74,33.82807922363281,1.8788328338176525,76,4,0,1,1,1,1,0
3174,31.75,34.0500373840332,1.8981570973489768,76,5,1,1,1,1,1,0
3175,31.76,34.68034362792969,2.188355282714448,76,4,0,1,1,1,1,0
3176,31.77,34.310726165771484,1.7891066264354774,76,4,0,1,1,1,1,0
3177,31.78,34.05317687988281,1.8097820416332475,76,4,0,1,1,1,1,0
3178,31.79,34.112579345703125,1.8144421222926712,76,4,0,1,1,1,1,0
3179,31.8,33.90674591064453,2.0116176112376483,76,4,0,1,1,1,1,0
3180,31.81,33.820621490478516,1.9247317016736576,76,4,0,1,1,1,1,0
3181,31.82,33.855159759521484,1.8453451070599622,76,5,1,1,1,1,1,0
3182,31.83,34.00304412841797,1.7769638862625536,76,5,1,1,1,1,1,0
3183,31.84,33.80255126953125,1.8468636092167434,76,5,1,1,1,1,1,0
3184,31.85,33.81956100463867,1.9992264647962288,76,5,1,1,1,1,1,0
3185,31.86,34.22044372558594,1.9383213173937321,76,5,1,1,1,1,1,0
3186,31.87,34.29262924194336,1.964590193944391,76,4,0,1,1,1,1,0
3187,31.88,34.141597747802734,1.9934118932038976,76,4,0,1,1,1,1,0
3188,31.89,33.893028259277344,1.9346835312824964,76,4,0,1,1,1,1,0
3189,31.9,33.81196975708008,1.7310417892916263,76,4,0,1,1,1,1,0
3190,31.91,34.20035171508789,2.130395857160403,76,4,0,1,1,1,1,0
3191,31.92,33.88142395019531,1.8806650933215114,76,4,0,1,1,1,1,0
3192,31.93,34.01231002807617,1.8777135564510536,76,4,0,1,1,1,1,0
3193,31.94,33.920719146728516,1.9248666747918783,76,4,0,1,1,1,1,0
3194,31.95,33.890289306640625,1.8391575402250298,76,4,0,1,1,1,1,0
3195,31.96,33.93072509765625,2.0356380945136463,76,5,1,1,1,1,1,0
3196,31.97,33.85081100463867,2.1353433030177524,76,5,1,1,1,1,1,0
3197,31.98,34.02961730957031,1.793548360847516,76,5,1,1,1,1,1,0
3198,31.99,33.92499923706055,1.9717267604443356,76,4,0,1,1,1,1,0
3199,32.0,34.027584075927734,1.8661219812255443,76,4,0,1,1,1,1,0
3200,32.01,33.99873733520508,1.7829491561720692,76,4,0,1,1,1,1,0
3201,32.02,34.320865631103516,1.7762919827621495,76,5,1,1,1,1,1,0
3202,32.03,34.274295806884766,2.18188204517181,76,4,0,1,1,1,1,0
3203,32.04,34.223297119140625,2.09193681437009,76,5,1,1,1,1,1,0
3204,32.05,33.98921203613281,1.9468170849094542,76,4,0,1,1,1,1,0
3205,32.06,34.26893997192383,1.953150652960045,76,4,0,1,1,1,1,0
3206,32.07,34.21377182006836,1.960769091767211,76,4,0,1,1,1,1,0
3207,32.08,34.1076774597168,1.805048114847974,76,4,0,1,1,1,1,0
3208,32.09,34.14152908325195,1.7552770625261722,76,4,0,1,1,1,1,0
3209,32.1,34.0993766784668,2.1136006293263923,76,4,0,1,1,1,1,0
3210,32.11,33.95267868041992,1.8760830848091965,76,4,0,1,1,1,1,0
3211,32.12,33.99055099487305,1.953173314253205,76,4,0,1,1,1,1,0
3212,32.13,33.64830017089844,1.8200527342841042,76,4,0,1,1,1,1,0
3213,32.14,33.897132873535156,1.825103930297391,76,5,1,1,1,1,1,0
3214,32.15,33.768882751464844,2.097165341329296,76,4,0,1,1,1,1,0
3215,32.16,33.77787399291992,1.99200814297082,76,4,0,1,1,1,1,0
3216,32.17,33.96503448486328,1.8579549461882752,76,4,0,1,1,1,1,0
3217,32.18,33.99221420288086,1.9016058526243127,76,4,0,1,1,1,1,0
3218,32.19,33.88581085205078,2.0058386934527825,76,4,0,1,1,1,1,0
3219,32.2,34.024471282958984,2.0509967052048763,76,4,0,1,1,1,1,0
3220,32.21,33.839210510253906,1.7752168317760486,76,4,0,1,1,1,1,0
3221,32.22,33.863250732421875,2.016011557532668,76,4,0,1,1,1,1,0
3222,32.23,33.804664611816406,1.885336753658584,76,4,0,1,1,1,1,0
3223,32.24,33.85306167602539,1.7934039513071982,76,4,0,1,1,1,1,0
3224,32.25,33.5561637878418,1.9131640022844605,76,4,0,1,1,1,1,0
3225,32.26,33.690975189208984,1.8142559979581128,76,4,0,1,1,1,1,0
3226,32.27,33.61370849609375,1.76369088012407,76,4,0,1,1,1,1,0
3227,32.28,33.37419891357422,1.939434772227367,76,4,0,1,1,1,1,0
3228,32.29,33.62596130371094,2.023958779985317,76,4,0,1,1,1,1,0
3229,32.3,33.65236282348633,1.8563691294086724,76,4,0,1,1,1,1,0
3230,32.31,33.73490905761719,1.934762701819769,76,4,0,1,1,1,1,0
3231,32.32,34.14121627807617,1.9265255360028934,76,4,0,1,1,1,1,0
3232,32.33,34.06926727294922,1.76335014931451,76,4,0,1,1,1,1,0
3233,32.34,33.558834075927734,1.7828942212627397,76,4,0,1,1,1,1,0
3234,32.35,33.586517333984375,1.8278933513775786,76,4,0,1,1,1,1,0
3235,32.36,33.74922561645508,1.82619698345134,76,4,0,1,1,1,1,0
3236,32.37,33.81322479248047,1.860775921504359,76,4,0,1,1,1,1,0
3237,32.38,33.58496856689453,1.929483540274336,76,4,0,1,1,1,1,0
3238,32.39,33.63285446166992,1.9469181140536174,76,5,1,1,1,1,1,0
3239,32.4,33.842166900634766,1.9637998360752353,76,5,1,1,1,1,1,0
3240,32.41,34.29147720336914,1.8762711576543059,76,5,1,1,1,1,1,0
3241,32.42,34.443416595458984,1.7045246748229657,76,5,1,1,1,1,1,0
3242,32.43,34.599727630615234,1.9417503766343513,76,5,1,1,1,1,1,0
3243,32.44,34.794254302978516,1.837118615257791,76,5,1,1,1,1,1,0
3244,32.45,34.53464889526367,2.0708472466918275,76,4,0,1,1,1,1,0
3245,32.46,34.484981536865234,1.8324591825982524,76,4,0,1,1,1,1,0
3246,32.47,34.363948822021484,1.8266905396482134,76,4,0,1,1,1,1,0
3247,32.48,33.929466247558594,1.8617717135250607,76,4,0,1,1,1,1,0
3248,32.49,34.5493049621582,2.034309548262356,76,4,0,1,1,1,1,0
3249,32.5,34.72709655761719,1.9565722402659147,76,4,0,1,1,1,1,0
3250,32.51,34.85395431518555,1.8381763676010605,76,4,0,1,1,1,1,0
3251,32.52,34.805030822753906,2.1160581621107712,76,4,0,1,1,1,1,0
3252,32.53,34.540245056152344,2.2024932916722695,76,4,0,1,1,1,1,0
3253,32.54,34.380428314208984,1.8710932158524018,76,5,1,1,1,1,1,0
3254,32.55,34.541465759277344,1.9775567217799241,76,4,0,1,1,1,1,0
3255,32.56,34.3038444519043,1.9399517179199057,76,5,1,1,1,1,1,0
3256,32.57,34.46342086791992,1.8060724152919554,76,4,0,1,1,1,1,0
3257,32.58,34.3643913269043,2.0907624411821755,76,5,1,1,1,1,1,0
3258,32.59,34.09613037109375,1.8770395856900768,76,4,0,1,1,1,1,0
3259,32.6,34.26959991455078,2.2070354898419486,76,5,1,1,1,1,1,0
3260,32.61,33.80107879638672,2.0039200124468217,76,4,0,1,1,1,1,0
3261,32.62,34.103519439697266,1.8479411390143667,76,4,0,1,1,1,1,0
3262,32.63,34.62137222290039,2.11215480462559,76,4,0,1,1,1,1,0
3263,32.64,34.26900863647461,1.8085610046995446,76,4,0,1,1,1,1,0
3264,32.65,34.26018142700195,1.7027604930872526,76,4,0,1,1,1,1,0
3265,32.66,33.811161041259766,1.9249383915577387,76,4,0,1,1,1,1,0
3266,32.67,33.89771270751953,1.831114996931162,76,4,0,1,1,1,1,0
3267,32.68,33.99018478393555,1.91472912419702,76,4,0,1,1,1,1,0
3268,32.69,33.80070877075195,1.946202332411246,76,4,0,1,1,1,1,0
3269,32.7,33.46214294433594,1.9647161963154633,76,4,0,1,1,1,1,0
3270,32.71,34.10103225708008,1.9622938046389304,76,4,0,1,1,1,1,0
3271,32.72,33.962013244628906,1.7390800552246097,76,4,0,1,1,1,1,0
3272,32.73,34.05894470214844,2.0537303728205774,76,4,0,1,1,1,1,0
3273,32.74,33.996337890625,1.9882913079985471,76,4,0,1,1,1,1,0
3274,32.75,33.70235824584961,1.9186742441406477,76,4,0,1,1,1,1,0
3275,32.76,34.16107177734375,1.9551520785602057,76,5,1,1,1,1,1,0
3276,32.77,34.1539192199707,1.878027698709403,76,4,0,1,1,1,1,0
3277,32.78,34.07718276977539,1.9883165425454672,76,4,0,1,1,1,1,0
3278,32.79,34.21261215209961,1.8037998222773952,76,4,0,1,1,1,1,0
3279,32.8,33.870113372802734,1.8766230109403572,76,5,1,1,1,1,1,0
3280,32.81,33.82954406738281,1.7948008502920383,76,4,0,1,1,1,1,0
3281,32.82,33.91871643066406,1.7424983659747093,76,5,1,1,1,1,1,0
3282,32.83,33.861412048339844,2.041002559776902,76,5,1,1,1,1,1,0
3283,32.84,33.93489456176758,1.8389657132266943,76,4,0,1,1,1,1,0
3284,32.85,34.016517639160156,2.0965460101650337,76,4,0,1,1,1,1,0
3285,32.86,34.15311813354492,2.1087877256873817,76,5,1,1,1,1,1,0
3286,32.87,34.440574645996094,1.6886997679085811,76,4,0,1,1,1,1,0
3287,32.88,34.397377014160156,1.9962224518202978,76,5,1,1,1,1,1,0
3288,32.89,34.28327560424805,1.854885448612862,76,5,1,1,1,1,1,0
3289,32.9,33.9870719909668,1.9131361214957845,76,5,1,1,1,1,1,0
3290,32.91,33.83047866821289,1.9119321970113279,76,4,0,1,1,1,1,0
3291,32.92,33.6975212097168,1.7395403796561095,76,4,0,1,1,1,1,0
3292,32.93,33.9002571105957,1.7405225263097008,76,4,0,1,1,1,1,0
3293,32.94,33.78187561035156,1.883142990006854,76,4,0,1,1,1,1,0
3294,32.95,34.08597183227539,1.7354220639414621,76,4,0,1,1,1,1,0
3295,32.96,34.416175842285156,1.6778558454281778,76,4,0,1,1,1,1,0
3296,32.97,33.958595275878906,1.8502654591465046,76,5,1,1,1,1,1,0
3297,32.98,34.01158142089844,1.9257490568451598,76,5,1,1,1,1,1,0
3298,32.99,34.163658142089844,1.8936453615000808,76,5,1,1,1,1,1,0
3299,33.0,34.132713317871094,1.7531114116295774,76,5,1,1,1,1,1,0
3300,33.01,34.06797790527344,1.857150701489469,76,5,1,1,1,1,1,0
3301,33.02,34.1320686340332,1.9097883848262083,76,5,1,1,1,1,1,0
3302,33.03,33.77597427368164,2.0519560325723383,76,5,1,1,1,1,1,0
3303,33.04,33.67508316040039,2.038504696142537,76,5,1,1,1,1,1,0
3304,33.05,33.862449645996094,1.969212976473441,76,5,1,1,1,1,1,0
3305,33.06,33.777278900146484,1.9037343672419522,76,5,1,1,1,1,1,0
3306,33.07,33.75202178955078,1.842878943805868,76,5,1,1,1,1,1,0
3307,33.08,33.71641540527344,1.7493117211672478,76,5,1,1,1,1,1,0
3308,33.09,33.7809944152832,2.035166902564859,76,5,1,1,1,1,1,0
3309,33.1,33.88639450073242,1.871386917603509,76,5,1,1,1,1,1,0
3310,33.11,34.03605270385742,1.9009758774178807,76,5,1,1,1,1,1,0
3311,33.12,34.08799362182617,1.9214822880662497,76,5,1,1,1,1,1,0
3312,33.13,34.231544494628906,1.8282782237556388,76,5,1,1,1,1,1,0
3313,33.14,34.26841354370117,2.0890409340738194,76,5,1,1,1,1,1,0
3314,33.15,33.92372131347656,1.928187975385345,76,5,1,1,1,1,1,0
3315,33.16,34.15776443481445,1.9672573916254412,76,5,1,1,1,1,1,0
3316,33.17,34.36688232421875,2.047460702373117,76,5,1,1,1,1,1,0
3317,33.18,34.60434341430664,1.9320721822700189,76,5,1,1,1,1,1,0
3318,33.19,34.297706604003906,1.8023828645708009,76,5,1,1,1,1,1,0
3319,33.2,34.33916473388672,1.959135049201501,76,5,1,1,1,1,1,0
3320,33.21,34.215965270996094,1.82431100209647,76,4,0,1,1,1,1,0
3321,33.22,34.66558837890625,1.8967869311632628,76,5,1,1,1,1,1,0
3322,33.23,34.0120964050293,1.9610741213977865,76,4,0,1,1,1,1,0
3323,33.24,33.6451301574707,2.030891919317536,76,4,0,1,1,1,1,0
3324,33.25,33.906524658203125,1.841437604143994,76,4,0,1,1,1,1,0
3325,33.26,34.40377426147461,1.852565524738807,76,5,1,1,1,1,1,0
3326,33.27,33.891666412353516,1.8199745369312765,76,4,0,1,1,1,1,0
3327,33.28,33.74397659301758,1.9156980958271639,76,4,0,1,1,1,1,0
3328,33.29,33.946434020996094,1.8495691472060363,76,5,1,1,1,1,1,0
3329,33.3,33.74635696411133,1.743265090317646,76,4,0,1,1,1,1,0
3330,33.31,33.7193717956543,1.9383996013541565,76,4,0,1,1,1,1,0
3331,33.32,33.58778762817383,2.008729898183644,76,4,0,1,1,1,1,0
3332,33.33,34.110111236572266,1.9091889086364053,76,4,0,1,1,1,1,0
3333,33.34,33.69773864746094,1.9503106551798355,76,4,0,1,1,1,1,0
3334,33.35,34.09023666381836,1.9341619824832397,76,4,0,1,1,1,1,0
3335,33.36,34.022701263427734,1.7006465615996518,76,4,0,1,1,1,1,0
3336,33.37,34.2078857421875,1.825186798572336,76,4,0,1,1,1,1,0
3337,33.38,34.25835037231445,2.0692037951146607,76,4,0,1,1,1,1,0
3338,33.39,34.560672760009766,1.809670489759358,76,4,0,1,1,1,1,0
3339,33.4,34.29119873046875,1.9097888242626868,76,4,0,1,1,1,1,0
3340,33.41,34.23884201049805,1.9714960047106995,76,4,0,1,1,1,1,0
3341,33.42,34.18484115600586,1.8291838988985218,76,4,0,1,1,1,1,0
3342,33.43,34.27431869506836,1.8091435449686843,76,4,0,1,1,1,1,0
3343,33.44,34.612098693847656,2.181398294654366,76,4,0,1,1,1,1,0
3344,33.45,34.236209869384766,1.8481315390295219,76,4,0,1,1,1,1,0
3345,33.46,34.24018478393555,1.9533303095226608,76,4,0,1,1,1,1,0
3346,33.47,34.13102340698242,2.0652562785605166,76,4,0,1,1,1,1,0
3347,33.48,34.269615173339844,2.0337651450749337,76,4,0,1,1,1,1,0
3348,33.49,34.110233306884766,2.105047488014667,76,4,0,1,1,1,1,0
3349,33.5,34.29779052734375,2.0989024085981307,76,4,0,1,1,1,1,0
3350,33.51,34.308353424072266,1.9679703224577167,76,4,0,1,1,1,1,0
3351,33.52,34.399166107177734,1.8374446182777366,76,4,0,1,1,1,1,0
3352,33.53,34.55873489379883,1.7309235981690505,76,4,0,1,1,1,1,0
3353,33.54,34.25986099243164,2.022890737396602,76,4,0,1,1,1,1,0
3354,33.55,34.345157623291016,1.926447482374562,76,4,0,1,1,1,1,0
3355,33.56,34.297550201416016,1.9510531292089677,76,4,0,1,1,1,1,0
3356,33.57,34.24858856201172,1.8659588956086943,76,4,0,1,1,1,1,0
3357,33.58,34.361778259277344,1.8651787442660475,76,5,1,1,1,1,1,0
3358,33.59,34.86757278442383,1.9492050177999682,76,4,0,1,1,1,1,0
3359,33.6,34.742210388183594,1.9429396335571134,76,4,0,1,1,1,1,0
3360,33.61,35.01404571533203,1.8772308750026974,76,5,1,1,1,1,1,0
3361,33.62,34.70623779296875,2.1467673742953965,76,5,1,1,1,1,1,0
3362,33.63,34.26008605957031,2.122477260868941,76,5,1,1,1,1,1,0
3363,33.64,34.72025680541992,1.8191751895771189,76,5,1,1,1,1,1,0
3364,33.65,34.54963302612305,1.849057410056167,76,4,0,1,1,1,1,0
3365,33.66,34.29380798339844,2.053777097505005,76,5,1,1,1,1,1,0
3366,33.67,34.66564178466797,1.9307231208642641,76,4,0,1,1,1,1,0
3367,33.68,34.69998550415039,1.9378852534071902,76,5,1,1,1,1,1,0
3368,33.69,34.58079528808594,1.9372444648000442,76,5,1,1,1,1,1,0
3369,33.7,34.300899505615234,1.9661875398320556,76,4,0,1,1,1,1,0
3370,33.71,34.34075927734375,2.0216065844715794,76,4,0,1,1,1,1,0
3371,33.72,34.272613525390625,1.9817895581909675,76,4,0,1,1,1,1,0
3372,33.73,34.587379455566406,2.2291013472231893,76,4,0,1,1,1,1,0
3373,33.74,34.469058990478516,1.822691979381061,76,4,0,1,1,1,1,0
3374,33.75,34.49760437011719,1.8553728741812028,76,4,0,1,1,1,1,0
3375,33.76,34.13188171386719,2.074729453227678,76,4,0,1,1,1,1,0
3376,33.77,34.48137664794922,2.061986658938621,76,4,0,1,1,1,1,0
3377,33.78,34.379547119140625,2.06579784877607,76,4,0,1,1,1,1,0
3378,33.79,34.08756637573242,1.8679689754562379,76,4,0,1,1,1,1,0
3379,33.8,34.3820686340332,1.9634909265526013,76,4,0,1,1,1,1,0
3380,33.81,34.22213363647461,1.9600237685420936,76,4,0,1,1,1,1,0
3381,33.82,34.30205535888672,1.8670614930449962,76,4,0,1,1,1,1,0
3382,33.83,34.27631759643555,2.161991086144743,76,4,0,1,1,1,1,0
3383,33.84,34.36894226074219,1.745912671508906,76,4,0,1,1,1,1,0
3384,33.85,34.3593864440918,2.1293441436158957,76,5,1,1,1,1,1,0
3385,33.86,34.3515510559082,2.1613420315769223,76,4,0,1,1,1,1,0
3386,33.87,34.47334289550781,1.9901751141226276,76,4,0,1,1,1,1,0
3387,33.88,34.605770111083984,2.0628388253013323,76,4,0,1,1,1,1,0
3388,33.89,34.89979934692383,2.1757042695738726,76,4,0,1,1,1,1,0
3389,33.9,34.106327056884766,2.150442642423027,76,5,1,1,1,1,1,0
3390,33.91,34.56732940673828,1.95045870819518,76,5,1,1,1,1,1,0
3391,33.92,34.42841720581055,1.9969452195713349,76,4,0,1,1,1,1,0
3392,33.93,34.22120666503906,1.9763868089846774,76,4,0,1,1,1,1,0
3393,33.94,34.172054290771484,1.997221273715499,76,4,0,1,1,1,1,0
3394,33.95,34.04880142211914,1.9793911639517028,76,4,0,1,1,1,1,0
3395,33.96,34.30742263793945,1.97587883587937,76,4,0,1,1,1,1,0
3396,33.97,34.292083740234375,1.8990004542479033,76,4,0,1,1,1,1,0
3397,33.98,34.35269546508789,1.8969969875576154,76,4,0,1,1,1,1,0
3398,33.99,34.26882553100586,1.9814413192308031,76,4,0,1,1,1,1,0
3399,34.0,34.2205810546875,1.9198445479748194,76,5,1,1,1,1,1,0
3400,34.01,34.209861755371094,1.810634637505495,76,5,1,1,1,1,1,0
3401,34.02,34.36039733886719,1.8505405687898686,76,4,0,1,1,1,1,0
3402,34.03,34.43386459350586,2.0585597379352376,76,4,0,1,1,1,1,0
3403,34.04,34.237186431884766,1.7908682753630287,76,5,1,1,1,1,1,0
3404,34.05,34.40955352783203,1.7842407560950406,76,4,0,1,1,1,1,0
3405,34.06,34.47367858886719,1.8890489056343613,76,4,0,1,1,1,1,0
3406,34.07,34.62175750732422,1.6245920236106253,76,4,0,1,1,1,1,0
3407,34.08,34.40892791748047,1.7004689743347283,76,4,0,1,1,1,1,0
3408,34.09,34.655330657958984,1.8151056726569577,76,4,0,1,1,1,1,0
3409,34.1,34.50844192504883,1.8650469784795412,76,4,0,1,1,1,1,0
3410,34.11,34.5461311340332,1.8272039271361726,76,4,0,1,1,1,1,0
3411,34.12,34.43125534057617,1.8067384483701274,76,4,0,1,1,1,1,0
3412,34.13,34.65678787231445,1.9087662000329197,76,5,1,1,1,1,1,0
3413,34.14,34.40674591064453,1.9876910715551577,76,4,0,1,1,1,1,0
3414,34.15,34.770408630371094,1.7942331981226507,76,4,0,1,1,1,1,0
3415,34.16,34.62986373901367,1.7846537731380043,76,5,1,1,1,1,1,0
3416,34.17,34.34465026855469,1.8427450038435118,76,4,0,1,1,1,1,0
3417,34.18,34.303890228271484,1.837334891239543,76,4,0,1,1,1,1,0
3418,34.19,34.02806854248047,1.782637074725979,76,4,0,1,1,1,1,0
3419,34.2,34.318260192871094,2.1102673344223724,76,5,1,1,1,1,1,0
3420,34.21,34.220157623291016,2.0194313374404063,76,4,0,1,1,1,1,0
3421,34.22,34.18541717529297,1.8045753651653618,76,5,1,1,1,1,1,0
3422,34.23,34.21523666381836,2.113500564815021,76,5,1,1,1,1,1,0
3423,34.24,34.56186294555664,1.940877450933935,76,4,0,1,1,1,1,0
3424,34.25,34.28099822998047,1.9269920295273877,76,4,0,1,1,1,1,0
3425,34.26,34.17435073852539,1.8029390432699455,76,4,0,1,1,1,1,0
3426,34.27,34.20151901245117,1.9576241429768253,76,4,0,1,1,1,1,0
3427,34.28,34.182132720947266,1.9325117885245675,76,4,0,1,1,1,1,0
3428,34.29,34.420108795166016,2.1445054557889582,76,5,1,1,1,1,1,0
3429,34.3,34.21214294433594,1.7239811833791638,76,5,1,1,1,1,1,0
3430,34.31,34.266624450683594,1.9462053117234848,76,5,1,1,1,1,1,0
3431,34.32,34.272457122802734,1.8020818856596625,76,5,1,1,1,1,1,0
3432,34.33,34.24229049682617,1.874513255509734,76,4,0,1,1,1,1,0
3433,34.34,34.3957633972168,1.822689551613193,76,4,0,1,1,1,1,0
3434,34.35,34.14650344848633,1.9609466010782852,76,5,1,1,1,1,1,0
3435,34.36,34.373626708984375,1.9486906051159594,76,4,0,1,1,1,1,0
3436,34.37,34.27467727661133,1.8481100873024028,76,4,0,1,1,1,1,0
3437,34.38,34.28310775756836,1.853915192547566,76,5,1,1,1,1,1,0
3438,34.39,34.33998107910156,2.098832119592503,76,5,1,1,1,1,1,0
3439,34.4,34.47404098510742,1.948976625747646,76,5,1,1,1,1,1,0
3440,34.41,34.61722946166992,1.7556194905318796,76,4,0,1,1,1,1,0
3441,34.42,34.21401596069336,2.1281412795724446,76,4,0,1,1,1,1,0
3442,34.43,34.555442810058594,1.9787845263987038,76,5,1,1,1,1,1,0
3443,34.44,34.22039794921875,2.0736898226609286,76,5,1,1,1,1,1,0
3444,34.45,34.519710540771484,2.0893526752209315,76,4,0,1,1,1,1,0
3445,34.46,34.86861038208008,2.075601691468323,76,4,0,1,1,1,1,0
3446,34.47,34.89918518066406,1.7778937812249733,76,4,0,1,1,1,1,0
3447,34.48,34.86756896972656,1.9322026545868554,76,4,0,1,1,1,1,0
3448,34.49,34.978145599365234,1.9871862760393617,76,4,0,1,1,1,1,0
3449,34.5,34.876033782958984,1.9838623915034723,76,4,0,1,1,1,1,0
3450,34.51,34.869239807128906,1.9140258147847553,76,4,0,1,1,1,1,0
3451,34.52,34.49329376220703,2.026573824188674,76,4,0,1,1,1,1,0
3452,34.53,34.78404998779297,1.9734749786157335,76,4,0,1,1,1,1,0
3453,34.54,34.88365936279297,2.1028072583551,76,4,0,1,1,1,1,0
3454,34.55,34.45352554321289,1.968804753781779,76,4,0,1,1,1,1,0
3455,34.56,34.337615966796875,1.9813662279485498,76,4,0,1,1,1,1,0
3456,34.57,34.34264373779297,2.1203086671525835,76,4,0,1,1,1,1,0
3457,34.58,34.4246940612793,2.1249466136767046,76,4,0,1,1,1,1,0
3458,34.59,34.4637451171875,2.012860652857826,76,4,0,1,1,1,1,0
3459,34.6,34.53053665161133,1.7688690343938802,76,4,0,1,1,1,1,0
3460,34.61,34.63121032714844,1.8355924567757158,76,4,0,1,1,1,1,0
3461,34.62,34.48819351196289,1.9647138081442093,76,4,0,1,1,1,1,0
3462,34.63,34.65814208984375,1.876408193530739,76,4,0,1,1,1,1,0
3463,34.64,34.33998489379883,1.8306866592777018,76,4,0,1,1,1,1,0
3464,34.65,34.178401947021484,1.7504293994008855,76,4,0,1,1,1,1,0
3465,34.66,34.368812561035156,1.776539869720542,76,4,0,1,1,1,1,0
3466,34.67,34.32930374145508,1.708512796549858,76,4,0,1,1,1,1,0
3467,34.68,34.685123443603516,1.9659865254354167,76,4,0,1,1,1,1,0
3468,34.69,34.45675277709961,1.7197087773305966,76,4,0,1,1,1,1,0
3469,34.7,34.52031707763672,1.6447445155804348,76,4,0,1,1,1,1,0
3470,34.71,34.57893371582031,2.1830764816763017,76,4,0,1,1,1,1,0
3471,34.72,34.68474197387695,1.981034355102191,76,4,0,1,1,1,1,0
3472,34.73,34.737300872802734,1.6467196312216488,76,4,0,1,1,1,1,0
3473,34.74,34.44618606567383,1.8612379626329414,76,4,0,1,1,1,1,0
3474,34.75,34.63688278198242,1.7287571463572549,76,4,0,1,1,1,1,0
3475,34.76,34.25501251220703,1.7952695018409557,76,4,0,1,1,1,1,0
3476,34.77,34.30234146118164,1.9469673923122477,76,4,0,1,1,1,1,0
3477,34.78,34.450904846191406,1.807592754180206,76,4,0,1,1,1,1,0
3478,34.79,34.34491729736328,1.8844109790279715,76,4,0,1,1,1,1,0
3479,34.8,34.66243362426758,1.8672440903283838,76,4,0,1,1,1,1,0
3480,34.81,34.182769775390625,1.6664372131203893,76,4,0,1,1,1,1,0
3481,34.82,34.741458892822266,1.804164910563934,76,4,0,1,1,1,1,0
3482,34.83,34.645729064941406,1.8224475441804286,76,4,0,1,1,1,1,0
3483,34.84,34.291351318359375,1.9358704494376016,76,4,0,1,1,1,1,0
3484,34.85,34.794254302978516,2.120452388509151,76,4,0,1,1,1,1,0
3485,34.86,34.576263427734375,1.959644462106911,76,4,0,1,1,1,1,0
3486,34.87,34.83781433105469,1.8816472681288638,76,4,0,1,1,1,1,0
3487,34.88,34.541011810302734,2.121580106533525,76,4,0,1,1,1,1,0
3488,34.89,34.52428436279297,2.1258868410300793,76,4,0,1,1,1,1,0
3489,34.9,34.3758659362793,2.2657408052362156,76,4,0,1,1,1,1,0
3490,34.91,34.43416213989258,1.9862278405437388,76,4,0,1,1,1,1,0
3491,34.92,34.45600891113281,1.8707468273489305,76,4,0,1,1,1,1,0
3492,34.93,34.296573638916016,2.0725903904466754,76,4,0,1,1,1,1,0
3493,34.94,34.46554183959961,1.864727314914787,76,4,0,1,1,1,1,0
3494,34.95,34.62180709838867,2.052754159634325,76,5,1,1,1,1,1,0
3495,34.96,34.221702575683594,1.996944799317648,76,5,1,1,1,1,1,0
3496,34.97,34.23786544799805,1.991003601960766,76,5,1,1,1,1,1,0
3497,34.98,34.408145904541016,1.8902628741077396,76,5,1,1,1,1,1,0
3498,34.99,34.62308883666992,1.924502823474992,76,4,0,1,1,1,1,0
3499,35.0,34.46783447265625,1.829238715752414,76,4,0,1,1,1,1,0
3500,35.01,34.19717788696289,1.9204412541391014,76,4,0,1,1,1,1,0
3501,35.02,34.377967834472656,1.8606706661208625,76,4,0,1,1,1,1,0
3502,35.03,34.18377685546875,1.7650519028982052,76,4,0,1,1,1,1,0
3503,35.04,34.41505813598633,2.2417140867067236,76,4,0,1,1,1,1,0
3504,35.05,34.18497085571289,2.026055081763312,76,4,0,1,1,1,1,0
3505,35.06,34.281009674072266,2.0132815198164193,76,4,0,1,1,1,1,0
3506,35.07,34.018611907958984,1.871495381942527,76,4,0,1,1,1,1,0
3507,35.08,34.086822509765625,1.8626322310443149,76,4,0,1,1,1,1,0
3508,35.09,34.630733489990234,1.8359130999165998,76,4,0,1,1,1,1,0
3509,35.1,34.55455780029297,1.8865028409159013,76,4,0,1,1,1,1,0
3510,35.11,34.41221618652344,1.805548529719369,76,4,0,1,1,1,1,0
3511,35.12,34.525550842285156,2.008230381569564,76,4,0,1,1,1,1,0
3512,35.13,34.49293518066406,1.9449170414123984,76,4,0,1,1,1,1,0
3513,35.14,34.75189208984375,1.898760297598402,76,4,0,1,1,1,1,0
3514,35.15,34.27163314819336,1.8020574937168583,76,4,0,1,1,1,1,0
3515,35.16,34.05805206298828,2.1080340724936213,76,4,0,1,1,1,1,0
3516,35.17,34.37409973144531,1.909919320849108,76,4,0,1,1,1,1,0
3517,35.18,34.314937591552734,1.9649414970123702,76,4,0,1,1,1,1,0
3518,35.19,34.33884811401367,1.7216885559797355,76,4,0,1,1,1,1,0
3519,35.2,34.69286346435547,2.1518599232196323,76,4,0,1,1,1,1,0
3520,35.21,34.64420700073242,2.0069395947254107,76,4,0,1,1,1,1,0
3521,35.22,34.535343170166016,2.0275098574174257,76,4,0,1,1,1,1,0
3522,35.23,34.470848083496094,1.9894468476089997,76,4,0,1,1,1,1,0
3523,35.24,34.501922607421875,1.9630084409610415,76,4,0,1,1,1,1,0
3524,35.25,33.99140548706055,1.8613450714101254,76,5,1,1,1,1,1,0
3525,35.26,34.21430969238281,1.916610439814865,76,5,1,1,1,1,1,0
3526,35.27,34.25845718383789,2.251333558662723,76,4,0,1,1,1,1,0
3527,35.28,34.3043327331543,2.116362039273182,76,4,0,1,1,1,1,0
3528,35.29,34.17570495605469,2.0713531877307103,76,4,0,1,1,1,1,0
3529,35.3,34.368343353271484,1.9332348984447467,76,4,0,1,1,1,1,0
3530,35.31,34.450252532958984,2.1066097478012997,76,4,0,1,1,1,1,0
3531,35.32,34.38906478881836,2.2490913848765364,76,6,1,1,1,1,1,1
3532,35.33,34.20775604248047,1.9792165712991405,76,5,0,1,1,1,1,1
3533,35.34,34.28260040283203,1.8831074935926941,76,4,0,1,1,1,1,0
3534,35.35,34.53907775878906,1.9094783290272952,76,4,0,1,1,1,1,0
3535,35.36,34.55698776245117,1.9707874269676904,76,4,0,1,1,1,1,0
3536,35.37,34.556827545166016,1.9309367358560354,76,4,0,1,1,1,1,0
3537,35.38,34.72378921508789,1.6986469184255102,76,4,0,1,1,1,1,0
3538,35.39,34.790401458740234,1.967358999859613,76,4,0,1,1,1,1,0
3539,35.4,34.83002471923828,2.053406898045918,76,4,0,1,1,1,1,0
3540,35.41,35.1825065612793,2.01467075052906,76,4,0,1,1,1,1,0
3541,35.42,34.89572525024414,1.842393534061379,76,4,0,1,1,1,1,0
3542,35.43,35.26987838745117,1.9042333739495305,76,4,0,1,1,1,1,0
3543,35.44,35.28129577636719,1.8037183189650894,76,4,0,1,1,1,1,0
3544,35.45,35.15034484863281,1.981866779583591,76,4,0,1,1,1,1,0
3545,35.46,35.120933532714844,1.923953269255753,76,4,0,1,1,1,1,0
3546,35.47,34.62104415893555,2.26740196815882,76,4,0,1,1,1,1,0
3547,35.48,34.45749282836914,1.8873515267545218,76,5,1,1,1,1,1,0
3548,35.49,34.517677307128906,1.9604581772259912,76,4,0,1,1,1,1,0
3549,35.5,34.460357666015625,1.9445053169728488,76,5,1,1,1,1,1,0
3550,35.51,34.207618713378906,1.86335994413125,76,4,0,1,1,1,1,0
3551,35.52,34.271610260009766,1.9494124003582909,76,4,0,1,1,1,1,0
3552,35.53,34.5135498046875,1.772847117027125,76,5,1,1,1,1,1,0
3553,35.54,34.58307647705078,2.0974276411771413,76,4,0,1,1,1,1,0
3554,35.55,34.123313903808594,1.8676719584379156,76,5,1,1,1,1,1,0
3555,35.56,34.40237045288086,1.9223471480883292,76,5,1,1,1,1,1,0
3556,35.57,34.40122604370117,1.9380670828610946,76,4,0,1,1,1,1,0
3557,35.58,34.43098831176758,2.188586064098657,76,4,0,1,1,1,1,0
3558,35.59,34.624481201171875,2.06586939100003,76,5,1,1,1,1,1,0
3559,35.6,34.29711151123047,2.0283976803536334,76,5,1,1,1,1,1,0
3560,35.61,34.5822639465332,1.7223809410131767,76,5,1,1,1,1,1,0
3561,35.62,34.441490173339844,1.8437754401081763,76,5,1,1,1,1,1,0
3562,35.63,34.50578308105469,2.1835997016096353,76,5,1,1,1,1,1,0
3563,35.64,33.93894577026367,2.120421665292919,76,5,1,1,1,1,1,0
3564,35.65,33.91567611694336,2.0715894720466577,76,4,0,1,1,1,1,0
3565,35.66,34.0025749206543,1.8712818105855304,76,4,0,1,1,1,1,0
3566,35.67,34.206748962402344,1.9558617373168286,76,5,1,1,1,1,1,0
3567,35.68,33.966773986816406,1.7940175734805952,76,5,1,1,1,1,1,0
3568,35.69,33.848880767822266,1.7303739736690162,76,5,1,1,1,1,1,0
3569,35.7,33.802555084228516,1.8096156914713497,76,4,0,1,1,1,1,0
3570,35.71,33.62821578979492,1.8311223195907285,76,5,1,1,1,1,1,0
3571,35.72,33.8763427734375,1.9844650162617516,76,5,1,1,1,1,1,0
3572,35.73,33.888187408447266,2.0764872364561495,76,5,1,1,1,1,1,0
3573,35.74,34.013736724853516,1.8469696720962814,76,5,1,1,1,1,1,0
3574,35.75,33.89204025268555,1.8140012362853546,76,5,1,1,1,1,1,0
3575,35.76,34.20066833496094,1.9231778937675028,76,5,1,1,1,1,1,0
3576,35.77,34.1544303894043,1.8451539956944771,76,5,1,1,1,1,1,0
3577,35.78,34.0107307434082,1.7835081440969687,76,5,1,1,1,1,1,0
3578,35.79,34.33389663696289,1.7592335774860515,76,5,1,1,1,1,1,0
3579,35.8,34.56364059448242,1.8594859588160904,76,5,1,1,1,1,1,0
3580,35.81,34.48796463012695,2.094038466904297,76,5,1,1,1,1,1,0
3581,35.82,34.5660514831543,2.028623336258686,76,5,1,1,1,1,1,0
3582,35.83,34.772735595703125,1.7841800347257721,76,5,1,1,1,1,1,0
3583,35.84,34.458335876464844,2.2008356650487935,76,5,1,1,1,1,1,0
3584,35.85,34.14399337768555,1.867642969587528,76,5,1,1,1,1,1,0
3585,35.86,34.29075622558594,1.964205069066231,76,5,1,1,1,1,1,0
3586,35.87,34.401283264160156,2.1209423058280232,76,5,1,1,1,1,1,0
3587,35.88,34.13909912109375,2.0612636608797086,76,5,1,1,1,1,1,0
3588,35.89,34.16530990600586,1.7039050128428128,76,5,1,1,1,1,1,0
3589,35.9,34.332542419433594,2.075647795159452,76,5,1,1,1,1,1,0
3590,35.91,34.2340202331543,1.9587986210870618,76,5,1,1,1,1,1,0
3591,35.92,34.42278289794922,1.7939054878742333,76,5,1,1,1,1,1,0
3592,35.93,34.53633117675781,2.055870572690328,76,5,1,1,1,1,1,0
3593,35.94,34.64041519165039,1.938450345779914,76,5,1,1,1,1,1,0
3594,35.95,34.390106201171875,1.9832322650895107,76,5,1,1,1,1,1,0
3595,35.96,34.256832122802734,1.8497860090965594,76,5,1,1,1,1,1,0
3596,35.97,34.46354675292969,1.8503481076623096,76,5,1,1,1,1,1,0
3597,35.98,34.77686309814453,1.9110482460062161,76,5,1,1,1,1,1,0
3598,35.99,34.524131774902344,1.8515427824010884,76,5,1,1,1,1,1,0
3599,36.0,34.34177780151367,1.7440167946714242,76,5,1,1,1,1,1,0
3600,36.01,34.38072204589844,1.7693484892878208,76,5,1,1,1,1,1,0
3601,36.02,34.36845779418945,1.754682585012287,76,5,1,1,1,1,1,0
3602,36.03,34.30815887451172,1.7367757244430695,76,5,1,1,1,1,1,0
3603,36.04,34.19902038574219,1.9060442984251615,76,4,0,1,1,1,1,0
3604,36.05,34.05012512207031,1.878934087308229,76,5,1,1,1,1,1,0
3605,36.06,33.859580993652344,1.9097659477922624,76,4,0,1,1,1,1,0
3606,36.07,33.689884185791016,1.705166925667029,76,5,1,1,1,1,1,0
3607,36.08,33.8206787109375,1.8645094901988524,76,5,1,1,1,1,1,0
3608,36.09,33.96061706542969,1.6939267747185116,76,5,1,1,1,1,1,0
3609,36.1,33.96614074707031,1.8440166137434617,76,4,0,1,1,1,1,0
3610,36.11,33.92478942871094,1.9584716209605144,76,5,1,1,1,1,1,0
3611,36.12,33.91863250732422,1.9032095285120085,76,5,1,1,1,1,1,0
3612,36.13,33.87434005737305,1.9174206669835494,76,5,1,1,1,1,1,0
3613,36.14,33.74561309814453,1.8186548581764268,76,4,1,0,1,1,1,0
3614,36.15,33.800052642822266,1.9132457082212384,76,5,1,1,1,1,1,0
3615,36.16,33.93259048461914,1.7124550917990138,76,4,1,0,1,1,1,0
3616,36.17,33.588775634765625,1.8440397473366192,76,4,1,0,1,1,1,0
3617,36.18,33.727073669433594,1.7951610218828749,76,4,1,0,1,1,1,0
3618,36.19,33.9027099609375,1.7691806013049545,76,4,1,0,1,1,1,0
3619,36.2,34.16252899169922,1.9448927540472136,76,5,1,1,1,1,1,0
3620,36.21,34.031517028808594,1.8249657698273893,76,5,1,1,1,1,1,0
3621,36.22,33.40583801269531,1.8683436731717245,76,5,1,1,1,1,1,0
3622,36.23,33.81367874145508,1.8398637845693733,76,5,1,1,1,1,1,0
3623,36.24,33.58030319213867,1.664360125062848,76,5,1,1,1,1,1,0
3624,36.25,33.66976547241211,1.6819333622968737,76,5,1,1,1,1,1,0
3625,36.26,33.544803619384766,1.6192871352701204,76,5,1,1,1,1,1,0
3626,36.27,33.581321716308594,1.5433395845924691,76,5,1,1,1,1,1,0
3627,36.28,33.6746826171875,1.679701306267625,76,5,1,1,1,1,1,0
3628,36.29,33.75392532348633,1.8579573278557462,76,5,1,1,1,1,1,0
3629,36.3,33.838565826416016,1.572577291024281,76,5,1,1,1,1,1,0
3630,36.31,33.92524719238281,1.6968495525331342,76,5,1,1,1,1,1,0
3631,36.32,34.104515075683594,1.6329089833979937,76,5,1,1,1,1,1,0
3632,36.33,34.138919830322266,1.5844886556780167,76,5,1,1,1,1,1,0
3633,36.34,34.02212905883789,1.7814572522010674,76,5,1,1,1,1,1,0
3634,36.35,34.03289794921875,1.7299759421136596,76,5,1,1,1,1,1,0
3635,36.36,34.262901306152344,1.7937146698708126,76,5,1,1,1,1,1,0
3636,36.37,33.79768371582031,1.8970765042571607,76,5,1,1,1,1,1,0
3637,36.38,33.953033447265625,1.8672465520952415,76,5,1,1,1,1,1,0
3638,36.39,34.052059173583984,1.7712713643298723,76,5,1,1,1,1,1,0
3639,36.4,33.79655075073242,1.6995307615907809,76,5,1,1,1,1,1,0
3640,36.41,33.93126678466797,1.838720785878696,76,4,0,1,1,1,1,0
3641,36.42,34.22328186035156,1.7579504095236118,76,5,1,1,1,1,1,0
3642,36.43,34.216270446777344,2.0746286263085176,76,5,1,1,1,1,1,0
3643,36.44,34.27069854736328,1.8005794838560134,76,5,1,1,1,1,1,0
3644,36.45,34.5284309387207,2.1029976708241263,76,4,0,1,1,1,1,0
3645,36.46,34.0754508972168,2.050948317604159,76,5,1,1,1,1,1,0
3646,36.47,34.30099105834961,1.725604099369981,76,5,1,1,1,1,1,0
3647,36.48,34.49717712402344,2.1573138227176014,76,5,1,1,1,1,1,0
3648,36.49,34.84074020385742,2.1923086335633477,76,3,0,0,1,1,1,0
3649,36.5,34.3467903137207,2.117192562986504,76,4,0,1,1,1,1,0
3650,36.51,34.2126579284668,2.0871051492585844,76,4,1,0,1,1,1,0
3651,36.52,34.02180862426758,1.9802051445672537,76,5,1,1,1,1,1,0
3652,36.53,34.0620231628418,1.9108129974024637,76,5,1,1,1,1,1,0
3653,36.54,34.19431686401367,1.932382659705959,76,5,1,1,1,1,1,0
3654,36.55,34.246253967285156,1.8162031783337365,76,5,1,1,1,1,1,0
3655,36.56,34.449462890625,1.9811379909724118,76,5,1,1,1,1,1,0
3656,36.57,34.566368103027344,1.8586314246555677,76,5,1,1,1,1,1,0
3657,36.58,34.325538635253906,2.036932583870324,76,5,1,1,1,1,1,0
3658,36.59,34.18780517578125,1.7158645048069374,76,5,1,1,1,1,1,0
3659,36.6,34.236576080322266,1.660511621891898,76,5,1,1,1,1,1,0
3660,36.61,34.1732063293457,1.97062884136773,76,4,0,1,1,1,1,0
3661,36.62,34.40025329589844,1.844151826584226,76,5,1,1,1,1,1,0
3662,36.63,34.339420318603516,1.860995956312569,76,5,1,1,1,1,1,0
3663,36.64,34.648773193359375,1.7524858826260703,76,5,1,1,1,1,1,0
3664,36.65,34.01084899902344,1.8477271780477473,76,5,1,1,1,1,1,0
3665,36.66,34.069454193115234,1.9002392070216347,76,5,1,1,1,1,1,0
3666,36.67,33.68868637084961,1.9563722170370785,76,5,1,1,1,1,1,0
3667,36.68,33.80078125,1.7370682811573253,76,5,1,1,1,1,1,0
3668,36.69,34.08883285522461,1.5782909053863021,76,5,1,1,1,1,1,0
3669,36.7,33.92322540283203,1.8245032617450123,76,5,1,1,1,1,1,0
3670,36.71,34.08218002319336,1.8453456135246233,76,5,1,1,1,1,1,0
3671,36.72,34.447593688964844,1.5899980173173296,76,5,1,1,1,1,1,0
3672,36.73,34.13907241821289,1.6338018234955427,76,5,1,1,1,1,1,0
3673,36.74,33.825050354003906,1.5182540342464852,76,5,1,1,1,1,1,0
3674,36.75,33.91837692260742,1.7233954727777256,76,5,1,1,1,1,1,0
3675,36.76,34.17026138305664,1.8586307063067125,76,5,1,1,1,1,1,0
3676,36.77,34.24026107788086,1.9775285142599577,76,5,1,1,1,1,1,0
3677,36.78,34.08981704711914,1.7302904006595663,76,5,1,1,1,1,1,0
3678,36.79,34.12467575073242,1.8007491896642749,76,5,1,1,1,1,1,0
3679,36.8,33.967010498046875,1.8989738319374172,76,5,1,1,1,1,1,0
3680,36.81,33.99523162841797,2.2287437992600574,76,5,1,1,1,1,1,0
3681,36.82,34.02407455444336,1.8997129709454454,76,5,1,1,1,1,1,0
3682,36.83,33.81401824951172,1.991506797771758,76,5,1,1,1,1,1,0
3683,36.84,34.3508186340332,1.876516205003847,76,5,1,1,1,1,1,0
3684,36.85,34.033599853515625,1.7895228051440608,76,5,1,1,1,1,1,0
3685,36.86,34.22749710083008,1.8736085559749391,76,5,1,1,1,1,1,0
3686,36.87,33.807350158691406,1.903046654509368,76,5,1,1,1,1,1,0
3687,36.88,34.21152877807617,1.9015271973802947,76,5,1,1,1,1,1,0
3688,36.89,33.926063537597656,1.840354753387928,76,5,1,1,1,1,1,0
3689,36.9,34.050113677978516,1.9358458317951037,76,5,1,1,1,1,1,0
3690,36.91,34.135658264160156,1.9171339578414888,76,5,1,1,1,1,1,0
3691,36.92,33.882015228271484,2.0847315187758917,76,5,1,1,1,1,1,0
3692,36.93,34.15852737426758,1.8062387010691139,76,5,1,1,1,1,1,0
3693,36.94,33.94623947143555,1.9276148083829223,76,5,1,1,1,1,1,0
3694,36.95,34.07108688354492,1.8996347393638668,76,5,1,1,1,1,1,0
3695,36.96,33.5579833984375,1.7649102518371202,76,5,1,1,1,1,1,0
3696,36.97,33.9334716796875,2.0704329685675176,76,5,1,1,1,1,1,0
3697,36.98,33.639347076416016,2.07275103550245,76,5,1,1,1,1,1,0
3698,36.99,33.76648712158203,2.024177392477771,76,5,1,1,1,1,1,0
3699,37.0,33.669559478759766,1.8937780783835274,76,4,0,1,1,1,1,0
3700,37.01,33.74751281738281,1.862499383915795,76,5,1,1,1,1,1,0
3701,37.02,33.97376251220703,1.7772439463760072,76,5,1,1,1,1,1,0
3702,37.03,33.870208740234375,1.6701220649419706,76,5,1,1,1,1,1,0
3703,37.04,33.94676208496094,1.853673722188201,76,5,1,1,1,1,1,0
3704,37.05,33.84958267211914,1.814777653646483,76,5,1,1,1,1,1,0
3705,37.06,34.066741943359375,1.9831558662823598,76,5,1,1,1,1,1,0
3706,37.07,34.245059967041016,1.9640037546651818,76,5,1,1,1,1,1,0
3707,37.08,33.83176040649414,1.9445825084589075,76,5,1,1,1,1,1,0
3708,37.09,33.89073181152344,1.9494099543009187,76,5,1,1,1,1,1,0
3709,37.1,33.86802291870117,1.9228335674927708,76,5,1,1,1,1,1,0
3710,37.11,33.873661041259766,1.8607801036135452,76,5,1,1,1,1,1,0
3711,37.12,33.718711853027344,2.032487337231227,76,5,1,1,1,1,1,0
3712,37.13,33.75729751586914,2.076845396183858,76,5,1,1,1,1,1,0
3713,37.14,33.54754638671875,2.096877079744848,76,5,1,1,1,1,1,0
3714,37.15,33.94171905517578,1.8713908517751436,76,5,1,1,1,1,1,0
3715,37.16,33.71748733520508,1.8634896388374813,76,5,1,1,1,1,1,0
3716,37.17,33.89922332763672,2.0486583804215246,76,5,1,1,1,1,1,0
3717,37.18,34.23653793334961,2.163026573328433,76,4,0,1,1,1,1,0
3718,37.19,34.369842529296875,1.7175844609859452,76,5,1,1,1,1,1,0
3719,37.2,34.158634185791016,1.923172458864971,76,5,1,1,1,1,1,0
3720,37.21,34.11921691894531,2.0074326770226154,76,5,1,1,1,1,1,0
3721,37.22,34.02863311767578,1.8156577649868795,76,5,1,1,1,1,1,0
3722,37.23,33.8160285949707,1.9906587378899003,76,5,1,1,1,1,1,0
3723,37.24,33.977420806884766,1.821373138559715,76,5,1,1,1,1,1,0
3724,37.25,33.723289489746094,1.7962729647061848,76,5,1,1,1,1,1,0
3725,37.26,33.7958984375,1.87117512789687,76,5,1,1,1,1,1,0
3726,37.27,33.7623405456543,1.9351745672615457,76,5,1,1,1,1,1,0
3727,37.28,33.901161193847656,1.9019487871268628,76,5,1,1,1,1,1,0
3728,37.29,33.87285232543945,1.9027086894924132,76,5,1,1,1,1,1,0
3729,37.3,33.73615264892578,1.752536394347493,76,5,1,1,1,1,1,0
3730,37.31,33.72713088989258,1.9037872779695981,76,5,1,1,1,1,1,0
3731,37.32,34.12925720214844,1.8385611310991405,76,5,1,1,1,1,1,0
3732,37.33,34.20890426635742,1.8511870997534823,76,5,1,1,1,1,1,0
3733,37.34,34.02438735961914,1.9131919225531828,76,5,1,1,1,1,1,0
3734,37.35,33.92155838012695,1.7312438339054963,76,5,1,1,1,1,1,0
3735,37.36,34.09441375732422,1.965961906540789,76,5,1,1,1,1,1,0
3736,37.37,33.797821044921875,1.7938511224155804,76,5,1,1,1,1,1,0
3737,37.38,33.84419631958008,1.7477442754873784,76,5,1,1,1,1,1,0
3738,37.39,34.020668029785156,1.809447681608001,76,5,1,1,1,1,1,0
3739,37.4,33.935630798339844,1.7953877914859142,76,5,1,1,1,1,1,0
3740,37.41,34.079524993896484,1.7933202950595424,76,5,1,1,1,1,1,0
3741,37.42,33.98162078857422,1.8940409868253774,76,5,1,1,1,1,1,0
3742,37.43,33.804840087890625,2.0164853904985,76,5,1,1,1,1,1,0
3743,37.44,33.78326416015625,1.8149939645865334,76,5,1,1,1,1,1,0
3744,37.45,34.06980895996094,1.9177366593674434,76,5,1,1,1,1,1,0
3745,37.46,34.319435119628906,1.8112141519170877,76,5,1,1,1,1,1,0
3746,37.47,34.22101593017578,1.8231011398478396,76,5,1,1,1,1,1,0
3747,37.48,34.54191207885742,1.7216568653667013,76,5,1,1,1,1,1,0
3748,37.49,34.076141357421875,1.7558170992213147,76,5,1,1,1,1,1,0
3749,37.5,34.17597961425781,1.7913962518121718,76,5,1,1,1,1,1,0
3750,37.51,34.047935485839844,1.775979451056899,76,4,0,1,1,1,1,0
3751,37.52,34.27500915527344,1.6808968125922576,76,4,0,1,1,1,1,0
3752,37.53,34.514549255371094,1.7790430471266363,76,4,0,1,1,1,1,0
3753,37.54,34.4690055847168,1.7624410710921858,76,4,0,1,1,1,1,0
3754,37.55,34.313926696777344,1.740058318291514,76,4,0,1,1,1,1,0
3755,37.56,34.23805236816406,1.7506868315995163,76,5,1,1,1,1,1,0
3756,37.57,34.21680450439453,1.8366555431835867,76,5,1,1,1,1,1,0
3757,37.58,34.0669059753418,1.89528162251327,76,4,0,1,1,1,1,0
3758,37.59,34.20137023925781,2.0440157450991863,76,4,0,1,1,1,1,0
3759,37.6,34.27824783325195,1.6888749787500088,76,4,0,1,1,1,1,0
3760,37.61,34.36640548706055,1.8647269466935557,76,4,0,1,1,1,1,0
3761,37.62,34.56629180908203,1.8083696131216973,76,4,0,1,1,1,1,0
3762,37.63,34.45090866088867,1.907903781217047,76,4,0,1,1,1,1,0
3763,37.64,34.40126419067383,1.7271947848919897,76,5,1,1,1,1,1,0
3764,37.65,34.36528015136719,1.8755228413380807,76,4,0,1,1,1,1,0
3765,37.66,34.3926887512207,1.7127769319817399,76,4,0,1,1,1,1,0
3766,37.67,34.25376892089844,1.8899706827203562,76,5,1,1,1,1,1,0
3767,37.68,34.241390228271484,1.7766533729595368,76,5,1,1,1,1,1,0
3768,37.69,34.23895263671875,1.6907715989669785,76,5,1,1,1,1,1,0
3769,37.7,34.16395950317383,1.879172738059958,76,5,1,1,1,1,1,0
3770,37.71,34.007938385009766,1.7753016419244811,76,5,1,1,1,1,1,0
3771,37.72,33.945980072021484,1.6909444294133444,76,5,1,1,1,1,1,0
3772,37.73,34.11345672607422,1.7654687824206763,76,4,0,1,1,1,1,0
3773,37.74,34.26044845581055,1.9409575185676784,76,5,1,1,1,1,1,0
3774,37.75,34.18329620361328,1.9145250780337386,76,5,1,1,1,1,1,0
3775,37.76,33.96328353881836,2.002219902580343,76,5,1,1,1,1,1,0
3776,37.77,34.392147064208984,1.9434514955400641,76,5,1,1,1,1,1,0
3777,37.78,33.9904670715332,2.1148946850491304,76,5,1,1,1,1,1,0
3778,37.79,33.842796325683594,2.0606060432858833,76,5,1,1,1,1,1,0
3779,37.8,34.05021667480469,1.9765122137316942,76,5,1,1,1,1,1,0
3780,37.81,33.76439666748047,1.814991799750148,76,5,1,1,1,1,1,0
3781,37.82,34.17171096801758,2.0078297877476303,76,5,1,1,1,1,1,0
3782,37.83,34.13241958618164,1.843149195345653,76,5,1,1,1,1,1,0
3783,37.84,34.11418914794922,1.7677635866153476,76,5,1,1,1,1,1,0
3784,37.85,34.0605354309082,1.9578302732808637,76,5,1,1,1,1,1,0
3785,37.86,33.94361877441406,1.934687514202412,76,5,1,1,1,1,1,0
3786,37.87,33.90583801269531,1.9763117862271662,76,5,1,1,1,1,1,0
3787,37.88,34.07633590698242,1.8483780880563179,76,5,1,1,1,1,1,0
3788,37.89,33.93994903564453,1.8977366753975617,76,5,1,1,1,1,1,0
3789,37.9,34.117496490478516,1.7490007697624466,76,5,1,1,1,1,1,0
3790,37.91,34.12361145019531,1.8196115305606273,76,4,0,1,1,1,1,0
3791,37.92,34.409915924072266,1.7407439445833037,76,5,1,1,1,1,1,0
3792,37.93,33.90899658203125,1.8102734353963907,76,5,1,1,1,1,1,0
3793,37.94,34.37995529174805,1.890236118649227,76,5,1,1,1,1,1,0
3794,37.95,33.938716888427734,1.8937805358652557,76,5,1,1,1,1,1,0
3795,37.96,33.81718063354492,1.8323198799844878,76,5,1,1,1,1,1,0
3796,37.97,34.23162841796875,1.8330863324792044,76,5,1,1,1,1,1,0
3797,37.98,34.000186920166016,2.058029868223906,76,5,1,1,1,1,1,0
3798,37.99,33.92202377319336,1.7607114177713263,76,5,1,1,1,1,1,0
3799,38.0,33.95871353149414,1.7137699091024872,76,5,1,1,1,1,1,0
3800,38.01,33.830360412597656,1.7407463989713485,76,5,1,1,1,1,1,0
3801,38.02,33.593013763427734,1.72386343756898,76,5,1,1,1,1,1,0
3802,38.03,33.76032638549805,1.854561318406844,76,5,1,1,1,1,1,0
3803,38.04,34.16630554199219,1.8617489129662825,76,5,1,1,1,1,1,0
3804,38.05,34.160789489746094,1.7302332867617667,76,5,1,1,1,1,1,0
3805,38.06,34.17343521118164,1.7640045402061273,76,5,1,1,1,1,1,0
3806,38.07,33.86678695678711,1.6546312208336742,76,5,1,1,1,1,1,0
3807,38.08,34.23904800415039,1.7559888391702474,76,5,1,1,1,1,1,0
3808,38.09,34.38998794555664,1.836602131615925,76,5,1,1,1,1,1,0
3809,38.1,34.15127182006836,1.7074805749900892,76,5,1,1,1,1,1,0
3810,38.11,34.17612838745117,1.7316734123550905,76,5,1,1,1,1,1,0
3811,38.12,34.01586151123047,1.8604859781680063,76,5,1,1,1,1,1,0
3812,38.13,34.41178512573242,1.8962076925574027,76,5,1,1,1,1,1,0
3813,38.14,34.452247619628906,1.8265551933116138,76,5,1,1,1,1,1,0
3814,38.15,34.34454345703125,2.0822587095913954,76,5,1,1,1,1,1,0
3815,38.16,34.03366470336914,1.761847809169342,76,4,0,1,1,1,1,0
3816,38.17,34.02415084838867,1.7034698538208521,76,4,0,1,1,1,1,0
3817,38.18,33.849037170410156,1.8259545843366711,76,4,0,1,1,1,1,0
3818,38.19,34.19121551513672,1.7002952498835437,76,4,0,1,1,1,1,0
3819,38.2,34.356632232666016,1.7547628006601699,76,5,1,1,1,1,1,0
3820,38.21,34.615718841552734,1.8084510860990937,76,4,0,1,1,1,1,0
3821,38.22,34.77699661254883,1.7910324477835464,76,4,0,1,1,1,1,0
3822,38.23,34.61842346191406,1.7734417220166299,76,4,0,1,1,1,1,0
3823,38.24,34.83907699584961,1.8762183452188386,76,4,0,1,1,1,1,0
3824,38.25,34.497989654541016,1.8116873169701886,76,4,0,1,1,1,1,0
3825,38.26,34.412010192871094,1.8505691143713132,76,4,0,1,1,1,1,0
3826,38.27,34.396236419677734,1.743359813502255,76,4,0,1,1,1,1,0
3827,38.28,34.225059509277344,1.9584711145310432,76,4,0,1,1,1,1,0
3828,38.29,34.32870101928711,1.7642014475247445,76,4,0,1,1,1,1,0
3829,38.3,34.40610885620117,1.8225816990430803,76,4,0,1,1,1,1,0
3830,38.31,34.5211181640625,1.799833763078103,76,4,0,1,1,1,1,0
3831,38.32,34.60891342163086,1.7431581337488438,76,4,0,1,1,1,1,0
3832,38.33,34.389060974121094,1.842011372800796,76,4,0,1,1,1,1,0
3833,38.34,34.411495208740234,1.8494852160187534,76,5,1,1,1,1,1,0
3834,38.35,34.24663162231445,1.7698036783283697,76,5,1,1,1,1,1,0
3835,38.36,33.843589782714844,1.8921140805930188,76,5,1,1,1,1,1,0
3836,38.37,33.7752799987793,1.8963129468421358,76,5,1,1,1,1,1,0
3837,38.38,33.82927322387695,1.6738855969454989,76,5,1,1,1,1,1,0
3838,38.39,33.98775100708008,1.6938374059522525,76,5,1,1,1,1,1,0
3839,38.4,33.851654052734375,1.819038812209892,76,5,1,1,1,1,1,0
3840,38.41,33.69879150390625,1.6755602568662848,76,5,1,1,1,1,1,0
3841,38.42,34.00621795654297,1.8389426298994607,76,5,1,1,1,1,1,0
3842,38.43,34.10622787475586,2.010323135821165,76,5,1,1,1,1,1,0
3843,38.44,34.16096878051758,1.7616456366499542,76,5,1,1,1,1,1,0
3844,38.45,33.999237060546875,1.9870046122549507,76,5,1,1,1,1,1,0
3845,38.46,34.128963470458984,1.7597206110800683,76,5,1,1,1,1,1,0
3846,38.47,33.79787826538086,1.6334350375788709,76,5,1,1,1,1,1,0
3847,38.48,33.819156646728516,2.074464945370826,76,5,1,1,1,1,1,0
3848,38.49,33.61064910888672,1.8393992778567925,76,5,1,1,1,1,1,0
3849,38.5,33.65518569946289,1.8390736939394996,76,5,1,1,1,1,1,0
3850,38.51,33.336524963378906,1.767175176802292,76,5,1,1,1,1,1,0
3851,38.52,33.3405876159668,1.8345066444773912,76,5,1,1,1,1,1,0
3852,38.53,33.69479751586914,1.7140623086068754,76,5,1,1,1,1,1,0
3853,38.54,33.53719711303711,1.936207984977401,76,5,1,1,1,1,1,0
3854,38.55,33.66661071777344,1.8023303633853913,76,5,1,1,1,1,1,0
3855,38.56,33.96403884887695,1.7717770775347765,76,5,1,1,1,1,1,0
3856,38.57,34.3544807434082,1.8641308397107301,76,5,1,1,1,1,1,0
3857,38.58,34.24629592895508,2.0332698089691377,76,5,1,1,1,1,1,0
3858,38.59,34.50398254394531,2.0772582668906416,76,5,1,1,1,1,1,0
3859,38.6,34.14181900024414,1.8732593641735944,76,5,1,1,1,1,1,0
3860,38.61,34.184173583984375,1.8836376295966417,76,5,1,1,1,1,1,0
3861,38.62,34.57786178588867,1.80297214033805,76,5,1,1,1,1,1,0
3862,38.63,34.2828483581543,1.9522825413552092,76,5,1,1,1,1,1,0
3863,38.64,34.08322525024414,1.70234841993139,76,5,1,1,1,1,1,0
3864,38.65,34.21377944946289,1.9194260343354803,76,5,1,1,1,1,1,0
3865,38.66,33.72507858276367,1.852595902615019,76,5,1,1,1,1,1,0
3866,38.67,33.89181900024414,1.589811597499781,76,5,1,1,1,1,1,0
3867,38.68,33.93122482299805,1.8792310903597549,76,5,1,1,1,1,1,0
3868,38.69,33.57866287231445,1.7595759617934346,76,5,1,1,1,1,1,0
3869,38.7,33.79386901855469,1.8639996854277125,76,5,1,1,1,1,1,0
3870,38.71,33.92970275878906,1.8123443301049067,76,5,1,1,1,1,1,0
3871,38.72,33.89723205566406,1.8344189672468962,76,5,1,1,1,1,1,0
3872,38.73,33.84501266479492,1.7070719764208555,76,5,1,1,1,1,1,0
3873,38.74,33.620399475097656,1.7979153323341714,76,5,1,1,1,1,1,0
3874,38.75,33.718387603759766,1.8338192176378953,76,5,1,1,1,1,1,0
3875,38.76,34.03360366821289,1.8681038227910998,76,5,1,1,1,1,1,0
3876,38.77,33.780616760253906,1.7815191048808594,76,5,1,1,1,1,1,0
3877,38.78,33.443050384521484,1.7016195189983534,76,5,1,1,1,1,1,0
3878,38.79,33.48859405517578,1.7951598106394353,76,5,1,1,1,1,1,0
3879,38.8,33.5229606628418,1.7851846453154647,76,5,1,1,1,1,1,0
3880,38.81,33.15373229980469,1.7646241161190959,76,5,1,1,1,1,1,0
3881,38.82,33.22899627685547,1.7698328794945541,76,5,1,1,1,1,1,0
3882,38.83,33.135311126708984,1.8149101579783766,76,5,1,1,1,1,1,0
3883,38.84,33.28951644897461,1.7549364696924867,76,5,1,1,1,1,1,0
3884,38.85,33.06636428833008,1.6265949870342222,76,5,1,1,1,1,1,0
3885,38.86,33.05585861206055,1.7662924999176055,76,5,1,1,1,1,1,0
3886,38.87,33.59953689575195,1.699061101706574,76,5,1,1,1,1,1,0
3887,38.88,33.62001037597656,1.900891878112483,76,5,1,1,1,1,1,0
3888,38.89,33.62281036376953,1.7801422512390652,76,5,1,1,1,1,1,0
3889,38.9,33.7656364440918,1.8934886556146342,76,5,1,1,1,1,1,0
3890,38.91,34.083290100097656,1.957449323796324,76,5,1,1,1,1,1,0
3891,38.92,33.58476257324219,1.8794118760799745,76,5,1,1,1,1,1,0
3892,38.93,33.7761344909668,1.98517185380313,76,5,1,1,1,1,1,0
3893,38.94,33.80493927001953,1.7797168806610624,76,5,1,1,1,1,1,0
3894,38.95,34.00643539428711,1.8999409403525718,76,5,1,1,1,1,1,0
3895,38.96,33.9389762878418,1.8541055551596162,76,5,1,1,1,1,1,0
3896,38.97,33.6096076965332,1.9859737554173467,76,5,1,1,1,1,1,0
3897,38.98,33.60429000854492,1.9173457841489492,76,5,1,1,1,1,1,0
3898,38.99,33.48807144165039,1.6041485229075698,76,5,1,1,1,1,1,0
3899,39.0,33.479652404785156,1.985199424288073,76,5,1,1,1,1,1,0
3900,39.01,33.529754638671875,1.926475328938081,76,5,1,1,1,1,1,0
3901,39.02,33.58628845214844,1.8062361033699783,76,5,1,1,1,1,1,0
3902,39.03,33.520416259765625,1.7115501792581183,76,5,1,1,1,1,1,0
3903,39.04,33.34537124633789,1.9464348324917522,76,5,1,1,1,1,1,0
3904,39.05,33.46401596069336,1.953685707018232,76,5,1,1,1,1,1,0
3905,39.06,33.41843795776367,2.0909805458125943,76,5,1,1,1,1,1,0
3906,39.07,34.118045806884766,1.9460241152636093,76,5,1,1,1,1,1,0
3907,39.08,34.04860305786133,2.1624288484202294,76,5,1,1,1,1,1,0
3908,39.09,34.17669677734375,1.831778703114771,76,5,1,1,1,1,1,0
3909,39.1,33.94027328491211,2.2181782562778527,76,5,1,1,1,1,1,0
3910,39.11,34.057926177978516,2.118038066076133,76,5,1,1,1,1,1,0
3911,39.12,33.61944580078125,1.8536993899290373,76,5,1,1,1,1,1,0
3912,39.13,33.92948913574219,1.6962629967973852,76,5,1,1,1,1,1,0
3913,39.14,33.636451721191406,1.9225503243755384,76,5,1,1,1,1,1,0
3914,39.15,33.84229278564453,1.7386473920937782,76,5,1,1,1,1,1,0
3915,39.16,33.62870788574219,1.7904774068690317,76,5,1,1,1,1,1,0
3916,39.17,33.98642349243164,1.908555660089775,76,5,1,1,1,1,1,0
3917,39.18,34.13230514526367,1.8993154340565912,76,5,1,1,1,1,1,0
3918,39.19,34.29652786254883,1.873232457489599,76,5,1,1,1,1,1,0
3919,39.2,34.41407012939453,2.161367098902193,76,5,1,1,1,1,1,0
3920,39.21,33.799285888671875,1.6938101039249267,76,5,1,1,1,1,1,0
3921,39.22,34.25428771972656,1.7528815775121567,76,5,1,1,1,1,1,0
3922,39.23,33.81147384643555,2.0201239292942033,76,5,1,1,1,1,1,0
3923,39.24,33.859092712402344,1.841820371172548,76,5,1,1,1,1,1,0
3924,39.25,33.6757698059082,1.92067190733016,76,4,0,1,1,1,1,0
3925,39.26,33.589595794677734,1.905804569021715,76,5,1,1,1,1,1,0
3926,39.27,33.75794219970703,1.9803255014052292,76,5,1,1,1,1,1,0
3927,39.28,33.68359375,1.838855247160967,76,5,1,1,1,1,1,0
3928,39.29,33.6731071472168,1.8904792650338715,76,5,1,1,1,1,1,0
3929,39.3,33.748504638671875,1.7239500659706355,76,5,1,1,1,1,1,0
3930,39.31,33.79233169555664,1.9374975176407045,76,5,1,1,1,1,1,0
3931,39.32,34.07703399658203,2.0840573594628737,76,5,1,1,1,1,1,0
3932,39.33,33.829952239990234,1.7244433593501043,76,5,1,1,1,1,1,0
3933,39.34,34.06686019897461,1.7829739165084,76,5,1,1,1,1,1,0
3934,39.35,33.561767578125,1.7150540188247971,76,5,1,1,1,1,1,0
3935,39.36,33.69178009033203,1.8451550810906663,76,5,1,1,1,1,1,0
3936,39.37,34.012420654296875,1.760371399621646,76,5,1,1,1,1,1,0
3937,39.38,33.38377380371094,1.7582345287698093,76,5,1,1,1,1,1,0
3938,39.39,33.63496017456055,1.8818632713281043,76,5,1,1,1,1,1,0
3939,39.4,33.5035285949707,2.0179478212873385,76,5,1,1,1,1,1,0
3940,39.41,33.55152893066406,1.9925354908292972,76,5,1,1,1,1,1,0
3941,39.42,33.857521057128906,1.8217607913772842,76,5,1,1,1,1,1,0
3942,39.43,33.84487533569336,1.9811648185107074,76,5,1,1,1,1,1,0
3943,39.44,33.94050216674805,1.789921266766914,76,5,1,1,1,1,1,0
3944,39.45,33.844093322753906,1.9676128133171127,76,5,1,1,1,1,1,0
3945,39.46,34.21876907348633,2.029826979772484,76,5,1,1,1,1,1,0
3946,39.47,33.891090393066406,2.009307175606177,76,5,1,1,1,1,1,0
3947,39.48,34.13136672973633,1.865078134824973,76,5,1,1,1,1,1,0
3948,39.49,34.13079833984375,2.0663455405248765,76,5,1,1,1,1,1,0
3949,39.5,34.03416061401367,1.8402768901229498,76,5,1,1,1,1,1,0
3950,39.51,33.89793014526367,2.0153667197678793,76,5,1,1,1,1,1,0
3951,39.52,33.91225051879883,1.8858662023103099,76,5,1,1,1,1,1,0
3952,39.53,33.98855972290039,1.850028821980327,76,5,1,1,1,1,1,0
3953,39.54,34.17659378051758,1.6900322652631878,76,5,1,1,1,1,1,0
3954,39.55,33.80348587036133,1.9134763814840026,76,5,1,1,1,1,1,0
3955,39.56,33.967708587646484,1.8396960903201651,76,4,0,1,1,1,1,0
3956,39.57,34.03727340698242,1.805134577082962,76,5,1,1,1,1,1,0
3957,39.58,34.04563903808594,1.7258634773475734,76,5,1,1,1,1,1,0
3958,39.59,34.07448196411133,1.8506757687637998,76,5,1,1,1,1,1,0
3959,39.6,34.36238098144531,1.83578706747865,76,5,1,1,1,1,1,0
3960,39.61,34.05304718017578,1.9259017314666778,76,5,1,1,1,1,1,0
3961,39.62,34.0479736328125,1.7927939704171507,76,5,1,1,1,1,1,0
3962,39.63,33.98978042602539,2.1545066853015657,76,5,1,1,1,1,1,0
3963,39.64,34.18251037597656,1.8328957119800213,76,5,1,1,1,1,1,0
3964,39.65,34.25938415527344,1.8730992216875058,76,5,1,1,1,1,1,0
3965,39.66,34.088436126708984,1.9219258845846945,76,5,1,1,1,1,1,0
3966,39.67,34.26233673095703,1.9833797551132637,76,5,1,1,1,1,1,0
3967,39.68,34.168846130371094,2.0445302476898655,76,5,1,1,1,1,1,0
3968,39.69,34.223876953125,1.7968308117040959,76,5,1,1,1,1,1,0
3969,39.7,34.162498474121094,1.8982332194649394,76,5,1,1,1,1,1,0
3970,39.71,34.190711975097656,1.730116848390866,76,5,1,1,1,1,1,0
3971,39.72,34.25897979736328,1.7389939172873359,76,5,1,1,1,1,1,0
3972,39.73,34.45356750488281,1.8110265267827876,76,5,1,1,1,1,1,0
3973,39.74,34.21619415283203,2.018542670128292,76,5,1,1,1,1,1,0
3974,39.75,34.07889938354492,1.9429847817410308,76,5,1,1,1,1,1,0
3975,39.76,33.816673278808594,1.9928129023712706,76,5,1,1,1,1,1,0
3976,39.77,34.13280487060547,1.9105245778590192,76,5,1,1,1,1,1,0
3977,39.78,34.07586669921875,1.9759839004718123,76,5,1,1,1,1,1,0
3978,39.79,34.0185661315918,1.7431559781922545,76,5,1,1,1,1,1,0
3979,39.8,33.77530288696289,2.0936339432631006,76,5,1,1,1,1,1,0
3980,39.81,34.05580139160156,2.0086334213693364,76,5,1,1,1,1,1,0
3981,39.82,33.74286651611328,1.8659323129814465,76,5,1,1,1,1,1,0
3982,39.83,33.818973541259766,1.8646976256554992,76,5,1,1,1,1,1,0
3983,39.84,34.350555419921875,2.0612099251669336,76,4,0,1,1,1,1,0
3984,39.85,34.23442840576172,1.792679722927743,76,4,0,1,1,1,1,0
3985,39.86,33.87544250488281,1.8342297642677046,76,4,0,1,1,1,1,0
3986,39.87,33.80865478515625,2.0304149947692016,76,5,1,1,1,1,1,0
3987,39.88,34.113365173339844,2.042868948481145,76,5,1,1,1,1,1,0
3988,39.89,34.21697998046875,2.0379907968557824,76,5,1,1,1,1,1,0
3989,39.9,34.20384216308594,1.8481908301064014,76,5,1,1,1,1,1,0
3990,39.91,33.84832763671875,1.8876699659643885,76,5,1,1,1,1,1,0
3991,39.92,33.64259338378906,1.8657693232417394,76,5,1,1,1,1,1,0
3992,39.93,33.97534942626953,1.773842387364195,76,5,1,1,1,1,1,0
3993,39.94,33.45140075683594,1.9669531366373647,76,5,1,1,1,1,1,0
3994,39.95,33.45945358276367,1.8202470574014065,76,5,1,1,1,1,1,0
3995,39.96,33.69938278198242,1.77138027361203,76,5,1,1,1,1,1,0
3996,39.97,33.55778121948242,1.793797563410107,76,5,1,1,1,1,1,0
3997,39.98,33.605594635009766,1.8944613328811184,76,5,1,1,1,1,1,0
3998,39.99,33.34617233276367,1.8511019333511796,76,5,1,1,1,1,1,0
3999,40.0,33.449249267578125,2.0827860234898683,76,5,1,1,1,1,1,0
4000,40.01,33.47559356689453,1.912771843635185,76,5,1,1,1,1,1,0
4001,40.02,33.559810638427734,2.044258883989228,76,5,1,1,1,1,1,0
4002,40.03,33.9525032043457,1.5888040677769204,76,5,1,1,1,1,1,0
4003,40.04,34.14164352416992,1.7459643128870825,76,5,1,1,1,1,1,0
4004,40.05,33.78360366821289,1.6797896557903693,76,5,1,1,1,1,1,0
4005,40.06,33.647884368896484,1.8862925663903254,76,5,1,1,1,1,1,0
4006,40.07,34.0075569152832,2.03334889307155,76,5,1,1,1,1,1,0
4007,40.08,34.24549865722656,2.040737493760664,76,5,1,1,1,1,1,0
4008,40.09,34.35307693481445,1.989920286959761,76,6,1,1,1,1,1,1
4009,40.1,34.22735595703125,1.8810853560443452,76,5,1,1,1,1,1,0
4010,40.11,34.496482849121094,2.0417152112937935,76,5,1,1,1,1,1,0
4011,40.12,34.36387252807617,1.8481866814300847,76,5,1,1,1,1,1,0
4012,40.13,34.337188720703125,1.8016124124134008,76,5,1,1,1,1,1,0
4013,40.14,34.21237564086914,2.04110515055786,76,5,1,1,1,1,1,0
4014,40.15,34.6997184753418,1.9698201797497346,76,5,1,1,1,1,1,0
4015,40.16,34.26464080810547,2.0913391692584566,76,5,1,1,1,1,1,0
4016,40.17,34.337730407714844,1.859842033657166,76,5,1,1,1,1,1,0
4017,40.18,33.94565200805664,1.844399486707311,76,5,1,1,1,1,1,0
4018,40.19,33.819637298583984,1.9164008810901674,76,5,1,1,1,1,1,0
4019,40.2,33.8785514831543,1.974967616335746,76,5,1,1,1,1,1,0
4020,40.21,34.05436325073242,2.0463155940449442,76,5,1,1,1,1,1,0
4021,40.22,34.054931640625,1.8043020315996687,76,5,1,1,1,1,1,0
4022,40.23,34.28679656982422,1.8494013119719808,76,5,1,1,1,1,1,0
4023,40.24,34.16176223754883,1.9618629815417312,76,5,1,1,1,1,1,0
4024,40.25,34.49821853637695,1.772795602447835,76,5,1,1,1,1,1,0
4025,40.26,34.13483810424805,1.880481790952121,76,5,1,1,1,1,1,0
4026,40.27,33.903099060058594,1.9880877411531022,76,5,1,1,1,1,1,0
4027,40.28,33.73241424560547,1.8390735176213004,76,5,1,1,1,1,1,0
4028,40.29,33.91414260864258,2.0742294667976457,76,5,1,1,1,1,1,0
4029,40.3,34.14949035644531,1.8977348662767068,76,5,1,1,1,1,1,0
4030,40.31,34.37421798706055,1.8537043905875144,76,5,1,1,1,1,1,0
4031,40.32,34.20137023925781,2.1075582280387595,76,5,1,1,1,1,1,0
4032,40.33,34.30828857421875,1.7981640463864121,76,5,1,1,1,1,1,0
4033,40.34,34.22467803955078,1.909187549939553,76,4,0,1,1,1,1,0
4034,40.35,34.36610794067383,1.6901202214402409,76,5,1,1,1,1,1,0
4035,40.36,34.04027557373047,2.099546432197085,76,5,1,1,1,1,1,0
4036,40.37,34.37333679199219,1.7625870110471211,76,5,1,1,1,1,1,0
4037,40.38,34.04737091064453,2.147114334737222,76,5,1,1,1,1,1,0
4038,40.39,33.97895812988281,1.9107626170489587,76,5,1,1,1,1,1,0
4039,40.4,34.454864501953125,1.8051270644736204,76,5,1,1,1,1,1,0
4040,40.41,34.225364685058594,2.142895437134685,76,5,1,1,1,1,1,0
4041,40.42,34.36384582519531,2.4442169252286337,76,5,1,1,1,1,1,0
4042,40.43,34.329647064208984,1.952690633344071,76,5,1,1,1,1,1,0
4043,40.44,34.33774185180664,1.9210643496484423,76,5,1,1,1,1,1,0
4044,40.45,34.31657409667969,1.8505396411607637,76,5,1,1,1,1,1,0
4045,40.46,34.331417083740234,1.9408767335459998,76,5,1,1,1,1,1,0
4046,40.47,34.138771057128906,1.7809274858818354,76,5,1,1,1,1,1,0
4047,40.48,34.1744270324707,2.051798923842195,76,5,1,1,1,1,1,0
4048,40.49,34.03081512451172,2.1475780219788,76,5,1,1,1,1,1,0
4049,40.5,34.104949951171875,1.8266120417116312,76,4,0,1,1,1,1,0
4050,40.51,34.24399948120117,2.024299780076659,76,4,0,1,1,1,1,0
4051,40.52,34.24176025390625,1.674094961229408,76,5,1,1,1,1,1,0
4052,40.53,34.35523986816406,2.0047448941088777,76,5,1,1,1,1,1,0
4053,40.54,34.547752380371094,2.0925820976068605,76,4,0,1,1,1,1,0
4054,40.55,34.53794479370117,1.9806271340240154,76,4,0,1,1,1,1,0
4055,40.56,34.71846008300781,2.01994988294487,76,4,0,1,1,1,1,0
4056,40.57,34.34083557128906,1.858707195271704,76,5,1,1,1,1,1,0
4057,40.58,33.908226013183594,2.076848748292166,76,4,0,1,1,1,1,0
4058,40.59,34.088409423828125,1.8574740615227665,76,5,1,1,1,1,1,0
4059,40.6,33.991188049316406,1.835048575941405,76,4,0,1,1,1,1,0
4060,40.61,33.95098876953125,1.8367420544425508,76,4,0,1,1,1,1,0
4061,40.62,34.11570358276367,1.7904997514885665,76,4,0,1,1,1,1,0
4062,40.63,34.024864196777344,1.913690596048146,76,5,1,1,1,1,1,0
4063,40.64,34.39462661743164,1.972363260658295,76,5,1,1,1,1,1,0
4064,40.65,33.98393630981445,1.894757703929718,76,5,1,1,1,1,1,0
4065,40.66,34.10139465332031,1.8821823046607367,76,5,1,1,1,1,1,0
4066,40.67,34.40999984741211,2.1646258306170645,76,5,1,1,1,1,1,0
4067,40.68,34.08031463623047,1.740026589554313,76,5,1,1,1,1,1,0
4068,40.69,33.88862609863281,1.700620445580719,76,5,1,1,1,1,1,0
4069,40.7,33.95710372924805,1.904891555385586,76,5,1,1,1,1,1,0
4070,40.71,34.061668395996094,1.8360316278269957,76,5,1,1,1,1,1,0
4071,40.72,33.972198486328125,1.8890497739542753,76,5,1,1,1,1,1,0
4072,40.73,33.92333984375,1.9691856180501748,76,5,1,1,1,1,1,0
4073,40.74,33.68088150024414,1.6767856583516279,76,5,1,1,1,1,1,0
4074,40.75,33.91202926635742,1.828690640159837,76,5,1,1,1,1,1,0
4075,40.76,34.1160774230957,1.787149299846938,76,5,1,1,1,1,1,0
4076,40.77,33.87660598754883,1.9538934535150203,76,4,0,1,1,1,1,0
4077,40.78,33.55060577392578,2.1382223878421738,76,5,1,1,1,1,1,0
4078,40.79,33.906593322753906,2.090884899458991,76,4,0,1,1,1,1,0
4079,40.8,33.84739685058594,1.9105263149674303,76,4,0,1,1,1,1,0
4080,40.81,34.03350830078125,1.906859975417128,76,4,0,1,1,1,1,0
4081,40.82,33.8641242980957,1.9974262301308605,76,4,0,1,1,1,1,0
4082,40.83,33.97991943359375,2.115610263882948,76,4,0,1,1,1,1,0
4083,40.84,34.07243728637695,1.9623185375926457,76,4,0,1,1,1,1,0
4084,40.85,33.98766326904297,1.8115451851814437,76,5,1,1,1,1,1,0
4085,40.86,33.7249641418457,2.000125564448496,76,4,0,1,1,1,1,0
4086,40.87,33.973663330078125,2.0006754222977143,76,5,1,1,1,1,1,0
4087,40.88,33.87332534790039,1.7280367910277405,76,5,1,1,1,1,1,0
4088,40.89,33.936397552490234,1.8471053296386213,76,5,1,1,1,1,1,0
4089,40.9,34.03792953491211,1.8244204251593488,76,5,1,1,1,1,1,0
4090,40.91,34.170467376708984,1.8375009533138944,76,5,1,1,1,1,1,0
4091,40.92,33.75785827636719,1.9669520117886257,76,5,1,1,1,1,1,0
4092,40.93,33.76456832885742,1.812204891628284,76,5,1,1,1,1,1,0
4093,40.94,34.209495544433594,1.9148131739083873,76,5,1,1,1,1,1,0
4094,40.95,34.678306579589844,2.2527792825469812,76,5,1,1,1,1,1,0
4095,40.96,34.32461166381836,1.7362884723771002,76,5,1,1,1,1,1,0
4096,40.97,34.014808654785156,1.7581212576101455,76,5,1,1,1,1,1,0
4097,40.98,33.786537170410156,2.0904326660038763,76,5,1,1,1,1,1,0
4098,40.99,34.185546875,1.874942801459779,76,5,1,1,1,1,1,0
4099,41.0,33.9554557800293,1.8675646610186853,76,5,1,1,1,1,1,0
4100,41.01,33.796058654785156,1.7501441111498457,76,5,1,1,1,1,1,0
4101,41.02,34.3015022277832,1.5953406627348596,76,5,1,1,1,1,1,0
4102,41.03,34.01958465576172,1.764115390143952,76,5,1,1,1,1,1,0
4103,41.04,33.877418518066406,1.861261742981816,76,5,1,1,1,1,1,0
4104,41.05,33.78909683227539,1.806484495369616,76,5,1,1,1,1,1,0
4105,41.06,34.34553146362305,1.780703116434065,76,5,1,1,1,1,1,0
4106,41.07,34.233585357666016,1.8301076830274767,76,4,0,1,1,1,1,0
4107,41.08,34.148990631103516,1.962571758939661,76,4,0,1,1,1,1,0
4108,41.09,33.926082611083984,1.7728233018929478,76,4,0,1,1,1,1,0
4109,41.1,33.79176712036133,1.9505128939133562,76,6,1,1,1,1,1,1
4110,41.11,33.854827880859375,1.7762281011002377,76,6,1,1,1,1,1,1
4111,41.12,33.961769104003906,1.9900243993456428,76,5,1,1,1,1,1,0
4112,41.13,33.795982360839844,1.9213010631523009,76,4,0,1,1,1,1,0
4113,41.14,33.758853912353516,1.8144190423398052,76,4,0,1,1,1,1,0
4114,41.15,33.61846160888672,1.6363388785768842,76,5,1,1,1,1,1,0
4115,41.16,34.11172866821289,1.8576592850780962,76,5,1,1,1,1,1,0
4116,41.17,33.99911117553711,1.7976126610897363,76,5,1,1,1,1,1,0
4117,41.18,33.99889373779297,2.0018240419546873,76,3,0,0,1,1,1,0
4118,41.19,34.00495147705078,2.0253678518526557,76,5,1,1,1,1,1,0
4119,41.2,34.10513687133789,2.012958158866049,76,5,1,1,1,1,1,0
4120,41.21,34.05120086669922,1.7658952088655544,76,4,0,1,1,1,1,0
4121,41.22,34.42653274536133,1.8090297290279247,76,5,1,1,1,1,1,0
4122,41.23,34.15024185180664,2.0017527643692894,76,5,1,1,1,1,1,0
4123,41.24,34.36322784423828,1.8350491060402845,76,5,1,1,1,1,1,0
4124,41.25,34.38422775268555,1.898761784291589,76,4,0,1,1,1,1,0
4125,41.26,34.1225700378418,1.7495960767852583,76,5,1,1,1,1,1,0
4126,41.27,33.83589553833008,1.8485390927306449,76,4,0,1,1,1,1,0
4127,41.28,34.10489273071289,1.7685583508748948,76,5,1,1,1,1,1,0
4128,41.29,34.09223175048828,1.8023943570081784,76,5,1,1,1,1,1,0
4129,41.3,33.821250915527344,1.919114394984122,76,6,1,1,1,1,1,1
4130,41.31,33.94683837890625,1.7920417423367534,76,6,1,1,1,1,1,1
4131,41.32,33.91957473754883,1.8182670676781285,76,6,1,1,1,1,1,1
4132,41.33,34.44810104370117,1.7857758686081877,76,5,1,1,1,1,1,0
4133,41.34,34.703521728515625,1.8098916686317656,76,6,1,1,1,1,1,1
4134,41.35,34.5693359375,1.9404604068668108,76,6,1,1,1,1,1,1
4135,41.36,34.68651580810547,1.4616773251038215,76,6,1,1,1,1,1,1
4136,41.37,34.35123825073242,1.8084516556386325,76,6,1,1,1,1,1,1
4137,41.38,34.294254302978516,1.7503707850507408,76,6,1,1,1,1,1,1
4138,41.39,34.4243278503418,1.9601265885881307,76,4,0,1,1,1,1,0
4139,41.4,34.27082443237305,1.8124302232670884,76,5,1,1,1,1,1,0
4140,41.41,34.30927658081055,1.7894399161049865,76,5,1,1,1,1,1,0
4141,41.42,34.26108169555664,1.8963645559585847,76,5,1,1,1,1,1,0
4142,41.43,34.507781982421875,1.918015859916745,76,4,0,1,1,1,1,0
4143,41.44,34.3128776550293,1.8545622748789512,76,5,1,1,1,1,1,0
4144,41.45,34.189537048339844,1.9568830314448125,76,4,0,1,1,1,1,0
4145,41.46,34.045650482177734,1.8987657421079405,76,4,0,1,1,1,1,0
4146,41.47,33.8371467590332,1.8340424553243693,76,4,0,1,1,1,1,0
4147,41.48,34.43860626220703,2.102615930580226,76,5,1,1,1,1,1,0
4148,41.49,34.32926559448242,2.033786270392969,76,5,1,1,1,1,1,0
4149,41.5,33.9671745300293,1.7715799894097974,76,4,0,1,1,1,1,0
4150,41.51,33.81569290161133,1.7082444755464363,76,4,0,1,1,1,1,0
4151,41.52,33.7572135925293,2.0204449539373974,76,5,1,1,1,1,1,0
4152,41.53,33.89754104614258,1.8708558793289864,76,5,1,1,1,1,1,0
4153,41.54,34.0846061706543,1.967353628845454,76,5,1,1,1,1,1,0
4154,41.55,33.982566833496094,1.7494603808514253,76,5,1,1,1,1,1,0
4155,41.56,33.8411865234375,1.9621681132973485,76,5,1,1,1,1,1,0
4156,41.57,33.81159210205078,2.016776252658516,76,5,1,1,1,1,1,0
4157,41.58,33.7154541015625,1.8324570592247833,76,5,1,1,1,1,1,0
4158,41.59,33.83393096923828,1.9900024452422471,76,5,1,1,1,1,1,0
4159,41.6,33.93751907348633,2.0747495179323105,76,5,1,1,1,1,1,0
4160,41.61,33.7652473449707,1.7922324298269858,76,4,0,1,1,1,1,0
4161,41.62,33.65031051635742,1.8194511843705428,76,5,1,1,1,1,1,0
4162,41.63,34.15824890136719,2.01350311982367,76,5,1,1,1,1,1,0
4163,41.64,34.20603942871094,2.0839602146904737,76,5,1,1,1,1,1,0
4164,41.65,33.98838424682617,1.759856903160426,76,4,0,1,1,1,1,0
4165,41.66,33.89453887939453,2.0231907283464454,76,4,0,1,1,1,1,0
4166,41.67,33.795528411865234,1.7695771224081118,76,4,0,1,1,1,1,0
4167,41.68,33.76785659790039,1.9016027633194357,76,4,0,1,1,1,1,0
4168,41.69,33.8261604309082,1.853267740193879,76,5,1,1,1,1,1,0
4169,41.7,33.71335983276367,1.8750229584403517,76,4,0,1,1,1,1,0
4170,41.71,33.939598083496094,1.8116010937793048,76,4,0,1,1,1,1,0
4171,41.72,33.57746124267578,1.8420906227030798,76,5,1,1,1,1,1,0
4172,41.73,33.370994567871094,1.8643184097576844,76,5,1,1,1,1,1,0
4173,41.74,33.35136032104492,1.873981841075854,76,5,1,1,1,1,1,0
4174,41.75,33.51906204223633,1.9252790523265122,76,5,1,1,1,1,1,0
4175,41.76,33.47498321533203,1.9145231851532818,76,5,1,1,1,1,1,0
4176,41.77,33.58673095703125,2.032854309356506,76,4,0,1,1,1,1,0
4177,41.78,33.58984375,1.8313663780563432,76,5,1,1,1,1,1,0
4178,41.79,33.65690994262695,1.8406537743806803,76,5,1,1,1,1,1,0
4179,41.8,34.08675765991211,1.903733365343175,76,5,1,1,1,1,1,0
4180,41.81,34.22112274169922,1.7904742536487184,76,5,1,1,1,1,1,0
4181,41.82,33.99798583984375,1.8263639120325204,76,5,1,1,1,1,1,0
4182,41.83,33.733726501464844,2.1177805615420584,76,4,0,1,1,1,1,0
4183,41.84,33.63224411010742,1.9963452156338843,76,5,1,1,1,1,1,0
4184,41.85,33.696781158447266,1.9544333399178688,76,5,1,1,1,1,1,0
4185,41.86,33.71995544433594,1.9796933532058343,76,5,1,1,1,1,1,0
4186,41.87,33.708290100097656,1.960843143121719,76,4,0,1,1,1,1,0
4187,41.88,33.690040588378906,1.946640432957831,76,5,1,1,1,1,1,0
4188,41.89,33.71094512939453,2.0233926394742325,76,5,1,1,1,1,1,0
4189,41.9,33.99332046508789,2.070799737410395,76,4,0,1,1,1,1,0
4190,41.91,33.72077178955078,1.8231870074934953,76,5,1,1,1,1,1,0
4191,41.92,33.78437042236328,1.8631160124008646,76,5,1,1,1,1,1,0
4192,41.93,33.53718185424805,1.7561902401434661,76,5,1,1,1,1,1,0
4193,41.94,33.344200134277344,1.8160117834445286,76,5,1,1,1,1,1,0
4194,41.95,33.57074737548828,1.8254062332258316,76,4,0,1,1,1,1,0
4195,41.96,33.54983139038086,1.8845170844907357,76,5,1,1,1,1,1,0
4196,41.97,33.7017707824707,1.6604208336960093,76,4,0,1,1,1,1,0
4197,41.98,33.466800689697266,1.8490516231931626,76,4,0,1,1,1,1,0
4198,41.99,33.50296401977539,1.9274054169414476,76,4,0,1,1,1,1,0
4199,42.0,33.91761779785156,2.170945607210723,76,4,0,1,1,1,1,0
4200,42.01,33.72090530395508,1.8230245694049507,76,4,0,1,1,1,1,0
4201,42.02,33.76314163208008,1.8735257729920956,76,5,1,1,1,1,1,0
4202,42.03,33.79910659790039,1.9414943414064925,76,5,1,1,1,1,1,0
4203,42.04,33.94956970214844,1.7474819565550141,76,5,1,1,1,1,1,0
4204,42.05,33.897953033447266,2.200591688872159,76,5,1,1,1,1,1,0
4205,42.06,34.02301025390625,1.963796339551452,76,5,1,1,1,1,1,0
4206,42.07,33.76702880859375,1.8674612386006244,76,5,1,1,1,1,1,0
4207,42.08,33.930084228515625,1.7738382368350119,76,4,0,1,1,1,1,0
4208,42.09,33.900508880615234,2.0203206145949917,76,5,1,1,1,1,1,0
4209,42.1,34.220359802246094,2.0972828330954023,76,5,1,1,1,1,1,0
4210,42.11,34.44684600830078,1.991330834501663,76,4,0,1,1,1,1,0
4211,42.12,34.15311813354492,1.8722428222401506,76,5,1,1,1,1,1,0
4212,42.13,33.883399963378906,1.8040508016813794,76,4,0,1,1,1,1,0
4213,42.14,33.91816329956055,1.7131544150919291,76,4,0,1,1,1,1,0
4214,42.15,33.753273010253906,1.9380891627293928,76,5,1,1,1,1,1,0
4215,42.16,33.95063018798828,1.8365736181903805,76,4,0,1,1,1,1,0
4216,42.17,34.25429153442383,1.942498243578624,76,4,0,1,1,1,1,0
4217,42.18,34.11558151245117,1.8038572926432903,76,4,0,1,1,1,1,0
4218,42.19,33.86406326293945,1.899076562646533,76,5,1,1,1,1,1,0
4219,42.2,33.845340728759766,1.9572659134561017,76,4,0,1,1,1,1,0
4220,42.21,34.22380065917969,1.8166133593380438,76,4,0,1,1,1,1,0
4221,42.22,33.975074768066406,2.039654292573629,76,4,0,1,1,1,1,0
4222,42.23,34.042232513427734,1.9545062358197973,76,5,1,1,1,1,1,0
4223,42.24,34.001888275146484,1.7386799577877223,76,5,1,1,1,1,1,0
4224,42.25,33.7819709777832,1.7436752056159261,76,5,1,1,1,1,1,0
4225,42.26,33.90752410888672,2.001120207843239,76,5,1,1,1,1,1,0
4226,42.27,33.922088623046875,1.6739176564118694,76,5,1,1,1,1,1,0
4227,42.28,33.77783203125,1.9679944606815611,76,5,1,1,1,1,1,0
4228,42.29,34.25054931640625,1.7941265265620194,76,5,1,1,1,1,1,0
4229,42.3,33.856388092041016,2.0071361085583694,76,5,1,1,1,1,1,0
4230,42.31,33.983211517333984,1.7445320267040443,76,5,1,1,1,1,1,0
4231,42.32,33.79234313964844,1.7666373921105445,76,5,1,1,1,1,1,0
4232,42.33,33.73912811279297,1.8351286150285104,76,5,1,1,1,1,1,0
4233,42.34,33.93571090698242,1.812015558579621,76,5,1,1,1,1,1,0
4234,42.35,34.345611572265625,1.8910364996518574,76,5,1,1,1,1,1,0
4235,42.36,33.86119842529297,1.848299881704852,76,5,1,1,1,1,1,0
4236,42.37,33.74844741821289,1.9805313684323507,76,5,1,1,1,1,1,0
4237,42.38,33.80197525024414,1.7368074686355686,76,5,1,1,1,1,1,0
4238,42.39,33.7550048828125,1.9385089799828703,76,5,1,1,1,1,1,0
4239,42.4,34.02768325805664,1.8917212787218014,76,5,1,1,1,1,1,0
4240,42.41,34.02884292602539,1.8102514718259561,76,5,1,1,1,1,1,0
4241,42.42,34.077274322509766,1.9356410062417884,76,5,1,1,1,1,1,0
4242,42.43,33.65825271606445,1.8832427761409027,76,5,1,1,1,1,1,0
4243,42.44,33.755462646484375,1.7164502627598301,76,5,1,1,1,1,1,0
4244,42.45,34.00642013549805,1.8266940688918742,76,5,1,1,1,1,1,0
4245,42.46,34.01869583129883,2.06431527301187,76,5,1,1,1,1,1,0
4246,42.47,33.54351806640625,1.839430474598878,76,5,1,1,1,1,1,0
4247,42.48,33.8384895324707,1.9264748735069128,76,5,1,1,1,1,1,0
4248,42.49,33.566139221191406,1.7184300661046084,76,5,1,1,1,1,1,0
4249,42.5,34.01744079589844,1.8558021739923196,76,5,1,1,1,1,1,0
4250,42.51,34.004676818847656,2.024003035042635,76,5,1,1,1,1,1,0
4251,42.52,33.800193786621094,1.8761929245537363,76,5,1,1,1,1,1,0
4252,42.53,33.80725860595703,2.002748561490116,76,5,1,1,1,1,1,0
4253,42.54,33.74776840209961,1.7991412195331722,76,5,1,1,1,1,1,0
4254,42.55,33.29899215698242,1.7224664812772954,76,5,1,1,1,1,1,0
4255,42.56,33.64194869995117,2.0734733580105655,76,5,1,1,1,1,1,0
4256,42.57,33.5228385925293,1.901208520923782,76,5,1,1,1,1,1,0
4257,42.58,33.51437759399414,2.1349223717344827,76,5,1,1,1,1,1,0
4258,42.59,33.49860382080078,1.8192567133356583,76,5,1,1,1,1,1,0
4259,42.6,33.75242614746094,1.901316838943772,76,5,1,1,1,1,1,0
4260,42.61,33.702232360839844,1.8013866487649473,76,5,1,1,1,1,1,0
4261,42.62,33.70656204223633,1.9664654093302547,76,5,1,1,1,1,1,0
4262,42.63,33.880332946777344,1.7851038627481557,76,5,1,1,1,1,1,0
4263,42.64,34.22126388549805,1.8553962773793073,76,5,1,1,1,1,1,0
4264,42.65,34.021240234375,2.0727038091174816,76,5,1,1,1,1,1,0
4265,42.66,34.080448150634766,1.8653932802106998,76,5,1,1,1,1,1,0
4266,42.67,34.03724670410156,1.9500530345271578,76,5,1,1,1,1,1,0
4267,42.68,33.88306427001953,1.9718042405124716,76,5,1,1,1,1,1,0
4268,42.69,33.904422760009766,1.8890203659924334,76,5,1,1,1,1,1,0
4269,42.7,34.13139343261719,1.8701348057300526,76,5,1,1,1,1,1,0
4270,42.71,33.999603271484375,1.8752572756470403,76,5,1,1,1,1,1,0
4271,42.72,34.135032653808594,1.983235611943388,76,5,1,1,1,1,1,0
4272,42.73,33.901241302490234,1.923119307876097,76,5,1,1,1,1,1,0
4273,42.74,33.76857376098633,1.8753929414107693,76,5,1,1,1,1,1,0
4274,42.75,33.64509963989258,1.7983054326786112,76,5,1,1,1,1,1,0
4275,42.76,33.59699249267578,1.829617863349672,76,5,1,1,1,1,1,0
4276,42.77,33.35438537597656,1.8221136240892974,76,5,1,1,1,1,1,0
4277,42.78,33.442779541015625,1.682167799021672,76,5,1,1,1,1,1,0
4278,42.79,33.67040252685547,2.0656488658090644,76,5,1,1,1,1,1,0
4279,42.8,33.72127914428711,1.8171693600318106,76,5,1,1,1,1,1,0
4280,42.81,33.656002044677734,1.9341404001588112,76,5,1,1,1,1,1,0
4281,42.82,33.317604064941406,1.8189333437330688,76,5,1,1,1,1,1,0
4282,42.83,33.70866394042969,2.075260922874359,76,5,1,1,1,1,1,0
4283,42.84,33.900367736816406,1.71096558642557,76,5,1,1,1,1,1,0
4284,42.85,34.10770034790039,1.8801100905704937,76,5,1,1,1,1,1,0
4285,42.86,33.98521041870117,1.922215729008898,76,5,1,1,1,1,1,0
4286,42.87,34.26629638671875,1.9050970338173059,76,5,1,1,1,1,1,0
4287,42.88,34.10047149658203,1.7961318113292957,76,5,1,1,1,1,1,0
4288,42.89,34.15361404418945,1.96707819255193,76,5,1,1,1,1,1,0
4289,42.9,33.81861877441406,1.8121011726175025,76,5,1,1,1,1,1,0
4290,42.91,33.894561767578125,2.2024753779621276,76,5,1,1,1,1,1,0
4291,42.92,33.56144332885742,1.8017263898929758,76,5,1,1,1,1,1,0
4292,42.93,33.64223098754883,1.9588020291527688,76,5,1,1,1,1,1,0
4293,42.94,34.091163635253906,1.964304834925837,76,5,1,1,1,1,1,0
4294,42.95,33.95985412597656,2.0044942028568635,76,5,1,1,1,1,1,0
4295,42.96,33.86585235595703,1.7533969350310517,76,5,1,1,1,1,1,0
4296,42.97,34.314971923828125,2.00142820786475,76,4,0,1,1,1,1,0
4297,42.98,33.943294525146484,1.8830838270554344,76,4,0,1,1,1,1,0
4298,42.99,33.81568145751953,1.8565257425265838,76,4,0,1,1,1,1,0
4299,43.0,34.03934860229492,1.7826378879091858,76,4,0,1,1,1,1,0
4300,43.01,33.96734619140625,1.7744287582808713,76,5,1,1,1,1,1,0
4301,43.02,34.03864669799805,1.8854705409444912,76,5,1,1,1,1,1,0
4302,43.03,33.85253143310547,1.7630146754626541,76,5,1,1,1,1,1,0
4303,43.04,33.82270812988281,1.9008924199437136,76,4,0,1,1,1,1,0
4304,43.05,33.863739013671875,1.9744628330290281,76,4,0,1,1,1,1,0
4305,43.06,33.5821533203125,1.819316274475707,76,5,1,1,1,1,1,0
4306,43.07,33.80780029296875,1.7732172336206498,76,5,1,1,1,1,1,0
4307,43.08,33.7060661315918,1.7186365565406594,76,5,1,1,1,1,1,0
4308,43.09,33.990753173828125,1.8052428697710339,76,5,1,1,1,1,1,0
4309,43.1,33.954612731933594,1.9276422126071597,76,5,1,1,1,1,1,0
4310,43.11,33.82371139526367,1.856503237113036,76,5,1,1,1,1,1,0
4311,43.12,34.256080627441406,1.811130928676361,76,5,1,1,1,1,1,0
4312,43.13,34.14332580566406,1.8386400732743042,76,5,1,1,1,1,1,0
4313,43.14,34.168148040771484,1.9407223770418247,76,5,1,1,1,1,1,0
4314,43.15,34.063899993896484,1.768442645543862,76,4,0,1,1,1,1,0
4315,43.16,33.92434310913086,1.9366224090668465,76,5,1,1,1,1,1,0
4316,43.17,33.534912109375,1.9301280913095022,76,5,1,1,1,1,1,0
4317,43.18,33.70961380004883,1.715108057294673,76,5,1,1,1,1,1,0
4318,43.19,34.315032958984375,2.1147827805250103,76,4,0,1,1,1,1,0
4319,43.2,33.85520935058594,1.8727796798542558,76,4,0,1,1,1,1,0
4320,43.21,33.86342239379883,1.643199565208524,76,4,0,1,1,1,1,0
4321,43.22,33.49767303466797,1.754105636208307,76,5,1,1,1,1,1,0
4322,43.23,33.58202362060547,1.8933019304179364,76,5,1,1,1,1,1,0
4323,43.24,33.556907653808594,1.856102148884214,76,5,1,1,1,1,1,0
4324,43.25,34.10063552856445,1.82882790390251,76,5,1,1,1,1,1,0
4325,43.26,34.05730438232422,1.791644816895891,76,5,1,1,1,1,1,0
4326,43.27,33.85340881347656,1.9461221473388874,76,5,1,1,1,1,1,0
4327,43.28,33.92314147949219,2.0977600082012193,76,5,1,1,1,1,1,0
4328,43.29,33.881736755371094,1.6928682796115786,76,4,0,1,1,1,1,0
4329,43.3,34.17582702636719,1.7459105739725183,76,4,0,1,1,1,1,0
4330,43.31,34.09549331665039,1.7405180771500945,76,5,1,1,1,1,1,0
4331,43.32,33.95268249511719,1.6541448231123284,76,5,1,1,1,1,1,0
4332,43.33,34.319427490234375,1.9912561257415087,76,4,0,1,1,1,1,0
4333,43.34,34.15610885620117,1.834284783871129,76,5,1,1,1,1,1,0
4334,43.35,34.22876739501953,1.9282386720111577,76,5,1,1,1,1,1,0
4335,43.36,34.12723922729492,1.8390476664813085,76,5,1,1,1,1,1,0
4336,43.37,34.18565368652344,2.1491860237254263,76,5,1,1,1,1,1,0
4337,43.38,34.27500915527344,1.9077747664117466,76,5,1,1,1,1,1,0
4338,43.39,34.50539779663086,2.011291099875963,76,5,1,1,1,1,1,0
4339,43.4,34.16423797607422,1.8815441230703367,76,5,1,1,1,1,1,0
4340,43.41,34.30918502807617,1.9224945568352114,76,5,1,1,1,1,1,0
4341,43.42,34.48537063598633,1.897418397701233,76,5,1,1,1,1,1,0
4342,43.43,34.093177795410156,1.9346821806405747,76,5,1,1,1,1,1,0
4343,43.44,34.11091232299805,1.9470238303535479,76,5,1,1,1,1,1,0
4344,43.45,33.98246765136719,2.0265508730776984,76,5,1,1,1,1,1,0
4345,43.46,33.636627197265625,1.8598111280321477,76,5,1,1,1,1,1,0
4346,43.47,34.026206970214844,1.688872934618779,76,5,1,1,1,1,1,0
4347,43.48,33.83658981323242,1.7890214259092232,76,5,1,1,1,1,1,0
4348,43.49,33.90201950073242,1.6689510408978345,76,5,1,1,1,1,1,0
4349,43.5,33.97298049926758,1.7312989204228917,76,5,1,1,1,1,1,0
4350,43.51,33.9328498840332,1.8201379074001731,76,5,1,1,1,1,1,0
4351,43.52,34.21818923950195,1.986476333816524,76,5,1,1,1,1,1,0
4352,43.53,33.93111038208008,1.7118400721145706,76,5,1,1,1,1,1,0
4353,43.54,34.19670486450195,1.742239701965633,76,5,1,1,1,1,1,0
4354,43.55,34.47623062133789,1.8296749814495434,76,5,1,1,1,1,1,0
4355,43.56,34.60863494873047,1.8629790942627564,76,5,1,1,1,1,1,0
4356,43.57,34.18415832519531,1.8552361350922602,76,5,1,1,1,1,1,0
4357,43.58,34.09651565551758,1.645721843003102,76,5,1,1,1,1,1,0
4358,43.59,34.335174560546875,1.7610783554995246,76,5,1,1,1,1,1,0
4359,43.6,34.551475524902344,1.8287994987228857,76,5,1,1,1,1,1,0
4360,43.61,34.747318267822266,1.8550219873370586,76,5,1,1,1,1,1,0
4361,43.62,34.402164459228516,1.647603632870031,76,5,1,1,1,1,1,0
4362,43.63,34.59368133544922,1.7575608695881213,76,5,1,1,1,1,1,0
4363,43.64,34.18464660644531,1.7121937382977417,76,5,1,1,1,1,1,0
4364,43.65,34.32648849487305,1.7808415727277676,76,5,1,1,1,1,1,0
4365,43.66,34.09097671508789,1.664061376270393,76,5,1,1,1,1,1,0
4366,43.67,34.336669921875,1.7034075185017348,76,5,1,1,1,1,1,0
4367,43.68,34.673614501953125,1.7555888252831315,76,5,1,1,1,1,1,0
4368,43.69,34.52461242675781,1.7861966675514995,76,5,1,1,1,1,1,0
4369,43.7,34.34977722167969,1.7391366153982553,76,5,1,1,1,1,1,0
4370,43.71,34.729644775390625,1.8284956079675347,76,5,1,1,1,1,1,0
4371,43.72,34.666385650634766,1.6220041334917572,76,5,1,1,1,1,1,0
4372,43.73,34.672149658203125,1.8802659536508277,76,5,1,1,1,1,1,0
4373,43.74,34.79772186279297,1.8987601971476191,76,5,1,1,1,1,1,0
4374,43.75,34.55668640136719,1.7059003709021276,76,5,1,1,1,1,1,0
4375,43.76,34.47151565551758,1.9978741830417421,76,5,1,1,1,1,1,0
4376,43.77,34.0590934753418,1.8714959934315094,76,5,1,1,1,1,1,0
4377,43.78,34.03327560424805,1.7655009506003554,76,5,1,1,1,1,1,0
4378,43.79,34.19731903076172,2.1021214790167297,76,5,1,1,1,1,1,0
4379,43.8,34.216617584228516,2.0857122852150676,76,5,1,1,1,1,1,0
4380,43.81,34.21320343017578,2.1747890003547075,76,5,1,1,1,1,1,0
4381,43.82,34.380592346191406,2.4690261582844526,76,4,0,1,1,1,1,0
4382,43.83,34.294376373291016,2.158448107563197,76,4,0,1,1,1,1,0
4383,43.84,34.05134963989258,2.0349192092948423,76,4,0,1,1,1,1,0
4384,43.85,33.9528923034668,1.8570942024986892,76,5,1,1,1,1,1,0
4385,43.86,34.07136154174805,2.130050131340239,76,5,1,1,1,1,1,0
4386,43.87,34.05873107910156,1.8891809761771161,76,5,1,1,1,1,1,0
4387,43.88,34.08531951904297,2.0527064081416166,76,5,1,1,1,1,1,0
4388,43.89,33.65788650512695,1.910337221427411,76,5,1,1,1,1,1,0
4389,43.9,33.586578369140625,1.8350212856801265,76,5,1,1,1,1,1,0
4390,43.91,33.5470085144043,1.9124875791137965,76,5,1,1,1,1,1,0
4391,43.92,33.862876892089844,1.7962979024136596,76,5,1,1,1,1,1,0
4392,43.93,34.03452682495117,1.7504508496160673,76,5,1,1,1,1,1,0
4393,43.94,33.88608169555664,1.7116388795055653,76,5,1,1,1,1,1,0
4394,43.95,33.91663360595703,1.6199086990076723,76,5,1,1,1,1,1,0
4395,43.96,33.84077835083008,1.7966894792152557,76,5,1,1,1,1,1,0
4396,43.97,34.11399459838867,1.8196994181172876,76,5,1,1,1,1,1,0
4397,43.98,34.32434844970703,1.7854376325398353,76,5,1,1,1,1,1,0
4398,43.99,34.184486389160156,1.9635214145090005,76,5,1,1,1,1,1,0
4399,44.0,34.174842834472656,1.830244288166103,76,5,1,1,1,1,1,0
4400,44.01,34.24978256225586,1.9035718587832158,76,5,1,1,1,1,1,0
4401,44.02,34.191898345947266,1.7132706480553284,76,5,1,1,1,1,1,0
4402,44.03,34.1724967956543,1.8482699595200336,76,5,1,1,1,1,1,0
4403,44.04,34.11952209472656,1.903049681329575,76,5,1,1,1,1,1,0
4404,44.05,34.11869812011719,1.7320798193180273,76,5,1,1,1,1,1,0
4405,44.06,34.043216705322266,1.8238725748936182,76,5,1,1,1,1,1,0
4406,44.07,33.97916793823242,1.7621860703980685,76,5,1,1,1,1,1,0
4407,44.08,34.136470794677734,1.7552475757360855,76,4,0,1,1,1,1,0
4408,44.09,34.01469802856445,1.9463270752564186,76,5,1,1,1,1,1,0
4409,44.1,33.9676628112793,1.9174206669797547,76,5,1,1,1,1,1,0
4410,44.11,34.002384185791016,1.8687958619480272,76,5,1,1,1,1,1,0
4411,44.12,33.97990417480469,1.7729927813512332,76,5,1,1,1,1,1,0
4412,44.13,34.054771423339844,1.8275661873068296,76,5,1,1,1,1,1,0
4413,44.14,34.40953063964844,2.076219939327103,76,5,1,1,1,1,1,0
4414,44.15,34.30691909790039,1.78400902005734,76,5,1,1,1,1,1,0
4415,44.16,34.39225769042969,1.9796195926727866,76,5,1,1,1,1,1,0
4416,44.17,33.975345611572266,2.0560137889138503,76,5,1,1,1,1,1,0
4417,44.18,34.35306930541992,1.9936880347735655,76,5,1,1,1,1,1,0
4418,44.19,34.185096740722656,1.796526949141514,76,5,1,1,1,1,1,0
4419,44.2,34.06867218017578,2.000023084127428,76,5,1,1,1,1,1,0
4420,44.21,34.132808685302734,1.8838535868141049,76,5,1,1,1,1,1,0
4421,44.22,34.07161331176758,2.0969773644711003,76,5,1,1,1,1,1,0
4422,44.23,34.105873107910156,1.8755795987312989,76,5,1,1,1,1,1,0
4423,44.24,34.201534271240234,1.8342002052867739,76,5,1,1,1,1,1,0
4424,44.25,34.032718658447266,1.7854445549851128,76,5,1,1,1,1,1,0
4425,44.26,33.9300537109375,1.8471082932371787,76,5,1,1,1,1,1,0
4426,44.27,34.0588264465332,1.931891466982684,76,5,1,1,1,1,1,0
4427,44.28,34.12763977050781,1.886453156048158,76,5,1,1,1,1,1,0
4428,44.29,34.036991119384766,2.043719632268106,76,5,1,1,1,1,1,0
4429,44.3,34.13518142700195,1.8113501391218203,76,5,1,1,1,1,1,0
4430,44.31,33.98170471191406,1.970510031426285,76,5,1,1,1,1,1,0
4431,44.32,34.56416702270508,2.1135061329845035,76,5,1,1,1,1,1,0
4432,44.33,34.39668655395508,1.9017848222836693,76,5,1,1,1,1,1,0
4433,44.34,34.751014709472656,1.914523464107514,76,5,1,1,1,1,1,0
4434,44.35,34.389610290527344,1.9581850975757338,76,5,1,1,1,1,1,0
4435,44.36,34.377933502197266,1.9089561486035076,76,4,0,1,1,1,1,0
4436,44.37,34.32188034057617,1.7691485539234986,76,5,1,1,1,1,1,0
4437,44.38,34.60187530517578,1.9509487164434751,76,4,0,1,1,1,1,0
4438,44.39,34.393531799316406,1.9235422138512879,76,4,0,1,1,1,1,0
4439,44.4,34.5479736328125,2.3018451222445835,76,4,0,1,1,1,1,0
4440,44.41,34.81813049316406,2.0439404238070864,76,4,0,1,1,1,1,0
4441,44.42,34.840980529785156,2.148624645272485,76,4,0,1,1,1,1,0
4442,44.43,35.231689453125,2.269671677702676,76,4,0,1,1,1,1,0
4443,44.44,34.39488983154297,1.8133399324226218,76,4,0,1,1,1,1,0
4444,44.45,34.31604766845703,2.016186710132118,76,4,0,1,1,1,1,0
4445,44.46,34.7509651184082,2.0950429769044026,76,4,0,1,1,1,1,0
4446,44.47,34.64146423339844,1.7358018966752486,76,4,0,1,1,1,1,0
4447,44.48,34.76329040527344,1.9792908093967276,76,4,0,1,1,1,1,0
4448,44.49,34.0773811340332,1.9190844538550764,76,4,0,1,1,1,1,0
4449,44.5,34.15672302246094,1.8481099428194627,76,4,0,1,1,1,1,0
4450,44.51,34.72093963623047,1.8893699156890615,76,4,0,1,1,1,1,0
4451,44.52,34.55543518066406,1.9758010522284306,76,4,0,1,1,1,1,0
4452,44.53,34.3499870300293,1.8843322133716676,76,4,0,1,1,1,1,0
4453,44.54,34.409366607666016,1.9058847290284326,76,4,0,1,1,1,1,0
4454,44.55,34.650726318359375,1.8227720483055059,76,4,0,1,1,1,1,0
4455,44.56,34.57337188720703,2.386693682740523,76,3,0,0,1,1,1,0
4456,44.57,34.315650939941406,1.9729638872929667,76,4,0,1,1,1,1,0
4457,44.58,34.10539245605469,1.968094460866016,76,5,1,1,1,1,1,0
4458,44.59,34.36194610595703,2.0356317980088803,76,5,1,1,1,1,1,0
4459,44.6,34.14704895019531,1.9226264925911587,76,5,1,1,1,1,1,0
4460,44.61,34.37948226928711,1.8735277276433062,76,5,1,1,1,1,1,0
4461,44.62,34.22705078125,2.147303332028895,76,4,0,1,1,1,1,0
4462,44.63,33.947303771972656,1.7742900380644455,76,4,0,1,1,1,1,0
4463,44.64,34.36786651611328,2.105349076928478,76,4,0,1,1,1,1,0
4464,44.65,34.399085998535156,2.057037627874712,76,4,0,1,1,1,1,0
4465,44.66,34.4964714050293,1.8803740174012127,76,4,0,1,1,1,1,0
4466,44.67,34.655818939208984,1.9312704128954876,76,4,0,1,1,1,1,0
4467,44.68,34.497371673583984,1.9339597499303494,76,4,0,1,1,1,1,0
4468,44.69,34.3773078918457,1.9551999493777363,76,4,0,1,1,1,1,0
4469,44.7,33.98330307006836,2.0571110231880945,76,4,0,1,1,1,1,0
4470,44.71,34.10696029663086,2.1552498933240347,76,4,0,1,1,1,1,0
4471,44.72,33.77130889892578,1.8126770825417482,76,4,0,1,1,1,1,0
4472,44.73,34.15757369995117,1.732079334795959,76,4,0,1,1,1,1,0
4473,44.74,33.86299514770508,1.9000256643082856,76,4,0,1,1,1,1,0
4474,44.75,34.176082611083984,1.8386925439046309,76,4,0,1,1,1,1,0
4475,44.76,34.544185638427734,2.0189361973951545,76,4,0,1,1,1,1,0
4476,44.77,34.71175003051758,2.2859110185230014,76,4,0,1,1,1,1,0
4477,44.78,34.926395416259766,1.836632617751359,76,4,0,1,1,1,1,0
4478,44.79,34.534637451171875,1.8681575180434238,76,4,0,1,1,1,1,0
4479,44.8,34.62226104736328,2.1336607602312863,76,4,0,1,1,1,1,0
4480,44.81,34.33464813232422,1.7826341430432175,76,4,0,1,1,1,1,0
4481,44.82,34.20124816894531,1.9607402049981715,76,4,0,1,1,1,1,0
4482,44.83,34.48277282714844,2.1763017751514018,76,4,0,1,1,1,1,0
4483,44.84,34.492855072021484,2.0997582105832184,76,4,0,1,1,1,1,0
4484,44.85,34.56368637084961,2.0261776289379414,76,4,0,1,1,1,1,0
4485,44.86,34.368228912353516,2.1068974382266052,76,4,0,1,1,1,1,0
4486,44.87,34.240413665771484,1.8389912336233156,76,4,0,1,1,1,1,0
4487,44.88,34.10556411743164,2.1337807833919595,76,4,0,1,1,1,1,0
4488,44.89,34.11623764038086,1.8413629666956175,76,4,0,1,1,1,1,0
4489,44.9,34.63383865356445,1.8640302760283471,76,4,0,1,1,1,1,0
4490,44.91,34.1683349609375,1.9335444690729529,76,4,0,1,1,1,1,0
4491,44.92,34.37968444824219,1.9228351545951,76,4,0,1,1,1,1,0
4492,44.93,34.221736907958984,1.8445049157152098,76,4,0,1,1,1,1,0
4493,44.94,34.66597366333008,2.1468160543381947,76,4,0,1,1,1,1,0
4494,44.95,34.555992126464844,2.046315100024532,76,4,0,1,1,1,1,0
4495,44.96,34.40961456298828,2.1333734066746946,76,4,0,1,1,1,1,0
4496,44.97,34.4261589050293,1.896629358516162,76,4,0,1,1,1,1,0
4497,44.98,34.100650787353516,2.0986415109325436,76,4,0,1,1,1,1,0
4498,44.99,34.31045150756836,1.969185908625949,76,4,0,1,1,1,1,0
4499,45.0,34.427547454833984,2.041520306923904,76,4,0,1,1,1,1,0
4500,45.01,34.320987701416016,1.9176525388534171,76,4,0,1,1,1,1,0
4501,45.02,34.458473205566406,2.028843138339126,76,4,0,1,1,1,1,0
4502,45.03,34.41561508178711,1.8638385631435825,76,4,0,1,1,1,1,0
4503,45.04,34.45941162109375,2.004618867338164,76,4,0,1,1,1,1,0
4504,45.05,34.76447296142578,1.9470218613192214,76,4,0,1,1,1,1,0
4505,45.06,34.76639175415039,1.9543529850678472,76,4,0,1,1,1,1,0
4506,45.07,34.54200744628906,1.8346130786452552,76,4,0,1,1,1,1,0
4507,45.08,34.56768035888672,2.1403056602032207,76,4,0,1,1,1,1,0
4508,45.09,34.40333938598633,1.9261870959299567,76,4,0,1,1,1,1,0
4509,45.1,34.48676681518555,2.128332822003238,76,4,0,1,1,1,1,0
4510,45.11,34.248680114746094,1.780591499549194,76,4,0,1,1,1,1,0
4511,45.12,34.43060302734375,1.853589050761326,76,4,0,1,1,1,1,0
4512,45.13,34.56172561645508,1.8179905259207072,76,4,0,1,1,1,1,0
4513,45.14,34.33713150024414,1.796243673061805,76,4,0,1,1,1,1,0
4514,45.15,34.46971130371094,1.878833361701578,76,4,0,1,1,1,1,0
4515,45.16,34.72708511352539,1.8822881507061897,76,4,0,1,1,1,1,0
4516,45.17,34.50200653076172,2.0236104082757556,76,4,0,1,1,1,1,0
4517,45.18,34.431331634521484,1.9959498621913496,76,4,0,1,1,1,1,0
4518,45.19,34.89434814453125,1.9854996728327343,76,4,0,1,1,1,1,0
4519,45.2,34.659122467041016,1.8452346197729421,76,4,0,1,1,1,1,0
4520,45.21,34.73216247558594,2.1424487070669227,76,4,0,1,1,1,1,0
4521,45.22,34.408203125,1.9720531488357316,76,4,0,1,1,1,1,0
4522,45.23,34.615238189697266,2.139252809231807,76,4,0,1,1,1,1,0
4523,45.24,34.51507568359375,2.13028203610447,76,4,0,1,1,1,1,0
4524,45.25,34.310054779052734,1.7909543252294147,76,4,0,1,1,1,1,0
4525,45.26,34.620025634765625,1.8179652248059217,76,4,0,1,1,1,1,0
4526,45.27,34.40005874633789,1.7309557141465797,76,4,0,1,1,1,1,0
4527,45.28,34.62040328979492,2.1613181817994733,76,4,0,1,1,1,1,0
4528,45.29,34.0565185546875,1.974889700216686,76,4,0,1,1,1,1,0
4529,45.3,34.43605041503906,1.8210974350433664,76,4,0,1,1,1,1,0
4530,45.31,34.54629135131836,1.8658515405717664,76,4,0,1,1,1,1,0
4531,45.32,34.30050277709961,1.7265290384914385,76,4,0,1,1,1,1,0
4532,45.33,34.44329071044922,1.8349395891744933,76,4,0,1,1,1,1,0
4533,45.34,34.11125183105469,1.8881996291077796,76,4,0,1,1,1,1,0
4534,45.35,34.4051399230957,2.0180441552468964,76,4,0,1,1,1,1,0
4535,45.36,34.101070404052734,2.0122119806459815,76,4,0,1,1,1,1,0
4536,45.37,34.00078201293945,1.815293149370895,76,4,0,1,1,1,1,0
4537,45.38,34.24863815307617,2.033346257196344,76,4,0,1,1,1,1,0
4538,45.39,34.44676971435547,1.9350227327110736,76,4,0,1,1,1,1,0
4539,45.4,34.30693054199219,1.916819398501808,76,4,0,1,1,1,1,0
4540,45.41,34.43720245361328,2.011618312877881,76,4,0,1,1,1,1,0
4541,45.42,34.2089729309082,1.8211013731232526,76,4,0,1,1,1,1,0
4542,45.43,34.06320571899414,1.944969027942568,76,4,0,1,1,1,1,0
4543,45.44,33.76468276977539,1.74873885745291,76,4,0,1,1,1,1,0
4544,45.45,33.65715789794922,1.8777915027325744,76,4,0,1,1,1,1,0
4545,45.46,33.40437698364258,1.8866613604130982,76,4,0,1,1,1,1,0
4546,45.47,33.83794403076172,2.0220773707560964,76,4,0,1,1,1,1,0
4547,45.48,33.506534576416016,1.8720018819854995,76,4,0,1,1,1,1,0
4548,45.49,33.83526611328125,1.822249834137725,76,4,0,1,1,1,1,0
4549,45.5,34.02007293701172,1.7670882712135778,76,4,0,1,1,1,1,0
4550,45.51,34.07979202270508,1.9682188531292126,76,4,0,1,1,1,1,0
4551,45.52,33.97782516479492,1.97309514533333,76,4,0,1,1,1,1,0
4552,45.53,33.78998947143555,1.7832849977791494,76,4,0,1,1,1,1,0
4553,45.54,33.76348876953125,1.7449939734242357,76,4,0,1,1,1,1,0
4554,45.55,34.33096694946289,2.116338962372427,76,4,0,1,1,1,1,0
4555,45.56,34.08689880371094,1.955430072593333,76,4,0,1,1,1,1,0
4556,45.57,33.94192123413086,1.9017089426272618,76,4,0,1,1,1,1,0
4557,45.58,34.17694854736328,1.8153519369624964,76,4,0,1,1,1,1,0
4558,45.59,34.023597717285156,1.8236780523982354,76,4,0,1,1,1,1,0
4559,45.6,34.08189392089844,1.8333031673890978,76,4,0,1,1,1,1,0
4560,45.61,34.1033821105957,1.9747132221095474,76,4,0,1,1,1,1,0
4561,45.62,34.09797668457031,1.8532413769064668,76,4,0,1,1,1,1,0
4562,45.63,34.077392578125,1.8845419880296082,76,4,0,1,1,1,1,0
4563,45.64,34.23249053955078,1.819176636460763,76,4,0,1,1,1,1,0
4564,45.65,34.42424392700195,1.8116855061439707,76,4,0,1,1,1,1,0
4565,45.66,34.3898811340332,1.799275161631638,76,4,0,1,1,1,1,0
4566,45.67,34.207618713378906,1.7527444927478297,76,4,0,1,1,1,1,0
4567,45.68,34.1912727355957,1.8661709706839718,76,4,0,1,1,1,1,0
4568,45.69,34.386505126953125,1.6919227181334273,76,4,0,1,1,1,1,0
4569,45.7,34.131675720214844,1.819176636460763,76,4,0,1,1,1,1,0
4570,45.71,34.29316711425781,1.963108121890935,76,4,0,1,1,1,1,0
4571,45.72,34.53266143798828,1.7376967697215762,76,4,0,1,1,1,1,0
4572,45.73,34.35884094238281,1.9223184678036247,76,4,0,1,1,1,1,0
4573,45.74,34.511837005615234,1.9146814369263632,76,4,0,1,1,1,1,0
4574,45.75,34.43560028076172,1.918673130749714,76,5,1,1,1,1,1,0
4575,45.76,34.66636657714844,1.8870090324155162,76,4,0,1,1,1,1,0
4576,45.77,34.584320068359375,1.8101098911498381,76,4,0,1,1,1,1,0
4577,45.78,34.5477409362793,1.7025259231655403,76,4,0,1,1,1,1,0
4578,45.79,34.10563278198242,1.9164807173250882,76,4,0,1,1,1,1,0
4579,45.8,34.31493377685547,1.867967586784208,76,4,0,1,1,1,1,0
4580,45.81,34.3206901550293,1.9082476729245907,76,4,0,1,1,1,1,0
4581,45.82,34.26661682128906,1.8123211076541617,76,4,0,1,1,1,1,0
4582,45.83,34.40503692626953,2.1486311965325977,76,4,0,1,1,1,1,0
4583,45.84,34.59429168701172,1.795937045454819,76,4,0,1,1,1,1,0
4584,45.85,34.560821533203125,1.7542216239308794,76,4,0,1,1,1,1,0
4585,45.86,34.65299987792969,1.8531327499132975,76,4,0,1,1,1,1,0
4586,45.87,34.72828674316406,1.927718704029925,76,4,0,1,1,1,1,0
4587,45.88,34.74845886230469,1.8452645188209893,76,4,0,1,1,1,1,0
4588,45.89,34.44859313964844,2.0943945996451463,76,4,0,1,1,1,1,0
4589,45.9,34.39806365966797,1.8556947247286726,76,4,0,1,1,1,1,0
4590,45.91,34.58172607421875,1.7754166424171307,76,4,0,1,1,1,1,0
4591,45.92,34.53574752807617,1.729306567804401,76,4,0,1,1,1,1,0
4592,45.93,34.5889892578125,1.9369325017881478,76,4,0,1,1,1,1,0
4593,45.94,34.605560302734375,2.0061393137812606,76,4,0,1,1,1,1,0
4594,45.95,34.54108428955078,2.024700949363368,76,4,0,1,1,1,1,0
4595,45.96,34.5002555847168,2.082408940601813,76,4,0,1,1,1,1,0
4596,45.97,34.44475555419922,1.831144814033532,76,4,0,1,1,1,1,0
4597,45.98,34.287811279296875,1.8618541483564317,76,4,0,1,1,1,1,0
4598,45.99,34.49847412109375,2.0075104892118385,76,4,0,1,1,1,1,0
4599,46.0,34.32674789428711,1.7393663028530622,76,4,0,1,1,1,1,0
4600,46.01,34.35279846191406,1.8083688537118827,76,4,0,1,1,1,1,0
4601,46.02,34.52619171142578,1.9297920621067115,76,4,0,1,1,1,1,0
4602,46.03,34.50709533691406,1.8950989589178269,76,5,1,1,1,1,1,0
4603,46.04,34.244964599609375,1.7205530501761246,76,4,0,1,1,1,1,0
4604,46.05,34.52243423461914,1.9943429424225898,76,4,0,1,1,1,1,0
4605,46.06,34.66326904296875,2.1985678495310608,76,4,0,1,1,1,1,0
4606,46.07,34.33872604370117,1.9460241152636093,76,4,0,1,1,1,1,0
4607,46.08,34.569637298583984,1.7428970834613948,76,4,0,1,1,1,1,0
4608,46.09,34.51225662231445,1.9682721816782467,76,4,0,1,1,1,1,0
4609,46.1,34.7277717590332,1.6864131609369766,76,4,0,1,1,1,1,0
4610,46.11,34.56743240356445,1.990300340086158,76,4,0,1,1,1,1,0
4611,46.12,34.492774963378906,1.901000695775152,76,4,0,1,1,1,1,0
4612,46.13,34.32915115356445,1.8768868387119741,76,4,0,1,1,1,1,0
4613,46.14,34.38248062133789,1.779097361216437,76,4,0,1,1,1,1,0
4614,46.15,34.2540283203125,1.8804820749512807,76,4,0,1,1,1,1,0
4615,46.16,34.54766845703125,1.859676140924475,76,4,0,1,1,1,1,0
4616,46.17,34.34355926513672,1.8849138162378747,76,4,0,1,1,1,1,0
4617,46.18,34.564613342285156,1.8131965837245683,76,4,0,1,1,1,1,0
4618,46.19,34.38078689575195,1.8941218460691882,76,4,0,1,1,1,1,0
4619,46.2,34.39075469970703,2.0727991257788085,76,4,0,1,1,1,1,0
4620,46.21,34.156795501708984,1.985597782783137,76,4,0,1,1,1,1,0
4621,46.22,34.60004425048828,1.9047575500540597,76,4,0,1,1,1,1,0
4622,46.23,34.99225997924805,1.986451469566032,76,4,0,1,1,1,1,0
4623,46.24,34.81614303588867,1.7490004426034316,76,4,0,1,1,1,1,0
4624,46.25,35.032188415527344,1.7329169423741542,76,4,0,1,1,1,1,0
4625,46.26,34.643550872802734,1.7914798488480643,76,4,0,1,1,1,1,0
4626,46.27,34.58919143676758,1.7575008977312823,76,4,0,1,1,1,1,0
4627,46.28,34.49004364013672,1.9729649700435732,76,4,0,1,1,1,1,0
4628,46.29,34.51689910888672,1.8122677787792585,76,4,0,1,1,1,1,0
4629,46.3,34.67012405395508,1.8179623920607437,76,4,0,1,1,1,1,0
4630,46.31,34.888179779052734,2.059148430969232,76,4,0,1,1,1,1,0
4631,46.32,35.01129150390625,1.805019937759952,76,4,0,1,1,1,1,0
4632,46.33,34.85673904418945,2.017546916364544,76,4,0,1,1,1,1,0
4633,46.34,34.737735748291016,1.8745914162676967,76,4,0,1,1,1,1,0
4634,46.35,34.495941162109375,1.8604275300303523,76,4,0,1,1,1,1,0
4635,46.36,34.234161376953125,1.9743567987307635,76,4,0,1,1,1,1,0
4636,46.37,34.29469299316406,1.8085919635142298,76,4,0,1,1,1,1,0
4637,46.38,34.026214599609375,1.7454175887930208,76,4,0,1,1,1,1,0
4638,46.39,34.40931701660156,1.8457802629388085,76,4,0,1,1,1,1,0
4639,46.4,34.65803146362305,1.7349931498018591,76,4,0,1,1,1,1,0
4640,46.41,34.63780975341797,1.7608250964105676,76,4,0,1,1,1,1,0
4641,46.42,34.49262237548828,1.8453456135246233,76,4,0,1,1,1,1,0
4642,46.43,34.30004119873047,1.9777263013229571,76,4,0,1,1,1,1,0
4643,46.44,34.42585372924805,1.7952419149879564,76,4,0,1,1,1,1,0
4644,46.45,34.31785583496094,1.9274341303836575,76,4,0,1,1,1,1,0
4645,46.46,34.42078399658203,2.0563549180591534,76,4,0,1,1,1,1,0
4646,46.47,34.14339065551758,1.7828364602845888,76,4,0,1,1,1,1,0
4647,46.48,34.44734573364258,1.7819090269407813,76,4,0,1,1,1,1,0
4648,46.49,34.789512634277344,1.833630784938524,76,4,0,1,1,1,1,0
4649,46.5,34.55216598510742,1.8213729500667202,76,4,0,1,1,1,1,0
4650,46.51,34.43861389160156,1.9237987842849176,76,4,0,1,1,1,1,0
4651,46.52,34.60923385620117,2.164764248389571,76,4,0,1,1,1,1,0
4652,46.53,34.55567932128906,1.7844608114452358,76,4,0,1,1,1,1,0
4653,46.54,34.182701110839844,1.8255418528033438,76,4,0,1,1,1,1,0
4654,46.55,34.632938385009766,1.783534415249102,76,4,0,1,1,1,1,0
4655,46.56,34.55023956298828,1.773445948754674,76,4,0,1,1,1,1,0
4656,46.57,34.44658279418945,1.9012122027738219,76,4,0,1,1,1,1,0
4657,46.58,34.59270477294922,1.9592071081647149,76,4,0,1,1,1,1,0
4658,46.59,34.293949127197266,1.7960207922076157,76,4,0,1,1,1,1,0
4659,46.6,34.30080032348633,1.8530271633183286,76,4,0,1,1,1,1,0
4660,46.61,34.008522033691406,1.866251514637236,76,4,0,1,1,1,1,0
4661,46.62,34.10830307006836,2.0693917233130916,76,4,0,1,1,1,1,0
4662,46.63,34.72865676879883,1.8809583145074926,76,4,0,1,1,1,1,0
4663,46.64,34.67144775390625,1.902633568474418,76,4,0,1,1,1,1,0
4664,46.65,34.51312255859375,1.7728487846160732,76,4,0,1,1,1,1,0
4665,46.66,34.58674621582031,1.799162958289067,76,4,0,1,1,1,1,0
4666,46.67,34.2847785949707,1.8862377998071476,76,4,0,1,1,1,1,0
4667,46.68,34.618568420410156,1.9253559645466156,76,4,0,1,1,1,1,0
4668,46.69,34.55523681640625,1.8031601169852554,76,4,0,1,1,1,1,0
4669,46.7,34.6275634765625,1.883318609854444,76,4,0,1,1,1,1,0
4670,46.71,34.71543884277344,1.8870377641873672,76,4,0,1,1,1,1,0
4671,46.72,34.617801666259766,1.7969417913915517,76,4,0,1,1,1,1,0
4672,46.73,34.434932708740234,1.6794666615404745,76,4,0,1,1,1,1,0
4673,46.74,34.567649841308594,1.8662797483717146,76,4,0,1,1,1,1,0
4674,46.75,34.146610260009766,1.906359375068656,76,4,0,1,1,1,1,0
4675,46.76,34.39256286621094,1.8437219658250603,76,4,0,1,1,1,1,0
4676,46.77,34.16878128051758,1.7591744107837768,76,4,0,1,1,1,1,0
4677,46.78,34.40001678466797,1.85110820838362,76,4,0,1,1,1,1,0
4678,46.79,34.556243896484375,1.803219617456623,76,4,0,1,1,1,1,0
4679,46.8,34.81986999511719,1.7930384058618,76,4,0,1,1,1,1,0
4680,46.81,34.58269500732422,1.7904998473570906,76,4,0,1,1,1,1,0
4681,46.82,34.83539581298828,1.8505679703121134,76,4,0,1,1,1,1,0
4682,46.83,34.77082061767578,1.8330824721769436,76,4,0,1,1,1,1,0
4683,46.84,34.988101959228516,1.862636378275492,76,4,0,1,1,1,1,0
4684,46.85,34.78003692626953,1.8218660752362736,76,4,0,1,1,1,1,0
4685,46.86,34.939971923828125,1.7152813156356679,76,4,0,1,1,1,1,0
4686,46.87,34.95603942871094,1.9538948787350374,76,4,0,1,1,1,1,0
4687,46.88,34.90116500854492,1.7677904046477877,76,4,0,1,1,1,1,0
4688,46.89,34.92401123046875,1.8698670365513328,76,4,0,1,1,1,1,0
4689,46.9,34.340633392333984,1.9817944666111145,76,4,0,1,1,1,1,0
4690,46.91,34.422672271728516,1.782639567731752,76,4,0,1,1,1,1,0
4691,46.92,34.46765899658203,1.8720327188014725,76,4,0,1,1,1,1,0
4692,46.93,34.22490310668945,1.846458340452266,76,4,0,1,1,1,1,0
4693,46.94,34.36852264404297,2.0197526138249278,76,4,0,1,1,1,1,0
4694,46.95,34.93242263793945,1.9320979338920818,76,4,0,1,1,1,1,0
4695,46.96,34.77480697631836,2.019205768929521,76,4,0,1,1,1,1,0
4696,46.97,34.76124572753906,1.993665393912879,76,4,0,1,1,1,1,0
4697,46.98,34.388309478759766,1.9932679587746518,76,4,0,1,1,1,1,0
4698,46.99,33.98465347290039,1.9797459969290416,76,4,0,1,1,1,1,0
4699,47.0,34.17217254638672,2.212442252406109,76,4,0,1,1,1,1,0
4700,47.01,34.360595703125,1.8629558887044029,76,4,0,1,1,1,1,0
4701,47.02,34.45839309692383,2.0034482915155607,76,4,0,1,1,1,1,0
4702,47.03,34.3427619934082,1.6765722956333333,76,4,0,1,1,1,1,0
4703,47.04,34.41435241699219,1.9369576570522968,76,4,0,1,1,1,1,0
4704,47.05,34.34868240356445,2.1242642194792194,76,4,0,1,1,1,1,0
4705,47.06,34.13869857788086,1.9374235683036451,76,4,0,1,1,1,1,0
4706,47.07,34.276390075683594,1.9160919848938045,76,4,0,1,1,1,1,0
4707,47.08,34.160282135009766,1.91193715508845,76,4,0,1,1,1,1,0
4708,47.09,34.34960174560547,1.8672174544887672,76,4,0,1,1,1,1,0
4709,47.1,34.57918167114258,1.8749411636346973,76,4,0,1,1,1,1,0
4710,47.11,34.61682891845703,1.9796201515001228,76,4,0,1,1,1,1,0
4711,47.12,34.41157150268555,1.9005767982832114,76,4,0,1,1,1,1,0
4712,47.13,34.36503601074219,1.874596055938504,76,4,0,1,1,1,1,0
4713,47.14,34.67892837524414,1.7437336512535957,76,4,0,1,1,1,1,0
4714,47.15,34.563533782958984,2.105112522773621,76,4,0,1,1,1,1,0
4715,47.16,34.68830490112305,1.9085300904977804,76,4,0,1,1,1,1,0
4716,47.17,34.35200119018555,2.043789838220084,76,4,0,1,1,1,1,0
4717,47.18,34.595855712890625,1.9585986207331447,76,4,0,1,1,1,1,0
4718,47.19,34.71830749511719,2.0748254490257887,76,4,0,1,1,1,1,0
4719,47.2,35.21439743041992,2.0808639947437,76,4,0,1,1,1,1,0
4720,47.21,34.64509963989258,1.9803546996354866,76,4,0,1,1,1,1,0
4721,47.22,34.609317779541016,1.8943337485711604,76,4,0,1,1,1,1,0
4722,47.23,34.58110809326172,2.0104726040316816,76,4,0,1,1,1,1,0
4723,47.24,34.70293426513672,1.965857305683657,76,4,0,1,1,1,1,0
4724,47.25,34.399593353271484,1.8595970045395243,76,4,0,1,1,1,1,0
4725,47.26,34.69656753540039,1.9840891038073187,76,4,0,1,1,1,1,0
4726,47.27,34.515899658203125,2.061890962696385,76,4,0,1,1,1,1,0
4727,47.28,34.67137145996094,1.7630356479811535,76,4,0,1,1,1,1,0
4728,47.29,34.627628326416016,2.091531838664666,76,4,0,1,1,1,1,0
4729,47.3,34.29530715942383,2.074152980511027,76,4,0,1,1,1,1,0
4730,47.31,34.42670440673828,1.8677324878157482,76,4,0,1,1,1,1,0
4731,47.32,34.494266510009766,1.985647273001526,76,4,0,1,1,1,1,0
4732,47.33,34.457054138183594,1.6495469783476737,76,4,0,1,1,1,1,0
4733,47.34,34.16267013549805,1.8123485187298336,76,4,0,1,1,1,1,0
4734,47.35,34.124305725097656,1.8524889469272654,76,4,0,1,1,1,1,0
4735,47.36,34.10570526123047,1.8504570836600538,76,4,0,1,1,1,1,0
4736,47.37,33.884483337402344,1.8672969829318116,76,4,0,1,1,1,1,0
4737,47.38,34.24065399169922,1.9113053659512955,76,4,0,1,1,1,1,0
4738,47.39,34.37240219116211,1.8978968092633364,76,4,0,1,1,1,1,0
4739,47.4,33.910037994384766,1.918047309365255,76,4,0,1,1,1,1,0
4740,47.41,33.652870178222656,1.8181600228080004,76,4,0,1,1,1,1,0
4741,47.42,33.74431610107422,1.8157427240888406,76,4,0,1,1,1,1,0
4742,47.43,34.13939666748047,1.9402287440822665,76,4,0,1,1,1,1,0
4743,47.44,34.456729888916016,1.7788484045656852,76,4,0,1,1,1,1,0
4744,47.45,34.48188781738281,1.7331185042478727,76,4,0,1,1,1,1,0
4745,47.46,34.65091323852539,1.8158748218760876,76,4,0,1,1,1,1,0
4746,47.47,34.67847442626953,1.6793160081571916,76,4,0,1,1,1,1,0
4747,47.48,34.34157180786133,1.8182972213584754,76,4,0,1,1,1,1,0
4748,47.49,34.66336441040039,1.8170613267717939,76,4,0,1,1,1,1,0
4749,47.5,34.75410461425781,1.7296518546626105,76,4,0,1,1,1,1,0
4750,47.51,34.41278839111328,1.7554528537381475,76,4,0,1,1,1,1,0
4751,47.52,34.626827239990234,2.1343616741062967,76,4,0,1,1,1,1,0
4752,47.53,34.54523849487305,1.8432020446689328,76,4,0,1,1,1,1,0
4753,47.54,34.577850341796875,1.947540534294108,76,4,0,1,1,1,1,0
4754,47.55,34.3891487121582,1.865581755942305,76,4,0,1,1,1,1,0
4755,47.56,34.461761474609375,2.065767596103541,76,4,0,1,1,1,1,0
4756,47.57,34.47422790527344,1.7291287913217064,76,4,0,1,1,1,1,0
4757,47.58,34.21634292602539,2.107158309376201,76,4,0,1,1,1,1,0
4758,47.59,34.00736618041992,1.8546416158052765,76,4,0,1,1,1,1,0
4759,47.6,34.422119140625,1.8638396581223617,76,4,0,1,1,1,1,0
4760,47.61,34.12312698364258,1.881913087500294,76,4,0,1,1,1,1,0
4761,47.62,34.04644012451172,2.0468022284058227,76,4,0,1,1,1,1,0
4762,47.63,34.2925910949707,1.8459408535738446,76,4,0,1,1,1,1,0
4763,47.64,34.60246658325195,2.071087438250984,76,4,0,1,1,1,1,0
4764,47.65,34.51210021972656,1.9098948680536691,76,4,0,1,1,1,1,0
4765,47.66,34.70915603637695,1.948892659665292,76,4,0,1,1,1,1,0
4766,47.67,34.53786087036133,2.174278946546374,76,4,0,1,1,1,1,0
4767,47.68,34.476524353027344,1.9594376757830558,76,4,0,1,1,1,1,0
4768,47.69,34.333351135253906,1.7721696812239223,76,4,0,1,1,1,1,0
4769,47.7,34.547115325927734,2.0044702948030624,76,4,0,1,1,1,1,0
4770,47.71,34.53665542602539,1.6637554202670108,76,4,0,1,1,1,1,0
4771,47.72,34.7646369934082,2.102498836631268,76,4,0,1,1,1,1,0
4772,47.73,34.51404571533203,1.841871518902895,76,4,0,1,1,1,1,0
4773,47.74,34.842803955078125,1.8610501128692365,76,4,0,1,1,1,1,0
4774,47.75,34.604393005371094,1.7147862208333184,76,4,0,1,1,1,1,0
4775,47.76,34.51981735229492,1.894859817676019,76,4,0,1,1,1,1,0
4776,47.77,34.63378143310547,1.8733403568001024,76,4,0,1,1,1,1,0
4777,47.78,34.52317810058594,2.0502652639621326,76,4,0,1,1,1,1,0
4778,47.79,34.16522216796875,1.9245030811699606,76,4,0,1,1,1,1,0
4779,47.8,34.10972595214844,1.8646448536675524,76,4,0,1,1,1,1,0
4780,47.81,34.12578582763672,1.887989442539804,76,4,0,1,1,1,1,0
4781,47.82,34.3963508605957,1.9304417467344481,76,4,0,1,1,1,1,0
4782,47.83,34.031063079833984,1.8936227734854822,76,4,0,1,1,1,1,0
4783,47.84,33.891090393066406,1.8157331964632115,76,5,1,1,1,1,1,0
4784,47.85,34.1177864074707,1.8308735822958284,76,4,0,1,1,1,1,0
4785,47.86,34.40675354003906,1.8642434094622002,76,4,0,1,1,1,1,0
4786,47.87,33.84521484375,1.8201069458816705,76,5,1,1,1,1,1,0
4787,47.88,33.99611282348633,2.121954003733413,76,4,0,1,1,1,1,0
4788,47.89,33.41953659057617,1.8149072363921133,76,5,1,1,1,1,1,0
4789,47.9,34.017372131347656,1.8858172187826876,76,4,0,1,1,1,1,0
4790,47.91,34.32923126220703,1.8272670183004538,76,4,0,1,1,1,1,0
4791,47.92,34.37902069091797,1.9901242509718928,76,5,1,1,1,1,1,0
4792,47.93,33.992645263671875,1.7969132749012637,76,4,0,1,1,1,1,0
4793,47.94,34.160987854003906,2.0856907347630864,76,4,0,1,1,1,1,0
4794,47.95,34.07316589355469,1.8803496267074136,76,5,1,1,1,1,1,0
4795,47.96,34.3974609375,1.7175882366273185,76,4,0,1,1,1,1,0
4796,47.97,34.413936614990234,1.9816663353980752,76,4,0,1,1,1,1,0
4797,47.98,34.15829849243164,1.697232724530141,76,4,0,1,1,1,1,0
4798,47.99,34.28694534301758,1.676123952446368,76,4,0,1,1,1,1,0
4799,48.0,34.18030548095703,1.869921986795904,76,4,0,1,1,1,1,0
4800,48.01,34.55906677246094,1.9242668408407064,76,4,0,1,1,1,1,0
4801,48.02,34.488433837890625,2.006589656042576,76,4,0,1,1,1,1,0
4802,48.03,34.07698059082031,1.924708249661254,76,4,0,1,1,1,1,0
4803,48.04,33.952049255371094,1.9058345586636003,76,4,0,1,1,1,1,0
4804,48.05,34.143821716308594,1.8539970405184374,76,4,0,1,1,1,1,0
4805,48.06,33.945674896240234,1.725515332190723,76,4,0,1,1,1,1,0
4806,48.07,33.927310943603516,1.8798684946705477,76,4,0,1,1,1,1,0
4807,48.08,34.470523834228516,1.6279143572179895,76,4,0,1,1,1,1,0
4808,48.09,34.559295654296875,1.9210670303665014,76,5,1,1,1,1,1,0
4809,48.1,34.520957946777344,1.833496585493214,76,5,1,1,1,1,1,0
4810,48.11,34.45640563964844,1.8080656748808446,76,5,1,1,1,1,1,0
4811,48.12,34.35597610473633,1.7695444570505359,76,4,0,1,1,1,1,0
4812,48.13,34.76953125,1.8314467342804663,76,4,0,1,1,1,1,0
4813,48.14,34.57555389404297,1.7823900571479538,76,4,0,1,1,1,1,0
4814,48.15,34.27046585083008,1.9117824174656044,76,4,0,1,1,1,1,0
4815,48.16,34.57853698730469,1.800612878519535,76,5,1,1,1,1,1,0
4816,48.17,34.50392532348633,1.8332751956854596,76,4,0,1,1,1,1,0
4817,48.18,34.504207611083984,1.7898902407701824,76,4,0,1,1,1,1,0
4818,48.19,34.38582992553711,1.8028074047454363,76,4,0,1,1,1,1,0
4819,48.2,34.7341423034668,1.8252697153356126,76,4,0,1,1,1,1,0
4820,48.21,34.604366302490234,1.875604773479806,76,4,0,1,1,1,1,0
4821,48.22,34.541236877441406,1.8459158425787152,76,4,0,1,1,1,1,0
4822,48.23,34.61723327636719,1.7947453748093427,76,4,0,1,1,1,1,0
4823,48.24,35.08945083618164,1.9037061078837094,76,4,0,1,1,1,1,0
4824,48.25,34.657039642333984,1.7863332352397352,76,4,0,1,1,1,1,0
4825,48.26,34.5577392578125,1.8256518811821991,76,4,0,1,1,1,1,0
4826,48.27,34.015464782714844,1.9220108898344173,76,4,0,1,1,1,1,0
4827,48.28,34.35918426513672,1.751283558561036,76,4,0,1,1,1,1,0
4828,48.29,34.00067138671875,1.9387849333662264,76,4,0,1,1,1,1,0
4829,48.3,34.2241325378418,1.7353141733353872,76,4,0,1,1,1,1,0
4830,48.31,33.95510482788086,1.7333506617596297,76,4,0,1,1,1,1,0
4831,48.32,33.745906829833984,1.8984473355304259,76,4,0,1,1,1,1,0
4832,48.33,33.79595184326172,1.8048289527086525,76,4,0,1,1,1,1,0
4833,48.34,33.85920333862305,1.8686084657514062,76,5,1,1,1,1,1,0
4834,48.35,33.92660140991211,2.1562250734526285,76,4,0,1,1,1,1,0
4835,48.36,34.404869079589844,2.1680853832653617,76,4,0,1,1,1,1,0
4836,48.37,34.354618072509766,2.0036463472116646,76,4,0,1,1,1,1,0
4837,48.38,34.123653411865234,2.007284816361979,76,4,0,1,1,1,1,0
4838,48.39,34.273521423339844,1.890105574954893,76,4,0,1,1,1,1,0
4839,48.4,34.56507873535156,1.8371985745439794,76,4,0,1,1,1,1,0
4840,48.41,34.395816802978516,1.90226335896162,76,4,0,1,1,1,1,0
4841,48.42,34.45316696166992,1.9476659552771245,76,4,0,1,1,1,1,0
4842,48.43,34.48781204223633,1.7846887589705591,76,4,0,1,1,1,1,0
4843,48.44,34.19312286376953,1.8178554551482038,76,4,0,1,1,1,1,0
4844,48.45,34.35614776611328,1.7370387158528682,76,4,0,1,1,1,1,0
4845,48.46,34.46912384033203,1.7441582725912024,76,4,0,1,1,1,1,0
4846,48.47,34.183509826660156,1.8613419357804217,76,4,0,1,1,1,1,0
4847,48.48,34.16081237792969,1.8201094189965683,76,4,0,1,1,1,1,0
4848,48.49,34.334964752197266,1.6501525900874965,76,4,0,1,1,1,1,0
4849,48.5,34.03862762451172,1.8380707727538608,76,4,0,1,1,1,1,0
4850,48.51,34.11408615112305,1.7215389051927497,76,4,0,1,1,1,1,0
4851,48.52,34.06814193725586,1.8062430939408423,76,4,0,1,1,1,1,0
4852,48.53,34.231834411621094,1.7050826764750948,76,4,0,1,1,1,1,0
4853,48.54,34.44029998779297,1.7341825299707803,76,4,0,1,1,1,1,0
4854,48.55,34.24022674560547,1.7885480232239597,76,4,0,1,1,1,1,0
4855,48.56,34.374820709228516,1.8374194085771764,76,4,0,1,1,1,1,0
4856,48.57,34.39761734008789,1.720581258101289,76,4,0,1,1,1,1,0
4857,48.58,34.20054626464844,1.6758300437335398,76,4,0,1,1,1,1,0
4858,48.59,34.14958953857422,1.8879874422355893,76,4,0,1,1,1,1,0
4859,48.6,34.159488677978516,1.7431582322220596,76,4,0,1,1,1,1,0
4860,48.61,33.93232727050781,1.7109648841102287,76,4,0,1,1,1,1,0
4861,48.62,33.88017654418945,1.8239799328494517,76,4,0,1,1,1,1,0
4862,48.63,34.13917541503906,1.8728887865912889,76,4,0,1,1,1,1,0
4863,48.64,33.99508285522461,1.8234588700249579,76,4,0,1,1,1,1,0
4864,48.65,34.43661880493164,1.8226918119418778,76,4,0,1,1,1,1,0
4865,48.66,34.36796569824219,1.64988196858714,76,4,0,1,1,1,1,0
4866,48.67,34.144126892089844,1.664813881865556,76,4,0,1,1,1,1,0
4867,48.68,33.654170989990234,1.8776856470088243,76,4,0,1,1,1,1,0
4868,48.69,33.737815856933594,1.8127885756611635,76,4,0,1,1,1,1,0
4869,48.7,33.7784538269043,1.6911788575992244,76,4,0,1,1,1,1,0
4870,48.71,33.7997932434082,2.0534112823029886,76,4,0,1,1,1,1,0
4871,48.72,34.211341857910156,1.9453822229631101,76,4,0,1,1,1,1,0
4872,48.73,33.968048095703125,1.9752695167261751,76,4,0,1,1,1,1,0
4873,48.74,33.7935676574707,1.9151269074885013,76,4,0,1,1,1,1,0
4874,48.75,33.822669982910156,1.734127106090876,76,4,0,1,1,1,1,0
4875,48.76,33.68246078491211,2.098117636497334,76,4,0,1,1,1,1,0
4876,48.77,33.658668518066406,1.8768587747063907,76,4,0,1,1,1,1,0
4877,48.78,33.78073501586914,1.8271832944519875,76,4,0,1,1,1,1,0
4878,48.79,34.01601028442383,1.7754106477579155,76,4,0,1,1,1,1,0
4879,48.8,34.07261657714844,1.930128447065106,76,4,0,1,1,1,1,0
4880,48.81,33.98363494873047,1.6802987287356606,76,4,0,1,1,1,1,0
4881,48.82,33.812950134277344,1.6535128791807154,76,4,0,1,1,1,1,0
4882,48.83,33.91748046875,2.0476769920747118,76,4,0,1,1,1,1,0
4883,48.84,33.7186279296875,1.7942738862891527,76,4,0,1,1,1,1,0
4884,48.85,33.72545623779297,1.8619311195419321,76,4,0,1,1,1,1,0
4885,48.86,33.784732818603516,1.7792976043685496,76,4,0,1,1,1,1,0
4886,48.87,33.707942962646484,1.7055799170362544,76,4,0,1,1,1,1,0
4887,48.88,33.565853118896484,1.773835656201393,76,4,0,1,1,1,1,0
4888,48.89,33.87080764770508,1.8534563478423338,76,4,0,1,1,1,1,0
4889,48.9,34.03579330444336,1.7667208867424673,76,4,0,1,1,1,1,0
4890,48.91,34.21418762207031,1.744733427395575,76,4,0,1,1,1,1,0
4891,48.92,33.528656005859375,1.7971079986525516,76,4,0,1,1,1,1,0
4892,48.93,33.67532730102539,1.8463745157855243,76,4,0,1,1,1,1,0
4893,48.94,33.66414260864258,1.8835351099746385,76,4,0,1,1,1,1,0
4894,48.95,33.619815826416016,1.78339606107005,76,4,0,1,1,1,1,0
4895,48.96,33.458805084228516,1.9434490616091382,76,4,0,1,1,1,1,0
4896,48.97,33.43336868286133,1.7881249616049666,76,4,0,1,1,1,1,0
4897,48.98,33.42015838623047,1.6664022398183655,76,4,0,1,1,1,1,0
4898,48.99,33.560333251953125,1.7286393727787868,76,4,0,1,1,1,1,0
4899,49.0,33.711219787597656,1.7495152753713838,76,4,0,1,1,1,1,0
4900,49.01,33.86393356323242,1.8616357005872617,76,4,0,1,1,1,1,0
4901,49.02,33.64017868041992,1.8125433836947595,76,5,1,1,1,1,1,0
4902,49.03,34.26023483276367,1.7799459393480626,76,4,0,1,1,1,1,0
4903,49.04,34.066078186035156,1.8267198024934261,76,4,0,1,1,1,1,0
4904,49.05,33.85099411010742,1.9039450295961418,76,4,0,1,1,1,1,0
4905,49.06,33.673553466796875,1.8519717547785577,76,4,0,1,1,1,1,0
4906,49.07,33.94376754760742,1.6494276425101573,76,4,0,1,1,1,1,0
4907,49.08,33.87839889526367,2.107606383838249,76,4,0,1,1,1,1,0
4908,49.09,33.953468322753906,1.8614506165436249,76,4,0,1,1,1,1,0
4909,49.1,34.19532012939453,1.8043268054778534,76,4,0,1,1,1,1,0
4910,49.11,34.02797317504883,1.8031371147538249,76,4,0,1,1,1,1,0
4911,49.12,34.044219970703125,1.8290148291816246,76,4,0,1,1,1,1,0
4912,49.13,34.12662124633789,1.7291593522409938,76,4,0,1,1,1,1,0
4913,49.14,34.309818267822266,1.842466846106412,76,5,1,1,1,1,1,0
4914,49.15,34.465572357177734,1.8691435712166928,76,4,0,1,1,1,1,0
4915,49.16,34.530582427978516,1.7215121643752214,76,4,0,1,1,1,1,0
4916,49.17,34.381534576416016,1.75285146283115,76,4,0,1,1,1,1,0
4917,49.18,34.390262603759766,1.7810385462499871,76,5,1,1,1,1,1,0
4918,49.19,34.20053482055664,1.802607466514029,76,5,1,1,1,1,1,0
4919,49.2,34.529632568359375,1.7216853654035733,76,4,0,1,1,1,1,0
4920,49.21,34.51746368408203,1.7445339181628552,76,4,0,1,1,1,1,0
4921,49.22,34.657657623291016,1.8051005369848074,76,4,0,1,1,1,1,0
4922,49.23,34.27653884887695,1.6803269313453393,76,4,0,1,1,1,1,0
4923,49.24,34.18632507324219,1.8278409359646792,76,4,0,1,1,1,1,0
4924,49.25,34.423362731933594,1.8288279664770573,76,4,0,1,1,1,1,0
4925,49.26,34.16828918457031,1.8625535786780791,76,4,0,1,1,1,1,0
4926,49.27,34.43187713623047,2.011595579897589,76,4,0,1,1,1,1,0
4927,49.28,34.141448974609375,1.6732630007976554,76,4,0,1,1,1,1,0
4928,49.29,34.01968765258789,2.1374984102329995,76,4,0,1,1,1,1,0
4929,49.3,34.210391998291016,2.0940340857218387,76,4,0,1,1,1,1,0
4930,49.31,34.21157455444336,1.7213064953781005,76,4,0,1,1,1,1,0
4931,49.32,34.73856735229492,1.9786107863701239,76,4,0,1,1,1,1,0
4932,49.33,34.46287155151367,2.1560379552181397,76,4,0,1,1,1,1,0
4933,49.34,34.575950622558594,1.8521631203813973,76,4,0,1,1,1,1,0
4934,49.35,34.65696334838867,1.7166854410521246,76,4,0,1,1,1,1,0
4935,49.36,34.44911575317383,1.7639427870274753,76,4,0,1,1,1,1,0
4936,49.37,34.63053512573242,1.883535049215633,76,4,0,1,1,1,1,0
4937,49.38,34.63460922241211,1.7118420108389751,76,4,0,1,1,1,1,0
4938,49.39,34.41899108886719,1.9259033358587454,76,4,0,1,1,1,1,0
4939,49.4,34.7126579284668,1.7224664591300742,76,4,0,1,1,1,1,0
4940,49.41,34.619659423828125,1.7914788693462684,76,4,0,1,1,1,1,0
4941,49.42,34.89036178588867,1.8840405802695779,76,4,0,1,1,1,1,0
4942,49.43,34.54936599731445,1.8786690038352896,76,4,0,1,1,1,1,0
4943,49.44,34.239253997802734,1.8149644075809659,76,4,0,1,1,1,1,0
4944,49.45,34.10194396972656,1.9319149107769233,76,4,0,1,1,1,1,0
4945,49.46,34.46371078491211,1.8296494979130145,76,4,0,1,1,1,1,0
4946,49.47,34.38136672973633,1.9844158714146052,76,4,0,1,1,1,1,0
4947,49.48,34.1713981628418,1.9233603103576329,76,4,0,1,1,1,1,0
4948,49.49,34.33721160888672,1.744620974243356,76,4,0,1,1,1,1,0
4949,49.5,34.37418746948242,1.840053527717335,76,4,0,1,1,1,1,0
4950,49.51,34.38637161254883,1.9335214593499532,76,4,0,1,1,1,1,0
4951,49.52,34.28748321533203,1.7925113387136484,76,4,0,1,1,1,1,0
4952,49.53,34.1031494140625,1.877074231518093,76,4,0,1,1,1,1,0
4953,49.54,34.02912139892578,1.725511308615115,76,4,0,1,1,1,1,0
4954,49.55,33.652957916259766,1.8256485379833807,76,4,0,1,1,1,1,0
4955,49.56,34.11051940917969,1.813999238512818,76,4,0,1,1,1,1,0
4956,49.57,33.91629409790039,1.8316380783147832,76,4,0,1,1,1,1,0
4957,49.58,34.15571975708008,1.7062222849072122,76,4,0,1,1,1,1,0
4958,49.59,34.05276870727539,1.7596890417594788,76,4,0,1,1,1,1,0
4959,49.6,34.30913162231445,1.7210154042357957,76,4,0,1,1,1,1,0
4960,49.61,34.163272857666016,1.7235146006752327,76,4,0,1,1,1,1,0
4961,49.62,34.3402214050293,1.6910358798176925,76,5,1,1,1,1,1,0
4962,49.63,34.16151809692383,1.9191149614901104,76,4,0,1,1,1,1,0
4963,49.64,34.202110290527344,1.7990019875623462,76,4,0,1,1,1,1,0
4964,49.65,34.49199295043945,1.987816492375964,76,4,0,1,1,1,1,0
4965,49.66,34.11246871948242,1.9636205157287427,76,4,0,1,1,1,1,0
4966,49.67,34.39141845703125,1.853350048997714,76,4,0,1,1,1,1,0
4967,49.68,34.12654495239258,1.7770491282282164,76,4,0,1,1,1,1,0
4968,49.69,34.190040588378906,1.7647149151489407,76,4,0,1,1,1,1,0
4969,49.7,34.14316940307617,1.853940126492584,76,4,0,1,1,1,1,0
4970,49.71,34.29806900024414,1.7274859830618676,76,4,0,1,1,1,1,0
4971,49.72,33.949771881103516,1.7099139244358494,76,4,0,1,1,1,1,0
4972,49.73,34.101844787597656,1.7346997373445108,76,4,0,1,1,1,1,0
4973,49.74,34.34576416015625,1.8642133339234506,76,4,0,1,1,1,1,0
4974,49.75,34.20954895019531,2.0981430410258493,76,4,0,1,1,1,1,0
4975,49.76,34.19203186035156,1.775530238949419,76,4,0,1,1,1,1,0
4976,49.77,34.1611213684082,1.957499165152043,76,4,0,1,1,1,1,0
4977,49.78,34.13031768798828,1.8292363175318918,76,4,0,1,1,1,1,0
4978,49.79,34.235137939453125,1.858737626697324,76,4,0,1,1,1,1,0
4979,49.8,34.351619720458984,1.8712560986139744,76,4,0,1,1,1,1,0
4980,49.81,34.6267204284668,1.8202766753133788,76,4,0,1,1,1,1,0
4981,49.82,34.440521240234375,2.0825923434863314,76,4,0,1,1,1,1,0
4982,49.83,34.38680648803711,1.8467286982069047,76,4,0,1,1,1,1,0
4983,49.84,34.33574295043945,1.816393019951847,76,5,1,1,1,1,1,0
4984,49.85,34.06489181518555,1.834254768244608,76,5,1,1,1,1,1,0
4985,49.86,33.83570098876953,1.909792719277098,76,4,0,1,1,1,1,0
4986,49.87,33.8116569519043,1.9232561395942638,76,4,0,1,1,1,1,0
4987,49.88,34.094905853271484,1.9891241858868873,76,4,0,1,1,1,1,0
4988,49.89,34.065391540527344,1.7845148965046778,76,4,0,1,1,1,1,0
4989,49.9,34.382503509521484,1.8646198480601472,76,4,0,1,1,1,1,0
4990,49.91,34.49760818481445,1.7911474179683071,76,4,0,1,1,1,1,0
4991,49.92,34.20892333984375,1.9259845805804336,76,4,0,1,1,1,1,0
4992,49.93,34.15808868408203,1.9514603640602886,76,4,0,1,1,1,1,0
4993,49.94,34.53351593017578,1.806486765408916,76,4,0,1,1,1,1,0
4994,49.95,34.72364044189453,1.6486062057315514,76,4,0,1,1,1,1,0
4995,49.96,34.11223220825195,1.9538172546680685,76,4,0,1,1,1,1,0
4996,49.97,34.39778137207031,1.9544307244793921,76,4,0,1,1,1,1,0
4997,49.98,34.29437255859375,1.9800011413270917,76,4,0,1,1,1,1,0
4998,49.99,34.28615951538086,2.1838028920730497,76,4,0,1,1,1,1,0
4999,50.0,34.29032516479492,1.8532125328458244,76,4,0,1,1,1,1,0
5000,50.01,34.25800323486328,1.779436137871722,76,4,0,1,1,1,1,0
5001,50.02,34.20209884643555,1.8074861746008593,76,4,0,1,1,1,1,0
5002,50.03,34.1949348449707,2.0497340503418653,76,4,0,1,1,1,1,0
5003,50.04,34.4385871887207,1.8085383664610006,76,4,0,1,1,1,1,0
5004,50.05,34.482383728027344,1.794488108984353,76,4,0,1,1,1,1,0
5005,50.06,34.43244934082031,1.8392674281498766,76,4,0,1,1,1,1,0
5006,50.07,34.430355072021484,1.6696097862640564,76,4,0,1,1,1,1,0
5007,50.08,34.070796966552734,1.790476117885223,76,4,0,1,1,1,1,0
5008,50.09,34.38407897949219,1.7233121811386656,76,4,0,1,1,1,1,0
5009,50.1,34.17597961425781,1.704290739414531,76,4,0,1,1,1,1,0
5010,50.11,34.637359619140625,1.7605963884280178,76,4,0,1,1,1,1,0
5011,50.12,34.46443557739258,1.7799716630083737,76,4,0,1,1,1,1,0
5012,50.13,34.71173095703125,1.7917891553102825,76,4,0,1,1,1,1,0
5013,50.14,34.25868606567383,1.6943461981905945,76,4,0,1,1,1,1,0
5014,50.15,34.25601577758789,1.7056639180307365,76,4,0,1,1,1,1,0
5015,50.16,34.380496978759766,1.8860272833627199,76,4,0,1,1,1,1,0
5016,50.17,34.236785888671875,1.8293455293980947,76,4,0,1,1,1,1,0
5017,50.18,34.30195236206055,1.8311195384353016,76,4,0,1,1,1,1,0
5018,50.19,34.1064453125,1.6843447222228023,76,4,0,1,1,1,1,0
5019,50.2,33.870609283447266,1.8257051952176626,76,4,0,1,1,1,1,0
5020,50.21,33.94083786010742,1.6795526272214296,76,4,0,1,1,1,1,0
5021,50.22,33.682395935058594,1.7846527685183122,76,4,0,1,1,1,1,0
5022,50.23,33.85154724121094,1.8263043092085298,76,4,0,1,1,1,1,0
5023,50.24,34.04023742675781,1.7565288524885063,76,4,0,1,1,1,1,0
5024,50.25,34.2412109375,1.9747385528984447,76,4,0,1,1,1,1,0
5025,50.26,34.30801773071289,1.7734988640617755,76,4,0,1,1,1,1,0
5026,50.27,34.3284797668457,1.6293851102248273,76,4,0,1,1,1,1,0
5027,50.28,34.49947738647461,1.8427427474116151,76,4,0,1,1,1,1,0
5028,50.29,34.25745391845703,1.79100434838483,76,4,0,1,1,1,1,0
5029,50.3,34.1949462890625,1.9628819402800897,76,4,0,1,1,1,1,0
5030,50.31,34.20887756347656,1.9184875841670943,76,4,0,1,1,1,1,0
5031,50.32,33.84385681152344,2.0315481707263565,76,4,0,1,1,1,1,0
5032,50.33,33.7963752746582,1.8081504210841313,76,4,0,1,1,1,1,0
5033,50.34,34.27118682861328,2.0652101368268596,76,4,0,1,1,1,1,0
5034,50.35,33.8634033203125,1.8354846661464064,76,4,0,1,1,1,1,0
5035,50.36,34.167335510253906,1.8769653477462132,76,4,0,1,1,1,1,0
5036,50.37,34.005577087402344,1.824801086052971,76,4,0,1,1,1,1,0
5037,50.38,34.14031219482422,1.9968745033184676,76,4,0,1,1,1,1,0
5038,50.39,33.76886749267578,2.130421807877229,76,4,0,1,1,1,1,0
5039,50.4,33.82765579223633,1.8196949109949898,76,4,0,1,1,1,1,0
5040,50.41,33.72555160522461,1.8685310142607456,76,4,0,1,1,1,1,0
5041,50.42,33.83316421508789,1.8399457703809465,76,4,0,1,1,1,1,0
5042,50.43,33.674644470214844,1.9060169239074312,76,4,0,1,1,1,1,0
5043,50.44,34.144920349121094,1.9351737787653616,76,4,0,1,1,1,1,0
5044,50.45,33.76510238647461,1.9140804240258542,76,4,0,1,1,1,1,0
5045,50.46,33.90315246582031,1.8246371400322812,76,4,0,1,1,1,1,0
5046,50.47,33.632450103759766,1.6800879805140947,76,4,0,1,1,1,1,0
5047,50.48,33.36073303222656,1.9382741908719452,76,4,0,1,1,1,1,0
5048,50.49,34.1156120300293,1.7426445641368098,76,4,0,1,1,1,1,0
5049,50.5,34.023555755615234,1.7991654601933615,76,4,0,1,1,1,1,0
5050,50.51,33.885414123535156,1.6707757708154218,76,4,0,1,1,1,1,0
5051,50.52,33.9961051940918,1.980507305931992,76,4,0,1,1,1,1,0
5052,50.53,34.09566116333008,1.7366101021677793,76,4,0,1,1,1,1,0
5053,50.54,33.93817138671875,1.765078448750173,76,4,0,1,1,1,1,0
5054,50.55,34.080387115478516,1.7591202513873991,76,4,0,1,1,1,1,0
5055,50.56,33.79393768310547,1.9329526861135937,76,4,0,1,1,1,1,0
5056,50.57,33.92695617675781,1.9813132229449075,76,4,0,1,1,1,1,0
5057,50.58,34.09162139892578,1.7046372555261469,76,4,0,1,1,1,1,0
5058,50.59,34.0530891418457,1.821515801913814,76,4,0,1,1,1,1,0
5059,50.6,34.27491760253906,1.764627110156317,76,4,0,1,1,1,1,0
5060,50.61,34.184120178222656,1.977729136702966,76,4,0,1,1,1,1,0
5061,50.62,34.1291618347168,1.9164787467516933,76,4,0,1,1,1,1,0
5062,50.63,34.22871398925781,1.754822974777664,76,4,0,1,1,1,1,0
5063,50.64,34.06252670288086,1.9274073268541885,76,4,0,1,1,1,1,0
5064,50.65,34.35495376586914,1.898002834118799,76,4,0,1,1,1,1,0
5065,50.66,34.4019775390625,1.8085903183254997,76,4,0,1,1,1,1,0
5066,50.67,34.195865631103516,1.8212088525410464,76,4,0,1,1,1,1,0
5067,50.68,34.222957611083984,1.7971383693734573,76,4,0,1,1,1,1,0
5068,50.69,34.23134231567383,1.8942266322456682,76,4,0,1,1,1,1,0
5069,50.7,34.109310150146484,1.8725902275921096,76,4,0,1,1,1,1,0
5070,50.71,34.20741271972656,2.153790572600102,76,4,0,1,1,1,1,0
5071,50.72,34.183868408203125,1.7475089002865964,76,4,0,1,1,1,1,0
5072,50.73,34.08254623413086,1.7602854042173586,76,4,0,1,1,1,1,0
5073,50.74,33.972599029541016,1.9529727964142312,76,4,0,1,1,1,1,0
5074,50.75,34.19809341430664,1.9243998048203044,76,4,0,1,1,1,1,0
5075,50.76,34.11680221557617,1.8809071344914474,76,4,0,1,1,1,1,0
5076,50.77,34.06435775756836,1.6382342756082495,76,4,0,1,1,1,1,0
5077,50.78,34.0118408203125,1.6066772111393133,76,4,0,1,1,1,1,0
5078,50.79,34.094173431396484,1.775694304171972,76,4,0,1,1,1,1,0
5079,50.8,33.89435577392578,1.8956308125242085,76,4,0,1,1,1,1,0
5080,50.81,34.37272644042969,1.796055546000185,76,4,0,1,1,1,1,0
5081,50.82,34.0578727722168,1.8324263058613168,76,4,0,1,1,1,1,0
5082,50.83,34.082275390625,1.8579011716514582,76,4,0,1,1,1,1,0
5083,50.84,34.00841522216797,1.7606247564677737,76,4,0,1,1,1,1,0
5084,50.85,34.27891159057617,1.7126783345791097,76,4,0,1,1,1,1,0
5085,50.86,33.94511413574219,1.7982778499748835,76,4,0,1,1,1,1,0
5086,50.87,34.15956497192383,1.7870082263042977,76,4,0,1,1,1,1,0
5087,50.88,34.07695388793945,1.7920399435921217,76,5,1,1,1,1,1,0
5088,50.89,34.302207946777344,1.789247843670051,76,4,0,1,1,1,1,0
5089,50.9,34.078712463378906,1.9978515991636812,76,4,0,1,1,1,1,0
5090,50.91,34.30107879638672,2.114567464696303,76,4,0,1,1,1,1,0
5091,50.92,34.607147216796875,1.7716374606565384,76,4,0,1,1,1,1,0
5092,50.93,34.394737243652344,1.8380944481358112,76,4,0,1,1,1,1,0
5093,50.94,34.09902572631836,2.132510661451864,76,4,0,1,1,1,1,0
5094,50.95,34.241703033447266,2.118894897914957,76,4,0,1,1,1,1,0
5095,50.96,34.323543548583984,1.8190392106590252,76,4,0,1,1,1,1,0
5096,50.97,34.35386276245117,1.8149664042931246,76,4,0,1,1,1,1,0
5097,50.98,34.40388107299805,1.7061663775618854,76,4,0,1,1,1,1,0
5098,50.99,34.36835861206055,1.9318892060755426,76,4,0,1,1,1,1,0
5099,51.0,34.38392639160156,2.0372054383969265,76,4,0,1,1,1,1,0
5100,51.01,34.39637756347656,1.9279272007405428,76,4,0,1,1,1,1,0
5101,51.02,34.43412780761719,2.0911952712210793,76,4,0,1,1,1,1,0
5102,51.03,34.27322006225586,2.031875801292677,76,4,0,1,1,1,1,0
5103,51.04,34.464908599853516,1.902736322110732,76,4,0,1,1,1,1,0
5104,51.05,34.66830062866211,1.8182936338497786,76,4,0,1,1,1,1,0
5105,51.06,34.56324768066406,1.9018681603613916,76,4,0,1,1,1,1,0
5106,51.07,34.44603729248047,1.8053569561279283,76,4,0,1,1,1,1,0
5107,51.08,34.5428581237793,1.880267881018309,76,4,0,1,1,1,1,0
5108,51.09,34.312278747558594,1.8852359249743316,76,4,0,1,1,1,1,0
5109,51.1,34.30076217651367,1.8947570999450343,76,4,0,1,1,1,1,0
5110,51.11,34.477535247802734,1.760935063359973,76,4,0,1,1,1,1,0
5111,51.12,34.53134536743164,1.7990533348477649,76,4,0,1,1,1,1,0
5112,51.13,34.476505279541016,1.833303573141159,76,4,0,1,1,1,1,0
5113,51.14,34.45029067993164,1.9346575380235254,76,4,0,1,1,1,1,0
5114,51.15,34.26670837402344,1.9446576960202324,76,4,0,1,1,1,1,0
5115,51.16,34.01941680908203,1.9817931191999933,76,4,0,1,1,1,1,0
5116,51.17,34.31877517700195,2.070868398983855,76,4,0,1,1,1,1,0
5117,51.18,33.889198303222656,2.1117999328340455,76,4,0,1,1,1,1,0
5118,51.19,34.305049896240234,1.9389443232874197,76,4,0,1,1,1,1,0
5119,51.2,34.268646240234375,1.9448915772071136,76,4,0,1,1,1,1,0
5120,51.21,34.36975860595703,2.153132189564462,76,4,0,1,1,1,1,0
5121,51.22,34.41397476196289,1.912538472506137,76,4,0,1,1,1,1,0
5122,51.23,34.16337203979492,1.7693194849573437,76,4,0,1,1,1,1,0
5123,51.24,33.89679718017578,1.9089504334076375,76,4,0,1,1,1,1,0
5124,51.25,33.92767333984375,1.7725388632156742,76,4,0,1,1,1,1,0
5125,51.26,33.8382682800293,1.88639439015887,76,4,0,1,1,1,1,0
5126,51.27,34.26012420654297,1.8715249735512256,76,4,0,1,1,1,1,0
5127,51.28,34.609989166259766,1.9222373261127519,76,4,0,1,1,1,1,0
5128,51.29,34.404136657714844,1.7009993705614566,76,4,0,1,1,1,1,0
5129,51.3,34.253662109375,1.8884144384092783,76,4,0,1,1,1,1,0
5130,51.31,34.16519546508789,1.8721361943152024,76,4,0,1,1,1,1,0
5131,51.32,34.32547378540039,1.7887700224920482,76,4,0,1,1,1,1,0
5132,51.33,34.13822555541992,1.8677555421133865,76,4,0,1,1,1,1,0
5133,51.34,34.22953414916992,1.7363480674130989,76,4,0,1,1,1,1,0
5134,51.35,34.000404357910156,1.8596772486116455,76,4,0,1,1,1,1,0
5135,51.36,34.04591751098633,1.9035482863571362,76,4,0,1,1,1,1,0
5136,51.37,33.984703063964844,1.8422540094160726,76,4,0,1,1,1,1,0
5137,51.38,34.46200942993164,1.7596024601812186,76,4,0,1,1,1,1,0
5138,51.39,34.77968978881836,1.9204433994147785,76,4,0,1,1,1,1,0
5139,51.4,34.673675537109375,1.9830522396832186,76,4,0,1,1,1,1,0
5140,51.41,34.34565734863281,1.9093473228047078,76,4,0,1,1,1,1,0
5141,51.42,34.354679107666016,1.8257314860078713,76,4,0,1,1,1,1,0
5142,51.43,34.41716003417969,1.7909461354311438,76,4,0,1,1,1,1,0
5143,51.44,34.17076110839844,1.8455599746092213,76,4,0,1,1,1,1,0
5144,51.45,34.00242233276367,1.8031387226003164,76,4,0,1,1,1,1,0
5145,51.46,34.287654876708984,1.9306504927366281,76,4,0,1,1,1,1,0
5146,51.47,34.573673248291016,1.775752297460236,76,4,0,1,1,1,1,0
5147,51.48,33.9466552734375,2.0007967498719674,76,4,0,1,1,1,1,0
5148,51.49,33.85523223876953,1.8261961270136946,76,4,0,1,1,1,1,0
5149,51.5,33.93459701538086,1.7856676557394546,76,4,0,1,1,1,1,0
5150,51.51,33.899635314941406,1.789103875922334,76,4,0,1,1,1,1,0
5151,51.52,34.44740676879883,2.0137767336823824,76,4,0,1,1,1,1,0
5152,51.53,34.28696823120117,1.929273204832559,76,4,0,1,1,1,1,0
5153,51.54,34.72612380981445,1.9103376208031209,76,4,0,1,1,1,1,0
5154,51.55,34.7943000793457,1.8844918972318008,76,4,0,1,1,1,1,0
5155,51.56,34.36203384399414,2.009401588756395,76,4,0,1,1,1,1,0
5156,51.57,34.607810974121094,1.8776030133048967,76,4,0,1,1,1,1,0
5157,51.58,34.434017181396484,1.8425528257116053,76,4,0,1,1,1,1,0
5158,51.59,34.27650833129883,2.0753069054562805,76,4,0,1,1,1,1,0
5159,51.6,34.28718948364258,1.947972635253337,76,4,0,1,1,1,1,0
5160,51.61,34.29490661621094,1.9662144743498187,76,4,0,1,1,1,1,0
5161,51.62,34.404361724853516,2.0182666782521,76,4,0,1,1,1,1,0
5162,51.63,34.53638458251953,1.8091692329918936,76,4,0,1,1,1,1,0
5163,51.64,34.086875915527344,1.8597298949015986,76,4,0,1,1,1,1,0
5164,51.65,34.57688522338867,1.9610204025720928,76,4,0,1,1,1,1,0
5165,51.66,34.25371170043945,1.9430344444193424,76,4,0,1,1,1,1,0
5166,51.67,34.31582260131836,1.9146550127269426,76,4,0,1,1,1,1,0
5167,51.68,34.3938102722168,1.7551328186176791,76,4,0,1,1,1,1,0
5168,51.69,34.02903747558594,1.9847690276902925,76,4,0,1,1,1,1,0
5169,51.7,34.17566680908203,1.9547389386469403,76,4,0,1,1,1,1,0
5170,51.71,34.104068756103516,1.9388906897860183,76,4,0,1,1,1,1,0
5171,51.72,33.902015686035156,1.8502182958548312,76,4,0,1,1,1,1,0
5172,51.73,34.00185775756836,1.7636897662295734,76,4,0,1,1,1,1,0
5173,51.74,33.78601837158203,1.7681900529225663,76,4,0,1,1,1,1,0
5174,51.75,33.488704681396484,1.7152865641558794,76,4,0,1,1,1,1,0
5175,51.76,33.77987289428711,2.021730986240875,76,4,0,1,1,1,1,0
5176,51.77,33.7624397277832,1.8874332789091182,76,5,1,1,1,1,1,0
5177,51.78,34.044124603271484,1.7298004948272903,76,5,1,1,1,1,1,0
5178,51.79,33.7579345703125,1.7834248364723582,76,4,0,1,1,1,1,0
5179,51.8,33.73875427246094,1.9648429283742772,76,5,1,1,1,1,1,0
5180,51.81,33.37771987915039,1.9285498259471308,76,5,1,1,1,1,1,0
5181,51.82,33.639156341552734,1.7951364615224685,76,5,1,1,1,1,1,0
5182,51.83,33.55641174316406,1.76266522222621,76,5,1,1,1,1,1,0
5183,51.84,33.51482009887695,1.725720101695688,76,5,1,1,1,1,1,0
5184,51.85,33.40673828125,1.7908650589319528,76,5,1,1,1,1,1,0
5185,51.86,33.45207595825195,1.7225867031873676,76,5,1,1,1,1,1,0
5186,51.87,33.40583419799805,1.7660701915675607,76,5,1,1,1,1,1,0
5187,51.88,33.57288360595703,1.714234726883517,76,5,1,1,1,1,1,0
5188,51.89,33.732749938964844,1.7125751589182436,76,5,1,1,1,1,1,0
5189,51.9,33.912353515625,1.697938485912661,76,5,1,1,1,1,1,0
5190,51.91,33.77421569824219,1.7229313883552806,76,5,1,1,1,1,1,0
5191,51.92,33.675514221191406,1.7694625400614146,76,5,1,1,1,1,1,0
5192,51.93,33.30475616455078,1.8472920161657849,76,5,1,1,1,1,1,0
5193,51.94,33.357452392578125,1.791449903900033,76,5,1,1,1,1,1,0
5194,51.95,33.548580169677734,1.7402581762280818,76,5,1,1,1,1,1,0
5195,51.96,33.46333694458008,1.707983326458877,76,5,1,1,1,1,1,0
5196,51.97,33.5541877746582,1.8181836112743777,76,5,1,1,1,1,1,0
5197,51.98,33.726078033447266,1.7282942147218268,76,5,1,1,1,1,1,0
5198,51.99,33.817047119140625,1.8333581731807231,76,5,1,1,1,1,1,0
5199,52.0,33.85480880737305,1.7377280141416795,76,5,1,1,1,1,1,0
5200,52.01,33.89697265625,1.817967648377895,76,5,1,1,1,1,1,0
5201,52.02,34.14509963989258,1.737525856321485,76,5,1,1,1,1,1,0
5202,52.03,34.15406799316406,1.7490848773082408,76,5,1,1,1,1,1,0
5203,52.04,33.768890380859375,1.788182530420244,76,5,1,1,1,1,1,0
5204,52.05,33.51936721801758,1.7949101383757653,76,5,1,1,1,1,1,0
5205,52.06,34.0057373046875,1.811683463709715,76,5,1,1,1,1,1,0
5206,52.07,33.80207061767578,1.9402312410346048,76,5,1,1,1,1,1,0
5207,52.08,33.809913635253906,1.76164969680716,76,5,1,1,1,1,1,0
5208,52.09,33.674957275390625,1.707892537831981,76,5,1,1,1,1,1,0
5209,52.1,33.91806411743164,1.749083688680385,76,5,1,1,1,1,1,0
5210,52.11,33.90973663330078,1.7805626569280506,76,5,1,1,1,1,1,0
5211,52.12,33.92396926879883,1.6371019017523407,76,5,1,1,1,1,1,0
5212,52.13,33.83079528808594,1.782810414216945,76,5,1,1,1,1,1,0
5213,52.14,34.116058349609375,1.7397389814693567,76,5,1,1,1,1,1,0
5214,52.15,33.92959976196289,1.7483124466605928,76,5,1,1,1,1,1,0
5215,52.16,33.92445373535156,1.8287387132637627,76,5,1,1,1,1,1,0
5216,52.17,34.07396697998047,1.901632177304513,76,5,1,1,1,1,1,0
5217,52.18,33.9304313659668,1.6974705428681454,76,5,1,1,1,1,1,0
5218,52.19,33.89497375488281,1.6367380345595588,76,5,1,1,1,1,1,0
5219,52.2,33.73917007446289,1.9435516691947552,76,5,1,1,1,1,1,0
5220,52.21,33.74391174316406,1.7529681102304697,76,5,1,1,1,1,1,0
5221,52.22,33.743919372558594,1.7925950114295806,76,5,1,1,1,1,1,0
5222,52.23,33.955562591552734,1.9279755694658072,76,5,1,1,1,1,1,0
5223,52.24,34.2527961730957,1.844614878005308,76,5,1,1,1,1,1,0
5224,52.25,34.15094757080078,1.705462477710919,76,5,1,1,1,1,1,0
5225,52.26,34.36791229248047,1.7607043330939491,76,5,1,1,1,1,1,0
5226,52.27,34.36956787109375,1.8556649320657543,76,5,1,1,1,1,1,0
5227,52.28,34.21506118774414,1.857798864218966,76,5,1,1,1,1,1,0
5228,52.29,34.13825225830078,1.77814345075874,76,5,1,1,1,1,1,0
5229,52.3,33.904117584228516,1.8490248284404749,76,5,1,1,1,1,1,0
5230,52.31,33.98796844482422,1.6968839545127488,76,5,1,1,1,1,1,0
5231,52.32,33.844486236572266,1.942914045246029,76,5,1,1,1,1,1,0
5232,52.33,34.2513313293457,1.8514832896282014,76,5,1,1,1,1,1,0
5233,52.34,33.990840911865234,1.6910050021154275,76,5,1,1,1,1,1,0
5234,52.35,33.799312591552734,1.7555971039633373,76,5,1,1,1,1,1,0
5235,52.36,33.59114456176758,1.7393083684234665,76,5,1,1,1,1,1,0
5236,52.37,33.82432556152344,1.6608708664186276,76,5,1,1,1,1,1,0
5237,52.38,33.454795837402344,1.989494267140033,76,5,1,1,1,1,1,0
5238,52.39,33.74773406982422,1.885364185639577,76,5,1,1,1,1,1,0
5239,52.4,33.75862121582031,1.9996485035070635,76,5,1,1,1,1,1,0
5240,52.41,33.98304748535156,1.819589103175935,76,5,1,1,1,1,1,0
5241,52.42,33.917320251464844,1.830437268824321,76,5,1,1,1,1,1,0
5242,52.43,33.7760124206543,1.7991658206385759,76,5,1,1,1,1,1,0
5243,52.44,33.55986022949219,1.6894049957085218,76,5,1,1,1,1,1,0
5244,52.45,33.52267074584961,2.2084140334292353,76,5,1,1,1,1,1,0
5245,52.46,33.54808807373047,1.954434608600903,76,5,1,1,1,1,1,0
5246,52.47,33.782962799072266,1.9846662349368878,76,5,1,1,1,1,1,0
5247,52.48,33.83338928222656,1.8917989099926142,76,5,1,1,1,1,1,0
5248,52.49,33.64784240722656,2.1349003888760865,76,5,1,1,1,1,1,0
5249,52.5,34.11302947998047,1.9246017931987922,76,5,1,1,1,1,1,0
5250,52.51,34.31570053100586,1.923691474369388,76,5,1,1,1,1,1,0
5251,52.52,33.96103286743164,1.9017108282027086,76,5,1,1,1,1,1,0
5252,52.53,33.939430236816406,1.9499998043760192,76,5,1,1,1,1,1,0
5253,52.54,33.64813995361328,2.0025471976821403,76,5,1,1,1,1,1,0
5254,52.55,33.66994857788086,2.030913356270141,76,5,1,1,1,1,1,0
5255,52.56,33.83769989013672,2.1587967247890347,76,5,1,1,1,1,1,0
5256,52.57,33.65497970581055,1.996851344586442,76,5,1,1,1,1,1,0
5257,52.58,33.64124298095703,1.9243718885759176,76,5,1,1,1,1,1,0
5258,52.59,33.59392547607422,2.2075791721689746,76,5,1,1,1,1,1,0
5259,52.6,33.268653869628906,2.019756221240245,76,5,1,1,1,1,1,0
5260,52.61,33.31464767456055,2.0148206630071384,76,5,1,1,1,1,1,0
5261,52.62,33.389076232910156,1.97549981238016,76,5,1,1,1,1,1,0
5262,52.63,33.12738800048828,2.1813291337064835,76,5,1,1,1,1,1,0
5263,52.64,33.191184997558594,2.11452487957187,76,5,1,1,1,1,1,0
5264,52.65,33.259822845458984,1.850515434427702,76,5,1,1,1,1,1,0
5265,52.66,33.346134185791016,1.9880871175517218,76,5,1,1,1,1,1,0
5266,52.67,33.710365295410156,1.950743090945985,76,5,1,1,1,1,1,0
5267,52.68,33.575286865234375,1.827592159093888,76,5,1,1,1,1,1,0
5268,52.69,33.71977996826172,1.8522179265080934,76,5,1,1,1,1,1,0
5269,52.7,33.83049392700195,1.7767650654836766,76,5,1,1,1,1,1,0
5270,52.71,33.341064453125,1.6803002725052705,76,5,1,1,1,1,1,0
5271,52.72,33.58618927001953,1.871154409256352,76,5,1,1,1,1,1,0
5272,52.73,33.548301696777344,1.7697715560169938,76,5,1,1,1,1,1,0
5273,52.74,33.57823944091797,2.0864574956851083,76,5,1,1,1,1,1,0
5274,52.75,33.40950393676758,1.7884364053580268,76,5,1,1,1,1,1,0
5275,52.76,33.852996826171875,1.7612222424346553,76,5,1,1,1,1,1,0
5276,52.77,33.72321701049805,1.9033920049684367,76,5,1,1,1,1,1,0
5277,52.78,33.46711349487305,1.8385046521838637,76,5,1,1,1,1,1,0
5278,52.79,33.76215362548828,1.8167279285062725,76,4,0,1,1,1,1,0
5279,52.8,33.48704528808594,1.7727639216882138,76,5,1,1,1,1,1,0
5280,52.81,33.69169616699219,1.9278465028901786,76,4,0,1,1,1,1,0
5281,52.82,34.11875915527344,1.754109974772716,76,5,1,1,1,1,1,0
5282,52.83,34.27562713623047,1.6486639608640277,76,4,0,1,1,1,1,0
5283,52.84,33.88329315185547,1.7505710999665867,76,5,1,1,1,1,1,0
5284,52.85,33.96156692504883,1.7002670195191258,76,5,1,1,1,1,1,0
5285,52.86,33.85561752319336,1.8271851942968798,76,5,1,1,1,1,1,0
5286,52.87,34.13161849975586,1.7700006948364917,76,4,0,1,1,1,1,0
5287,52.88,34.24184799194336,1.7454749489094588,76,5,1,1,1,1,1,0
5288,52.89,34.49695587158203,1.738331263329707,76,5,1,1,1,1,1,0
5289,52.9,34.187503814697266,1.8695972702615948,76,5,1,1,1,1,1,0
5290,52.91,34.28830337524414,1.8369800190125019,76,4,0,1,1,1,1,0
5291,52.92,34.32431411743164,1.8125677502883526,76,5,1,1,1,1,1,0
5292,52.93,34.510398864746094,1.8143037281251582,76,5,1,1,1,1,1,0
5293,52.94,34.18901824951172,1.687185492249509,76,5,1,1,1,1,1,0
5294,52.95,34.18684005737305,1.6682273795108795,76,5,1,1,1,1,1,0
5295,52.96,34.41597366333008,1.7747120127740903,76,5,1,1,1,1,1,0
5296,52.97,34.308326721191406,1.8007232861652593,76,5,1,1,1,1,1,0
5297,52.98,34.167442321777344,1.6888417350249636,76,5,1,1,1,1,1,0
5298,52.99,34.08094787597656,1.8936189862262736,76,5,1,1,1,1,1,0
5299,53.0,34.25051498413086,1.719712082478925,76,5,1,1,1,1,1,0
5300,53.01,34.1307487487793,1.8160430668573382,76,5,1,1,1,1,1,0
5301,53.02,34.03912353515625,1.7074876235869345,76,5,1,1,1,1,1,0
5302,53.03,33.8309440612793,1.8067650362591439,76,5,1,1,1,1,1,0
5303,53.04,33.9161491394043,1.828219371900466,76,5,1,1,1,1,1,0
5304,53.05,33.68131637573242,1.6974388046364677,76,5,1,1,1,1,1,0
5305,53.06,33.832706451416016,1.8414364233438987,76,5,1,1,1,1,1,0
5306,53.07,33.829078674316406,1.8330591066520365,76,5,1,1,1,1,1,0
5307,53.08,33.68872833251953,1.8118743368067454,76,5,1,1,1,1,1,0
5308,53.09,33.961246490478516,1.8930671565734747,76,5,1,1,1,1,1,0
5309,53.1,33.95304870605469,1.7456493999090024,76,5,1,1,1,1,1,0
5310,53.11,33.830467224121094,1.9181477457547202,76,5,1,1,1,1,1,0
5311,53.12,33.7838020324707,1.7559658816151382,76,5,1,1,1,1,1,0
5312,53.13,34.04620361328125,1.6594892828461076,76,5,1,1,1,1,1,0
5313,53.14,33.93932342529297,1.8090297184892212,76,5,1,1,1,1,1,0
5314,53.15,33.75312805175781,1.7324578966833368,76,5,1,1,1,1,1,0
5315,53.16,33.481849670410156,1.7640294907554064,76,5,1,1,1,1,1,0
5316,53.17,33.580047607421875,1.8355123963513729,76,5,1,1,1,1,1,0
5317,53.18,33.693458557128906,1.751968918025012,76,5,1,1,1,1,1,0
5318,53.19,33.4760856628418,1.6770500277741724,76,5,1,1,1,1,1,0
5319,53.2,33.28904342651367,1.6807428488763856,76,5,1,1,1,1,1,0
5320,53.21,33.25227355957031,1.716074271549189,76,5,1,1,1,1,1,0
5321,53.22,33.245384216308594,1.7270234506494855,76,5,1,1,1,1,1,0
5322,53.23,33.59346008300781,1.794020848048251,76,5,1,1,1,1,1,0
5323,53.24,33.73646926879883,1.6994412273549608,76,5,1,1,1,1,1,0
5324,53.25,33.81428527832031,1.7881272229498493,76,5,1,1,1,1,1,0
5325,53.26,33.70953369140625,1.7742018899244936,76,5,1,1,1,1,1,0
5326,53.27,33.37340545654297,1.8006954545054765,76,5,1,1,1,1,1,0
5327,53.28,33.8564567565918,1.8633555016666972,76,5,1,1,1,1,1,0
5328,53.29,33.60783767700195,1.7976084805644474,76,5,1,1,1,1,1,0
5329,53.3,33.50942611694336,1.9588763982928603,76,5,1,1,1,1,1,0
5330,53.31,33.42291259765625,1.8254340433806509,76,5,1,1,1,1,1,0
5331,53.32,33.573585510253906,1.8111025618747185,76,5,1,1,1,1,1,0
5332,53.33,33.41806411743164,1.7383620794068422,76,5,1,1,1,1,1,0
5333,53.34,33.12717056274414,1.671105215783148,76,6,1,1,1,1,1,1
5334,53.35,33.32175827026367,1.891667970005475,76,5,1,1,1,1,1,0
5335,53.36,33.656097412109375,1.8042433173971097,76,6,1,1,1,1,1,1
5336,53.37,33.584720611572266,1.9117016566904796,76,5,1,1,1,1,1,0
5337,53.38,33.809783935546875,1.905364466772155,76,5,1,1,1,1,1,0
5338,53.39,33.494834899902344,1.9000269090886988,76,6,1,1,1,1,1,1
5339,53.4,33.32526397705078,1.656499769275967,76,6,1,1,1,1,1,1
5340,53.41,33.50830078125,1.8206863576318921,76,6,1,1,1,1,1,1
5341,53.42,33.71157455444336,1.821482235483596,76,6,1,1,1,1,1,1
5342,53.43,33.70087432861328,1.8184322278345186,76,6,1,1,1,1,1,1
5343,53.44,33.91504669189453,1.890769158535774,76,6,1,1,1,1,1,1
5344,53.45,33.88555908203125,1.7849945512852046,76,6,1,1,1,1,1,1
5345,53.46,33.74307632446289,1.8013886393471537,76,4,0,1,1,1,1,0
5346,53.47,34.05166244506836,1.8222241211450012,76,5,1,1,1,1,1,0
5347,53.48,34.04743576049805,1.8897867790953031,76,5,1,1,1,1,1,0
5348,53.49,34.15081787109375,1.8809826364737563,76,5,1,1,1,1,1,0
5349,53.5,33.91695785522461,1.6903890723993833,76,5,1,1,1,1,1,0
5350,53.51,33.54664993286133,1.6177481921707595,76,5,1,1,1,1,1,0
5351,53.52,33.5598258972168,1.801424242519376,76,5,1,1,1,1,1,0
5352,53.53,33.28367614746094,1.671200239860882,76,5,1,1,1,1,1,0
5353,53.54,33.46246337890625,1.7242940804086808,76,5,1,1,1,1,1,0
5354,53.55,33.29395294189453,1.609161382212857,76,5,1,1,1,1,1,0
5355,53.56,33.41864776611328,1.8408955331167487,76,5,1,1,1,1,1,0
5356,53.57,33.454341888427734,1.6933681381362449,76,5,1,1,1,1,1,0
5357,53.58,33.48239517211914,1.7988358280758887,76,5,1,1,1,1,1,0
5358,53.59,33.34480667114258,1.6229332423979357,76,5,1,1,1,1,1,0
5359,53.6,33.53248977661133,1.8341783826506992,76,5,1,1,1,1,1,0
5360,53.61,33.694034576416016,1.6996405421337168,76,5,1,1,1,1,1,0
5361,53.62,33.73878860473633,1.71397293254851,76,5,1,1,1,1,1,0
5362,53.63,33.76798629760742,1.6886107889320212,76,5,1,1,1,1,1,0
5363,53.64,33.790504455566406,1.6080092230818877,76,5,1,1,1,1,1,0
5364,53.65,33.716285705566406,1.6504875729692048,76,5,1,1,1,1,1,0
5365,53.66,33.7403450012207,1.6186773754979564,76,5,1,1,1,1,1,0
5366,53.67,33.645729064941406,1.7231132357109005,76,5,1,1,1,1,1,0
5367,53.68,33.54322052001953,1.579208682885986,76,5,1,1,1,1,1,0
5368,53.69,33.280887603759766,1.7007657016379665,76,5,1,1,1,1,1,0
5369,53.7,33.73691940307617,1.6454225038247983,76,6,1,1,1,1,1,1
5370,53.71,33.61531448364258,1.7451944792632503,76,5,1,1,1,1,1,0
5371,53.72,33.90992736816406,1.6521799578084908,76,5,1,1,1,1,1,0
5372,53.73,33.641693115234375,1.5763221989221983,76,5,1,1,1,1,1,0
5373,53.74,33.6934928894043,1.7051106816962565,76,5,1,1,1,1,1,0
5374,53.75,33.57340621948242,1.655687843129808,76,5,1,1,1,1,1,0
5375,53.76,33.614994049072266,1.6530266024014828,76,6,1,1,1,1,1,1
5376,53.77,33.41378402709961,1.6388362933482161,76,5,1,1,1,1,1,0
5377,53.78,33.563961029052734,1.7755230307780219,76,5,1,1,1,1,1,0
5378,53.79,33.561859130859375,1.7746592733597346,76,5,1,1,1,1,1,0
5379,53.8,33.75272750854492,1.669879175259469,76,5,1,1,1,1,1,0
5380,53.81,33.59524154663086,1.7960748796160841,76,6,1,1,1,1,1,1
5381,53.82,33.95939254760742,1.6928664768894675,76,6,1,1,1,1,1,1
5382,53.83,33.86187744140625,1.6769354699066286,76,5,1,1,1,1,1,0
5383,53.84,33.69157028198242,1.763748251567479,76,5,1,1,1,1,1,0
5384,53.85,33.762752532958984,1.632698274639258,76,5,1,1,1,1,1,0
5385,53.86,33.97672653198242,1.7894425488479981,76,5,1,1,1,1,1,0
5386,53.87,33.621124267578125,1.6549035667191723,76,5,1,1,1,1,1,0
5387,53.88,33.60456085205078,1.644170456182707,76,5,1,1,1,1,1,0
5388,53.89,33.22465515136719,1.7207531340333106,76,5,1,1,1,1,1,0
5389,53.9,33.32892990112305,1.7242128012365892,76,5,1,1,1,1,1,0
5390,53.91,33.106380462646484,1.6940477834967624,76,5,1,1,1,1,1,0
5391,53.92,33.26059341430664,1.7269909854359686,76,5,1,1,1,1,1,0
5392,53.93,33.0680046081543,1.7119893563224629,76,5,1,1,1,1,1,0
5393,53.94,32.98712158203125,1.6122642006404937,76,5,1,1,1,1,1,0
5394,53.95,33.61577606201172,1.7150206708642566,76,5,1,1,1,1,1,0
5395,53.96,33.70780563354492,1.7667447625481625,76,5,1,1,1,1,1,0
5396,53.97,33.861087799072266,1.7461107014720225,76,5,1,1,1,1,1,0
5397,53.98,33.55707550048828,1.7159834108105574,76,5,1,1,1,1,1,0
5398,53.99,33.596927642822266,1.9130052660582175,76,5,1,1,1,1,1,0
5399,54.0,33.320308685302734,1.6962339571719576,76,5,1,1,1,1,1,0
5400,54.01,33.282596588134766,1.8557228107382735,76,5,1,1,1,1,1,0
5401,54.02,33.31796646118164,1.9300017085112369,76,5,1,1,1,1,1,0
5402,54.03,33.33234786987305,1.7249646257849085,76,5,1,1,1,1,1,0
5403,54.04,33.030277252197266,1.6748106436703456,76,5,1,1,1,1,1,0
5404,54.05,32.98299026489258,1.9177595998809276,76,5,1,1,1,1,1,0
5405,54.06,33.26967239379883,1.9065405396239405,76,5,1,1,1,1,1,0
5406,54.07,33.04283142089844,1.7461062337959024,76,5,1,1,1,1,1,0
5407,54.08,33.252220153808594,1.7818233537960781,76,5,1,1,1,1,1,0
5408,54.09,33.232093811035156,1.791758661981867,76,5,1,1,1,1,1,0
5409,54.1,33.19356918334961,1.6693105715946381,76,5,1,1,1,1,1,0
5410,54.11,32.96870040893555,1.7310341645033251,76,5,1,1,1,1,1,0
5411,54.12,33.07707977294922,1.8246341921905753,76,5,1,1,1,1,1,0
5412,54.13,33.070472717285156,1.7273421678930851,76,5,1,1,1,1,1,0
5413,54.14,33.1635627746582,1.727194387341721,76,5,1,1,1,1,1,0
5414,54.15,33.264312744140625,1.797582393874961,76,5,1,1,1,1,1,0
5415,54.16,33.13188171386719,1.7686711477267305,76,5,1,1,1,1,1,0
5416,54.17,33.03743362426758,1.762527448292236,76,5,1,1,1,1,1,0
5417,54.18,33.44186019897461,1.6686802904539415,76,5,1,1,1,1,1,0
5418,54.19,33.23211669921875,1.9214072756429872,76,5,1,1,1,1,1,0
5419,54.2,33.07069778442383,1.7532807078117525,76,5,1,1,1,1,1,0
5420,54.21,33.26575469970703,1.93763181807601,76,5,1,1,1,1,1,0
5421,54.22,33.40304946899414,1.9181760906586651,76,5,1,1,1,1,1,0
5422,54.23,33.54302215576172,1.9405201598093142,76,5,1,1,1,1,1,0
5423,54.24,33.67066955566406,1.6982600672097963,76,5,1,1,1,1,1,0
5424,54.25,33.37495040893555,1.6870696780268957,76,5,1,1,1,1,1,0
5425,54.26,33.540985107421875,1.6212986523400628,76,5,1,1,1,1,1,0
5426,54.27,33.09571838378906,1.8570946749466302,76,5,1,1,1,1,1,0
5427,54.28,33.17882537841797,1.805883273695022,76,5,1,1,1,1,1,0
5428,54.29,33.369789123535156,1.4914431410006748,76,5,1,1,1,1,1,0
5429,54.3,33.28846740722656,1.7514012578495992,76,5,1,1,1,1,1,0
5430,54.31,33.796810150146484,1.674545738457428,76,5,1,1,1,1,1,0
5431,54.32,33.48268127441406,1.9160894763907619,76,5,1,1,1,1,1,0
5432,54.33,33.47186279296875,1.7858359910106083,76,5,1,1,1,1,1,0
5433,54.34,33.590641021728516,1.8999705005230307,76,5,1,1,1,1,1,0
5434,54.35,33.30192947387695,1.696526826943884,76,5,1,1,1,1,1,0
5435,54.36,33.31859588623047,1.9886936412356346,76,5,1,1,1,1,1,0
5436,54.37,33.91349792480469,1.772819288849137,76,5,1,1,1,1,1,0
5437,54.38,33.43058776855469,1.98566998607427,76,5,1,1,1,1,1,0
5438,54.39,33.611324310302734,1.7146984286774434,76,5,1,1,1,1,1,0
5439,54.4,33.53963088989258,1.8347191219910355,76,4,0,1,1,1,1,0
5440,54.41,34.158233642578125,1.794744747791151,76,5,1,1,1,1,1,0
5441,54.42,34.101837158203125,1.6427363897180272,76,5,1,1,1,1,1,0
5442,54.43,33.827049255371094,1.7521709878852438,76,5,1,1,1,1,1,0
5443,54.44,33.958866119384766,1.7661833633009703,76,5,1,1,1,1,1,0
5444,54.45,33.625038146972656,1.6781214101761823,76,5,1,1,1,1,1,0
5445,54.46,33.800567626953125,1.8236490754308081,76,5,1,1,1,1,1,0
5446,54.47,33.54669189453125,1.6504559251208581,76,5,1,1,1,1,1,0
5447,54.48,33.761634826660156,1.8025859068495178,76,5,1,1,1,1,1,0
5448,54.49,33.99271774291992,1.9931133054843322,76,5,1,1,1,1,1,0
5449,54.5,33.763999938964844,2.1159359798491706,76,5,1,1,1,1,1,0
5450,54.51,33.81370162963867,1.64842046653963,76,5,1,1,1,1,1,0
5451,54.52,34.05360412597656,1.7026128978571569,76,5,1,1,1,1,1,0
5452,54.53,33.870574951171875,1.771694380988369,76,5,1,1,1,1,1,0
5453,54.54,34.40223693847656,1.8610223839773652,76,5,1,1,1,1,1,0
5454,54.55,34.28196716308594,1.6806219602753212,76,4,0,1,1,1,1,0
5455,54.56,33.811119079589844,1.7262993887164573,76,5,1,1,1,1,1,0
5456,54.57,33.8896484375,1.8282779107778588,76,5,1,1,1,1,1,0
5457,54.58,33.72665786743164,1.7539397690463514,76,5,1,1,1,1,1,0
5458,54.59,33.70765686035156,1.724699483600185,76,5,1,1,1,1,1,0
5459,54.6,33.579978942871094,2.018439660184944,76,5,1,1,1,1,1,0
5460,54.61,33.662109375,1.8500242237904898,76,5,1,1,1,1,1,0
5461,54.62,33.62553024291992,1.865717716335958,76,4,0,1,1,1,1,0
5462,54.63,34.11553955078125,1.8504354527404012,76,4,0,1,1,1,1,0
5463,54.64,33.82583999633789,1.6843089203944004,76,5,1,1,1,1,1,0
5464,54.65,33.69525909423828,1.9262921181579562,76,4,0,1,1,1,1,0
5465,54.66,33.620765686035156,1.9140032978743455,76,5,1,1,1,1,1,0
5466,54.67,33.34339141845703,1.8860785671512366,76,5,1,1,1,1,1,0
5467,54.68,33.381595611572266,1.6801493305885995,76,4,0,1,1,1,1,0
5468,54.69,33.47365188598633,1.8300536321904504,76,4,0,1,1,1,1,0
5469,54.7,33.52488708496094,1.7998874815652381,76,5,1,1,1,1,1,0
5470,54.71,33.63481521606445,2.00743620205106,76,5,1,1,1,1,1,0
5471,54.72,33.29425811767578,1.7954635752590526,76,5,1,1,1,1,1,0
5472,54.73,33.06453323364258,1.7384447377520371,76,5,1,1,1,1,1,0
5473,54.74,33.210758209228516,1.6604234183059416,76,5,1,1,1,1,1,0
5474,54.75,33.39331817626953,1.9348667065375875,76,5,1,1,1,1,1,0
5475,54.76,33.1262092590332,1.887989947665706,76,5,1,1,1,1,1,0
5476,54.77,33.464107513427734,1.6807768315444993,76,5,1,1,1,1,1,0
5477,54.78,33.217227935791016,1.7663811615411036,76,5,1,1,1,1,1,0
5478,54.79,33.51982879638672,1.8361633878699248,76,5,1,1,1,1,1,0
5479,54.8,33.16153335571289,1.704991151676577,76,5,1,1,1,1,1,0
5480,54.81,33.11137008666992,1.7251940331212186,76,5,1,1,1,1,1,0
5481,54.82,33.2397575378418,1.7288459897962942,76,5,1,1,1,1,1,0
5482,54.83,32.98056411743164,1.7930365868465237,76,5,1,1,1,1,1,0
5483,54.84,33.516693115234375,1.9080344167232874,76,5,1,1,1,1,1,0
5484,54.85,33.73832702636719,1.8050444376168377,76,5,1,1,1,1,1,0
5485,54.86,33.54829025268555,1.832292861370922,76,5,1,1,1,1,1,0
5486,54.87,33.27874755859375,1.8433119294698672,76,5,1,1,1,1,1,0
5487,54.88,33.752742767333984,1.8866136713814692,76,5,1,1,1,1,1,0
5488,54.89,33.91905212402344,1.8935129576562317,76,5,1,1,1,1,1,0
5489,54.9,34.06264877319336,1.705579089505577,76,5,1,1,1,1,1,0
5490,54.91,33.731414794921875,1.8141946305716636,76,5,1,1,1,1,1,0
5491,54.92,33.57918167114258,1.7377307142637146,76,5,1,1,1,1,1,0
5492,54.93,33.57487869262695,1.977268410881141,76,5,1,1,1,1,1,0
5493,54.94,33.18497848510742,1.7472840492584378,76,5,1,1,1,1,1,0
5494,54.95,33.32542419433594,1.8770222037987163,76,5,1,1,1,1,1,0
5495,54.96,33.502559661865234,1.7079499186215146,76,5,1,1,1,1,1,0
5496,54.97,33.807918548583984,1.8856593363696534,76,5,1,1,1,1,1,0
5497,54.98,33.85270690917969,1.8272704524923489,76,5,1,1,1,1,1,0
5498,54.99,33.707183837890625,1.8302783816939947,76,5,1,1,1,1,1,0
5499,55.0,33.540245056152344,1.8245525950900552,76,5,1,1,1,1,1,0
5500,55.01,33.82982635498047,1.87554998973456,76,5,1,1,1,1,1,0
5501,55.02,33.38111114501953,1.7799155431712663,76,5,1,1,1,1,1,0
5502,55.03,32.94696044921875,1.7597731262023029,76,5,1,1,1,1,1,0
5503,55.04,33.20635223388672,1.915439115934845,76,5,1,1,1,1,1,0
5504,55.05,33.39411544799805,1.6921039301629832,76,5,1,1,1,1,1,0
5505,55.06,33.07118606567383,1.8248804248736834,76,5,1,1,1,1,1,0
5506,55.07,33.31673812866211,1.8251845099882258,76,5,1,1,1,1,1,0
5507,55.08,33.13203048706055,1.8985803898338434,76,5,1,1,1,1,1,0
5508,55.09,33.10500717163086,1.9749705136204776,76,5,1,1,1,1,1,0
5509,55.1,33.343544006347656,1.7757825715642288,76,5,1,1,1,1,1,0
5510,55.11,33.23921585083008,1.7994703293448235,76,5,1,1,1,1,1,0
5511,55.12,33.18519973754883,2.014847496454127,76,5,1,1,1,1,1,0
5512,55.13,33.20758819580078,2.0043410914243354,76,4,0,1,1,1,1,0
5513,55.14,33.368133544921875,1.9175737261906867,76,5,1,1,1,1,1,0
5514,55.15,33.39128494262695,1.9799237315628095,76,5,1,1,1,1,1,0
5515,55.16,33.79481506347656,1.827841812502078,76,5,1,1,1,1,1,0
5516,55.17,33.66815948486328,2.0710841781211506,76,5,1,1,1,1,1,0
5517,55.18,33.384681701660156,1.840576037766521,76,5,1,1,1,1,1,0
5518,55.19,33.70039749145508,1.9371688122721495,76,5,1,1,1,1,1,0
5519,55.2,34.091522216796875,1.742068128443265,76,4,0,1,1,1,1,0
5520,55.21,33.749629974365234,1.9812675233779722,76,5,1,1,1,1,1,0
5521,55.22,33.71326446533203,1.9858248828627707,76,5,1,1,1,1,1,0
5522,55.23,33.29215621948242,1.7766858861638506,76,5,1,1,1,1,1,0
5523,55.24,33.54998779296875,1.7920163941886138,76,4,0,1,1,1,1,0
5524,55.25,33.400917053222656,1.81564998076574,76,4,0,1,1,1,1,0
5525,55.26,33.51780700683594,1.6930726941613836,76,5,1,1,1,1,1,0
5526,55.27,33.58399963378906,1.7336960453203758,76,4,0,1,1,1,1,0
5527,55.28,33.51081848144531,1.8880929729399747,76,4,0,1,1,1,1,0
5528,55.29,33.32931137084961,1.7525130106336526,76,5,1,1,1,1,1,0
5529,55.3,33.72868347167969,1.6335809084755062,76,4,0,1,1,1,1,0
5530,55.31,33.559513092041016,1.93012856564401,76,4,0,1,1,1,1,0
5531,55.32,33.96913146972656,1.739713923736949,76,4,0,1,1,1,1,0
5532,55.33,33.8568115234375,1.897734363743682,76,4,0,1,1,1,1,0
5533,55.34,34.3798942565918,1.8221097824125447,76,4,0,1,1,1,1,0
5534,55.35,34.527992248535156,1.7279765450890399,76,4,0,1,1,1,1,0
5535,55.36,34.23941421508789,1.8957593659594065,76,5,1,1,1,1,1,0
5536,55.37,34.02225875854492,1.774767770542337,76,4,0,1,1,1,1,0
5537,55.38,34.3081169128418,1.7645717561736765,76,4,0,1,1,1,1,0
5538,55.39,34.1268196105957,1.878959227268654,76,4,0,1,1,1,1,0
5539,55.4,33.9398307800293,1.8911394396324182,76,5,1,1,1,1,1,0
5540,55.41,34.02459716796875,2.0036238950398952,76,5,1,1,1,1,1,0
5541,55.42,34.04705810546875,2.0680905142061534,76,5,1,1,1,1,1,0
5542,55.43,33.98532485961914,1.8183532475073496,76,5,1,1,1,1,1,0
5543,55.44,33.732147216796875,1.9430108795628906,76,4,0,1,1,1,1,0
5544,55.45,33.45042419433594,1.9997955935023555,76,5,1,1,1,1,1,0
5545,55.46,33.26475524902344,1.7470265414273853,76,5,1,1,1,1,1,0
5546,55.47,33.611976623535156,1.8623968067865608,76,5,1,1,1,1,1,0
5547,55.48,33.524658203125,1.9778996851014652,76,5,1,1,1,1,1,0
5548,55.49,33.69065475463867,1.8164470047674364,76,5,1,1,1,1,1,0
5549,55.5,33.407447814941406,1.7929599558108162,76,4,0,1,1,1,1,0
5550,55.51,33.22197341918945,1.826169968248012,76,5,1,1,1,1,1,0
5551,55.52,33.97559356689453,1.898839489343168,76,4,0,1,1,1,1,0
5552,55.53,34.02484893798828,1.7477108964991583,76,4,0,1,1,1,1,0
5553,55.54,33.8638916015625,1.7519783242947748,76,5,1,1,1,1,1,0
5554,55.55,33.84476852416992,1.9087713561908108,76,5,1,1,1,1,1,0
5555,55.56,33.995853424072266,1.9572146531006838,76,5,1,1,1,1,1,0
5556,55.57,33.84874725341797,1.9765382259044542,76,5,1,1,1,1,1,0
5557,55.58,33.74681091308594,1.9438605289765438,76,5,1,1,1,1,1,0
5558,55.59,33.62945556640625,1.8793117748827164,76,5,1,1,1,1,1,0
5559,55.6,33.59479904174805,2.131690830139165,76,4,0,1,1,1,1,0
5560,55.61,33.47251892089844,1.837959422698208,76,4,0,1,1,1,1,0
5561,55.62,33.505367279052734,1.8920366437079716,76,4,0,1,1,1,1,0
5562,55.63,33.59803009033203,1.9482586046535288,76,4,0,1,1,1,1,0
5563,55.64,33.66520690917969,1.7937153504188539,76,4,0,1,1,1,1,0
5564,55.65,33.66892623901367,1.78173968906411,76,5,1,1,1,1,1,0
5565,55.66,33.927825927734375,1.8190371974530364,76,4,0,1,1,1,1,0
5566,55.67,33.90993881225586,1.789133668242508,76,4,0,1,1,1,1,0
5567,55.68,33.95622634887695,1.9823484084329357,76,4,0,1,1,1,1,0
5568,55.69,34.30918884277344,1.827510767121323,76,4,0,1,1,1,1,0
5569,55.7,34.277610778808594,1.6938385319993667,76,5,1,1,1,1,1,0
5570,55.71,34.13959884643555,1.9545129498195906,76,4,0,1,1,1,1,0
5571,55.72,34.17978286743164,1.8409243836681253,76,5,1,1,1,1,1,0
5572,55.73,34.33790588378906,1.6857335037752763,76,4,0,1,1,1,1,0
5573,55.74,34.047245025634766,1.8429622961512915,76,5,1,1,1,1,1,0
5574,55.75,34.29608917236328,1.7316760227853263,76,5,1,1,1,1,1,0
5575,55.76,34.42825698852539,1.779156680129305,76,5,1,1,1,1,1,0
5576,55.77,34.242149353027344,1.8743242328811178,76,5,1,1,1,1,1,0
5577,55.78,34.37428665161133,1.9094770504604703,76,4,0,1,1,1,1,0
5578,55.79,34.51131820678711,1.884044488026163,76,4,0,1,1,1,1,0
5579,55.8,34.40470504760742,1.859086201477234,76,4,0,1,1,1,1,0
5580,55.81,34.3186149597168,1.8776894156201063,76,4,0,1,1,1,1,0
5581,55.82,34.00690460205078,1.8645372592912313,76,5,1,1,1,1,1,0
5582,55.83,34.265296936035156,1.8500252650870348,76,4,0,1,1,1,1,0
5583,55.84,34.478633880615234,1.7170911410573748,76,4,0,1,1,1,1,0
5584,55.85,33.9554443359375,1.936437223091456,76,4,0,1,1,1,1,0
5585,55.86,34.1161994934082,1.6589732494720746,76,4,0,1,1,1,1,0
5586,55.87,34.06020736694336,1.746255450356733,76,4,0,1,1,1,1,0
5587,55.88,33.84943389892578,1.8874325108876222,76,4,0,1,1,1,1,0
5588,55.89,34.36420440673828,2.0556483160791483,76,5,1,1,1,1,1,0
5589,55.9,33.98335266113281,1.8643519722340107,76,5,1,1,1,1,1,0
5590,55.91,33.93642807006836,1.8171687722395826,76,4,0,1,1,1,1,0
5591,55.92,33.644676208496094,1.8020779166099907,76,4,0,1,1,1,1,0
5592,55.93,33.2577018737793,1.9081136933690148,76,5,1,1,1,1,1,0
5593,55.94,33.452491760253906,1.710583985315143,76,4,0,1,1,1,1,0
5594,55.95,32.94977951049805,1.716068125162349,76,5,1,1,1,1,1,0
5595,55.96,33.018272399902344,1.8689345685557746,76,5,1,1,1,1,1,0
5596,55.97,32.98711395263672,1.775864798482729,76,5,1,1,1,1,1,0
5597,55.98,33.12891387939453,1.895678214344431,76,5,1,1,1,1,1,0
5598,55.99,33.3812141418457,1.8043000865171217,76,5,1,1,1,1,1,0
5599,56.0,33.504459381103516,1.7053420552122291,76,5,1,1,1,1,1,0
5600,56.01,34.3165168762207,1.6948162418114372,76,5,1,1,1,1,1,0
5601,56.02,34.58333969116211,1.914157746361933,76,5,1,1,1,1,1,0
5602,56.03,34.2856559753418,1.6727546486686782,76,5,1,1,1,1,1,0
5603,56.04,34.65504455566406,1.8980762492289,76,5,1,1,1,1,1,0
5604,56.05,34.62568664550781,1.8282739672946298,76,5,1,1,1,1,1,0
5605,56.06,34.47452926635742,1.7524243112962503,76,5,1,1,1,1,1,0
5606,56.07,34.47095489501953,1.917317208104154,76,5,1,1,1,1,1,0
5607,56.08,33.84151077270508,1.8048266805781745,76,5,1,1,1,1,1,0
5608,56.09,33.5521240234375,1.853215085293356,76,5,1,1,1,1,1,0
5609,56.1,33.82236099243164,1.8578235304478081,76,5,1,1,1,1,1,0
5610,56.11,33.49126434326172,1.9314213870177157,76,5,1,1,1,1,1,0
5611,56.12,33.35654067993164,1.7977207172479481,76,5,1,1,1,1,1,0
5612,56.13,33.46660614013672,1.7468512561836507,76,5,1,1,1,1,1,0
5613,56.14,33.21757125854492,1.749203073467099,76,5,1,1,1,1,1,0
5614,56.15,33.255332946777344,1.6736226992612349,76,5,1,1,1,1,1,0
5615,56.16,33.23518753051758,1.7883500850261407,76,5,1,1,1,1,1,0
5616,56.17,33.37858200073242,1.8396241401338527,76,4,0,1,1,1,1,0
5617,56.18,33.43415069580078,1.74358771944714,76,4,0,1,1,1,1,0
5618,56.19,33.52037811279297,1.7718035226265292,76,4,0,1,1,1,1,0
5619,56.2,33.53364944458008,1.8724068681413233,76,4,0,1,1,1,1,0
5620,56.21,33.43256378173828,1.6484264486167293,76,5,1,1,1,1,1,0
5621,56.22,33.47085189819336,1.823896246337376,76,5,1,1,1,1,1,0
5622,56.23,33.51128005981445,1.7933737832323964,76,4,0,1,1,1,1,0
5623,56.24,33.43798065185547,1.8673268147251365,76,4,0,1,1,1,1,0
5624,56.25,33.45573425292969,1.9871094533268816,76,4,0,1,1,1,1,0
5625,56.26,33.417938232421875,1.9514353859692515,76,4,0,1,1,1,1,0
5626,56.27,33.47328567504883,1.9113578874804649,76,4,0,1,1,1,1,0
5627,56.28,33.76708221435547,1.8941480129501205,76,4,0,1,1,1,1,0
5628,56.29,33.633338928222656,1.8660347162234259,76,4,0,1,1,1,1,0
5629,56.3,33.477054595947266,1.78734503398442,76,4,0,1,1,1,1,0
5630,56.31,33.73836135864258,2.1475135538152808,76,4,0,1,1,1,1,0
5631,56.32,33.56299591064453,1.9876114950522217,76,4,0,1,1,1,1,0
5632,56.33,33.61344909667969,1.994667504316083,76,5,1,1,1,1,1,0
5633,56.34,33.946434020996094,1.896552095940096,76,4,0,1,1,1,1,0
5634,56.35,34.01478576660156,1.9443751993404128,76,4,0,1,1,1,1,0
5635,56.36,33.521732330322266,1.752424692233434,76,4,0,1,1,1,1,0
5636,56.37,33.38496017456055,1.9625745578934346,76,5,1,1,1,1,1,0
5637,56.38,33.2537727355957,1.7816263599807478,76,5,1,1,1,1,1,0
5638,56.39,33.3261833190918,1.862546144067276,76,4,0,1,1,1,1,0
5639,56.4,33.54796600341797,1.793575208068317,76,4,0,1,1,1,1,0
5640,56.41,33.94529724121094,1.730604934329595,76,4,0,1,1,1,1,0
5641,56.42,33.847965240478516,1.7100014602947597,76,5,1,1,1,1,1,0
5642,56.43,34.11545181274414,1.7216265701011528,76,5,1,1,1,1,1,0
5643,56.44,33.80807113647461,1.8852298545880897,76,4,0,1,1,1,1,0
5644,56.45,33.79766082763672,1.7821625754793995,76,5,1,1,1,1,1,0
5645,56.46,33.86286544799805,1.916714912051691,76,5,1,1,1,1,1,0
5646,56.47,33.89964294433594,1.8374157546075358,76,5,1,1,1,1,1,0
5647,56.48,34.0177116394043,2.026697883408841,76,5,1,1,1,1,1,0
5648,56.49,33.91343307495117,1.7312710083065843,76,5,1,1,1,1,1,0
5649,56.5,33.640541076660156,1.8554516664547136,76,5,1,1,1,1,1,0
5650,56.51,33.4303092956543,1.9641043853088798,76,5,1,1,1,1,1,0
5651,56.52,33.88856887817383,1.953888797154931,76,4,0,1,1,1,1,0
5652,56.53,33.71022033691406,1.90404582420379,76,4,0,1,1,1,1,0
5653,56.54,33.69179153442383,2.055652741957786,76,4,0,1,1,1,1,0
5654,56.55,33.896060943603516,1.8374434141462892,76,5,1,1,1,1,1,0
5655,56.56,34.17988586425781,1.7080366729480692,76,5,1,1,1,1,1,0
5656,56.57,33.864601135253906,1.868313142984865,76,5,1,1,1,1,1,0
5657,56.58,33.995689392089844,1.768528309018421,76,5,1,1,1,1,1,0
5658,56.59,33.83082580566406,1.7962736018064969,76,5,1,1,1,1,1,0
5659,56.6,33.970191955566406,1.8274336821416006,76,5,1,1,1,1,1,0
5660,56.61,34.22929763793945,1.842556231411543,76,5,1,1,1,1,1,0
5661,56.62,34.0500602722168,1.8364358532425127,76,5,1,1,1,1,1,0
5662,56.63,34.35178756713867,1.6602083319057293,76,4,0,1,1,1,1,0
5663,56.64,34.176727294921875,1.8694375180554206,76,5,1,1,1,1,1,0
5664,56.65,33.94300079345703,1.6921870220919684,76,5,1,1,1,1,1,0
5665,56.66,34.03119659423828,1.8439920627838557,76,5,1,1,1,1,1,0
5666,56.67,33.94007873535156,1.7527691791963524,76,5,1,1,1,1,1,0
5667,56.68,34.02797317504883,1.753710717803532,76,5,1,1,1,1,1,0
5668,56.69,34.398502349853516,1.6683238250980483,76,5,1,1,1,1,1,0
5669,56.7,33.87384033203125,1.7308055973370722,76,5,1,1,1,1,1,0
5670,56.71,33.79948043823242,1.873952949838219,76,4,0,1,1,1,1,0
5671,56.72,33.800960540771484,1.7884611003901534,76,5,1,1,1,1,1,0
5672,56.73,33.58728790283203,1.790113522644225,76,5,1,1,1,1,1,0
5673,56.74,33.91253662109375,1.9716503414595061,76,5,1,1,1,1,1,0
5674,56.75,33.808895111083984,1.673472180843025,76,5,1,1,1,1,1,0
5675,56.76,33.536380767822266,1.7509669988122232,76,5,1,1,1,1,1,0
5676,56.77,33.44880676269531,1.7982188011864078,76,5,1,1,1,1,1,0
5677,56.78,33.44840621948242,1.8299974535355603,76,5,1,1,1,1,1,0
5678,56.79,33.44641876220703,1.861099379309278,76,5,1,1,1,1,1,0
5679,56.8,33.437461853027344,1.7245595724780947,76,5,1,1,1,1,1,0
5680,56.81,33.611732482910156,1.9627779429730356,76,5,1,1,1,1,1,0
5681,56.82,33.70513916015625,1.8406837478413989,76,5,1,1,1,1,1,0
5682,56.83,33.429237365722656,1.823484910784412,76,5,1,1,1,1,1,0
5683,56.84,33.36722183227539,1.6293816920874324,76,5,1,1,1,1,1,0
5684,56.85,33.13629913330078,1.8362172692430367,76,5,1,1,1,1,1,0
5685,56.86,33.60776138305664,1.681256069031757,76,5,1,1,1,1,1,0
5686,56.87,33.773277282714844,2.0318000393369258,76,5,1,1,1,1,1,0
5687,56.88,33.413055419921875,1.7507425701213106,76,5,1,1,1,1,1,0
5688,56.89,33.74342727661133,1.912094443810996,76,5,1,1,1,1,1,0
5689,56.9,33.699337005615234,1.6824386236330853,76,5,1,1,1,1,1,0
5690,56.91,33.686038970947266,1.826524664295137,76,5,1,1,1,1,1,0
5691,56.92,33.46417236328125,1.7911176165438332,76,5,1,1,1,1,1,0
5692,56.93,34.396793365478516,1.948051246131072,76,4,0,1,1,1,1,0
5693,56.94,33.769718170166016,1.7566753161899944,76,5,1,1,1,1,1,0
5694,56.95,33.713871002197266,1.8189548564258604,76,5,1,1,1,1,1,0
5695,56.96,33.65544891357422,1.953943912697887,76,5,1,1,1,1,1,0
5696,56.97,33.77265167236328,2.094091114285527,76,4,0,1,1,1,1,0
5697,56.98,33.92306900024414,1.9251960936002455,76,4,0,1,1,1,1,0
5698,56.99,33.907955169677734,1.8848107993333016,76,4,0,1,1,1,1,0
5699,57.0,33.92970275878906,2.0377203968888007,76,5,1,1,1,1,1,0
5700,57.01,34.00856399536133,1.8282490067124966,76,5,1,1,1,1,1,0
5701,57.02,33.94612121582031,1.7682813915293738,76,5,1,1,1,1,1,0
5702,57.03,34.02132797241211,2.005117428735044,76,4,0,1,1,1,1,0
5703,57.04,33.97946548461914,2.0669030165550226,76,4,0,1,1,1,1,0
5704,57.05,34.24760818481445,1.8577938540516268,76,4,0,1,1,1,1,0
5705,57.06,34.18959426879883,1.8450489139070159,76,4,0,1,1,1,1,0
5706,57.07,34.10062026977539,1.911702843981916,76,5,1,1,1,1,1,0
5707,57.08,34.200626373291016,1.8313955349482736,76,5,1,1,1,1,1,0
5708,57.09,34.27689743041992,1.830437206301807,76,5,1,1,1,1,1,0
5709,57.1,33.93617630004883,1.9241908366854559,76,4,0,1,1,1,1,0
5710,57.11,34.2684440612793,1.9732990795923804,76,5,1,1,1,1,1,0
5711,57.12,33.7460823059082,1.8481871251920416,76,5,1,1,1,1,1,0
5712,57.13,33.9271125793457,1.9991270105571333,76,5,1,1,1,1,1,0
5713,57.14,34.29781723022461,1.8399461850317553,76,4,0,1,1,1,1,0
5714,57.15,34.11191940307617,1.8478585892864654,76,5,1,1,1,1,1,0
5715,57.16,34.04137420654297,1.8603486101552298,76,5,1,1,1,1,1,0
5716,57.17,34.25021743774414,1.7609367963993308,76,5,1,1,1,1,1,0
5717,57.18,34.17555236816406,1.8844072137380818,76,5,1,1,1,1,1,0
5718,57.19,34.34872055053711,1.834884568411574,76,5,1,1,1,1,1,0
5719,57.2,34.1412467956543,1.695350375355513,76,5,1,1,1,1,1,0
5720,57.21,34.0434684753418,2.0733286155752864,76,4,0,1,1,1,1,0
5721,57.22,34.03519821166992,1.8876946359318498,76,4,0,1,1,1,1,0
5722,57.23,34.16041946411133,1.776536283797765,76,5,1,1,1,1,1,0
5723,57.24,34.449371337890625,1.8354549091493635,76,5,1,1,1,1,1,0
5724,57.25,33.968162536621094,1.7804201508911577,76,5,1,1,1,1,1,0
5725,57.26,34.2890510559082,1.9784862955189968,76,5,1,1,1,1,1,0
5726,57.27,34.433448791503906,1.769548833213977,76,5,1,1,1,1,1,0
5727,57.28,33.93768310546875,1.8050246928689997,76,5,1,1,1,1,1,0
5728,57.29,33.97844314575195,1.7645392575695351,76,5,1,1,1,1,1,0
5729,57.3,34.05906677246094,1.8094482139315384,76,5,1,1,1,1,1,0
5730,57.31,34.159576416015625,1.6594571745060027,76,5,1,1,1,1,1,0
5731,57.32,34.31022262573242,1.7193549707802145,76,5,1,1,1,1,1,0
5732,57.33,34.646663665771484,1.8927760127828976,76,5,1,1,1,1,1,0
5733,57.34,34.50444412231445,1.7690100665731763,76,5,1,1,1,1,1,0
5734,57.35,34.69535827636719,1.7930414481791204,76,5,1,1,1,1,1,0
5735,57.36,35.02301788330078,1.8111296333266753,76,5,1,1,1,1,1,0
5736,57.37,34.61628341674805,1.8530531488044446,76,5,1,1,1,1,1,0
5737,57.38,34.56749725341797,1.8182966758828232,76,4,0,1,1,1,1,0
5738,57.39,34.49502182006836,1.8238918227997791,76,5,1,1,1,1,1,0
5739,57.4,34.08964538574219,1.7592318969880456,76,5,1,1,1,1,1,0
5740,57.41,34.21771240234375,1.6455138181547202,76,5,1,1,1,1,1,0
5741,57.42,34.03264617919922,1.7722582855914766,76,5,1,1,1,1,1,0
5742,57.43,33.86945343017578,1.7279507869543054,76,5,1,1,1,1,1,0
5743,57.44,34.207496643066406,2.0608259419358532,76,5,1,1,1,1,1,0
5744,57.45,34.244197845458984,2.0757896514769008,76,5,1,1,1,1,1,0
5745,57.46,34.106563568115234,1.8267191551294988,76,5,1,1,1,1,1,0
5746,57.47,34.33783721923828,1.8056006943663174,76,5,1,1,1,1,1,0
5747,57.48,34.150840759277344,1.7411797126372208,76,5,1,1,1,1,1,0
5748,57.49,34.1904296875,1.81466251987411,76,5,1,1,1,1,1,0
5749,57.5,34.503684997558594,1.9898238950493807,76,5,1,1,1,1,1,0
5750,57.51,34.46028137207031,1.756189767694738,76,5,1,1,1,1,1,0
5751,57.52,34.20016098022461,1.8792286899710176,76,5,1,1,1,1,1,0
5752,57.53,34.30211639404297,1.7491998676559153,76,5,1,1,1,1,1,0
5753,57.54,34.46271896362305,1.93734376811797,76,5,1,1,1,1,1,0
5754,57.55,34.41920852661133,1.8932245219678294,76,5,1,1,1,1,1,0
5755,57.56,34.725807189941406,2.0278853300368977,76,5,1,1,1,1,1,0
5756,57.57,34.954750061035156,1.847757057405581,76,5,1,1,1,1,1,0
5757,57.58,34.51784133911133,1.7186634086876242,76,5,1,1,1,1,1,0
5758,57.59,34.71221160888672,1.6599730631994642,76,4,0,1,1,1,1,0
5759,57.6,34.93733596801758,1.7314402257935242,76,5,1,1,1,1,1,0
5760,57.61,34.60044479370117,1.6757340017009423,76,5,1,1,1,1,1,0
5761,57.62,34.461917877197266,1.8797336897064079,76,5,1,1,1,1,1,0
5762,57.63,34.29033279418945,1.740457101613557,76,5,1,1,1,1,1,0
5763,57.64,34.157230377197266,1.7585753830735948,76,5,1,1,1,1,1,0
5764,57.65,33.90495681762695,1.6914487581339943,76,5,1,1,1,1,1,0
5765,57.66,34.30531692504883,1.7214254409841683,76,5,1,1,1,1,1,0
5766,57.67,34.058021545410156,1.753566083996191,76,5,1,1,1,1,1,0
5767,57.68,33.86050033569336,1.7230751233534178,76,5,1,1,1,1,1,0
5768,57.69,34.11465072631836,1.829348302826906,76,5,1,1,1,1,1,0
5769,57.7,34.20674133300781,1.6568938726727438,76,5,1,1,1,1,1,0
5770,57.71,33.930564880371094,1.8072361366530456,76,5,1,1,1,1,1,0
5771,57.72,33.85829544067383,1.7002622855457206,76,5,1,1,1,1,1,0
5772,57.73,33.930049896240234,1.6936939881713076,76,5,1,1,1,1,1,0
5773,57.74,33.95379638671875,1.760991111125008,76,5,1,1,1,1,1,0
5774,57.75,33.860836029052734,1.677802812573217,76,5,1,1,1,1,1,0
5775,57.76,34.050376892089844,1.7229027760845117,76,5,1,1,1,1,1,0
5776,57.77,33.96704864501953,1.834646092951965,76,5,1,1,1,1,1,0
5777,57.78,33.73783493041992,1.9527686245232347,76,5,1,1,1,1,1,0
5778,57.79,33.86785888671875,1.8255411318831338,76,5,1,1,1,1,1,0
5779,57.8,34.181640625,1.6996752466927811,76,5,1,1,1,1,1,0
5780,57.81,33.549095153808594,1.807208500279699,76,5,1,1,1,1,1,0
5781,57.82,34.006229400634766,1.7941289185513798,76,5,1,1,1,1,1,0
5782,57.83,34.13689422607422,1.6808960750164115,76,4,0,1,1,1,1,0
5783,57.84,34.41416549682617,1.8150484113310565,76,5,1,1,1,1,1,0
5784,57.85,34.31487274169922,1.6407629076227714,76,5,1,1,1,1,1,0
5785,57.86,34.39583206176758,1.8307654825780322,76,5,1,1,1,1,1,0
5786,57.87,33.90530776977539,1.7175881922060132,76,5,1,1,1,1,1,0
5787,57.88,34.27897644042969,1.882422529561337,76,5,1,1,1,1,1,0
5788,57.89,34.46110534667969,1.889497128551432,76,5,1,1,1,1,1,0
5789,57.9,34.51518630981445,1.8779514380606792,76,5,1,1,1,1,1,0
5790,57.91,34.21686553955078,1.925981074828654,76,5,1,1,1,1,1,0
5791,57.92,34.3233757019043,1.702849550370621,76,5,1,1,1,1,1,0
5792,57.93,34.42882537841797,1.6947511009881038,76,5,1,1,1,1,1,0
5793,57.94,34.066654205322266,1.8054942824385394,76,4,0,1,1,1,1,0
5794,57.95,34.036224365234375,1.7584919463805164,76,5,1,1,1,1,1,0
5795,57.96,33.97776794433594,1.7417231128560355,76,4,0,1,1,1,1,0
5796,57.97,34.06808853149414,1.9014470542901454,76,5,1,1,1,1,1,0
5797,57.98,34.14555358886719,1.955124230695952,76,5,1,1,1,1,1,0
5798,57.99,34.234214782714844,1.8732309759892303,76,4,0,1,1,1,1,0
5799,58.0,34.57275390625,2.0291372673946335,76,5,1,1,1,1,1,0
5800,58.01,34.41357421875,1.793710969401277,76,5,1,1,1,1,1,0
5801,58.02,33.984405517578125,1.8969448124770703,76,5,1,1,1,1,1,0
5802,58.03,33.789756774902344,1.7472843112377578,76,5,1,1,1,1,1,0
5803,58.04,33.8097038269043,1.7823816460880655,76,5,1,1,1,1,1,0
5804,58.05,34.155025482177734,1.750231356782955,76,4,0,1,1,1,1,0
5805,58.06,34.004798889160156,1.7339523318407288,76,4,0,1,1,1,1,0
5806,58.07,34.20481491088867,1.877922658679626,76,4,0,1,1,1,1,0
5807,58.08,34.178855895996094,1.66066381464514,76,4,0,1,1,1,1,0
5808,58.09,34.13035202026367,1.7958046812379371,76,4,0,1,1,1,1,0
5809,58.1,34.27582550048828,1.905071978474817,76,4,0,1,1,1,1,0
5810,58.11,34.61956024169922,1.8881716423267814,76,4,0,1,1,1,1,0
5811,58.12,34.43337631225586,1.7618976898351029,76,4,0,1,1,1,1,0
5812,58.13,34.1547966003418,1.7490825164096344,76,4,0,1,1,1,1,0
5813,58.14,34.04890060424805,1.812457969442726,76,4,0,1,1,1,1,0
5814,58.15,33.9389762878418,1.7895803449769492,76,4,0,1,1,1,1,0
5815,58.16,34.0919075012207,1.7819112105455879,76,4,0,1,1,1,1,0
5816,58.17,34.43307113647461,1.8469675654018987,76,4,0,1,1,1,1,0
5817,58.18,34.32188034057617,1.6874256760806419,76,4,0,1,1,1,1,0
5818,58.19,34.452266693115234,1.7541065169762888,76,4,0,1,1,1,1,0
5819,58.2,34.43770217895508,1.7439608630603771,76,4,0,1,1,1,1,0
5820,58.21,34.40842056274414,1.7228470557637117,76,4,0,1,1,1,1,0
5821,58.22,34.16263961791992,1.8605643283873634,76,4,0,1,1,1,1,0
5822,58.23,34.13597869873047,1.780279695846173,76,4,0,1,1,1,1,0
5823,58.24,34.39326477050781,1.7422699836426303,76,4,0,1,1,1,1,0
5824,58.25,34.16722106933594,1.9785076640248254,76,4,0,1,1,1,1,0
5825,58.26,34.11060333251953,1.9984494042604077,76,4,0,1,1,1,1,0
5826,58.27,34.23530578613281,1.8384274679309311,76,4,0,1,1,1,1,0
5827,58.28,34.634498596191406,1.7454544046348577,76,4,0,1,1,1,1,0
5828,58.29,34.3916130065918,1.8500305849627627,76,4,0,1,1,1,1,0
5829,58.3,34.42205810546875,1.900365205512888,76,4,0,1,1,1,1,0
5830,58.31,34.023746490478516,1.7473692218281558,76,4,0,1,1,1,1,0
5831,58.32,34.0903434753418,1.7816031653800002,76,4,0,1,1,1,1,0
5832,58.33,33.79098892211914,1.8194773978029446,76,4,0,1,1,1,1,0
5833,58.34,34.00776290893555,1.850108357323624,76,4,0,1,1,1,1,0
5834,58.35,34.326683044433594,2.070624921152824,76,4,0,1,1,1,1,0
5835,58.36,33.95126724243164,1.8892078122047313,76,4,0,1,1,1,1,0
5836,58.37,34.063682556152344,1.8317235249361898,76,4,0,1,1,1,1,0
5837,58.38,34.53047561645508,1.7406568918415457,76,4,0,1,1,1,1,0
5838,58.39,34.515625,1.826963050132518,76,4,0,1,1,1,1,0
5839,58.4,34.32307815551758,1.7424709944876213,76,4,0,1,1,1,1,0
5840,58.41,33.98006820678711,1.8137846807692992,76,4,0,1,1,1,1,0
5841,58.42,34.32852554321289,1.817334289345811,76,4,0,1,1,1,1,0
5842,58.43,34.27722930908203,1.7609940246935103,76,4,0,1,1,1,1,0
5843,58.44,34.17262649536133,1.8367600875013073,76,4,0,1,1,1,1,0
5844,58.45,34.0130500793457,1.943709549560647,76,4,0,1,1,1,1,0
5845,58.46,33.895790100097656,1.747399714791921,76,4,0,1,1,1,1,0
5846,58.47,34.0834846496582,1.7934589950096398,76,4,0,1,1,1,1,0
5847,58.48,33.857791900634766,1.7332349170243913,76,4,0,1,1,1,1,0
5848,58.49,34.18315505981445,1.9991465698957347,76,5,1,1,1,1,1,0
5849,58.5,34.279449462890625,1.698582609468937,76,5,1,1,1,1,1,0
5850,58.51,34.247798919677734,1.8084512601235463,76,4,0,1,1,1,1,0
5851,58.52,34.42578125,1.7814047017707066,76,4,0,1,1,1,1,0
5852,58.53,34.33623504638672,1.8819420592361333,76,5,1,1,1,1,1,0
5853,58.54,34.55363845825195,1.9194545441984951,76,5,1,1,1,1,1,0
5854,58.55,34.420013427734375,1.9751958855186795,76,5,1,1,1,1,1,0
5855,58.56,33.914241790771484,1.7023483751124149,76,5,1,1,1,1,1,0
5856,58.57,33.864383697509766,1.8103573354758788,76,5,1,1,1,1,1,0
5857,58.58,33.8800048828125,1.8256206370598305,76,5,1,1,1,1,1,0
5858,58.59,34.02519989013672,1.8165084535266003,76,5,1,1,1,1,1,0
5859,58.6,34.01837158203125,1.8886220225968557,76,5,1,1,1,1,1,0
5860,58.61,34.14608383178711,1.7372699981634137,76,5,1,1,1,1,1,0
5861,58.62,33.8841438293457,1.8120440742348636,76,5,1,1,1,1,1,0
5862,58.63,34.20844650268555,1.810359079139651,76,5,1,1,1,1,1,0
5863,58.64,34.0772590637207,1.7654996487875692,76,5,1,1,1,1,1,0
5864,58.65,34.21146774291992,1.7728220431076882,76,5,1,1,1,1,1,0
5865,58.66,34.51160430908203,1.8541579378886208,76,4,0,1,1,1,1,0
5866,58.67,34.43878173828125,1.8666859248907108,76,4,0,1,1,1,1,0
5867,58.68,34.55183792114258,1.7088597289391083,76,4,0,1,1,1,1,0
5868,58.69,34.923179626464844,1.8324585112378622,76,4,0,1,1,1,1,0
5869,58.7,34.564918518066406,1.849459964184053,76,5,1,1,1,1,1,0
5870,58.71,34.432273864746094,1.7080381246434184,76,5,1,1,1,1,1,0
5871,58.72,34.613182067871094,1.8709905899452077,76,4,0,1,1,1,1,0
5872,58.73,34.73713302612305,1.8285283206939418,76,4,0,1,1,1,1,0
5873,58.74,34.834632873535156,1.876115460847472,76,5,1,1,1,1,1,0
5874,58.75,34.8050537109375,1.833302210228812,76,4,0,1,1,1,1,0
5875,58.76,34.694236755371094,1.8841999750353677,76,4,0,1,1,1,1,0
5876,58.77,34.62641906738281,1.8168677337187429,76,4,0,1,1,1,1,0
5877,58.78,35.00690841674805,1.7146991183387466,76,4,0,1,1,1,1,0
5878,58.79,34.872432708740234,1.9144195497656715,76,4,0,1,1,1,1,0
5879,58.8,34.921722412109375,1.9823714864289625,76,5,1,1,1,1,1,0
5880,58.81,34.66229248046875,1.8917191512904146,76,4,0,1,1,1,1,0
5881,58.82,34.74367904663086,1.937678979888701,76,5,1,1,1,1,1,0
5882,58.83,34.645774841308594,1.8561775243736007,76,4,0,1,1,1,1,0
5883,58.84,34.53823471069336,1.965523250903681,76,4,0,1,1,1,1,0
5884,58.85,34.65363693237305,1.8668155928649774,76,4,0,1,1,1,1,0
5885,58.86,34.636993408203125,1.7085655348377793,76,4,0,1,1,1,1,0
5886,58.87,34.64285659790039,1.8310123074276248,76,4,0,1,1,1,1,0
5887,58.88,34.28908157348633,1.9085579786172508,76,4,0,1,1,1,1,0
5888,58.89,34.467567443847656,1.858844910326337,76,4,0,1,1,1,1,0
5889,58.9,34.8167724609375,1.7768211238018257,76,4,0,1,1,1,1,0
5890,58.91,34.98430633544922,1.9200515156037785,76,4,0,1,1,1,1,0
5891,58.92,34.74589538574219,1.8288277318175203,76,4,0,1,1,1,1,0
5892,58.93,34.44511032104492,1.7032022613664266,76,4,0,1,1,1,1,0
5893,58.94,34.515018463134766,1.7251384310348332,76,4,0,1,1,1,1,0
5894,58.95,34.52891159057617,1.9225541588204573,76,4,0,1,1,1,1,0
5895,58.96,34.521034240722656,1.8376621013947083,76,4,0,1,1,1,1,0
5896,58.97,34.54803466796875,1.8784258416595654,76,4,0,1,1,1,1,0
5897,58.98,34.671382904052734,1.7758913223287525,76,4,0,1,1,1,1,0
5898,58.99,34.72076416015625,1.6503371635345705,76,4,0,1,1,1,1,0
5899,59.0,34.80438995361328,1.8980715061868483,76,4,0,1,1,1,1,0
5900,59.01,34.444091796875,1.9000517599224311,76,4,0,1,1,1,1,0
5901,59.02,34.66587448120117,1.7652477533607964,76,4,0,1,1,1,1,0
5902,59.03,34.77016830444336,1.8636517942725148,76,4,0,1,1,1,1,0
5903,59.04,34.9202995300293,1.7449684555656109,76,4,0,1,1,1,1,0
5904,59.05,34.60040283203125,1.840276164617339,76,4,0,1,1,1,1,0
5905,59.06,34.477378845214844,1.8817254974658202,76,4,0,1,1,1,1,0
5906,59.07,34.4943733215332,1.8903463266365619,76,4,0,1,1,1,1,0
5907,59.08,34.437835693359375,1.7544789997852643,76,4,0,1,1,1,1,0
5908,59.09,34.52045822143555,1.8290188544957569,76,4,0,1,1,1,1,0
5909,59.1,34.298439025878906,1.8263086015830592,76,4,0,1,1,1,1,0
5910,59.11,34.195045471191406,1.8941467743752292,76,4,0,1,1,1,1,0
5911,59.12,34.29582214355469,1.9102093894413625,76,4,0,1,1,1,1,0
5912,59.13,34.35757827758789,1.73222296037375,76,4,0,1,1,1,1,0
5913,59.14,34.683189392089844,1.6759414564253776,76,4,0,1,1,1,1,0
5914,59.15,34.24568176269531,1.715169961813888,76,4,0,1,1,1,1,0
5915,59.16,34.2518424987793,1.8089760184277714,76,5,1,1,1,1,1,0
5916,59.17,34.34163284301758,1.7304626349009937,76,4,0,1,1,1,1,0
5917,59.18,34.33414840698242,1.857660085937457,76,4,0,1,1,1,1,0
5918,59.19,33.94564437866211,1.830543824988827,76,4,0,1,1,1,1,0
5919,59.2,33.70878601074219,1.804993207924146,76,4,0,1,1,1,1,0
5920,59.21,33.9692268371582,1.7362902794411958,76,4,0,1,1,1,1,0
5921,59.22,33.94511032104492,1.8715527761370812,76,4,0,1,1,1,1,0
5922,59.23,33.889427185058594,1.8553127948495385,76,4,0,1,1,1,1,0
5923,59.24,34.2547721862793,1.9051011987301822,76,4,0,1,1,1,1,0
5924,59.25,34.29240798950195,1.9564482237633072,76,4,0,1,1,1,1,0
5925,59.26,34.34202194213867,1.816728600429523,76,4,0,1,1,1,1,0
5926,59.27,34.075836181640625,1.748970599164444,76,4,0,1,1,1,1,0
5927,59.28,34.288883209228516,1.8135887923034753,76,4,0,1,1,1,1,0
5928,59.29,34.16627502441406,1.8216992475474976,76,4,0,1,1,1,1,0
5929,59.3,34.29789733886719,1.8270741203695706,76,4,0,1,1,1,1,0
5930,59.31,34.0527458190918,1.820712427573155,76,5,1,1,1,1,1,0
5931,59.32,34.076107025146484,1.8071207757267496,76,5,1,1,1,1,1,0
5932,59.33,33.9410514831543,1.8711218760190897,76,5,1,1,1,1,1,0
5933,59.34,34.091148376464844,1.8791764224780607,76,5,1,1,1,1,1,0
5934,59.35,34.32699966430664,1.749800317325931,76,5,1,1,1,1,1,0
5935,59.36,34.713687896728516,1.8511066061329058,76,5,1,1,1,1,1,0
5936,59.37,34.54205322265625,1.916172062935627,76,5,1,1,1,1,1,0
5937,59.38,34.49454879760742,1.8800226429372693,76,5,1,1,1,1,1,0
5938,59.39,34.965641021728516,1.8789940813324912,76,4,0,1,1,1,1,0
5939,59.4,34.41517639160156,1.655389413120041,76,5,1,1,1,1,1,0
5940,59.41,34.112342834472656,1.7275688195267334,76,5,1,1,1,1,1,0
5941,59.42,33.8110466003418,1.7685566900234209,76,5,1,1,1,1,1,0
5942,59.43,33.9159049987793,1.8159846272290712,76,5,1,1,1,1,1,0
5943,59.44,33.48134994506836,1.7779207682865135,76,5,1,1,1,1,1,0
5944,59.45,33.698753356933594,1.8802650305465851,76,4,0,1,1,1,1,0
5945,59.46,33.542049407958984,1.8893936952823276,76,5,1,1,1,1,1,0
5946,59.47,33.54926300048828,1.9211731962263705,76,4,0,1,1,1,1,0
5947,59.48,33.51913070678711,1.8170574114344344,76,4,0,1,1,1,1,0
5948,59.49,33.8814697265625,1.7482521684740506,76,4,0,1,1,1,1,0
5949,59.5,34.01816177368164,1.928755533107975,76,5,1,1,1,1,1,0
5950,59.51,33.713470458984375,1.8504588462325071,76,4,0,1,1,1,1,0
5951,59.52,33.5258674621582,1.7796916891831114,76,4,0,1,1,1,1,0
5952,59.53,33.65611267089844,1.8398092065281852,76,5,1,1,1,1,1,0
5953,59.54,34.03037643432617,1.6893187015272126,76,5,1,1,1,1,1,0
5954,59.55,33.864261627197266,1.6717626217187487,76,5,1,1,1,1,1,0
5955,59.56,33.89375305175781,1.8223624371412246,76,5,1,1,1,1,1,0
5956,59.57,33.85704040527344,1.8892875456930855,76,5,1,1,1,1,1,0
5957,59.58,33.84469223022461,1.9048913551297006,76,5,1,1,1,1,1,0
5958,59.59,33.837554931640625,1.782413369918913,76,5,1,1,1,1,1,0
5959,59.6,33.50503158569336,1.9954459850168094,76,5,1,1,1,1,1,0
5960,59.61,33.773685455322266,1.943067157680282,76,5,1,1,1,1,1,0
5961,59.62,33.87739181518555,1.8010019074116648,76,4,0,1,1,1,1,0
5962,59.63,33.773399353027344,1.828688032624764,76,5,1,1,1,1,1,0
5963,59.64,34.09247970581055,1.8519434676999416,76,5,1,1,1,1,1,0
5964,59.65,34.26034927368164,2.0164810016180046,76,5,1,1,1,1,1,0
5965,59.66,34.181549072265625,1.819531532194357,76,5,1,1,1,1,1,0
5966,59.67,34.105350494384766,1.7923741190948856,76,5,1,1,1,1,1,0
5967,59.68,34.09757614135742,1.9088749784816657,76,5,1,1,1,1,1,0
5968,59.69,34.3817138671875,1.9140012848960284,76,5,1,1,1,1,1,0
5969,59.7,34.4334716796875,1.8918245998576775,76,5,1,1,1,1,1,0
5970,59.71,34.308197021484375,1.9502336903988151,76,5,1,1,1,1,1,0
5971,59.72,34.201377868652344,1.8263642671059543,76,5,1,1,1,1,1,0
5972,59.73,34.2994270324707,1.8925873024514557,76,5,1,1,1,1,1,0
5973,59.74,34.101531982421875,1.6711086170604672,76,5,1,1,1,1,1,0
5974,59.75,34.18012619018555,1.8704801654934384,76,5,1,1,1,1,1,0
5975,59.76,34.16190719604492,2.0282958761998855,76,5,1,1,1,1,1,0
5976,59.77,34.07994079589844,1.9810387647478798,76,5,1,1,1,1,1,0
5977,59.78,34.436431884765625,1.8328112670198422,76,5,1,1,1,1,1,0
5978,59.79,34.594696044921875,1.7129213576028046,76,5,1,1,1,1,1,0
5979,59.8,34.37950897216797,1.8298082520140144,76,5,1,1,1,1,1,0
5980,59.81,34.45354080200195,2.009670730888172,76,5,1,1,1,1,1,0
5981,59.82,34.18360137939453,1.7025579978713645,76,5,1,1,1,1,1,0
5982,59.83,34.16975784301758,1.909344705545862,76,5,1,1,1,1,1,0
5983,59.84,33.94381332397461,1.8117932019916836,76,5,1,1,1,1,1,0
5984,59.85,33.98135757446289,1.8079025111662819,76,5,1,1,1,1,1,0
5985,59.86,33.877838134765625,2.0419847506670314,76,4,0,1,1,1,1,0
5986,59.87,33.91791915893555,1.868317879927696,76,4,0,1,1,1,1,0
5987,59.88,33.58429718017578,1.7860264226469493,76,5,1,1,1,1,1,0
5988,59.89,33.266265869140625,2.0304915974545823,76,5,1,1,1,1,1,0
5989,59.9,33.42026138305664,1.872190920044157,76,4,0,1,1,1,1,0
5990,59.91,33.449012756347656,1.788572002227341,76,4,0,1,1,1,1,0
5991,59.92,33.41929244995117,1.7492246150418014,76,4,0,1,1,1,1,0
5992,59.93,33.30253601074219,1.9243671211225832,76,5,1,1,1,1,1,0
5993,59.94,33.319374084472656,2.1325085506318584,76,5,1,1,1,1,1,0
5994,59.95,33.498085021972656,1.6472374190795174,76,4,0,1,1,1,1,0
5995,59.96,33.6766242980957,1.8322102103937707,76,5,1,1,1,1,1,0
5996,59.97,33.44321823120117,1.810331216510785,76,5,1,1,1,1,1,0
5997,59.98,33.39300537109375,1.9181246706610582,76,5,1,1,1,1,1,0
5998,59.99,33.61711502075195,1.7619556500913525,76,5,1,1,1,1,1,0
5999,60.0,33.714210510253906,1.8557159551707068,76,5,1,1,1,1,1,0
6000,60.01,33.58662796020508,2.085519690938906,76,5,1,1,1,1,1,0
6001,60.02,33.510833740234375,1.7058441399335798,76,5,1,1,1,1,1,0
6002,60.03,33.52476501464844,2.052335137319934,76,5,1,1,1,1,1,0
6003,60.04,33.631839752197266,1.780842804431634,76,5,1,1,1,1,1,0
6004,60.05,33.73182678222656,1.7865047320749416,76,5,1,1,1,1,1,0
6005,60.06,33.850433349609375,1.7551673170409272,76,5,1,1,1,1,1,0
6006,60.07,33.8194694519043,1.8277000603756433,76,5,1,1,1,1,1,0
6007,60.08,33.71105194091797,1.9400256986982571,76,5,1,1,1,1,1,0
6008,60.09,33.862152099609375,1.99566913063238,76,5,1,1,1,1,1,0
6009,60.1,33.70858383178711,1.7139688151015753,76,5,1,1,1,1,1,0
6010,60.11,34.03927230834961,1.7972735007362952,76,5,1,1,1,1,1,0
6011,60.12,34.1197395324707,1.6530604279301369,76,5,1,1,1,1,1,0
6012,60.13,34.05112075805664,1.991532393822729,76,5,1,1,1,1,1,0
6013,60.14,33.78042984008789,1.749825922785446,76,5,1,1,1,1,1,0
6014,60.15,33.647457122802734,1.806315845822676,76,5,1,1,1,1,1,0
6015,60.16,33.946868896484375,1.721771305791137,76,5,1,1,1,1,1,0
6016,60.17,33.86259078979492,1.8535396155611699,76,5,1,1,1,1,1,0
6017,60.18,34.149803161621094,1.8203561589554045,76,5,1,1,1,1,1,0
6018,60.19,34.57134246826172,1.732137323816324,76,5,1,1,1,1,1,0
6019,60.2,33.994041442871094,1.7881820184330246,76,5,1,1,1,1,1,0
6020,60.21,34.37458801269531,1.903600470820153,76,5,1,1,1,1,1,0
6021,60.22,34.20018768310547,1.7421222595913868,76,5,1,1,1,1,1,0
6022,60.23,34.178466796875,1.841544393823764,76,5,1,1,1,1,1,0
6023,60.24,34.18829345703125,1.8125398900347929,76,5,1,1,1,1,1,0
6024,60.25,34.28029251098633,1.916928321945871,76,5,1,1,1,1,1,0
6025,60.26,34.41783905029297,1.9397190897412686,76,5,1,1,1,1,1,0
6026,60.27,34.12832260131836,1.8481627534821283,76,5,1,1,1,1,1,0
6027,60.28,33.94218063354492,1.906484643930457,76,5,1,1,1,1,1,0
6028,60.29,34.09039306640625,1.8075651865699105,76,5,1,1,1,1,1,0
6029,60.3,33.934364318847656,1.8686088536267582,76,5,1,1,1,1,1,0
6030,60.31,34.083885192871094,1.7469397471659323,76,5,1,1,1,1,1,0
6031,60.32,34.2423210144043,1.6940482226006026,76,5,1,1,1,1,1,0
6032,60.33,33.876338958740234,1.7858035963512233,76,5,1,1,1,1,1,0
6033,60.34,33.775047302246094,1.8676752366241662,76,5,1,1,1,1,1,0
6034,60.35,33.72282791137695,2.055282936021289,76,5,1,1,1,1,1,0
6035,60.36,33.961177825927734,2.0072395940701195,76,4,0,1,1,1,1,0
6036,60.37,33.819278717041016,1.846461408399963,76,5,1,1,1,1,1,0
6037,60.38,33.77812194824219,1.7174697304785933,76,5,1,1,1,1,1,0
6038,60.39,33.89411163330078,1.7741188709928386,76,5,1,1,1,1,1,0
6039,60.4,33.90009689331055,1.894258693152799,76,5,1,1,1,1,1,0
6040,60.41,34.1168327331543,1.9794438542458224,76,5,1,1,1,1,1,0
6041,60.42,34.12978744506836,1.950895862690473,76,4,0,1,1,1,1,0
6042,60.43,33.95576858520508,1.8785886572166546,76,5,1,1,1,1,1,0
6043,60.44,34.04701232910156,1.8646449150433098,76,6,1,1,1,1,1,1
6044,60.45,33.92861557006836,1.7916748118145625,76,5,0,1,1,1,1,1
6045,60.46,33.70887756347656,1.9055234040980689,76,4,0,1,1,1,1,0
6046,60.47,34.10043716430664,1.9484366761511294,76,5,0,1,1,1,1,1
6047,60.48,33.92949295043945,1.8770966020569306,76,6,1,1,1,1,1,1
6048,60.49,33.93002700805664,1.736922272501982,76,6,1,1,1,1,1,1
6049,60.5,33.775840759277344,1.8954965147337242,76,5,0,1,1,1,1,1
6050,60.51,34.21544647216797,1.9103451889376146,76,4,0,1,1,1,1,0
6051,60.52,34.021121978759766,1.7275454622083626,76,4,0,1,1,1,1,0
6052,60.53,34.07973861694336,1.7988857380866397,76,4,0,1,1,1,1,0
6053,60.54,34.749576568603516,1.8885956882605517,76,4,0,1,1,1,1,0
6054,60.55,34.44594955444336,1.9534805160872333,76,4,0,1,1,1,1,0
6055,60.56,34.41781234741211,1.8005272266997658,76,4,0,1,1,1,1,0
6056,60.57,34.434776306152344,1.824769445833738,76,4,0,1,1,1,1,0
6057,60.58,34.60607147216797,1.8159847847805726,76,5,0,1,1,1,1,1
6058,60.59,34.85514831542969,1.7097982553121818,76,5,1,1,1,1,1,0
6059,60.6,34.69417190551758,1.8636273740505394,76,4,0,1,1,1,1,0
6060,60.61,34.79016876220703,1.9402555572675981,76,4,0,1,1,1,1,0
6061,60.62,34.68666076660156,1.9192166786938032,76,4,0,1,1,1,1,0
6062,60.63,35.046730041503906,1.8013614956296948,76,4,0,1,1,1,1,0
6063,60.64,35.18313980102539,2.148579752393271,76,4,0,1,1,1,1,0
6064,60.65,35.05436706542969,1.8455077870810637,76,4,0,1,1,1,1,0
6065,60.66,34.86286544799805,1.7644533355771246,76,4,0,1,1,1,1,0
6066,60.67,34.37696075439453,1.75008544364726,76,5,1,1,1,1,1,0
6067,60.68,34.42929458618164,1.8048259936579065,76,4,0,1,1,1,1,0
6068,60.69,34.64481735229492,1.7900576994633195,76,4,0,1,1,1,1,0
6069,60.7,34.60298538208008,1.7804547378457347,76,4,0,1,1,1,1,0
6070,60.71,34.45818328857422,1.6983828448631881,76,5,1,1,1,1,1,0
6071,60.72,34.40856170654297,1.7006186959396978,76,5,1,1,1,1,1,0
6072,60.73,34.66510772705078,2.0126120907883407,76,4,0,1,1,1,1,0
6073,60.74,34.801612854003906,1.7716065989475414,76,4,0,1,1,1,1,0
6074,60.75,34.2966423034668,1.8387232184026565,76,4,0,1,1,1,1,0
6075,60.76,34.21025466918945,1.964431515841203,76,4,0,1,1,1,1,0
6076,60.77,34.49748992919922,1.8064367486401014,76,4,0,1,1,1,1,0
6077,60.78,34.436607360839844,1.7656695341506319,76,4,0,1,1,1,1,0
6078,60.79,34.37073516845703,1.9625008294193318,76,4,0,1,1,1,1,0
6079,60.8,34.45961380004883,1.9256996714429462,76,4,0,1,1,1,1,0
6080,60.81,34.72749328613281,1.767767821531054,76,4,0,1,1,1,1,0
6081,60.82,34.50414276123047,1.9034963108923524,76,4,0,1,1,1,1,0
6082,60.83,34.80618667602539,1.8948895930046215,76,4,0,1,1,1,1,0
6083,60.84,34.787349700927734,1.8049947401499467,76,5,1,1,1,1,1,0
6084,60.85,34.5514030456543,1.7408626687013466,76,4,0,1,1,1,1,0
6085,60.86,34.76945877075195,1.8543216396550286,76,4,0,1,1,1,1,0
6086,60.87,34.77729797363281,1.9152819325854744,76,4,0,1,1,1,1,0
6087,60.88,34.55913543701172,1.7161863780086153,76,4,0,1,1,1,1,0
6088,60.89,34.69944381713867,1.9014470542901454,76,4,0,1,1,1,1,0
6089,60.9,34.81892013549805,1.7284666368446708,76,4,0,1,1,1,1,0
6090,60.91,34.699432373046875,1.7660691277626002,76,4,0,1,1,1,1,0
6091,60.92,34.541595458984375,1.896522371863927,76,5,1,1,1,1,1,0
6092,60.93,34.10406494140625,1.8335773996871167,76,4,0,1,1,1,1,0
6093,60.94,34.287315368652344,1.8608885711996794,76,6,1,1,1,1,1,1
6094,60.95,34.162437438964844,1.6960507123358075,76,5,1,1,1,1,1,0
6095,60.96,34.565921783447266,1.7338112422190903,76,4,0,1,1,1,1,0
6096,60.97,35.12869644165039,1.8373080813305882,76,4,0,1,1,1,1,0
6097,60.98,35.044410705566406,1.6635833308277581,76,4,0,1,1,1,1,0
6098,60.99,34.932674407958984,1.7069551202315967,76,4,0,1,1,1,1,0
6099,61.0,34.83854293823242,1.668381829384634,76,5,1,1,1,1,1,0
6100,61.01,35.282283782958984,1.9162698305538657,76,5,1,1,1,1,1,0
6101,61.02,34.970176696777344,1.7822194272147112,76,5,1,1,1,1,1,0
6102,61.03,34.68353271484375,1.8841969887858845,76,5,1,1,1,1,1,0
6103,61.04,34.64799118041992,1.841546962435836,76,5,1,1,1,1,1,0
6104,61.05,34.72822570800781,2.0574276718884206,76,5,1,1,1,1,1,0
6105,61.06,34.76359939575195,1.752969056835823,76,5,1,1,1,1,1,0
6106,61.07,34.90095138549805,1.7557074472414926,76,5,1,1,1,1,1,0
6107,61.08,34.95714569091797,1.9079064154547023,76,5,1,1,1,1,1,0
6108,61.09,34.9835205078125,1.8350235048352321,76,5,1,1,1,1,1,0
6109,61.1,34.98397445678711,1.9965958219200335,76,5,1,1,1,1,1,0
6110,61.11,34.45820236206055,1.9502097626516612,76,5,1,1,1,1,1,0
6111,61.12,35.01885223388672,1.9320993159587851,76,5,1,1,1,1,1,0
6112,61.13,34.9987907409668,1.8806677200708084,76,5,1,1,1,1,1,0
6113,61.14,34.40886688232422,2.0219534478119314,76,5,1,1,1,1,1,0
6114,61.15,34.452171325683594,2.051198022573236,76,5,1,1,1,1,1,0
6115,61.16,34.331974029541016,1.8443684050490414,76,5,1,1,1,1,1,0
6116,61.17,33.865360260009766,1.8304378210927688,76,5,1,1,1,1,1,0
6117,61.18,34.09514236450195,1.7688407877886088,76,5,1,1,1,1,1,0
6118,61.19,34.08370590209961,1.8606963296064614,76,5,1,1,1,1,1,0
6119,61.2,33.880760192871094,1.9415724483245589,76,5,1,1,1,1,1,0
6120,61.21,34.161399841308594,1.9426004006323838,76,5,1,1,1,1,1,0
6121,61.22,33.94785690307617,1.8645689867752815,76,4,0,1,1,1,1,0
6122,61.23,34.17094421386719,2.015887696930408,76,5,1,1,1,1,1,0
6123,61.24,34.10981369018555,1.6812812492652327,76,4,0,1,1,1,1,0
6124,61.25,33.96086120605469,1.7258048133387789,76,5,1,1,1,1,1,0
6125,61.26,34.296695709228516,1.845565576066534,76,5,1,1,1,1,1,0
6126,61.27,34.18118667602539,1.7249037086072434,76,4,0,1,1,1,1,0
6127,61.28,33.94871520996094,1.7872317508519244,76,5,1,1,1,1,1,0
6128,61.29,34.309120178222656,1.963211892824409,76,4,0,1,1,1,1,0
6129,61.3,34.310508728027344,1.8991038765054642,76,5,1,1,1,1,1,0
6130,61.31,34.16279983520508,1.9008150496797762,76,4,0,1,1,1,1,0
6131,61.32,34.226402282714844,1.827289022648155,76,5,1,1,1,1,1,0
6132,61.33,34.24858856201172,1.8425229447717049,76,5,1,1,1,1,1,0
6133,61.34,34.26380920410156,1.7941574420857307,76,4,0,1,1,1,1,0
6134,61.35,34.23921585083008,1.915774287570819,76,5,1,1,1,1,1,0
6135,61.36,34.20281982421875,1.9489784655968279,76,4,0,1,1,1,1,0
6136,61.37,34.10321044921875,1.75074505951256,76,4,0,1,1,1,1,0
6137,61.38,34.084835052490234,1.8885946177371282,76,5,1,1,1,1,1,0
6138,61.39,34.23643112182617,1.8675647631425136,76,5,1,1,1,1,1,0
6139,61.4,33.92552947998047,1.935227175256872,76,5,1,1,1,1,1,0
6140,61.41,33.749671936035156,1.7308365804585537,76,5,1,1,1,1,1,0
6141,61.42,33.47945022583008,1.6463596506349223,76,5,1,1,1,1,1,0
6142,61.43,33.613731384277344,1.7986079449306516,76,5,1,1,1,1,1,0
6143,61.44,33.637725830078125,1.8883022591166436,76,5,1,1,1,1,1,0
6144,61.45,33.49620819091797,1.9958716231831006,76,5,1,1,1,1,1,0
6145,61.46,33.25633239746094,1.7972728958282844,76,5,1,1,1,1,1,0
6146,61.47,33.658477783203125,1.9323841896283431,76,5,1,1,1,1,1,0
6147,61.48,33.47757339477539,1.93093535789743,76,5,1,1,1,1,1,0
6148,61.49,33.76887512207031,1.98936816589629,76,5,1,1,1,1,1,0
6149,61.5,33.661720275878906,1.6789897646973593,76,5,1,1,1,1,1,0
6150,61.51,33.92768859863281,1.8362523840911809,76,5,1,1,1,1,1,0
6151,61.52,33.98889923095703,1.7449630613173077,76,5,1,1,1,1,1,0
6152,61.53,34.11700439453125,2.002847340686349,76,5,1,1,1,1,1,0
6153,61.54,33.920440673828125,1.9520743742622872,76,5,1,1,1,1,1,0
6154,61.55,33.98917770385742,1.8394557396726827,76,5,1,1,1,1,1,0
6155,61.56,33.92570114135742,2.0041460641728253,76,4,0,1,1,1,1,0
6156,61.57,33.73802947998047,1.7123653645194756,76,5,1,1,1,1,1,0
6157,61.58,33.69887924194336,1.83831236796755,76,5,1,1,1,1,1,0
6158,61.59,33.704742431640625,1.687365901791248,76,5,1,1,1,1,1,0
6159,61.6,33.79390335083008,1.7800548750749943,76,5,1,1,1,1,1,0
6160,61.61,33.54806900024414,1.74625318937907,76,5,1,1,1,1,1,0
6161,61.62,33.429534912109375,1.8641073722215589,76,5,1,1,1,1,1,0
6162,61.63,33.71426010131836,1.9102388356496864,76,4,0,1,1,1,1,0
6163,61.64,33.74312210083008,1.8240046590512682,76,5,1,1,1,1,1,0
6164,61.65,33.74861145019531,2.196773089157213,76,5,1,1,1,1,1,0
6165,61.66,33.68297576904297,1.951768153120603,76,5,1,1,1,1,1,0
6166,61.67,33.59454345703125,1.731414260290401,76,5,1,1,1,1,1,0
6167,61.68,33.91623306274414,1.6989970554042788,76,5,1,1,1,1,1,0
6168,61.69,33.74734115600586,1.8523733357818704,76,5,1,1,1,1,1,0
6169,61.7,33.774051666259766,1.8255433155416112,76,5,1,1,1,1,1,0
6170,61.71,33.605995178222656,1.7518283321995725,76,5,1,1,1,1,1,0
6171,61.72,34.17243957519531,1.7896951366820317,76,5,1,1,1,1,1,0
6172,61.73,33.929046630859375,1.938888358341286,76,5,1,1,1,1,1,0
6173,61.74,34.18862533569336,1.6703593298158534,76,5,1,1,1,1,1,0
6174,61.75,34.2563591003418,1.6306103014364586,76,5,1,1,1,1,1,0
6175,61.76,34.22887420654297,1.9120922093684007,76,5,1,1,1,1,1,0
6176,61.77,34.2099723815918,1.7867595713007656,76,5,1,1,1,1,1,0
6177,61.78,34.227088928222656,1.9750774951856798,76,5,1,1,1,1,1,0
6178,61.79,34.011375427246094,1.8655314218678494,76,5,1,1,1,1,1,0
6179,61.8,34.599395751953125,1.817857422453798,76,5,1,1,1,1,1,0
6180,61.81,34.49980545043945,1.7486267927735304,76,5,1,1,1,1,1,0
6181,61.82,34.20266342163086,1.806047084512921,76,5,1,1,1,1,1,0
6182,61.83,34.362518310546875,1.7566746973012897,76,5,1,1,1,1,1,0
6183,61.84,34.5414924621582,1.8288248168102708,76,5,1,1,1,1,1,0
6184,61.85,34.441009521484375,1.8560220688296238,76,5,1,1,1,1,1,0
6185,61.86,34.19792938232422,1.9462238887774699,76,5,1,1,1,1,1,0
6186,61.87,34.133853912353516,2.133800775503444,76,5,1,1,1,1,1,0
6187,61.88,34.25627517700195,2.0766325853634613,76,5,1,1,1,1,1,0
6188,61.89,34.00117492675781,2.255705706350262,76,5,1,1,1,1,1,0
6189,61.9,34.12068176269531,1.950642978595641,76,5,1,1,1,1,1,0
6190,61.91,34.328369140625,2.069782180759731,76,5,1,1,1,1,1,0
6191,61.92,34.092979431152344,2.0886818794929405,76,5,1,1,1,1,1,0
6192,61.93,34.24876403808594,2.0996210486621973,76,5,1,1,1,1,1,0
6193,61.94,34.23183822631836,2.040906645945528,76,5,1,1,1,1,1,0
6194,61.95,34.06400680541992,2.0012238900521857,76,5,1,1,1,1,1,0
6195,61.96,34.253604888916016,1.9342455329113393,76,5,1,1,1,1,1,0
6196,61.97,34.37632369995117,1.8949674970919863,76,5,1,1,1,1,1,0
6197,61.98,33.97746276855469,1.8949399575282768,76,5,1,1,1,1,1,0
6198,61.99,33.807952880859375,2.0723403178926976,76,5,1,1,1,1,1,0
6199,62.0,34.26707458496094,1.8531066626021857,76,5,1,1,1,1,1,0
6200,62.01,34.35479736328125,1.769433063295598,76,5,1,1,1,1,1,0
6201,62.02,34.05234909057617,1.9206514048239398,76,5,1,1,1,1,1,0
6202,62.03,34.11328887939453,1.926757420886606,76,5,1,1,1,1,1,0
6203,62.04,34.3517951965332,2.0697076957876432,76,5,1,1,1,1,1,0
6204,62.05,34.1493034362793,2.0414954684161786,76,5,1,1,1,1,1,0
6205,62.06,34.445194244384766,1.948382369057894,76,5,1,1,1,1,1,0
6206,62.07,34.68977737426758,1.9696411702634953,76,4,0,1,1,1,1,0
6207,62.08,34.40467834472656,2.019430350441827,76,5,1,1,1,1,1,0
6208,62.09,34.18110275268555,1.9608411004084028,76,5,1,1,1,1,1,0
6209,62.1,34.134334564208984,1.8405417515548128,76,5,1,1,1,1,1,0
6210,62.11,34.16697311401367,2.0143713276632527,76,5,1,1,1,1,1,0
6211,62.12,34.291481018066406,1.986781607121649,76,5,1,1,1,1,1,0
6212,62.13,34.32966232299805,1.9774992260741922,76,5,1,1,1,1,1,0
6213,62.14,34.522727966308594,2.033863388493801,76,5,1,1,1,1,1,0
6214,62.15,34.56961441040039,2.1006182992045255,76,5,1,1,1,1,1,0
6215,62.16,34.41636657714844,2.139485760253762,76,4,0,1,1,1,1,0
6216,62.17,34.61943817138672,1.73637724902522,76,4,0,1,1,1,1,0
6217,62.18,34.364105224609375,1.7473649211053328,76,5,1,1,1,1,1,0
6218,62.19,34.49033737182617,1.681250578133276,76,5,1,1,1,1,1,0
6219,62.2,33.868900299072266,1.7307529691748291,76,5,1,1,1,1,1,0
6220,62.21,33.82627487182617,1.9105242384471213,76,5,1,1,1,1,1,0
6221,62.22,34.27389144897461,1.8563693760054112,76,5,1,1,1,1,1,0
6222,62.23,33.91458511352539,1.7705616701056595,76,5,1,1,1,1,1,0
6223,62.24,34.3062629699707,1.7403699030168205,76,5,1,1,1,1,1,0
6224,62.25,34.44140625,1.7874297862133168,76,4,0,1,1,1,1,0
6225,62.26,34.30615997314453,1.8444507076907626,76,5,1,1,1,1,1,0
6226,62.27,34.31494903564453,1.7135099638916105,76,5,1,1,1,1,1,0
6227,62.28,34.33435821533203,1.718457676224544,76,5,1,1,1,1,1,0
6228,62.29,34.3644905090332,1.933132512854803,76,4,0,1,1,1,1,0
6229,62.3,34.56772232055664,1.9519486355828726,76,5,1,1,1,1,1,0
6230,62.31,34.64150619506836,1.7691785636927841,76,5,1,1,1,1,1,0
6231,62.32,34.41904830932617,1.7353109198786454,76,5,1,1,1,1,1,0
6232,62.33,34.64176559448242,1.785103200287455,76,5,1,1,1,1,1,0
6233,62.34,34.302635192871094,1.6456565669127405,76,5,1,1,1,1,1,0
6234,62.35,34.60302734375,1.720556076566627,76,5,1,1,1,1,1,0
6235,62.36,34.48566818237305,1.8979470588051859,76,4,0,1,1,1,1,0
6236,62.37,34.52583312988281,1.8299174870722694,76,4,0,1,1,1,1,0
6237,62.38,34.48455810546875,2.032585525123372,76,5,1,1,1,1,1,0
6238,62.39,34.47751235961914,1.6940229168813281,76,5,1,1,1,1,1,0
6239,62.4,34.8874397277832,1.7244441446601833,76,4,0,1,1,1,1,0
6240,62.41,34.668392181396484,2.1904083035192925,76,5,1,1,1,1,1,0
6241,62.42,34.566104888916016,1.8527331145186654,76,5,1,1,1,1,1,0
6242,62.43,35.0284423828125,1.7846265138210937,76,4,0,1,1,1,1,0
6243,62.44,35.038326263427734,1.942060259481111,76,4,0,1,1,1,1,0
6244,62.45,34.62116241455078,1.8246654009391314,76,4,0,1,1,1,1,0
6245,62.46,34.86698913574219,1.8748093158681576,76,4,0,1,1,1,1,0
6246,62.47,34.74600601196289,1.7945760259179975,76,5,1,1,1,1,1,0
6247,62.48,34.69430923461914,1.8494899289973818,76,5,1,1,1,1,1,0
6248,62.49,34.58592987060547,1.8436370597781788,76,4,0,1,1,1,1,0
6249,62.5,35.027015686035156,1.7458812567334367,76,5,1,1,1,1,1,0
6250,62.51,34.67621994018555,1.797689401471284,76,5,1,1,1,1,1,0
6251,62.52,34.843719482421875,1.7602594037117274,76,5,1,1,1,1,1,0
6252,62.53,34.811805725097656,1.8008043848506197,76,4,0,1,1,1,1,0
6253,62.54,34.596431732177734,1.9869096916361808,76,5,1,1,1,1,1,0
6254,62.55,34.50716781616211,1.7362334892322018,76,5,1,1,1,1,1,0
6255,62.56,34.56498718261719,1.7280083736718794,76,5,1,1,1,1,1,0
6256,62.57,34.68658447265625,1.776738629819772,76,5,1,1,1,1,1,0
6257,62.58,35.16794204711914,1.9037827094439579,76,5,1,1,1,1,1,0
6258,62.59,35.03977584838867,1.8982633337448787,76,4,0,1,1,1,1,0
6259,62.6,34.944175720214844,1.911048405696312,76,5,1,1,1,1,1,0
6260,62.61,35.24066925048828,1.9692118529155624,76,5,1,1,1,1,1,0
6261,62.62,35.07587432861328,1.934140143760331,76,5,1,1,1,1,1,0
6262,62.63,35.18771743774414,1.6912112546394962,76,5,1,1,1,1,1,0
6263,62.64,34.5706787109375,1.7580084456838587,76,5,1,1,1,1,1,0
6264,62.65,34.8994140625,1.6916572904810918,76,5,1,1,1,1,1,0
6265,62.66,34.78585433959961,1.9794456657715924,76,5,1,1,1,1,1,0
6266,62.67,34.49259948730469,2.041128012755427,76,5,1,1,1,1,1,0
6267,62.68,34.64384460449219,1.8638141249127937,76,4,0,1,1,1,1,0
6268,62.69,34.3652458190918,1.7656692532866707,76,5,1,1,1,1,1,0
6269,62.7,34.75175857543945,1.8212654227332337,76,5,1,1,1,1,1,0
6270,62.71,34.633514404296875,1.79983226354931,76,5,1,1,1,1,1,0
6271,62.72,34.55636978149414,1.9190089352197484,76,5,1,1,1,1,1,0
6272,62.73,34.582923889160156,1.831745751677842,76,5,1,1,1,1,1,0
6273,62.74,35.14088439941406,2.1461853977436656,76,5,1,1,1,1,1,0
6274,62.75,34.66183853149414,2.0610950920273834,76,5,1,1,1,1,1,0
6275,62.76,34.73808288574219,2.2645317300962917,76,5,1,1,1,1,1,0
6276,62.77,34.61103057861328,1.8113518133834967,76,5,1,1,1,1,1,0
6277,62.78,34.584503173828125,1.6861176860680416,76,5,1,1,1,1,1,0
6278,62.79,34.2242431640625,1.9202090535008378,76,5,1,1,1,1,1,0
6279,62.8,34.156646728515625,1.9829717845034736,76,5,1,1,1,1,1,0
6280,62.81,34.28971862792969,1.822881312625538,76,5,1,1,1,1,1,0
6281,62.82,34.542457580566406,1.8658524145828916,76,5,1,1,1,1,1,0
6282,62.83,34.73427963256836,2.05645361730846,76,4,0,1,1,1,1,0
6283,62.84,34.5069465637207,2.115418597344,76,4,1,1,1,0,1,0
6284,62.85,34.72226333618164,1.9475900856904598,76,5,1,1,1,1,1,0
6285,62.86,34.29404067993164,1.9412630181731785,76,5,1,1,1,1,1,0
6286,62.87,34.65068435668945,1.9630859153489961,76,5,1,1,1,1,1,0
6287,62.88,34.73052978515625,1.852566595494027,76,5,1,1,1,1,1,0
6288,62.89,34.710723876953125,2.0451174812806996,76,5,1,1,1,1,1,0
6289,62.9,34.58830642700195,1.8142818659204856,76,5,1,1,1,1,1,0
6290,62.91,34.76896667480469,2.011789847044681,76,5,1,1,1,1,1,0
6291,62.92,34.82638168334961,1.99554513524781,76,5,1,1,1,1,1,0
6292,62.93,34.965660095214844,2.0461909438183,76,5,1,1,1,1,1,0
6293,62.94,34.725074768066406,1.7326850239688054,76,5,1,1,1,1,1,0
6294,62.95,34.66633224487305,2.130399445077039,76,5,1,1,1,1,1,0
6295,62.96,34.73955154418945,2.1517191063454004,76,5,1,1,1,1,1,0
6296,62.97,34.65202331542969,1.9516926873126783,76,5,1,1,1,1,1,0
6297,62.98,34.67146682739258,1.9729679669408573,76,5,1,1,1,1,1,0
6298,62.99,34.65851974487305,1.9525616863438553,76,5,1,1,1,1,1,0
6299,63.0,34.3372917175293,2.1300464958179743,76,5,1,1,1,1,1,0
6300,63.01,34.36378479003906,1.9672842630199108,76,5,1,1,1,1,1,0
6301,63.02,34.393428802490234,2.140793154607187,76,5,1,1,1,1,1,0
6302,63.03,34.74361038208008,2.22604882609579,76,5,1,1,1,1,1,0
6303,63.04,34.6499137878418,1.9602524594820814,76,5,1,1,1,1,1,0
6304,63.05,34.219139099121094,2.1779079902105383,76,5,1,1,1,1,1,0
6305,63.06,34.46308517456055,1.805933495905323,76,5,1,1,1,1,1,0
6306,63.07,34.62838363647461,1.7844325818397548,76,5,1,1,1,1,1,0
6307,63.08,34.361488342285156,2.0816820450236393,76,5,1,1,1,1,1,0
6308,63.09,34.61127853393555,1.835568073706802,76,5,1,1,1,1,1,0
6309,63.1,34.099998474121094,1.9155173791555895,76,5,1,1,1,1,1,0
6310,63.11,34.60636901855469,2.221306218782122,76,5,1,1,1,1,1,0
6311,63.12,34.545597076416016,1.949076809014214,76,5,1,1,1,1,1,0
6312,63.13,34.56554412841797,1.9623185375926457,76,4,0,1,1,1,1,0
6313,63.14,35.14463424682617,1.8771503652340624,76,5,1,1,1,1,1,0
6314,63.15,35.17763137817383,1.8475930940252037,76,4,0,1,1,1,1,0
6315,63.16,35.083465576171875,1.7438737302806644,76,4,0,1,1,1,1,0
6316,63.17,35.056907653808594,1.95573559359125,76,5,1,1,1,1,1,0
6317,63.18,34.898868560791016,2.028790358392883,76,5,1,1,1,1,1,0
6318,63.19,34.31125259399414,2.1598646743238876,76,5,1,1,1,1,1,0
6319,63.2,34.40443801879883,2.164856969856457,76,5,1,1,1,1,1,0
6320,63.21,34.49061965942383,1.9856721185065338,76,5,1,1,1,1,1,0
6321,63.22,34.25822448730469,1.8085374700195087,76,5,1,1,1,1,1,0
6322,63.23,34.294189453125,2.1833241098626877,76,5,1,1,1,1,1,0
6323,63.24,34.07035827636719,2.0924180344571623,76,5,1,1,1,1,1,0
6324,63.25,33.88597106933594,1.8663869152705574,76,5,1,1,1,1,1,0
6325,63.26,34.296875,1.9351771594515315,76,5,1,1,1,1,1,0
6326,63.27,34.449546813964844,1.8694892467332733,76,5,1,1,1,1,1,0
6327,63.28,34.305328369140625,2.076845396183858,76,5,1,1,1,1,1,0
6328,63.29,34.29679489135742,1.986703299862781,76,5,1,1,1,1,1,0
6329,63.3,34.505584716796875,1.8404363131488946,76,5,1,1,1,1,1,0
6330,63.31,34.20067596435547,1.8678610670970344,76,5,1,1,1,1,1,0
6331,63.32,34.33026885986328,2.1104777206696292,76,5,1,1,1,1,1,0
6332,63.33,33.808326721191406,1.8787777685591829,76,5,1,1,1,1,1,0
6333,63.34,34.1093864440918,1.9597973964117688,76,5,1,1,1,1,1,0
6334,63.35,34.11308288574219,1.7714698865025493,76,5,1,1,1,1,1,0
6335,63.36,34.46259689331055,2.0488540254340215,76,4,0,1,1,1,1,0
6336,63.37,34.744808197021484,1.9752720852613483,76,5,1,1,1,1,1,0
6337,63.38,34.674049377441406,2.070411894730868,76,5,1,1,1,1,1,0
6338,63.39,34.7056999206543,1.7494570446795854,76,5,1,1,1,1,1,0
6339,63.4,35.06816482543945,1.9043649122506492,76,4,0,1,1,1,1,0
6340,63.41,34.623291015625,1.92584465461463,76,4,0,1,1,1,1,0
6341,63.42,34.3115234375,1.9704053332064049,76,5,1,1,1,1,1,0
6342,63.43,34.1376953125,1.9189850206620438,76,5,1,1,1,1,1,0
6343,63.44,34.45163345336914,1.9054112911080925,76,5,1,1,1,1,1,0
6344,63.45,34.3540153503418,1.9272239572513705,76,5,1,1,1,1,1,0
6345,63.46,34.1019287109375,2.040539925501004,76,5,1,1,1,1,1,0
6346,63.47,34.227603912353516,1.830057384244248,76,4,0,1,1,1,1,0
6347,63.48,34.218929290771484,1.8661722891418833,76,5,1,1,1,1,1,0
6348,63.49,34.12824630737305,2.015289665212576,76,4,0,1,1,1,1,0
6349,63.5,33.98576736450195,1.9403366925430983,76,5,1,1,1,1,1,0
6350,63.51,34.65637969970703,2.0552641382836447,76,5,1,1,1,1,1,0
6351,63.52,34.498443603515625,2.156363804922635,76,5,1,1,1,1,1,0
6352,63.53,34.60426330566406,2.223626629748205,76,5,1,1,1,1,1,0
6353,63.54,34.501312255859375,1.9602527416554252,76,5,1,1,1,1,1,0
6354,63.55,34.7038459777832,1.7140855269641755,76,5,1,1,1,1,1,0
6355,63.56,34.91534423828125,1.677257734792798,76,5,1,1,1,1,1,0
6356,63.57,34.8137092590332,1.9633894047183633,76,5,1,1,1,1,1,0
6357,63.58,34.87361526489258,2.0110193482373617,76,5,1,1,1,1,1,0
6358,63.59,34.60105895996094,1.666551130696611,76,5,1,1,1,1,1,0
6359,63.6,34.38730239868164,1.9153604810592915,76,5,1,1,1,1,1,0
6360,63.61,33.98670196533203,1.8363495456954166,76,5,1,1,1,1,1,0
6361,63.62,34.46342468261719,1.8595419748445983,76,5,1,1,1,1,1,0
6362,63.63,34.483070373535156,1.7272543458505647,76,5,1,1,1,1,1,0
6363,63.64,34.71894454956055,1.8101086899044858,76,5,1,1,1,1,1,0
6364,63.65,34.71308898925781,1.6942870451810184,76,5,1,1,1,1,1,0
6365,63.66,34.58842468261719,1.664302204074309,76,5,1,1,1,1,1,0
6366,63.67,34.74497985839844,1.7318790836907132,76,5,1,1,1,1,1,0
6367,63.68,34.88141632080078,1.692012943305734,76,5,1,1,1,1,1,0
6368,63.69,34.96391677856445,1.7477456069061332,76,5,1,1,1,1,1,0
6369,63.7,34.95901870727539,1.9506677566085058,76,5,1,1,1,1,1,0
6370,63.71,34.71430969238281,1.8198090555828519,76,5,1,1,1,1,1,0
6371,63.72,34.591033935546875,1.9488984143117107,76,5,1,1,1,1,1,0
6372,63.73,34.58671569824219,1.8830584686863194,76,5,1,1,1,1,1,0
6373,63.74,34.6187629699707,1.9239766908109395,76,5,1,1,1,1,1,0
6374,63.75,34.520103454589844,1.7866701968507903,76,4,0,1,1,1,1,0
6375,63.76,34.33268737792969,1.8666814596894858,76,4,0,1,1,1,1,0
6376,63.77,34.373878479003906,1.7781214603999618,76,4,0,1,1,1,1,0
6377,63.78,34.44963836669922,1.8733376332415683,76,4,0,1,1,1,1,0
6378,63.79,33.84040832519531,2.034748631356538,76,5,1,1,1,1,1,0
6379,63.8,34.21867370605469,1.8849641842091829,76,5,1,1,1,1,1,0
6380,63.81,34.104278564453125,1.8754195526695983,76,4,0,1,1,1,1,0
6381,63.82,34.03043746948242,1.8844089647974525,76,4,0,1,1,1,1,0
6382,63.83,33.63206481933594,1.7025554492243868,76,4,0,1,1,1,1,0
6383,63.84,34.34564971923828,1.9248365060320058,76,5,1,1,1,1,1,0
6384,63.85,34.31193542480469,1.9588028081385693,76,5,1,1,1,1,1,0
6385,63.86,34.938812255859375,1.85334773344495,76,4,0,1,1,1,1,0
6386,63.87,34.722267150878906,2.016678567126342,76,5,1,1,1,1,1,0
6387,63.88,34.42234420776367,1.8648596658146848,76,4,0,1,1,1,1,0
6388,63.89,34.064247131347656,1.7700887397092342,76,4,0,1,1,1,1,0
6389,63.9,34.09484100341797,1.9705098378352788,76,5,1,1,1,1,1,0
6390,63.91,34.45549011230469,2.0397574701335395,76,4,0,1,1,1,1,0
6391,63.92,34.4608268737793,2.0488548586238693,76,4,0,1,1,1,1,0
6392,63.93,34.69167709350586,1.7701105227718683,76,4,0,1,1,1,1,0
6393,63.94,34.097721099853516,1.7766816349132277,76,5,1,1,1,1,1,0
6394,63.95,33.70280075073242,1.873419808581592,76,5,1,1,1,1,1,0
6395,63.96,33.76546859741211,1.8205999215723232,76,6,1,1,1,1,1,1
6396,63.97,34.07732009887695,1.9632859637681195,76,5,1,1,1,1,1,0
6397,63.98,33.69845199584961,1.7545648775586582,76,6,1,1,1,1,1,1
6398,63.99,33.93356704711914,1.6757359139001204,76,5,1,1,1,1,1,0
6399,64.0,34.021358489990234,1.8452647462241596,76,5,1,1,1,1,1,0
6400,64.01,33.93393325805664,1.903183466172726,76,3,0,1,1,0,1,0
6401,64.02,34.212806701660156,1.6953482152662072,76,5,1,1,1,1,1,0
6402,64.03,33.730194091796875,1.8200241607109986,76,5,1,1,1,1,1,0
6403,64.04,33.96601486206055,1.752654118312121,76,5,1,1,1,1,1,0
6404,64.05,34.16886520385742,1.9881157029158405,76,5,1,1,1,1,1,0
6405,64.06,34.162906646728516,1.8648908559720008,76,5,1,1,1,1,1,0
6406,64.07,34.176517486572266,1.9634164941973928,76,5,1,1,1,1,1,0
6407,64.08,34.562286376953125,1.759344402801107,76,5,1,1,1,1,1,0
6408,64.09,33.92447280883789,1.6422543028122931,76,5,1,1,1,1,1,0
6409,64.1,33.80552673339844,1.643073209615684,76,5,1,1,1,1,1,0
6410,64.11,33.82734680175781,1.7459965345401527,76,5,1,1,1,1,1,0
6411,64.12,33.8881950378418,2.019953055641179,76,4,0,1,1,1,1,0
6412,64.13,34.11411666870117,1.775779778931092,76,5,1,1,1,1,1,0
6413,64.14,34.15998840332031,1.6293855550462015,76,5,1,1,1,1,1,0
6414,64.15,34.570926666259766,2.1498344364792668,76,4,0,1,1,1,1,0
6415,64.16,34.10091018676758,1.9880156832425522,76,5,1,1,1,1,1,0
6416,64.17,34.221168518066406,1.9280005744904267,76,5,1,1,1,1,1,0
6417,64.18,33.996334075927734,1.93261734047808,76,5,1,1,1,1,1,0
6418,64.19,34.564308166503906,1.6780069936422697,76,5,1,1,1,1,1,0
6419,64.2,34.52074432373047,1.9655302474794798,76,5,1,1,1,1,1,0
6420,64.21,34.4360466003418,1.8204670403298795,76,5,1,1,1,1,1,0
6421,64.22,34.2726936340332,2.1379424098488973,76,5,1,1,1,1,1,0
6422,64.23,34.25768280029297,1.6633434768428275,76,5,1,1,1,1,1,0
6423,64.24,34.478450775146484,1.8563636735804907,76,5,1,1,1,1,1,0
6424,64.25,34.426170349121094,1.899422142899868,76,5,1,1,1,1,1,0
6425,64.26,34.58944320678711,1.9127478411298415,76,5,1,1,1,1,1,0
6426,64.27,34.53354263305664,1.9506390869279493,76,5,1,1,1,1,1,0
6427,64.28,34.43716812133789,1.7823050278135666,76,5,1,1,1,1,1,0
6428,64.29,34.42300796508789,1.7438737084053157,76,5,1,1,1,1,1,0
6429,64.3,34.55767059326172,1.659309256365062,76,5,1,1,1,1,1,0
6430,64.31,34.58573532104492,1.7258637481098915,76,5,1,1,1,1,1,0
6431,64.32,34.70726013183594,1.902553171225981,76,5,1,1,1,1,1,0
6432,64.33,34.2410774230957,1.8243094756298792,76,5,1,1,1,1,1,0
6433,64.34,34.075950622558594,1.8746985048152933,76,5,1,1,1,1,1,0
6434,64.35,33.70397186279297,1.889583138417798,76,5,1,1,1,1,1,0
6435,64.36,33.941551208496094,1.6827928811372248,76,5,1,1,1,1,1,0
6436,64.37,33.927024841308594,1.6459945737789168,76,5,1,1,1,1,1,0
6437,64.38,34.1748161315918,1.7467121475555554,76,5,1,1,1,1,1,0
6438,64.39,34.190677642822266,1.9030998750006747,76,5,1,1,1,1,1,0
6439,64.4,34.198204040527344,1.687040090104812,76,5,1,1,1,1,1,0
6440,64.41,33.615230560302734,1.7088019099026377,76,5,1,1,1,1,1,0
6441,64.42,34.135231018066406,1.825379822816075,76,5,1,1,1,1,1,0
6442,64.43,33.86494827270508,1.9352254800254245,76,5,1,1,1,1,1,0
6443,64.44,33.75627517700195,1.6767218930465617,76,6,1,1,1,1,1,1
6444,64.45,33.702857971191406,1.8756612131690726,76,5,1,1,1,1,1,0
6445,64.46,33.88579559326172,1.6459717739083048,76,5,1,1,1,1,1,0
6446,64.47,33.90846633911133,1.777017614524853,76,5,1,1,1,1,1,0
6447,64.48,34.21775817871094,1.9061229523899388,76,5,1,1,1,1,1,0
6448,64.49,33.98130416870117,1.8249637788300552,76,5,1,1,1,1,1,0
6449,64.5,34.15468215942383,1.6902944274507437,76,5,1,1,1,1,1,0
6450,64.51,34.13733673095703,2.056941056933567,76,5,1,1,1,1,1,0
6451,64.52,34.01316833496094,1.946944159151107,76,5,1,1,1,1,1,0
6452,64.53,34.18113708496094,1.8068215308543198,76,5,1,1,1,1,1,0
6453,64.54,33.70925521850586,1.827647216757355,76,5,1,1,1,1,1,0
6454,64.55,33.494651794433594,1.8074549858095879,76,6,1,1,1,1,1,1
6455,64.56,33.77141571044922,1.7749644617096274,76,6,1,1,1,1,1,1
6456,64.57,33.69117736816406,1.7462523865773862,76,4,0,1,1,1,1,0
6457,64.58,33.53023910522461,1.951152052343427,76,6,1,1,1,1,1,1
6458,64.59,33.82954788208008,1.9783332344376947,76,5,1,1,1,1,1,0
6459,64.6,33.56180953979492,1.857121055428321,76,5,1,1,1,1,1,0
6460,64.61,33.020877838134766,1.9158558124935123,76,6,1,1,1,1,1,1
6461,64.62,33.549476623535156,2.066518900523391,76,5,1,1,1,1,1,0
6462,64.63,33.885684967041016,1.8437194002362285,76,5,1,1,1,1,1,0
6463,64.64,33.990257263183594,1.9322812259333548,76,5,1,1,1,1,1,0
6464,64.65,33.690277099609375,1.8682850624950338,76,5,1,1,1,1,1,0
6465,64.66,33.37060546875,1.9196340357195192,76,4,0,1,1,1,1,0
6466,64.67,33.604248046875,1.7760563529626627,76,5,1,1,1,1,1,0
6467,64.68,33.22511291503906,1.9069617911782237,76,4,0,1,1,1,1,0
6468,64.69,33.335960388183594,1.7284671444497801,76,5,1,1,1,1,1,0
6469,64.7,33.49201202392578,1.9004735916601572,76,5,1,1,1,1,1,0
6470,64.71,33.26308822631836,1.976793002789594,76,5,1,1,1,1,1,0
6471,64.72,33.48311233520508,1.8023584131966282,76,5,1,1,1,1,1,0
6472,64.73,33.411563873291016,1.7980552424865839,76,5,1,1,1,1,1,0
6473,64.74,33.289527893066406,1.9646339126003927,76,5,1,1,1,1,1,0
6474,64.75,33.40431213378906,1.77912826451477,76,5,1,1,1,1,1,0
6475,64.76,33.742130279541016,1.9620925468708876,76,5,1,1,1,1,1,0
6476,64.77,33.51502990722656,1.9575991168716318,76,5,1,1,1,1,1,0
6477,64.78,33.716617584228516,1.9079050408492806,76,5,1,1,1,1,1,0
6478,64.79,33.464054107666016,1.8423372450966065,76,5,1,1,1,1,1,0
6479,64.8,33.61956024169922,1.6732571531121465,76,5,1,1,1,1,1,0
6480,64.81,33.703006744384766,1.8834566722553405,76,5,1,1,1,1,1,0
6481,64.82,33.74126052856445,1.7661536266172593,76,5,1,1,1,1,1,0
6482,64.83,33.832908630371094,1.7121329850200653,76,5,1,1,1,1,1,0
6483,64.84,33.85268020629883,1.861855418656193,76,5,1,1,1,1,1,0
6484,64.85,33.87554168701172,1.8711761421330058,76,5,1,1,1,1,1,0
6485,64.86,34.16404724121094,1.670539461371465,76,5,1,1,1,1,1,0
6486,64.87,33.83310317993164,1.7741475657231633,76,5,1,1,1,1,1,0
6487,64.88,33.18004608154297,1.7332651744588083,76,5,1,1,1,1,1,0
6488,64.89,33.2645149230957,1.9653233622730357,76,5,1,1,1,1,1,0
6489,64.9,33.388824462890625,2.094060450618889,76,5,1,1,1,1,1,0
6490,64.91,33.51582336425781,1.7518281253323187,76,5,1,1,1,1,1,0
6491,64.92,33.43901824951172,1.8350759905287508,76,5,1,1,1,1,1,0
6492,64.93,33.75397872924805,1.8843335798584118,76,5,1,1,1,1,1,0
6493,64.94,33.49284744262695,1.7667500632902677,76,4,0,1,1,1,1,0
6494,64.95,33.670230865478516,1.7418077470269255,76,5,1,1,1,1,1,0
6495,64.96,33.24092483520508,1.9058830077158058,76,5,1,1,1,1,1,0
6496,64.97,33.27801513671875,1.7416349262968696,76,5,1,1,1,1,1,0
6497,64.98,33.607215881347656,1.8593318159571082,76,5,1,1,1,1,1,0
6498,64.99,33.445068359375,1.8409218763459023,76,4,0,1,1,1,1,0
6499,65.0,33.34891128540039,1.9442488793495758,76,5,1,1,1,1,1,0
6500,65.01,33.45226287841797,1.9246066690900139,76,4,0,1,1,1,1,0
6501,65.02,33.64786148071289,1.842634898907562,76,4,0,1,1,1,1,0
6502,65.03,33.57378005981445,1.9008964034216476,76,4,0,1,1,1,1,0
6503,65.04,33.568416595458984,1.6487860300167232,76,4,0,1,1,1,1,0
6504,65.05,33.38901138305664,1.8516513172637528,76,4,0,1,1,1,1,0
6505,65.06,33.28923416137695,1.9828041734238313,76,4,0,1,1,1,1,0
6506,65.07,33.33027648925781,1.8938555498185403,76,5,1,1,1,1,1,0
6507,65.08,33.5992317199707,1.985420349545236,76,4,0,1,1,1,1,0
6508,65.09,33.70232009887695,1.7965533484213356,76,5,1,1,1,1,1,0
6509,65.1,33.77374267578125,1.992208101917543,76,5,1,1,1,1,1,0
6510,65.11,33.361427307128906,1.9561690239783187,76,5,1,1,1,1,1,0
6511,65.12,33.4110107421875,2.0683112078728105,76,5,1,1,1,1,1,0
6512,65.13,33.243770599365234,1.7455412782172601,76,5,1,1,1,1,1,0
6513,65.14,33.520572662353516,2.240288335095666,76,5,1,1,1,1,1,0
6514,65.15,33.82892608642578,1.9058044389277247,76,4,0,1,1,1,1,0
6515,65.16,33.7844352722168,1.8634643515954534,76,4,0,1,1,1,1,0
6516,65.17,33.6682243347168,1.9925853352030818,76,5,1,1,1,1,1,0
6517,65.18,33.58542251586914,1.690592737483513,76,5,1,1,1,1,1,0
6518,65.19,33.54393768310547,1.9331335587177274,76,5,1,1,1,1,1,0
6519,65.2,33.412635803222656,1.918856631620617,76,5,1,1,1,1,1,0
6520,65.21,33.49553298950195,1.7622132547230214,76,4,0,1,1,1,1,0
6521,65.22,33.63212203979492,1.7688981000283663,76,5,1,1,1,1,1,0
6522,65.23,33.531768798828125,1.81474691597172,76,5,1,1,1,1,1,0
6523,65.24,33.74690246582031,1.7202956766194244,76,5,1,1,1,1,1,0
6524,65.25,33.72881317138672,1.7565289067818326,76,5,1,1,1,1,1,0
6525,65.26,33.51926040649414,1.8141651446661797,76,5,1,1,1,1,1,0
6526,65.27,33.368526458740234,1.8482954443256192,76,5,1,1,1,1,1,0
6527,65.28,33.916664123535156,1.7726823471395463,76,5,1,1,1,1,1,0
6528,65.29,33.636558532714844,1.7594875643078485,76,5,1,1,1,1,1,0
6529,65.3,33.65800857543945,1.8109106068388563,76,5,1,1,1,1,1,0
6530,65.31,33.86326217651367,1.8832366790802144,76,5,1,1,1,1,1,0
6531,65.32,33.97630310058594,1.8943320469552336,76,5,1,1,1,1,1,0
6532,65.33,34.088619232177734,1.7876756753098113,76,5,1,1,1,1,1,0
6533,65.34,33.9255485534668,1.7293296973004142,76,5,1,1,1,1,1,0
6534,65.35,33.902400970458984,1.777669956979494,76,5,1,1,1,1,1,0
6535,65.36,33.849117279052734,1.8024686186851453,76,5,1,1,1,1,1,0
6536,65.37,34.25008010864258,1.7844069919729832,76,5,1,1,1,1,1,0
6537,65.38,34.03485107421875,1.7002948909201407,76,5,1,1,1,1,1,0
6538,65.39,34.00822830200195,1.8122563910751728,76,5,1,1,1,1,1,0
6539,65.4,34.212711334228516,1.7688678213197235,76,5,1,1,1,1,1,0
6540,65.41,33.91645431518555,1.8080350446458981,76,5,1,1,1,1,1,0
6541,65.42,33.97230529785156,1.6189152111510179,76,5,1,1,1,1,1,0
6542,65.43,34.05984878540039,1.7951597947008828,76,5,1,1,1,1,1,0
6543,65.44,34.01632308959961,1.7726241996201493,76,5,1,1,1,1,1,0
6544,65.45,34.0932731628418,1.9544343548664096,76,5,1,1,1,1,1,0
6545,65.46,34.58698654174805,1.7962431474615594,76,5,1,1,1,1,1,0
6546,65.47,34.35710525512695,1.8804516505497486,76,5,1,1,1,1,1,0
6547,65.48,34.187923431396484,1.7690121205461125,76,5,1,1,1,1,1,0
6548,65.49,33.89223098754883,1.8106602833391015,76,5,1,1,1,1,1,0
6549,65.5,33.8553466796875,1.790870448049174,76,5,1,1,1,1,1,0
6550,65.51,34.17070007324219,1.7169124219036092,76,5,1,1,1,1,1,0
6551,65.52,34.06501388549805,1.6527826371665826,76,5,1,1,1,1,1,0
6552,65.53,34.10349655151367,1.720726103883531,76,5,1,1,1,1,1,0
6553,65.54,34.240779876708984,1.6906229852766035,76,5,1,1,1,1,1,0
6554,65.55,34.191062927246094,1.8344196430869624,76,5,1,1,1,1,1,0
6555,65.56,34.08176040649414,1.865389793535242,76,5,1,1,1,1,1,0
6556,65.57,34.321754455566406,1.9067215269212912,76,5,1,1,1,1,1,0
6557,65.58,34.13343811035156,1.7918157308412057,76,5,1,1,1,1,1,0
6558,65.59,33.91385269165039,1.6866854637749233,76,5,1,1,1,1,1,0
6559,65.6,33.86989974975586,1.931735523610796,76,5,1,1,1,1,1,0
6560,65.61,33.866966247558594,1.734648277405156,76,5,1,1,1,1,1,0
6561,65.62,33.96709060668945,1.6536348499184832,76,5,1,1,1,1,1,0
6562,65.63,34.02203369140625,1.9428325120063623,76,3,0,1,1,0,1,0
6563,65.64,33.89727020263672,1.960255602317205,76,5,1,1,1,1,1,0
6564,65.65,33.946048736572266,1.97273339230569,76,5,1,1,1,1,1,0
6565,65.66,34.438114166259766,1.8355110506638277,76,3,0,1,1,0,1,0
6566,65.67,34.06232452392578,1.8085937141473492,76,5,1,1,1,1,1,0
6567,65.68,34.45200729370117,1.8061234876615364,76,5,1,1,1,1,1,0
6568,65.69,34.34646224975586,1.810468323545758,76,4,1,1,1,0,1,0
6569,65.7,34.383155822753906,1.8642961007234409,76,5,1,1,1,1,1,0
6570,65.71,34.733970642089844,1.7542209389481893,76,4,1,1,1,0,1,0
6571,65.72,34.34006881713867,1.7331185042544324,76,5,1,1,1,1,1,0
6572,65.73,34.52625274658203,1.7251634628102481,76,5,1,1,1,1,1,0
6573,65.74,34.577632904052734,1.770060852002401,76,5,1,1,1,1,1,0
6574,65.75,34.6818962097168,1.9119365116351288,76,4,1,1,1,0,1,0
6575,65.76,34.85464859008789,1.7256583048464564,76,4,1,1,1,0,1,0
6576,65.77,34.761924743652344,1.8134217132567947,76,3,0,1,1,0,1,0
6577,65.78,34.90244674682617,1.822851569629223,76,4,1,1,1,0,1,0
6578,65.79,34.60916519165039,1.9263916692347895,76,4,1,1,1,0,1,0
6579,65.8,34.67919921875,1.7170303999873642,76,5,1,1,1,1,1,0
6580,65.81,34.72177505493164,1.8631393797583242,76,4,1,1,1,0,1,0
6581,65.82,34.847816467285156,1.9331305839334607,76,4,1,1,1,0,1,0
6582,65.83,34.628353118896484,1.8331370267848328,76,4,1,1,1,0,1,0
6583,65.84,34.03851318359375,1.9029188239049377,76,5,1,1,1,1,1,0
6584,65.85,34.40623474121094,1.8122639793685091,76,4,1,1,1,0,1,0
6585,65.86,34.18986511230469,1.9244231119143302,76,5,1,1,1,1,1,0
6586,65.87,34.091896057128906,1.8591146209796563,76,5,1,1,1,1,1,0
6587,65.88,34.4192008972168,1.8605915054022006,76,5,1,1,1,1,1,0
6588,65.89,34.01606750488281,1.7847414478077515,76,4,1,1,1,0,1,0
6589,65.9,33.879249572753906,1.87034715173944,76,5,1,1,1,1,1,0
6590,65.91,33.78010940551758,1.9484841882530834,76,5,1,1,1,1,1,0
6591,65.92,33.74867248535156,1.7299717524908438,76,4,1,1,1,0,1,0
6592,65.93,33.79976272583008,1.7282945678740347,76,4,1,1,1,0,1,0
6593,65.94,33.97861099243164,1.792481618503755,76,5,1,1,1,1,1,0
6594,65.95,33.761741638183594,1.775302329525119,76,5,1,1,1,1,1,0
6595,65.96,34.01512145996094,1.9271981800845317,76,4,1,1,1,0,1,0
6596,65.97,33.855289459228516,1.9263725989409537,76,5,1,1,1,1,1,0
6597,65.98,34.18806457519531,1.7968290389873247,76,4,1,1,1,0,1,0
6598,65.99,34.09243392944336,2.035531142747457,76,5,1,1,1,1,1,0
6599,66.0,34.0116081237793,1.8919875981561427,76,5,1,1,1,1,1,0
6600,66.01,34.1470947265625,1.8402726199514114,76,5,1,1,1,1,1,0
6601,66.02,34.41544723510742,1.9448885174284998,76,5,1,1,1,1,1,0
6602,66.03,34.60796356201172,1.771248260281414,76,5,1,1,1,1,1,0
6603,66.04,34.15691375732422,1.69192075658971,76,5,1,1,1,1,1,0
6604,66.05,33.98371887207031,1.7849957266836916,76,5,1,1,1,1,1,0
6605,66.06,34.29489517211914,1.713884709227384,76,5,1,1,1,1,1,0
6606,66.07,34.243194580078125,1.7414355987642451,76,5,1,1,1,1,1,0
6607,66.08,34.31553268432617,1.6822870232586922,76,5,1,1,1,1,1,0
6608,66.09,34.41777420043945,1.9635447283543315,76,5,1,1,1,1,1,0
6609,66.1,33.95164108276367,1.8268561598198358,76,5,1,1,1,1,1,0
6610,66.11,33.995269775390625,1.8975783875460774,76,5,1,1,1,1,1,0
6611,66.12,34.27042007446289,1.6138437181656584,76,4,1,1,1,0,1,0
6612,66.13,34.28152084350586,1.8044657322844746,76,5,1,1,1,1,1,0
6613,66.14,34.37807083129883,1.7482283237707745,76,5,1,1,1,1,1,0
6614,66.15,34.19272232055664,1.9597228870336514,76,5,1,1,1,1,1,0
6615,66.16,33.905113220214844,1.9018920344095893,76,5,1,1,1,1,1,0
6616,66.17,33.92095184326172,1.7411230161771454,76,5,1,1,1,1,1,0
6617,66.18,33.76991653442383,1.7047299181833995,76,5,1,1,1,1,1,0
6618,66.19,34.04319763183594,1.8179656025047952,76,5,1,1,1,1,1,0
6619,66.2,34.55549621582031,1.926371811786813,76,5,1,1,1,1,1,0
6620,66.21,33.958740234375,1.8439363294713225,76,5,1,1,1,1,1,0
6621,66.22,33.47216033935547,1.745994710216307,76,5,1,1,1,1,1,0
6622,66.23,33.631221771240234,1.8220334738791337,76,5,1,1,1,1,1,0
6623,66.24,33.79719161987305,1.7039903276812198,76,5,1,1,1,1,1,0
6624,66.25,34.050148010253906,1.9752940244510646,76,5,1,1,1,1,1,0
6625,66.26,34.17948913574219,1.8713922990572633,76,5,1,1,1,1,1,0
6626,66.27,34.068260192871094,1.7675376001082497,76,5,1,1,1,1,1,0
6627,66.28,33.85133361816406,1.7377588409205582,76,5,1,1,1,1,1,0
6628,66.29,33.73832321166992,2.0292134013461616,76,5,1,1,1,1,1,0
6629,66.3,33.888160705566406,1.7564164649580225,76,5,1,1,1,1,1,0
6630,66.31,33.942176818847656,1.7400297136078766,76,5,1,1,1,1,1,0
6631,66.32,33.930667877197266,1.7105834612517168,76,5,1,1,1,1,1,0
6632,66.33,33.7031135559082,1.7254600057551974,76,5,1,1,1,1,1,0
6633,66.34,34.02949523925781,1.784322197718243,76,5,1,1,1,1,1,0
6634,66.35,34.06309127807617,1.7256843072089927,76,5,1,1,1,1,1,0
6635,66.36,33.85481262207031,1.843204600628901,76,5,1,1,1,1,1,0
6636,66.37,33.65018844604492,1.727019419538042,76,5,1,1,1,1,1,0
6637,66.38,33.726463317871094,1.6710799906416434,76,5,1,1,1,1,1,0
6638,66.39,34.13239669799805,1.9248095474204567,76,5,1,1,1,1,1,0
6639,66.4,33.507198333740234,1.7119275707661112,76,5,1,1,1,1,1,0
6640,66.41,33.596351623535156,1.7520256064327229,76,5,1,1,1,1,1,0
6641,66.42,33.545745849609375,1.7627543259759946,76,5,1,1,1,1,1,0
6642,66.43,33.69353103637695,1.8104161200446653,76,5,1,1,1,1,1,0
6643,66.44,33.44675064086914,1.7832801419265718,76,5,1,1,1,1,1,0
6644,66.45,33.256771087646484,1.8974956752667222,76,5,1,1,1,1,1,0
6645,66.46,33.26448059082031,1.7378153123786555,76,5,1,1,1,1,1,0
6646,66.47,33.15568542480469,1.6883719033865086,76,5,1,1,1,1,1,0
6647,66.48,33.224464416503906,1.7036717088587963,76,5,1,1,1,1,1,0
6648,66.49,33.31352233886719,1.7726290093424002,76,5,1,1,1,1,1,0
6649,66.5,33.25444793701172,1.9672785742844539,76,5,1,1,1,1,1,0
6650,66.51,33.08308792114258,1.7015596436240077,76,5,1,1,1,1,1,0
6651,66.52,33.20738220214844,1.8767535879432002,76,5,1,1,1,1,1,0
6652,66.53,33.31439971923828,1.713564245851178,76,5,1,1,1,1,1,0
6653,66.54,33.440467834472656,1.8698911457722798,76,5,1,1,1,1,1,0
6654,66.55,33.01464080810547,1.7701127748102587,76,5,1,1,1,1,1,0
6655,66.56,33.09504318237305,1.721251066900527,76,5,1,1,1,1,1,0
6656,66.57,32.88738250732422,1.7133872738876705,76,5,1,1,1,1,1,0
6657,66.58,33.01074981689453,1.704407274692019,76,5,1,1,1,1,1,0
6658,66.59,33.203887939453125,1.7495138362796752,76,5,1,1,1,1,1,0
6659,66.6,33.25581741333008,1.8003881125065655,76,5,1,1,1,1,1,0
6660,66.61,33.0269775390625,1.7029977410901413,76,5,1,1,1,1,1,0
6661,66.62,33.08707046508789,1.9049655260448242,76,5,1,1,1,1,1,0
6662,66.63,33.494937896728516,1.7340402051430943,76,5,1,1,1,1,1,0
6663,66.64,33.16924285888672,1.7206389695237065,76,5,1,1,1,1,1,0
6664,66.65,33.17563247680664,1.7336679847649135,76,5,1,1,1,1,1,0
6665,66.66,33.30310821533203,1.7199414529377723,76,5,1,1,1,1,1,0
6666,66.67,33.331748962402344,1.7509136748895435,76,5,1,1,1,1,1,0
6667,66.68,33.477996826171875,2.0350456559107784,76,5,1,1,1,1,1,0
6668,66.69,33.357261657714844,1.704054253462759,76,5,1,1,1,1,1,0
6669,66.7,33.309112548828125,1.7538838548245463,76,5,1,1,1,1,1,0
6670,66.71,33.29518508911133,1.7591205766695153,76,5,1,1,1,1,1,0
6671,66.72,33.317840576171875,1.875578114006648,76,5,1,1,1,1,1,0
6672,66.73,33.33567428588867,1.76031405898304,76,5,1,1,1,1,1,0
6673,66.74,33.359310150146484,1.68896462139248,76,5,1,1,1,1,1,0
6674,66.75,33.064239501953125,1.7249357376297203,76,5,1,1,1,1,1,0
6675,66.76,32.98521423339844,1.7504557856393541,76,5,1,1,1,1,1,0
6676,66.77,33.1040153503418,1.864056660677977,76,5,1,1,1,1,1,0
6677,66.78,32.793067932128906,1.9793408186707477,76,5,1,1,1,1,1,0
6678,66.79,32.892189025878906,1.8532662787537153,76,5,1,1,1,1,1,0
6679,66.8,33.4785270690918,1.633833105198862,76,5,1,1,1,1,1,0
6680,66.81,33.57612609863281,2.1513946498950847,76,5,1,1,1,1,1,0
6681,66.82,33.322689056396484,1.854240222611168,76,5,1,1,1,1,1,0
6682,66.83,33.620033264160156,1.8601330617287435,76,5,1,1,1,1,1,0
6683,66.84,33.530826568603516,1.6630086635240302,76,4,0,1,1,1,1,0
6684,66.85,33.4811897277832,1.9212996187201299,76,5,1,1,1,1,1,0
6685,66.86,33.61309051513672,1.8425515628069953,76,5,1,1,1,1,1,0
6686,66.87,33.431312561035156,1.9539175802015405,76,5,1,1,1,1,1,0
6687,66.88,33.26496124267578,1.9495859639763782,76,5,1,1,1,1,1,0
6688,66.89,33.306827545166016,1.78129069285226,76,5,1,1,1,1,1,0
6689,66.9,33.46445083618164,1.6092871885200313,76,5,1,1,1,1,1,0
6690,66.91,33.570247650146484,1.977170331366932,76,5,1,1,1,1,1,0
6691,66.92,33.48351287841797,1.6733464583784685,76,5,1,1,1,1,1,0
6692,66.93,33.54689407348633,1.7133025828407773,76,5,1,1,1,1,1,0
6693,66.94,33.74896240234375,1.7675963142210722,76,5,1,1,1,1,1,0
6694,66.95,33.64629364013672,1.71338787501845,76,5,1,1,1,1,1,0
6695,66.96,33.47792053222656,1.732455491105788,76,5,1,1,1,1,1,0
6696,66.97,33.41718292236328,1.9532777399304226,76,5,1,1,1,1,1,0
6697,66.98,33.51972579956055,1.8370404383310872,76,5,1,1,1,1,1,0
6698,66.99,33.527408599853516,1.8346396108454637,76,5,1,1,1,1,1,0
6699,67.0,33.732330322265625,1.7903630754729083,76,5,1,1,1,1,1,0
6700,67.01,33.39095687866211,1.7369551011447568,76,5,1,1,1,1,1,0
6701,67.02,33.267974853515625,1.8502681960498502,76,5,1,1,1,1,1,0
6702,67.03,33.183143615722656,2.095971802261276,76,5,1,1,1,1,1,0
6703,67.04,33.06311798095703,1.8866378901057388,76,6,1,1,1,1,1,1
6704,67.05,33.27999496459961,1.7272801419702457,76,5,1,1,1,1,1,0
6705,67.06,33.3259162902832,1.9615577342598314,76,5,1,1,1,1,1,0
6706,67.07,33.37789535522461,1.758237577087365,76,5,1,1,1,1,1,0
6707,67.08,33.30952453613281,1.7135012258474862,76,5,0,1,1,1,1,1
6708,67.09,33.685821533203125,2.0028219582891174,76,5,1,1,1,1,1,0
6709,67.1,33.45048904418945,1.6686810677176471,76,5,1,1,1,1,1,0
6710,67.11,33.247528076171875,1.7167978520092844,76,5,1,1,1,1,1,0
6711,67.12,33.30195236206055,1.8397273079281047,76,5,1,1,1,1,1,0
6712,67.13,33.58218002319336,1.7777514367591623,76,5,1,1,1,1,1,0
6713,67.14,33.304359436035156,1.8966057953622826,76,5,1,1,1,1,1,0
6714,67.15,33.467369079589844,1.8215650800410697,76,5,1,1,1,1,1,0
6715,67.16,33.34437942504883,2.080289992145605,76,6,1,1,1,1,1,1
6716,67.17,33.326698303222656,2.0072393612575126,76,5,1,1,1,1,1,0
6717,67.18,33.235050201416016,1.7117236751548834,76,5,1,1,1,1,1,0
6718,67.19,33.28824996948242,1.837010249675569,76,5,1,1,1,1,1,0
6719,67.2,32.92453384399414,1.7666628614922417,76,5,1,1,1,1,1,0
6720,67.21,33.20094299316406,1.7154862671518516,76,5,1,1,1,1,1,0
6721,67.22,33.102394104003906,1.6738248947105099,76,5,1,1,1,1,1,0
6722,67.23,32.908390045166016,1.768220240758971,76,5,1,1,1,1,1,0
6723,67.24,33.198974609375,1.7355309589407812,76,5,1,1,1,1,1,0
6724,67.25,33.36360168457031,1.9995231380394198,76,6,1,1,1,1,1,1
6725,67.26,33.31267166137695,1.7703409321364825,76,6,1,1,1,1,1,1
6726,67.27,33.383541107177734,2.00406747417651,76,5,1,1,1,1,1,0
6727,67.28,33.535213470458984,1.7596886732373553,76,5,1,1,1,1,1,0
6728,67.29,33.51225662231445,1.8409220887500757,76,5,1,1,1,1,1,0
6729,67.3,33.890750885009766,1.6973209481062035,76,5,1,1,1,1,1,0
6730,67.31,33.929481506347656,2.0236826407984583,76,5,1,1,1,1,1,0
6731,67.32,33.779075622558594,1.7495467175555655,76,5,1,1,1,1,1,0
6732,67.33,33.384883880615234,1.7324288692467658,76,5,1,1,1,1,1,0
6733,67.34,33.58159637451172,1.8071226333374266,76,5,1,1,1,1,1,0
6734,67.35,34.042903900146484,1.8997370527927804,76,5,1,1,1,1,1,0
6735,67.36,34.08033752441406,1.8651279493567774,76,5,1,1,1,1,1,0
6736,67.37,33.942413330078125,1.7410349799811011,76,4,0,1,1,1,1,0
6737,67.38,33.94272994995117,1.811682863608319,76,5,1,1,1,1,1,0
6738,67.39,33.498714447021484,1.9119122791691752,76,5,1,1,1,1,1,0
6739,67.4,33.23917007446289,1.626830375512177,76,5,1,1,1,1,1,0
6740,67.41,33.44996643066406,1.8331629404664178,76,5,1,1,1,1,1,0
6741,67.42,33.466915130615234,1.7037905030418103,76,5,1,1,1,1,1,0
6742,67.43,33.75490188598633,1.7880749218907426,76,5,1,1,1,1,1,0
6743,67.44,33.439735412597656,1.8188481771225151,76,5,1,1,1,1,1,0
6744,67.45,33.63011169433594,1.8182089303272275,76,5,1,1,1,1,1,0
6745,67.46,33.66095733642578,1.84607792986834,76,5,1,1,1,1,1,0
6746,67.47,33.91652297973633,1.7321107466246628,76,5,1,1,1,1,1,0
6747,67.48,33.72811508178711,1.820630513272692,76,5,1,1,1,1,1,0
6748,67.49,33.23579025268555,1.6961437428761361,76,5,1,1,1,1,1,0
6749,67.5,33.35246276855469,1.7662919545924705,76,5,1,1,1,1,1,0
6750,67.51,33.21092224121094,1.8082293512884464,76,5,1,1,1,1,1,0
6751,67.52,33.35719680786133,1.7346188467931616,76,5,1,1,1,1,1,0
6752,67.53,33.144588470458984,1.7536788445334988,76,6,1,1,1,1,1,1
6753,67.54,32.904640197753906,1.963013843313153,76,5,1,1,1,1,1,0
6754,67.55,33.05406188964844,1.833737363559447,76,5,1,1,1,1,1,0
6755,67.56,33.173065185546875,1.79404811878176,76,5,1,1,1,1,1,0
6756,67.57,33.06155776977539,1.717289162585846,76,5,1,1,1,1,1,0
6757,67.58,33.095394134521484,1.7783398865527082,76,5,1,1,1,1,1,0
6758,67.59,32.95271682739258,1.9124325653421133,76,5,1,1,1,1,1,0
6759,67.6,33.16991424560547,1.6943715553723007,76,6,1,1,1,1,1,1
6760,67.61,33.63618087768555,1.8487304835051583,76,5,1,1,1,1,1,0
6761,67.62,33.575862884521484,1.6872742524791886,76,5,1,1,1,1,1,0
6762,67.63,33.30373764038086,1.6793168599998012,76,5,1,1,1,1,1,0
6763,67.64,33.61753845214844,1.6901480118989656,76,5,1,1,1,1,1,0
6764,67.65,33.62335205078125,1.9340639556130934,76,5,1,1,1,1,1,0
6765,67.66,33.195953369140625,2.0466073518209895,76,5,1,1,1,1,1,0
6766,67.67,33.164276123046875,1.895204526388138,76,5,1,1,1,1,1,0
6767,67.68,33.41776657104492,1.8147719991941833,76,5,1,1,1,1,1,0
6768,67.69,33.55978775024414,1.6755613041319348,76,5,1,1,1,1,1,0
6769,67.7,33.222198486328125,1.7574144037090333,76,5,1,1,1,1,1,0
6770,67.71,33.31082534790039,1.7449955801950265,76,5,1,1,1,1,1,0
6771,67.72,32.932857513427734,1.7833931092341726,76,5,1,1,1,1,1,0
6772,67.73,33.20386505126953,2.0766353683655274,76,5,1,1,1,1,1,0
6773,67.74,33.448516845703125,1.667366998467936,76,5,1,1,1,1,1,0
6774,67.75,33.30997085571289,1.861905821384208,76,5,1,1,1,1,1,0
6775,67.76,33.52415084838867,1.9113100761754922,76,5,1,1,1,1,1,0
6776,67.77,33.196746826171875,1.7619310761056954,76,5,1,1,1,1,1,0
6777,67.78,33.2822380065918,1.7552523787469672,76,5,1,1,1,1,1,0
6778,67.79,33.28266143798828,1.84905252061732,76,5,1,1,1,1,1,0
6779,67.8,33.38087844848633,1.7443902401385354,76,5,1,1,1,1,1,0
6780,67.81,33.40947723388672,1.7044097478385047,76,4,0,1,1,1,1,0
6781,67.82,33.532527923583984,1.8804781648722777,76,4,0,1,1,1,1,0
6782,67.83,33.27295684814453,1.7356003881811028,76,4,0,1,1,1,1,0
6783,67.84,33.3293571472168,1.7046391688944924,76,5,1,1,1,1,1,0
6784,67.85,33.13937759399414,1.882819616535602,76,5,1,1,1,1,1,0
6785,67.86,33.22441864013672,1.5990589080299125,76,5,1,1,1,1,1,0
6786,67.87,33.300682067871094,1.8033844581786092,76,5,1,1,1,1,1,0
6787,67.88,32.98165512084961,1.8302475917096315,76,5,1,1,1,1,1,0
6788,67.89,33.279911041259766,1.7243590011677106,76,5,1,1,1,1,1,0
6789,67.9,33.267173767089844,1.9999492389015132,76,5,1,1,1,1,1,0
6790,67.91,33.09365463256836,1.6604217296923693,76,6,1,1,1,1,1,1
6791,67.92,33.3888053894043,1.7600227599500131,76,5,1,1,1,1,1,0
6792,67.93,33.57619857788086,1.7508027843595526,76,5,1,1,1,1,1,0
6793,67.94,33.26728820800781,1.8223560945275594,76,5,1,1,1,1,1,0
6794,67.95,32.94099426269531,1.743101255434914,76,5,1,1,1,1,1,0
6795,67.96,33.383018493652344,1.952023265828563,76,5,1,1,1,1,1,0
6796,67.97,33.30105972290039,1.690269844141823,76,5,1,1,1,1,1,0
6797,67.98,33.097782135009766,1.9162992632585591,76,5,1,1,1,1,1,0
6798,67.99,33.44052505493164,1.82269244503341,76,5,1,1,1,1,1,0
6799,68.0,33.092071533203125,1.7488845775607782,76,5,1,1,1,1,1,0
6800,68.01,33.18162536621094,1.8243630170867695,76,5,1,1,1,1,1,0
6801,68.02,33.100990295410156,1.964998661273704,76,5,1,1,1,1,1,0
6802,68.03,33.149898529052734,1.7334672349932503,76,5,1,1,1,1,1,0
6803,68.04,32.909141540527344,1.8631199845106727,76,5,1,1,1,1,1,0
6804,68.05,33.094512939453125,1.7922580037558855,76,5,1,1,1,1,1,0
6805,68.06,32.95594787597656,1.825732144170523,76,5,1,1,1,1,1,0
6806,68.07,33.327327728271484,1.79585592875661,76,5,1,1,1,1,1,0
6807,68.08,32.52621078491211,1.8647779775493858,76,5,1,1,1,1,1,0
6808,68.09,33.07402038574219,1.9592362949870594,76,5,1,1,1,1,1,0
6809,68.1,33.03866958618164,1.7455692844857202,76,5,1,1,1,1,1,0
6810,68.11,33.269874572753906,1.8768622045337984,76,5,1,1,1,1,1,0
6811,68.12,33.62255859375,1.897921914098489,76,5,1,1,1,1,1,0
6812,68.13,33.320247650146484,1.7811510774712735,76,5,1,1,1,1,1,0
6813,68.14,33.0794563293457,1.9131889466692158,76,5,1,1,1,1,1,0
6814,68.15,33.28382110595703,1.8097795860187589,76,5,1,1,1,1,1,0
6815,68.16,32.8804931640625,1.8478380840104298,76,5,1,1,1,1,1,0
6816,68.17,32.823974609375,1.7955761265995622,76,5,0,1,1,1,1,1
6817,68.18,33.13993453979492,1.7315867076905005,76,5,1,1,1,1,1,0
6818,68.19,32.9404411315918,1.8952004806316498,76,5,1,1,1,1,1,0
6819,68.2,33.055599212646484,1.7563025281127869,76,5,1,1,1,1,1,0
6820,68.21,32.903202056884766,1.8352962901260153,76,5,1,1,1,1,1,0
6821,68.22,33.123111724853516,1.780700931357268,76,4,0,1,1,1,1,0
6822,68.23,33.18051528930664,2.030319736274894,76,4,0,1,1,1,1,0
6823,68.24,33.2244873046875,1.879067041347353,76,5,1,1,1,1,1,0
6824,68.25,32.87796401977539,2.1024457692849223,76,5,1,1,1,1,1,0
6825,68.26,32.83262252807617,1.8060447452727033,76,5,1,1,1,1,1,0
6826,68.27,32.66335678100586,1.904439504276606,76,5,1,1,1,1,1,0
6827,68.28,32.486446380615234,1.755361923332023,76,6,1,1,1,1,1,1
6828,68.29,32.28507995605469,1.7718314421167272,76,5,1,1,1,1,1,0
6829,68.3,32.90571212768555,1.7104642690703464,76,5,1,1,1,1,1,0
6830,68.31,33.050697326660156,1.6988492398715944,76,5,1,1,1,1,1,0
6831,68.32,32.7674446105957,1.76013965811541,76,5,1,1,1,1,1,0
6832,68.33,33.0224609375,1.7123358516722695,76,5,1,1,1,1,1,0
6833,68.34,32.935245513916016,2.1242895357750653,76,5,1,1,1,1,1,0
6834,68.35,32.83059310913086,2.0395316854277747,76,5,1,1,1,1,1,0
6835,68.36,32.97359848022461,1.7261815358530197,76,5,1,1,1,1,1,0
6836,68.37,33.1963005065918,1.8074017718869524,76,5,1,1,1,1,1,0
6837,68.38,33.2319221496582,1.7982764817321508,76,5,1,1,1,1,1,0
6838,68.39,33.66147232055664,1.8749151763062277,76,5,1,1,1,1,1,0
6839,68.4,33.918209075927734,1.7487666761804181,76,5,1,1,1,1,1,0
6840,68.41,33.53177261352539,1.7353362939877814,76,5,1,1,1,1,1,0
6841,68.42,33.786773681640625,1.8093616310415388,76,5,1,1,1,1,1,0
6842,68.43,33.549800872802734,2.0047411122275283,76,5,1,1,1,1,1,0
6843,68.44,33.40694046020508,1.876753298294566,76,5,1,1,1,1,1,0
6844,68.45,33.245201110839844,1.7763731231012017,76,5,1,1,1,1,1,0
6845,68.46,33.41178894042969,1.9363098533343779,76,5,1,1,1,1,1,0
6846,68.47,33.42365264892578,1.789330283255209,76,5,1,1,1,1,1,0
6847,68.48,33.72602081298828,2.0445771919562925,76,5,1,1,1,1,1,0
6848,68.49,33.67789077758789,2.1773815016811997,76,5,1,1,1,1,1,0
6849,68.5,33.99016189575195,2.07591074193483,76,5,1,1,1,1,1,0
6850,68.51,33.68354034423828,1.7642281521244414,76,5,1,1,1,1,1,0
6851,68.52,33.551937103271484,1.9094767907436054,76,5,1,1,1,1,1,0
6852,68.53,33.3362922668457,1.7802789941132895,76,5,1,1,1,1,1,0
6853,68.54,33.640010833740234,1.8522184671333513,76,5,1,1,1,1,1,0
6854,68.55,33.460105895996094,2.1675354509676987,76,5,1,1,1,1,1,0
6855,68.56,33.704830169677734,1.77609302232607,76,5,1,1,1,1,1,0
6856,68.57,33.35881423950195,1.7725383036707958,76,5,1,1,1,1,1,0
6857,68.58,33.09016799926758,1.9065452316132512,76,5,1,1,1,1,1,0
6858,68.59,33.18416213989258,1.7501181016746823,76,5,1,1,1,1,1,0
6859,68.6,33.1032600402832,1.798885769896202,76,5,1,1,1,1,1,0
6860,68.61,33.26369857788086,2.0482665361404124,76,5,1,1,1,1,1,0
6861,68.62,33.34430694580078,1.7796871236182477,76,5,1,1,1,1,1,0
6862,68.63,33.32545471191406,1.757099697494927,76,5,1,1,1,1,1,0
6863,68.64,33.27228546142578,1.9626537598103717,76,5,1,1,1,1,1,0
6864,68.65,33.22929382324219,1.8358662951651779,76,5,1,1,1,1,1,0
6865,68.66,33.510780334472656,1.8089490518156779,76,5,1,1,1,1,1,0
6866,68.67,33.25544738769531,1.696819601205991,76,5,1,1,1,1,1,0
6867,68.68,33.4481086730957,1.9028922263432444,76,5,1,1,1,1,1,0
6868,68.69,33.4407958984375,1.932275086184007,76,5,1,1,1,1,1,0
6869,68.7,33.136085510253906,1.9263709850344588,76,5,1,1,1,1,1,0
6870,68.71,32.68701934814453,2.0220016661530957,76,5,1,1,1,1,1,0
6871,68.72,32.65094757080078,1.7736134652531894,76,5,1,1,1,1,1,0
6872,68.73,32.87835693359375,1.9018389806957399,76,5,1,1,1,1,1,0
6873,68.74,33.04214096069336,1.9688375620037295,76,5,1,1,1,1,1,0
6874,68.75,33.23651885986328,1.7861993584757339,76,5,1,1,1,1,1,0
6875,68.76,33.60752487182617,1.8328379866068127,76,5,1,1,1,1,1,0
6876,68.77,33.335533142089844,1.8049121072405436,76,5,1,1,1,1,1,0
6877,68.78,33.570892333984375,1.9161927178725757,76,5,1,1,1,1,1,0
6878,68.79,33.329750061035156,1.7106155242522687,76,5,1,1,1,1,1,0
6879,68.8,33.44755935668945,2.1033537284670123,76,5,1,1,1,1,1,0
6880,68.81,33.61244201660156,1.8674857057095504,76,5,1,1,1,1,1,0
6881,68.82,33.63860321044922,1.839808382341481,76,4,0,1,1,1,1,0
6882,68.83,33.51108169555664,1.8146623832340751,76,5,1,1,1,1,1,0
6883,68.84,33.62560272216797,1.728035510653359,76,5,1,1,1,1,1,0
6884,68.85,33.89246368408203,1.7782612385577077,76,5,1,1,1,1,1,0
6885,68.86,33.84143829345703,1.7807021845565671,76,5,1,1,1,1,1,0
6886,68.87,33.77975845336914,1.93100953101239,76,5,1,1,1,1,1,0
6887,68.88,33.95217514038086,1.833410753362376,76,5,1,1,1,1,1,0
6888,68.89,34.035091400146484,1.9593347027559493,76,5,1,1,1,1,1,0
6889,68.9,33.54224395751953,1.7381043581031639,76,5,1,1,1,1,1,0
6890,68.91,33.974178314208984,1.8706691126254735,76,5,1,1,1,1,1,0
6891,68.92,34.07984161376953,1.8435302154455073,76,5,1,1,1,1,1,0
6892,68.93,34.15037536621094,1.7824424608106573,76,5,1,1,1,1,1,0
6893,68.94,34.33940124511719,1.7862806787653773,76,5,1,1,1,1,1,0
6894,68.95,34.09915542602539,1.7831723552078902,76,5,1,1,1,1,1,0
6895,68.96,33.923702239990234,1.785888229480553,76,5,1,1,1,1,1,0
6896,68.97,33.578914642333984,1.7877933365088725,76,5,1,1,1,1,1,0
6897,68.98,33.796688079833984,1.8685290288520826,76,5,1,1,1,1,1,0
6898,68.99,33.490257263183594,1.9042573635730258,76,5,1,1,1,1,1,0
6899,69.0,33.61540985107422,1.671829057584105,76,5,1,1,1,1,1,0
6900,69.01,33.77831268310547,1.6619259432656173,76,5,1,1,1,1,1,0
6901,69.02,33.69247055053711,1.7423590302404397,76,5,1,1,1,1,1,0
6902,69.03,33.63720703125,1.8436101087360726,76,5,1,1,1,1,1,0
6903,69.04,33.57969665527344,1.9428071431941913,76,5,1,1,1,1,1,0
6904,69.05,33.64038848876953,1.791928468726812,76,5,1,1,1,1,1,0
6905,69.06,33.57911682128906,1.7829490705883686,76,5,1,1,1,1,1,0
6906,69.07,33.782108306884766,1.750516293036092,76,5,1,1,1,1,1,0
6907,69.08,33.42691421508789,1.6837161380627441,76,5,1,1,1,1,1,0
6908,69.09,33.955440521240234,1.7070728255960788,76,5,1,1,1,1,1,0
6909,69.1,33.61709976196289,1.9348601313931577,76,5,1,1,1,1,1,0
6910,69.11,33.63136291503906,1.8337382216758287,76,5,1,1,1,1,1,0
6911,69.12,33.756099700927734,2.050320170272909,76,5,1,1,1,1,1,0
6912,69.13,33.237525939941406,1.674928842893188,76,6,1,1,1,1,1,1
6913,69.14,33.505313873291016,1.9867062424341033,76,5,1,1,1,1,1,0
6914,69.15,33.25530242919922,1.7273690006482436,76,5,1,1,1,1,1,0
6915,69.16,33.51643753051758,1.9397160119726053,76,5,1,1,1,1,1,0
6916,69.17,33.26898193359375,1.817473182117571,76,5,1,1,1,1,1,0
6917,69.18,33.196754455566406,1.8995840223719445,76,5,1,1,1,1,1,0
6918,69.19,33.29490280151367,1.8572551396508026,76,5,1,1,1,1,1,0
6919,69.2,34.0174560546875,1.8219221225101372,76,5,1,1,1,1,1,0
6920,69.21,34.03643798828125,1.9523037081903678,76,5,1,1,1,1,1,0
6921,69.22,33.84785461425781,1.807459697570545,76,5,1,1,1,1,1,0
6922,69.23,34.13959884643555,1.6536325315275413,76,5,1,1,1,1,1,0
6923,69.24,34.09228515625,1.8264977061469403,76,5,1,1,1,1,1,0
6924,69.25,34.02828598022461,1.7698898363078357,76,5,1,1,1,1,1,0
6925,69.26,33.592735290527344,1.7768199483633798,76,5,1,1,1,1,1,0
6926,69.27,33.27626419067383,1.7341849661432425,76,5,1,1,1,1,1,0
6927,69.28,33.47322082519531,1.8519482259124156,76,5,1,1,1,1,1,0
6928,69.29,33.667964935302734,1.7927349378226893,76,5,1,1,1,1,1,0
6929,69.3,33.615806579589844,1.8289306013333704,76,5,1,1,1,1,1,0
6930,69.31,33.589935302734375,1.8748366119446327,76,5,1,1,1,1,1,0
6931,69.32,33.59806823730469,1.7972466981415571,76,5,1,1,1,1,1,0
6932,69.33,33.14350891113281,2.019133300679298,76,5,1,1,1,1,1,0
6933,69.34,33.34373092651367,1.757300526141721,76,5,1,1,1,1,1,0
6934,69.35,33.25226593017578,1.862711770945769,76,5,1,1,1,1,1,0
6935,69.36,33.675777435302734,1.76388565980306,76,5,1,1,1,1,1,0
6936,69.37,33.84804153442383,1.8037140045549136,76,5,1,1,1,1,1,0
6937,69.38,33.99430465698242,1.7317616160524938,76,5,1,1,1,1,1,0
6938,69.39,33.98012924194336,1.782496730173649,76,5,1,1,1,1,1,0
6939,69.4,33.71935272216797,1.7744274469080779,76,5,1,1,1,1,1,0
6940,69.41,33.821746826171875,1.8498912032847263,76,5,1,1,1,1,1,0
6941,69.42,33.89785385131836,1.8401371116990273,76,5,1,1,1,1,1,0
6942,69.43,33.292423248291016,1.7831691355976347,76,5,1,1,1,1,1,0
6943,69.44,33.54673385620117,1.8042738745767568,76,5,1,1,1,1,1,0
6944,69.45,33.6664924621582,1.9032854585715107,76,5,1,1,1,1,1,0
6945,69.46,33.6826286315918,1.74051968257163,76,5,1,1,1,1,1,0
6946,69.47,33.55824279785156,1.737412124281875,76,5,1,1,1,1,1,0
6947,69.48,34.22883987426758,1.886003921467093,76,5,1,1,1,1,1,0
6948,69.49,34.32057189941406,1.869619873100676,76,5,1,1,1,1,1,0
6949,69.5,34.267333984375,1.7888815235848021,76,5,1,1,1,1,1,0
6950,69.51,34.12347412109375,1.8602141029469323,76,5,1,1,1,1,1,0
6951,69.52,34.24310302734375,1.8914823558096137,76,5,1,1,1,1,1,0
6952,69.53,33.908477783203125,1.903105387271694,76,5,1,1,1,1,1,0
6953,69.54,33.95229721069336,2.0366650776882897,76,5,1,1,1,1,1,0
6954,69.55,33.420928955078125,2.1179947672523927,76,5,1,1,1,1,1,0
6955,69.56,33.593204498291016,1.839048122821125,76,5,1,1,1,1,1,0
6956,69.57,33.83806228637695,1.885630664510902,76,5,1,1,1,1,1,0
6957,69.58,33.76058578491211,1.8247200295021642,76,5,1,1,1,1,1,0
6958,69.59,33.71832275390625,2.0077330016806245,76,5,1,1,1,1,1,0
6959,69.6,33.84660339355469,1.706283768428861,76,5,1,1,1,1,1,0
6960,69.61,33.870704650878906,1.676123667946402,76,5,1,1,1,1,1,0
6961,69.62,34.40574645996094,1.8304654193572556,76,5,1,1,1,1,1,0
6962,69.63,34.4818000793457,1.7790202101720702,76,5,1,1,1,1,1,0
6963,69.64,34.36573791503906,1.795856358901287,76,5,1,1,1,1,1,0
6964,69.65,34.395267486572266,1.8171690556414684,76,5,1,1,1,1,1,0
6965,69.66,34.45252990722656,1.9117801876463687,76,5,1,1,1,1,1,0
6966,69.67,34.692562103271484,1.8331674248771817,76,5,1,1,1,1,1,0
6967,69.68,34.34548568725586,1.8103326388564358,76,5,1,1,1,1,1,0
6968,69.69,34.21232223510742,1.8779491122099938,76,5,1,1,1,1,1,0
6969,69.7,34.592872619628906,1.764909549376603,76,5,1,1,1,1,1,0
6970,69.71,34.26866149902344,1.928367484852746,76,5,1,1,1,1,1,0
6971,69.72,34.441734313964844,1.9708381117056062,76,5,1,1,1,1,1,0
6972,69.73,34.67696762084961,1.844506508184467,76,5,1,1,1,1,1,0
6973,69.74,34.49641036987305,1.8209856441371792,76,5,1,1,1,1,1,0
6974,69.75,34.5057487487793,1.759941656924477,76,5,1,1,1,1,1,0
6975,69.76,34.49352264404297,1.8519718423244034,76,5,1,1,1,1,1,0
6976,69.77,34.34390640258789,1.8160655380255657,76,5,1,1,1,1,1,0
6977,69.78,34.39462661743164,1.7621005532299021,76,5,1,1,1,1,1,0
6978,69.79,34.717262268066406,1.8528397061049802,76,5,1,1,1,1,1,0
6979,69.8,34.316551208496094,1.7966081098505073,76,5,1,1,1,1,1,0
6980,69.81,34.77473449707031,1.7533455996074505,76,5,1,1,1,1,1,0
6981,69.82,34.34910583496094,1.6637889588694736,76,5,1,1,1,1,1,0
6982,69.83,34.52345275878906,1.6931034214978804,76,5,1,1,1,1,1,0
6983,69.84,34.56849670410156,1.7309830253045502,76,5,1,1,1,1,1,0
6984,69.85,34.14372634887695,1.6960514208205004,76,5,1,1,1,1,1,0
6985,69.86,34.11372375488281,1.764821808117135,76,5,1,1,1,1,1,0
6986,69.87,34.20863723754883,1.7528014335550584,76,5,1,1,1,1,1,0
6987,69.88,34.299354553222656,1.9298152348982802,76,5,1,1,1,1,1,0
6988,69.89,34.38981628417969,1.8982609925976224,76,5,1,1,1,1,1,0
6989,69.9,34.77185821533203,1.8638389161988376,76,5,1,1,1,1,1,0
6990,69.91,34.821388244628906,1.7779205161787268,76,5,1,1,1,1,1,0
6991,69.92,34.731693267822266,1.907381889717082,76,5,1,1,1,1,1,0
6992,69.93,34.48289108276367,1.6977900333441551,76,5,1,1,1,1,1,0
6993,69.94,34.7564811706543,1.914233869883902,76,5,1,1,1,1,1,0
6994,69.95,34.65629196166992,1.661504592159937,76,5,1,1,1,1,1,0
6995,69.96,34.76634979248047,1.8393738045987709,76,5,1,1,1,1,1,0
6996,69.97,34.75445556640625,1.9634637506820172,76,5,1,1,1,1,1,0
6997,69.98,34.504310607910156,1.7341549392367561,76,5,1,1,1,1,1,0
6998,69.99,34.56505584716797,1.800523063537196,76,5,1,1,1,1,1,0
6999,70.0,34.54234313964844,1.8102728927845515,76,5,1,1,1,1,1,0
7000,70.01,34.36772918701172,1.768189319405307,76,5,1,1,1,1,1,0
7001,70.02,34.20830535888672,1.8879054109891238,76,5,1,1,1,1,1,0
7002,70.03,34.17300796508789,1.8858127381982703,76,5,1,1,1,1,1,0
7003,70.04,34.1997184753418,1.8275144461159798,76,5,1,1,1,1,1,0
7004,70.05,34.07574462890625,1.8438263474004235,76,5,1,1,1,1,1,0
7005,70.06,33.764434814453125,1.8354575174632666,76,5,1,1,1,1,1,0
7006,70.07,33.731971740722656,1.826966641478099,76,5,1,1,1,1,1,0
7007,70.08,34.00872039794922,1.7425557565186465,76,5,1,1,1,1,1,0
7008,70.09,33.80022048950195,1.6628576775612975,76,5,1,1,1,1,1,0
7009,70.1,34.28341293334961,1.8041629758946383,76,5,1,1,1,1,1,0
7010,70.11,34.292991638183594,1.8038057225988173,76,5,1,1,1,1,1,0
7011,70.12,34.10996627807617,1.8229101657725182,76,5,1,1,1,1,1,0
7012,70.13,34.162994384765625,1.8358949130742521,76,5,1,1,1,1,1,0
7013,70.14,34.9970703125,1.731764749516632,76,5,1,1,1,1,1,0
7014,70.15,34.70761489868164,1.9500489509553924,76,5,1,1,1,1,1,0
7015,70.16,34.104942321777344,1.829615773165786,76,5,1,1,1,1,1,0
7016,70.17,34.13151168823242,1.8573407119575414,76,5,1,1,1,1,1,0
7017,70.18,34.404109954833984,1.883852888210789,76,5,1,1,1,1,1,0
7018,70.19,34.32160186767578,1.7641200392819891,76,5,1,1,1,1,1,0
7019,70.2,34.12636184692383,1.658583872108441,76,5,1,1,1,1,1,0
7020,70.21,34.188385009765625,1.7150509271210561,76,5,1,1,1,1,1,0
7021,70.22,34.04502487182617,1.7184323803245958,76,5,1,1,1,1,1,0
7022,70.23,34.25627136230469,1.8906364422967508,76,5,1,1,1,1,1,0
7023,70.24,33.83498001098633,1.8374171923211875,76,5,1,1,1,1,1,0
7024,70.25,34.03615951538086,1.742214340818889,76,5,1,1,1,1,1,0
7025,70.26,34.46626281738281,1.7690116137825602,76,5,1,1,1,1,1,0
7026,70.27,34.4713020324707,1.8577951271286641,76,5,1,1,1,1,1,0
7027,70.28,34.955360412597656,1.8641103292582155,76,5,1,1,1,1,1,0
7028,70.29,34.89398956298828,1.7326603981240443,76,5,1,1,1,1,1,0
7029,70.3,34.64588165283203,1.7397446385880588,76,5,1,1,1,1,1,0
7030,70.31,34.575714111328125,1.8185719649500838,76,5,1,1,1,1,1,0
7031,70.32,34.603118896484375,1.7500905877974593,76,5,1,1,1,1,1,0
7032,70.33,34.32574462890625,1.875414569250644,76,5,1,1,1,1,1,0
7033,70.34,34.579261779785156,1.9148164162302843,76,5,1,1,1,1,1,0
7034,70.35,34.51248550415039,1.878801296455565,76,5,1,1,1,1,1,0
7035,70.36,34.669761657714844,1.7581225865848826,76,5,1,1,1,1,1,0
7036,70.37,34.983943939208984,1.9343700312069851,76,5,1,1,1,1,1,0
7037,70.38,34.6795539855957,2.1440144285606744,76,5,1,1,1,1,1,0
7038,70.39,34.46097946166992,1.7633468502466183,76,5,1,1,1,1,1,0
7039,70.4,34.5705680847168,1.9591045465367551,76,5,1,1,1,1,1,0
7040,70.41,34.79287338256836,1.9146026015732567,76,5,1,1,1,1,1,0
7041,70.42,34.309120178222656,1.7732710807825862,76,5,1,1,1,1,1,0
7042,70.43,34.60688400268555,1.9284421177439073,76,5,1,1,1,1,1,0
7043,70.44,34.5546989440918,1.8168925252156078,76,5,1,1,1,1,1,0
7044,70.45,34.8886604309082,1.851210669215778,76,5,1,1,1,1,1,0
7045,70.46,34.363983154296875,1.8220063550681846,76,5,1,1,1,1,1,0
7046,70.47,34.58740997314453,1.8236781203792554,76,5,1,1,1,1,1,0
7047,70.48,34.50667190551758,1.775752071895584,76,5,1,1,1,1,1,0
7048,70.49,34.47395706176758,1.7788212224845321,76,5,1,1,1,1,1,0
7049,70.5,34.356136322021484,1.7757590750726937,76,5,1,1,1,1,1,0
7050,70.51,34.6620979309082,1.8475379752067596,76,5,1,1,1,1,1,0
7051,70.52,34.73210906982422,1.8843023370096055,76,5,1,1,1,1,1,0
7052,70.53,34.5626220703125,1.7714714477241877,76,5,1,1,1,1,1,0
7053,70.54,34.59143829345703,1.7151070230559002,76,5,1,1,1,1,1,0
7054,70.55,34.58143615722656,1.7587804028024758,76,5,1,1,1,1,1,0
7055,70.56,34.42763137817383,1.797496475621107,76,5,1,1,1,1,1,0
7056,70.57,34.59079360961914,1.846454347992105,76,5,1,1,1,1,1,0
7057,70.58,34.35646438598633,1.8296206311494032,76,5,1,1,1,1,1,0
7058,70.59,34.419830322265625,1.9323081000505449,76,5,1,1,1,1,1,0
7059,70.6,34.605430603027344,1.8035792499816723,76,5,1,1,1,1,1,0
7060,70.61,34.50490951538086,1.962678429918188,76,5,1,1,1,1,1,0
7061,70.62,34.18111038208008,1.8607771105360806,76,5,1,1,1,1,1,0
7062,70.63,34.52323532104492,1.7996399277723434,76,5,1,1,1,1,1,0
7063,70.64,34.415924072265625,1.747709586880257,76,5,1,1,1,1,1,0
7064,70.65,34.589500427246094,1.9488212371808404,76,5,1,1,1,1,1,0
7065,70.66,34.7309684753418,1.755361325709336,76,4,1,1,1,0,1,0
7066,70.67,34.68984603881836,1.764654548709869,76,5,1,1,1,1,1,0
7067,70.68,34.15940856933594,1.83694857300199,76,5,1,1,1,1,1,0
7068,70.69,34.42147445678711,1.73037357133897,76,5,1,1,1,1,1,0
7069,70.7,34.24400329589844,1.756534944175205,76,5,1,1,1,1,1,0
7070,70.71,34.16340637207031,1.8035827398602027,76,5,1,1,1,1,1,0
7071,70.72,33.95880889892578,1.7364350835337132,76,5,1,1,1,1,1,0
7072,70.73,34.06850051879883,1.714733451401072,76,5,1,1,1,1,1,0
7073,70.74,34.332279205322266,1.7851061920313525,76,5,1,1,1,1,1,0
7074,70.75,34.27908706665039,1.8618806662834049,76,5,1,1,1,1,1,0
7075,70.76,34.51837921142578,1.7329678483913034,76,5,1,1,1,1,1,0
7076,70.77,34.71827697753906,1.7560459517465217,76,5,1,1,1,1,1,0
7077,70.78,34.71121597290039,1.8124567224008028,76,5,1,1,1,1,1,0
7078,70.79,34.93635177612305,1.860993896245251,76,5,1,1,1,1,1,0
7079,70.8,35.03551483154297,1.7352254412190256,76,5,1,1,1,1,1,0
7080,70.81,34.93253707885742,1.838071395370448,76,5,1,1,1,1,1,0
7081,70.82,35.33534240722656,1.6999753102108472,76,5,1,1,1,1,1,0
7082,70.83,35.058204650878906,1.9604073992530444,76,5,1,1,1,1,1,0
7083,70.84,34.9241828918457,1.7415222347344093,76,5,1,1,1,1,1,0
7084,70.85,34.40862274169922,1.8096941730680283,76,5,1,1,1,1,1,0
7085,70.86,34.626686096191406,1.8458898651011963,76,5,1,1,1,1,1,0
7086,70.87,34.35758972167969,1.9118609700474225,76,5,1,1,1,1,1,0
7087,70.88,34.05217742919922,1.913057362054666,76,5,1,1,1,1,1,0
7088,70.89,33.917396545410156,1.7214452748564115,76,5,1,1,1,1,1,0
7089,70.9,33.97223663330078,1.6745526523392114,76,5,1,1,1,1,1,0
7090,70.91,34.03112030029297,1.673257996636739,76,5,1,1,1,1,1,0
7091,70.92,33.95051193237305,1.8700242123621056,76,5,1,1,1,1,1,0
7092,70.93,34.34932327270508,1.8518109249565782,76,5,1,1,1,1,1,0
7093,70.94,34.16584396362305,1.8781091661375768,76,5,1,1,1,1,1,0
7094,70.95,34.05631637573242,1.8215681899175975,76,5,1,1,1,1,1,0
7095,70.96,33.89402389526367,1.9047825094079174,76,5,1,1,1,1,1,0
7096,70.97,34.1441650390625,1.8268292900904501,76,5,1,1,1,1,1,0
7097,70.98,33.94157409667969,1.7812918974714467,76,5,1,1,1,1,1,0
7098,70.99,33.821533203125,2.0690623952878093,76,5,1,1,1,1,1,0
7099,71.0,33.840431213378906,1.7908951521228047,76,5,1,1,1,1,1,0
7100,71.01,34.20977783203125,2.0424986676161905,76,5,1,1,1,1,1,0
7101,71.02,33.894004821777344,1.872590767427503,76,5,1,1,1,1,1,0
7102,71.03,33.87055587768555,1.7052849334065627,76,5,1,1,1,1,1,0
7103,71.04,33.82771301269531,2.021902266218068,76,5,1,1,1,1,1,0
7104,71.05,33.90089416503906,2.040979668122713,76,5,1,1,1,1,1,0
7105,71.06,34.075504302978516,1.9045208233891782,76,5,1,1,1,1,1,0
7106,71.07,33.57436752319336,1.7858903227843765,76,5,1,1,1,1,1,0
7107,71.08,34.09048080444336,1.847320106019097,76,5,1,1,1,1,1,0
7108,71.09,34.26960754394531,1.7422171653616911,76,5,1,1,1,1,1,0
7109,71.1,34.25802230834961,1.7992501379645316,76,5,1,1,1,1,1,0
7110,71.11,34.568695068359375,1.849464615352424,76,5,1,1,1,1,1,0
7111,71.12,34.51158142089844,1.8861845080331154,76,5,1,1,1,1,1,0
7112,71.13,34.38874816894531,1.7175825120965496,76,5,1,1,1,1,1,0
7113,71.14,34.48796844482422,1.719008192618649,76,5,1,1,1,1,1,0
7114,71.15,34.44721984863281,1.734874612200084,76,5,1,1,1,1,1,0
7115,71.16,33.83975601196289,1.9571903770223962,76,5,1,1,1,1,1,0
7116,71.17,34.04432678222656,1.834063562008739,76,5,1,1,1,1,1,0
7117,71.18,33.98221206665039,1.7152544994984202,76,5,1,1,1,1,1,0
7118,71.19,33.810691833496094,1.7835654020928975,76,5,1,1,1,1,1,0
7119,71.2,33.88080978393555,1.6838628863390632,76,5,1,1,1,1,1,0
7120,71.21,33.420623779296875,1.7543049593009663,76,5,1,1,1,1,1,0
7121,71.22,33.26778793334961,1.7674054076741184,76,5,1,1,1,1,1,0
7122,71.23,33.518463134765625,1.7578686900779616,76,5,1,1,1,1,1,0
7123,71.24,33.55820846557617,1.8729606503944813,76,5,1,1,1,1,1,0
7124,71.25,33.64051055908203,1.7632124938262848,76,5,1,1,1,1,1,0
7125,71.26,33.62345504760742,1.7492005219148843,76,5,1,1,1,1,1,0
7126,71.27,33.4355354309082,1.7252814570267072,76,5,1,1,1,1,1,0
7127,71.28,33.80217742919922,1.833195075677498,76,5,1,1,1,1,1,0
7128,71.29,33.989479064941406,1.8211546109075127,76,4,0,1,1,1,1,0
7129,71.3,33.91813278198242,1.7287609306971796,76,5,1,1,1,1,1,0
7130,71.31,34.07298278808594,1.8670047831724335,76,4,0,1,1,1,1,0
7131,71.32,33.60729217529297,1.8086452847708434,76,5,1,1,1,1,1,0
7132,71.33,33.64398956298828,1.7607367183118252,76,5,1,1,1,1,1,0
7133,71.34,33.896522521972656,1.7959417343319528,76,5,1,1,1,1,1,0
7134,71.35,33.875667572021484,1.6303138091658518,76,5,1,1,1,1,1,0
7135,71.36,33.916053771972656,1.666555399628151,76,5,1,1,1,1,1,0
7136,71.37,33.89269256591797,1.7578947584952431,76,5,1,1,1,1,1,0
7137,71.38,33.792259216308594,1.8542090641770275,76,5,1,1,1,1,1,0
7138,71.39,33.795318603515625,1.7704817932005679,76,5,1,1,1,1,1,0
7139,71.4,33.70354080200195,1.7520537648853873,76,5,1,1,1,1,1,0
7140,71.41,33.719451904296875,1.7434159394386999,76,5,1,1,1,1,1,0
7141,71.42,33.5174446105957,1.799473466793212,76,5,1,1,1,1,1,0
7142,71.43,33.674964904785156,1.915359445408363,76,5,1,1,1,1,1,0
7143,71.44,33.915245056152344,1.7418096524009765,76,5,1,1,1,1,1,0
7144,71.45,33.88909912109375,1.7580984906330286,76,5,1,1,1,1,1,0
7145,71.46,34.01127243041992,1.7315021577497252,76,5,1,1,1,1,1,0
7146,71.47,33.61826705932617,1.8588680594710834,76,5,1,1,1,1,1,0
7147,71.48,33.492313385009766,1.672273818890773,76,5,1,1,1,1,1,0
7148,71.49,33.87369155883789,1.9674354692091311,76,5,1,1,1,1,1,0
7149,71.5,33.948158264160156,1.7300608146921863,76,5,1,1,1,1,1,0
7150,71.51,34.01631546020508,1.6888145894131568,76,5,1,1,1,1,1,0
7151,71.52,34.039466857910156,1.7302573243117516,76,5,1,1,1,1,1,0
7152,71.53,33.572723388671875,1.7002961473024174,76,5,1,1,1,1,1,0
7153,71.54,33.704227447509766,1.969310629046226,76,5,1,1,1,1,1,0
7154,71.55,33.580078125,1.8722183459845498,76,5,1,1,1,1,1,0
7155,71.56,33.54512405395508,1.7509710183627374,76,5,1,1,1,1,1,0
7156,71.57,33.73166275024414,1.9180208122141023,76,5,1,1,1,1,1,0
7157,71.58,33.78316116333008,2.159927749487768,76,5,1,1,1,1,1,0
7158,71.59,33.951786041259766,1.8815430282564602,76,5,1,1,1,1,1,0
7159,71.6,33.572025299072266,1.6992080288857874,76,5,1,1,1,1,1,0
7160,71.61,33.82361602783203,1.9796241403542638,76,5,1,1,1,1,1,0
7161,71.62,34.015560150146484,1.7528270169287798,76,5,1,1,1,1,1,0
7162,71.63,34.09694290161133,1.657893024880987,76,5,1,1,1,1,1,0
7163,71.64,34.170677185058594,2.028449525518469,76,5,1,1,1,1,1,0
7164,71.65,34.479976654052734,2.012361469696048,76,5,1,1,1,1,1,0
7165,71.66,34.38898849487305,2.0558715050863845,76,5,1,1,1,1,1,0
7166,71.67,34.572227478027344,1.9803547188921948,76,5,1,1,1,1,1,0
7167,71.68,34.62981033325195,1.8446135751550743,76,5,1,1,1,1,1,0
7168,71.69,34.18617630004883,1.685169412037764,76,5,1,1,1,1,1,0
7169,71.7,34.10562515258789,1.7744023953116823,76,5,1,1,1,1,1,0
7170,71.71,34.339691162109375,1.8306319066120302,76,5,1,1,1,1,1,0
7171,71.72,34.25893020629883,2.0986877628530536,76,5,1,1,1,1,1,0
7172,71.73,34.11839294433594,1.7885435122548279,76,5,1,1,1,1,1,0
7173,71.74,34.48432540893555,1.8867444971180853,76,5,1,1,1,1,1,0
7174,71.75,34.357032775878906,1.871630933135416,76,5,1,1,1,1,1,0
7175,71.76,34.253971099853516,1.8033841038677236,76,5,1,1,1,1,1,0
7176,71.77,34.4180793762207,1.8469759405196162,76,5,1,1,1,1,1,0
7177,71.78,34.507423400878906,1.848915938242697,76,5,1,1,1,1,1,0
7178,71.79,34.04463195800781,1.9794193641820255,76,5,1,1,1,1,1,0
7179,71.8,34.27830505371094,1.776007197496041,76,5,1,1,1,1,1,0
7180,71.81,34.79991149902344,1.9378359115402035,76,5,1,1,1,1,1,0
7181,71.82,34.57514953613281,1.8182968804309598,76,5,1,1,1,1,1,0
7182,71.83,34.715599060058594,1.7006494551636562,76,5,1,1,1,1,1,0
7183,71.84,34.43257522583008,1.69422202472449,76,5,1,1,1,1,1,0
7184,71.85,34.83012390136719,1.8813822019652446,76,5,1,1,1,1,1,0
7185,71.86,34.47184753417969,1.923254840436159,76,5,1,1,1,1,1,0
7186,71.87,34.6111946105957,1.6738855513611597,76,5,1,1,1,1,1,0
7187,71.88,34.81279754638672,1.9916789531781827,76,5,1,1,1,1,1,0
7188,71.89,34.57658386230469,1.7108189331909205,76,5,1,1,1,1,1,0
7189,71.9,35.25558853149414,1.732885038852885,76,4,1,1,1,0,1,0
7190,71.91,35.410308837890625,1.8857591916507694,76,5,1,1,1,1,1,0
7191,71.92,35.662628173828125,1.9011805249996188,76,4,1,1,1,0,1,0
7192,71.93,35.51266098022461,1.8765110923520705,76,4,1,1,1,0,1,0
7193,71.94,35.607383728027344,1.9695883484545023,76,4,1,1,1,0,1,0
7194,71.95,35.27946853637695,2.0716446510379156,76,5,1,1,1,1,1,0
7195,71.96,35.37663269042969,2.1288472898991793,76,5,1,1,1,1,1,0
7196,71.97,35.5033073425293,1.7872036664009754,76,4,1,1,1,0,1,0
7197,71.98,35.30836868286133,1.8763271401842443,76,4,1,1,1,0,1,0
7198,71.99,35.477664947509766,2.035806667902232,76,4,1,1,1,0,1,0
7199,72.0,34.992218017578125,1.9019440537306163,76,4,1,1,1,0,1,0
7200,72.01,35.2822265625,1.845942832277133,76,4,1,1,1,0,1,0
7201,72.02,35.28202438354492,2.044164009369169,76,4,1,1,1,0,1,0
7202,72.03,35.57472229003906,1.7855784349340462,76,5,1,1,1,1,1,0
7203,72.04,35.35837936401367,1.8340675554391237,76,5,1,1,1,1,1,0
7204,72.05,35.529823303222656,1.8841200009478434,76,4,1,1,1,0,1,0
7205,72.06,35.60640335083008,1.9319123734585668,76,5,1,1,1,1,1,0
7206,72.07,35.521121978759766,1.8921159152457399,76,5,1,1,1,1,1,0
7207,72.08,35.488670349121094,1.7885167068038885,76,5,1,1,1,1,1,0
7208,72.09,35.50349807739258,1.919866559244351,76,5,1,1,1,1,1,0
7209,72.1,35.48481750488281,1.894490032172625,76,5,1,1,1,1,1,0
7210,72.11,35.24811553955078,1.775470573266634,76,4,1,1,1,0,1,0
7211,72.12,35.1270637512207,2.0114940727221775,76,5,1,1,1,1,1,0
7212,72.13,35.38264465332031,1.8594023624403744,76,5,1,1,1,1,1,0
7213,72.14,35.52485656738281,1.8261706575869265,76,5,1,1,1,1,1,0
7214,72.15,35.42916488647461,1.7441636529197713,76,5,1,1,1,1,1,0
7215,72.16,35.38345718383789,1.8134532569592154,76,4,1,1,1,0,1,0
7216,72.17,35.326229095458984,1.8173881779710466,76,4,1,1,1,0,1,0
7217,72.18,34.98571014404297,1.950739170150232,76,5,1,1,1,1,1,0
7218,72.19,35.13140869140625,2.1056845913193483,76,5,1,1,1,1,1,0
7219,72.2,35.088218688964844,1.6843407701417665,76,4,1,1,1,0,1,0
7220,72.21,35.252559661865234,1.9816402461591627,76,5,1,1,1,1,1,0
7221,72.22,34.90085220336914,1.851513788259288,76,5,1,1,1,1,1,0
7222,72.23,35.104496002197266,1.8848314387035028,76,5,1,1,1,1,1,0
7223,72.24,34.82569122314453,1.8925148838151045,76,4,1,1,1,0,1,0
7224,72.25,34.620849609375,1.8880958368517085,76,5,1,1,1,1,1,0
7225,72.26,34.93242263793945,1.6693995738486114,76,5,1,1,1,1,1,0
7226,72.27,35.08417892456055,2.0761728561564237,76,5,1,1,1,1,1,0
7227,72.28,34.60301971435547,1.9437326643692254,76,5,1,1,1,1,1,0
7228,72.29,34.725608825683594,1.882657465738614,76,5,1,1,1,1,1,0
7229,72.3,35.11296844482422,1.7430110649399713,76,5,1,1,1,1,1,0
7230,72.31,35.16969299316406,1.9090573130569102,76,5,1,1,1,1,1,0
7231,72.32,35.18185806274414,1.799168068113461,76,5,1,1,1,1,1,0
7232,72.33,34.605709075927734,1.8272081652041963,76,5,1,1,1,1,1,0
7233,72.34,34.60833740234375,1.6389339098885063,76,5,1,1,1,1,1,0
7234,72.35,34.55104446411133,1.8056339961721062,76,5,1,1,1,1,1,0
7235,72.36,34.625797271728516,1.76686446530764,76,5,1,1,1,1,1,0
7236,72.37,34.40176773071289,1.648418227601436,76,5,1,1,1,1,1,0
7237,72.38,34.59953308105469,1.8064878212417692,76,5,1,1,1,1,1,0
7238,72.39,34.32392883300781,1.7088922874791863,76,5,1,1,1,1,1,0
7239,72.4,34.570980072021484,1.804990893735926,76,5,1,1,1,1,1,0
7240,72.41,34.52602005004883,1.8728584832592787,76,5,1,1,1,1,1,0
7241,72.42,35.05123519897461,1.8889410655184447,76,5,1,1,1,1,1,0
7242,72.43,35.08584213256836,1.9110718856081,76,5,1,1,1,1,1,0
7243,72.44,34.96500015258789,2.0081070905773304,76,5,1,1,1,1,1,0
7244,72.45,35.05990219116211,1.7253355510507837,76,5,1,1,1,1,1,0
7245,72.46,34.87590408325195,1.9246855703473926,76,5,1,1,1,1,1,0
7246,72.47,34.90033721923828,1.7049979476904906,76,5,1,1,1,1,1,0
7247,72.48,35.01948928833008,1.8541012756961939,76,5,1,1,1,1,1,0
7248,72.49,34.51900100708008,1.8813050228972148,76,5,1,1,1,1,1,0
7249,72.5,34.71709442138672,1.8573333796990368,76,5,1,1,1,1,1,0
7250,72.51,34.38881301879883,1.8679634820332687,76,5,1,1,1,1,1,0
7251,72.52,35.014976501464844,1.5666884925457871,76,5,1,1,1,1,1,0
7252,72.53,35.07564926147461,1.8416530000962708,76,5,1,1,1,1,1,0
7253,72.54,34.91642761230469,1.8211282749934319,76,5,1,1,1,1,1,0
7254,72.55,34.959129333496094,1.904387357828886,76,5,1,1,1,1,1,0
7255,72.56,35.28400421142578,2.026845937046008,76,5,1,1,1,1,1,0
7256,72.57,35.2473258972168,1.8926666920159116,76,5,1,1,1,1,1,0
7257,72.58,35.37411117553711,1.8117952864167952,76,5,1,1,1,1,1,0
7258,72.59,35.18629837036133,1.9075937840579282,76,5,1,1,1,1,1,0
7259,72.6,34.938880920410156,1.8760362401566775,76,5,1,1,1,1,1,0
7260,72.61,35.00214767456055,1.8988673188914096,76,5,1,1,1,1,1,0
7261,72.62,34.998226165771484,1.9786112490818255,76,5,1,1,1,1,1,0
7262,72.63,35.28160095214844,1.9547064597611206,76,5,1,1,1,1,1,0
7263,72.64,35.49879837036133,1.9471518461746484,76,5,1,1,1,1,1,0
7264,72.65,35.66706085205078,2.164904992057354,76,5,1,1,1,1,1,0
7265,72.66,35.33237838745117,1.8749129789439436,76,5,1,1,1,1,1,0
7266,72.67,35.61995315551758,1.867701421700989,76,5,1,1,1,1,1,0
7267,72.68,35.35248947143555,1.873311720393678,76,5,1,1,1,1,1,0
7268,72.69,35.502235412597656,2.127792529605503,76,5,1,1,1,1,1,0
7269,72.7,35.6775016784668,1.7362612886114344,76,5,1,1,1,1,1,0
7270,72.71,35.557273864746094,1.8606674012217663,76,4,1,0,1,1,1,0
7271,72.72,35.633602142333984,1.7364298769789974,76,5,1,1,1,1,1,0
7272,72.73,35.15968322753906,1.8070481143201607,76,5,1,1,1,1,1,0
7273,72.74,35.15360641479492,1.689403415101754,76,5,1,1,1,1,1,0
7274,72.75,35.508846282958984,1.9700032103542016,76,5,1,1,1,1,1,0
7275,72.76,35.51573181152344,2.3652049127908104,76,5,1,1,1,1,1,0
7276,72.77,35.347721099853516,2.0720304126998093,76,4,1,0,1,1,1,0
7277,72.78,35.24073028564453,2.112582917704865,76,5,1,1,1,1,1,0
7278,72.79,35.30324935913086,1.817197905023619,76,5,1,1,1,1,1,0
7279,72.8,35.42146301269531,1.7234317242908288,76,5,1,1,1,1,1,0
7280,72.81,35.47638702392578,1.8046078297679535,76,4,1,0,1,1,1,0
7281,72.82,35.39692306518555,1.7621023825323736,76,5,1,1,1,1,1,0
7282,72.83,35.55351638793945,1.8492448484191952,76,5,1,1,1,1,1,0
7283,72.84,35.843833923339844,2.432902168682184,76,5,1,1,1,1,1,0
7284,72.85,35.8475456237793,1.8685227459800968,76,5,1,1,1,1,1,0
7285,72.86,35.64404296875,1.9312932568522305,76,5,1,1,1,1,1,0
7286,72.87,35.3883171081543,1.7977199109025077,76,5,1,1,1,1,1,0
7287,72.88,35.58511734008789,2.0118394561412902,76,5,1,1,1,1,1,0
7288,72.89,35.41011047363281,1.6633387753728828,76,5,1,1,1,1,1,0
7289,72.9,35.78219985961914,1.8828957863782663,76,5,1,1,1,1,1,0
7290,72.91,35.69113540649414,1.839293680627067,76,5,1,1,1,1,1,0
7291,72.92,35.76870346069336,1.7992239902719438,76,5,1,1,1,1,1,0
7292,72.93,35.84148406982422,2.0471701842497314,76,5,1,1,1,1,1,0
7293,72.94,35.835777282714844,1.917962924037584,76,5,1,1,1,1,1,0
7294,72.95,35.460548400878906,1.8179366708828208,76,5,1,1,1,1,1,0
7295,72.96,35.5552978515625,1.7425514274958938,76,5,1,1,1,1,1,0
7296,72.97,35.79195022583008,1.8164300983470403,76,5,1,1,1,1,1,0
7297,72.98,35.57283401489258,1.7455634003945746,76,5,1,1,1,1,1,0
7298,72.99,35.95192337036133,1.863490135249314,76,5,1,1,1,1,1,0
7299,73.0,35.52098846435547,2.077712495775263,76,5,1,1,1,1,1,0
7300,73.01,35.638790130615234,1.8977350873924226,76,5,1,1,1,1,1,0
7301,73.02,35.2672004699707,1.7455339462003914,76,5,1,1,1,1,1,0
7302,73.03,35.3593635559082,1.8326734638274387,76,5,1,1,1,1,1,0
7303,73.04,35.57778549194336,1.7809558888486114,76,4,1,0,1,1,1,0
7304,73.05,35.68846130371094,1.7817104154165664,76,5,1,1,1,1,1,0
7305,73.06,35.70990753173828,1.7522840667907347,76,5,1,1,1,1,1,0
7306,73.07,35.81953048706055,1.9927414604023335,76,5,1,1,1,1,1,0
7307,73.08,35.355552673339844,1.9174195926555162,76,4,1,0,1,1,1,0
7308,73.09,35.46507263183594,1.7609678775946227,76,5,1,1,1,1,1,0
7309,73.1,35.24638366699219,1.7922336217670474,76,5,1,1,1,1,1,0
7310,73.11,35.264549255371094,1.614958662801602,76,5,1,1,1,1,1,0
7311,73.12,35.14705276489258,1.754619552592294,76,5,1,1,1,1,1,0
7312,73.13,35.24599075317383,1.686212463646573,76,5,1,1,1,1,1,0
7313,73.14,35.63099670410156,1.7208128791508348,76,5,1,1,1,1,1,0
7314,73.15,35.74614334106445,1.9303381013968,76,5,1,1,1,1,1,0
7315,73.16,35.61739730834961,1.7286426498231167,76,5,1,1,1,1,1,0
7316,73.17,35.75850296020508,1.7870058194500333,76,5,1,1,1,1,1,0
7317,73.18,36.05865478515625,1.657952734342037,76,5,1,1,1,1,1,0
7318,73.19,36.22220993041992,1.9115175687366743,76,5,1,1,1,1,1,0
7319,73.2,35.97352981567383,2.0681869795516263,76,5,1,1,1,1,1,0
7320,73.21,35.958187103271484,1.971119757445383,76,5,1,1,1,1,1,0
7321,73.22,35.75090789794922,2.0601202068646565,76,5,1,1,1,1,1,0
7322,73.23,35.31831741333008,1.8728315555439392,76,5,1,1,1,1,1,0
7323,73.24,35.43410873413086,1.783647238132101,76,5,1,1,1,1,1,0
7324,73.25,35.201602935791016,1.7289592924628407,76,5,1,1,1,1,1,0
7325,73.26,35.31313705444336,1.949587871726158,76,5,1,1,1,1,1,0
7326,73.27,35.39366912841797,1.7181329148060651,76,5,1,1,1,1,1,0
7327,73.28,35.420753479003906,1.912180235239157,76,5,1,1,1,1,1,0
7328,73.29,35.41673278808594,1.817803768082659,76,5,1,1,1,1,1,0
7329,73.3,35.01103973388672,1.810440841863101,76,5,1,1,1,1,1,0
7330,73.31,35.282249450683594,1.7032048706378247,76,5,1,1,1,1,1,0
7331,73.32,35.003658294677734,1.8582020394411625,76,5,1,1,1,1,1,0
7332,73.33,35.203941345214844,1.80855896928221,76,5,1,1,1,1,1,0
7333,73.34,35.40445327758789,1.8745460351434657,76,5,1,1,1,1,1,0
7334,73.35,34.80556869506836,1.8665719901202227,76,5,1,1,1,1,1,0
7335,73.36,34.94403076171875,2.0918184706887804,76,5,1,1,1,1,1,0
7336,73.37,34.87070846557617,1.9318647351667355,76,5,1,1,1,1,1,0
7337,73.38,34.724937438964844,1.9357721149594922,76,5,1,1,1,1,1,0
7338,73.39,35.19843292236328,1.8235354850066297,76,5,1,1,1,1,1,0
7339,73.4,35.25795364379883,1.7917588323066653,76,5,1,1,1,1,1,0
7340,73.41,35.39101028442383,1.846535674498839,76,5,1,1,1,1,1,0
7341,73.42,35.360225677490234,1.8902139439706844,76,5,1,1,1,1,1,0
7342,73.43,35.2420539855957,1.8103563714586008,76,5,1,1,1,1,1,0
7343,73.44,35.52787780761719,1.791478464767341,76,5,1,1,1,1,1,0
7344,73.45,35.38143539428711,1.8385030545159362,76,5,1,1,1,1,1,0
7345,73.46,34.928592681884766,1.6226494535464615,76,5,1,1,1,1,1,0
7346,73.47,34.99524688720703,1.8507584607926075,76,5,1,1,1,1,1,0
7347,73.48,34.906036376953125,1.6876322756358684,76,5,1,1,1,1,1,0
7348,73.49,34.795921325683594,1.8161822106527787,76,5,1,1,1,1,1,0
7349,73.5,35.01871871948242,1.8599460643209311,76,5,1,1,1,1,1,0
7350,73.51,35.46141815185547,1.7755581642810874,76,5,1,1,1,1,1,0
7351,73.52,35.4013557434082,1.7750830192062415,76,5,1,1,1,1,1,0
7352,73.53,35.268524169921875,1.9516909184361473,76,5,1,1,1,1,1,0
7353,73.54,35.38373565673828,1.7223756200031397,76,5,1,1,1,1,1,0
7354,73.55,35.25822830200195,1.8684215254421233,76,5,1,1,1,1,1,0
7355,73.56,35.29872131347656,1.9312667587236363,76,5,1,1,1,1,1,0
7356,73.57,35.37629318237305,1.8409487165144307,76,5,1,1,1,1,1,0
7357,73.58,35.496337890625,1.6968804138007485,76,5,1,1,1,1,1,0
7358,73.59,35.457027435302734,1.8388594117069315,76,5,1,1,1,1,1,0
7359,73.6,35.03489303588867,1.7201150616190342,76,5,1,1,1,1,1,0
7360,73.61,34.96290969848633,1.8742768608839313,76,5,1,1,1,1,1,0
7361,73.62,35.35004806518555,1.8098057919867516,76,5,1,1,1,1,1,0
7362,73.63,35.669681549072266,1.6602125367315517,76,5,1,1,1,1,1,0
7363,73.64,35.54084396362305,2.0090053583603886,76,5,1,1,1,1,1,0
7364,73.65,35.68100357055664,1.88941479943607,76,5,1,1,1,1,1,0
7365,73.66,35.509620666503906,1.8216502871546993,76,5,1,1,1,1,1,0
7366,73.67,35.645877838134766,1.7411779928071387,76,5,1,1,1,1,1,0
7367,73.68,35.62917709350586,1.6618707608339687,76,5,1,1,1,1,1,0
7368,73.69,35.17396545410156,1.9486939183008882,76,5,1,1,1,1,1,0
7369,73.7,35.31881332397461,1.8078446313229393,76,5,1,1,1,1,1,0
7370,73.71,35.423362731933594,1.6688558487599718,76,5,1,1,1,1,1,0
7371,73.72,35.34823989868164,1.7475094241933933,76,5,1,1,1,1,1,0
7372,73.73,35.0711555480957,1.916792745054457,76,5,1,1,1,1,1,0
7373,73.74,35.05556869506836,1.9414944150921725,76,5,1,1,1,1,1,0
7374,73.75,35.0434455871582,1.9135587219815111,76,5,1,1,1,1,1,0
7375,73.76,35.155052185058594,1.980128773443555,76,5,1,1,1,1,1,0
7376,73.77,35.14898681640625,1.9628758768168437,76,5,1,1,1,1,1,0
7377,73.78,35.42388153076172,1.6862382881350735,76,5,1,1,1,1,1,0
7378,73.79,35.08989715576172,1.7406603544470403,76,5,1,1,1,1,1,0
7379,73.8,35.34534454345703,1.8830270527421262,76,5,1,1,1,1,1,0
7380,73.81,35.32231903076172,1.8268539777266328,76,5,1,1,1,1,1,0
7381,73.82,35.11977005004883,1.9338076523170542,76,5,1,1,1,1,1,0
7382,73.83,35.40705490112305,2.094254563667995,76,5,1,1,1,1,1,0
7383,73.84,35.098079681396484,1.9226288933598092,76,5,1,1,1,1,1,0
7384,73.85,35.15182113647461,2.015866242118999,76,5,1,1,1,1,1,0
7385,73.86,35.16389083862305,1.7640294745407377,76,5,1,1,1,1,1,0
7386,73.87,35.11039352416992,1.7677936576563906,76,5,1,1,1,1,1,0
7387,73.88,35.28291320800781,1.9381946717328316,76,5,1,1,1,1,1,0
7388,73.89,35.10763931274414,1.8927746221539472,76,5,1,1,1,1,1,0
7389,73.9,34.76700210571289,1.8236526733146168,76,5,1,1,1,1,1,0
7390,73.91,35.19234085083008,1.945789938904005,76,5,1,1,1,1,1,0
7391,73.92,35.33940887451172,1.6568358058043735,76,5,1,1,1,1,1,0
7392,73.93,35.51210403442383,1.8834282352367075,76,5,1,1,1,1,1,0
7393,73.94,35.406009674072266,1.9063537121232814,76,5,1,1,1,1,1,0
7394,73.95,35.19743347167969,1.8749121447630683,76,5,1,1,1,1,1,0
7395,73.96,35.1391716003418,1.737036190353372,76,5,1,1,1,1,1,0
7396,73.97,35.48002243041992,1.831440506453019,76,5,1,1,1,1,1,0
7397,73.98,35.24368667602539,1.8336860929572296,76,5,1,1,1,1,1,0
7398,73.99,35.39812469482422,1.730779506610245,76,5,1,1,1,1,1,0
7399,74.0,35.689552307128906,1.886829621578948,76,5,1,1,1,1,1,0
7400,74.01,35.58599090576172,1.9322743853421747,76,5,1,1,1,1,1,0
7401,74.02,35.35262680053711,1.7790953564104175,76,5,1,1,1,1,1,0
7402,74.03,35.7868766784668,1.693782001952199,76,5,1,1,1,1,1,0
7403,74.04,35.4583740234375,1.7996155451271079,76,5,1,1,1,1,1,0
7404,74.05,35.47231674194336,1.741175539031654,76,5,1,1,1,1,1,0
7405,74.06,35.5667610168457,1.7141803159594742,76,5,1,1,1,1,1,0
7406,74.07,35.464874267578125,1.7681049340152506,76,5,1,1,1,1,1,0
7407,74.08,35.278316497802734,1.8253229673810878,76,5,1,1,1,1,1,0
7408,74.09,35.579071044921875,1.853130701684676,76,5,1,1,1,1,1,0
7409,74.1,35.576778411865234,1.8517300103897159,76,5,1,1,1,1,1,0
7410,74.11,35.4308967590332,1.7658172919739032,76,5,1,1,1,1,1,0
7411,74.12,35.60264205932617,1.8591143747512107,76,5,1,1,1,1,1,0
7412,74.13,35.60598373413086,1.8062683163896966,76,5,1,1,1,1,1,0
7413,74.14,35.98471450805664,1.8289068073205301,76,5,1,1,1,1,1,0
7414,74.15,35.44639205932617,1.7417755135903037,76,5,1,1,1,1,1,0
7415,74.16,35.431983947753906,1.848402890319969,76,5,1,1,1,1,1,0
7416,74.17,35.39901351928711,1.7771897795617786,76,5,1,1,1,1,1,0
7417,74.18,35.72188186645508,1.7705410991384256,76,5,1,1,1,1,1,0
7418,74.19,35.700294494628906,1.721079495597214,76,5,1,1,1,1,1,0
7419,74.2,35.76301574707031,2.0468993475741115,76,5,1,1,1,1,1,0
7420,74.21,35.51261901855469,1.7618410105286568,76,5,1,1,1,1,1,0
7421,74.22,35.62739181518555,1.9511523504957444,76,5,1,1,1,1,1,0
7422,74.23,35.689125061035156,1.8027998030863186,76,5,1,1,1,1,1,0
7423,74.24,36.002750396728516,1.8944940995901463,76,5,1,1,1,1,1,0
7424,74.25,35.62432098388672,1.9881872007837709,76,5,1,1,1,1,1,0
7425,74.26,35.47476577758789,1.7295638686825607,76,5,1,1,1,1,1,0
7426,74.27,35.2770881652832,1.7681060073730814,76,5,1,1,1,1,1,0
7427,74.28,35.68534851074219,1.9100833063918872,76,4,1,0,1,1,1,0
7428,74.29,35.49455261230469,1.9047578304375266,76,5,1,1,1,1,1,0
7429,74.3,35.56211853027344,2.240131309281208,76,4,1,0,1,1,1,0
7430,74.31,35.541255950927734,1.9202354509321786,76,5,1,1,1,1,1,0
7431,74.32,35.51065444946289,1.715054274612504,76,4,1,0,1,1,1,0
7432,74.33,35.45812225341797,1.8460775165947938,76,5,1,1,1,1,1,0
7433,74.34,35.612850189208984,1.8701331024949384,76,5,1,1,1,1,1,0
7434,74.35,35.7490119934082,1.816979489315721,76,4,1,0,1,1,1,0
7435,74.36,35.431331634521484,1.9085356270583202,76,5,1,1,1,1,1,0
7436,74.37,35.38337326049805,1.8292031326140512,76,5,1,1,1,1,1,0
7437,74.38,35.96490478515625,1.726439899057574,76,5,1,1,1,1,1,0
7438,74.39,36.15597915649414,1.8004754341440787,76,5,1,1,1,1,1,0
7439,74.4,35.94524002075195,1.8092273129295726,76,5,1,1,1,1,1,0
7440,74.41,36.02767562866211,1.771491286518224,76,5,1,1,1,1,1,0
7441,74.42,36.129638671875,1.774712646881516,76,5,1,1,1,1,1,0
7442,74.43,35.53455352783203,1.6594518183916978,76,5,1,1,1,1,1,0
7443,74.44,36.03657913208008,1.7021709654145707,76,5,1,1,1,1,1,0
7444,74.45,35.42829132080078,1.9793215936187458,76,5,1,1,1,1,1,0
7445,74.46,35.61540985107422,1.8971564197772706,76,5,1,1,1,1,1,0
7446,74.47,35.84831619262695,1.7240093739265052,76,5,1,1,1,1,1,0
7447,74.48,35.55596160888672,1.7494225317761845,76,5,1,1,1,1,1,0
7448,74.49,35.67737579345703,1.804800275499542,76,5,1,1,1,1,1,0
7449,74.5,35.47408676147461,1.8638667924954493,76,5,1,1,1,1,1,0
7450,74.51,35.334266662597656,1.7519112043842688,76,4,1,0,1,1,1,0
7451,74.52,35.58635711669922,1.8055729167618397,76,5,1,1,1,1,1,0
7452,74.53,35.90019607543945,1.762786933224098,76,5,1,1,1,1,1,0
7453,74.54,36.14640426635742,1.8220112438164524,76,5,1,1,1,1,1,0
7454,74.55,36.07719802856445,1.8100567974258341,76,5,1,1,1,1,1,0
7455,74.56,35.931800842285156,1.846021727423346,76,5,1,1,1,1,1,0
7456,74.57,36.203189849853516,1.693932759358285,76,5,1,1,1,1,1,0
7457,74.58,36.38613510131836,1.7443850901386835,76,5,1,1,1,1,1,0
7458,74.59,36.760826110839844,1.8041613636730933,76,5,1,1,1,1,1,0
7459,74.6,36.631370544433594,1.7004116888290894,76,5,1,1,1,1,1,0
7460,74.61,36.48323440551758,1.9069604309012418,76,5,1,1,1,1,1,0
7461,74.62,36.30657196044922,1.962577075012672,76,5,1,1,1,1,1,0
7462,74.63,36.33750915527344,1.6556279137441083,76,5,1,1,1,1,1,0
7463,74.64,36.258243560791016,1.8129011350659552,76,5,1,1,1,1,1,0
7464,74.65,35.77989959716797,2.036026130116233,76,5,1,1,1,1,1,0
7465,74.66,36.25766372680664,1.7741119473729408,76,5,1,1,1,1,1,0
7466,74.67,36.335487365722656,1.7669114786676114,76,5,1,1,1,1,1,0
7467,74.68,36.12742233276367,1.9633902547431665,76,5,1,1,1,1,1,0
7468,74.69,35.98390197753906,2.0264954874723045,76,5,1,1,1,1,1,0
7469,74.7,35.980926513671875,1.9855739545889046,76,5,1,1,1,1,1,0
7470,74.71,35.99342346191406,1.8613428272811505,76,5,1,1,1,1,1,0
7471,74.72,35.958370208740234,1.903810486763111,76,5,1,1,1,1,1,0
7472,74.73,36.01398468017578,1.7669192401130887,76,5,1,1,1,1,1,0
7473,74.74,36.062965393066406,1.653297701335049,76,5,1,1,1,1,1,0
7474,74.75,35.88311004638672,1.8660352170719443,76,5,1,1,1,1,1,0
7475,74.76,35.93851089477539,1.872243942864971,76,5,1,1,1,1,1,0
7476,74.77,36.13671875,1.7651635299071249,76,5,1,1,1,1,1,0
7477,74.78,36.62672805786133,1.6432317242541947,76,5,1,1,1,1,1,0
7478,74.79,36.19889450073242,1.8923789235836428,76,5,1,1,1,1,1,0
7479,74.8,35.95001983642578,2.058660369762519,76,5,1,1,1,1,1,0
7480,74.81,35.50447082519531,1.79813420744907,76,5,1,1,1,1,1,0
7481,74.82,35.93166732788086,1.775523406757344,76,5,1,1,1,1,1,0
7482,74.83,36.20903015136719,1.8516199864995415,76,5,1,1,1,1,1,0
7483,74.84,36.232078552246094,1.8939392720573494,76,5,1,1,1,1,1,0
7484,74.85,35.9737663269043,1.7928713745068903,76,5,1,1,1,1,1,0
7485,74.86,35.52100372314453,1.895200359859687,76,5,1,1,1,1,1,0
7486,74.87,35.86614227294922,1.7691578957855532,76,5,1,1,1,1,1,0
7487,74.88,36.031490325927734,1.7655045805577656,76,5,1,1,1,1,1,0
7488,74.89,36.110740661621094,1.841138461830143,76,5,1,1,1,1,1,0
7489,74.9,36.11721420288086,1.9194280962752739,76,5,1,1,1,1,1,0
7490,74.91,35.91093444824219,1.7911135380010674,76,5,1,1,1,1,1,0
7491,74.92,35.76834487915039,1.7760943647042553,76,5,1,1,1,1,1,0
7492,74.93,35.82752990722656,1.7056087919550293,76,5,1,1,1,1,1,0
7493,74.94,35.71818923950195,1.8294482290557872,76,5,1,1,1,1,1,0
7494,74.95,35.45224380493164,1.8233475063426026,76,5,1,1,1,1,1,0
7495,74.96,35.542396545410156,1.7883242152489407,76,5,1,1,1,1,1,0
7496,74.97,35.54191589355469,1.7634909036025983,76,5,1,1,1,1,1,0
7497,74.98,35.626312255859375,1.8374427030822864,76,5,1,1,1,1,1,0
7498,74.99,35.543731689453125,1.7345317835423004,76,5,1,1,1,1,1,0
7499,75.0,35.88404083251953,1.9644041976253228,76,5,1,1,1,1,1,0
7500,75.01,35.45711898803711,1.7638014578127241,76,5,1,1,1,1,1,0
7501,75.02,35.922462463378906,1.893489401048208,76,5,1,1,1,1,1,0
7502,75.03,35.687503814697266,1.7860897990432276,76,5,1,1,1,1,1,0
7503,75.04,35.7633171081543,1.906906918060344,76,5,1,1,1,1,1,0
7504,75.05,35.71462631225586,1.7449648266071645,76,5,1,1,1,1,1,0
7505,75.06,35.6674919128418,1.8424715408028118,76,5,1,1,1,1,1,0
7506,75.07,35.629642486572266,1.732079367831368,76,5,1,1,1,1,1,0
7507,75.08,35.5761833190918,1.8245559612110067,76,5,1,1,1,1,1,0
7508,75.09,35.864463806152344,1.694137996813483,76,5,1,1,1,1,1,0
7509,75.1,35.84564971923828,1.8328699506161301,76,5,1,1,1,1,1,0
7510,75.11,35.77442169189453,1.9090056274563112,76,5,1,1,1,1,1,0
7511,75.12,35.58742904663086,1.8668164306737582,76,5,1,1,1,1,1,0
7512,75.13,35.51243591308594,1.6557192585027367,76,5,1,1,1,1,1,0
7513,75.14,35.87654495239258,1.8053794652224555,76,5,1,1,1,1,1,0
7514,75.15,36.09973907470703,1.6707783679377366,76,5,1,1,1,1,1,0
7515,75.16,35.97420120239258,1.8095277252360882,76,5,1,1,1,1,1,0
7516,75.17,35.890411376953125,1.8888597320558032,76,5,1,1,1,1,1,0
7517,75.18,36.27320861816406,1.661028038570747,76,5,1,1,1,1,1,0
7518,75.19,35.41527557373047,1.6999404097955937,76,5,1,1,1,1,1,0
7519,75.2,35.632904052734375,1.9098967954725812,76,5,1,1,1,1,1,0
7520,75.21,35.53767395019531,1.8870913350967609,76,5,1,1,1,1,1,0
7521,75.22,35.252689361572266,2.035437163850089,76,5,1,1,1,1,1,0
7522,75.23,35.35271072387695,1.718056917265574,76,5,1,1,1,1,1,0
7523,75.24,35.24503707885742,1.8252093400538718,76,5,1,1,1,1,1,0
7524,75.25,35.4930305480957,1.7944375451729797,76,5,1,1,1,1,1,0
7525,75.26,35.619224548339844,1.8948864373927454,76,5,1,1,1,1,1,0
7526,75.27,35.7461051940918,1.8198057330942092,76,5,1,1,1,1,1,0
7527,75.28,35.49449920654297,1.7929287058189909,76,5,1,1,1,1,1,0
7528,75.29,35.59708023071289,1.8622054890547426,76,5,1,1,1,1,1,0
7529,75.3,35.872459411621094,1.7178474814398406,76,5,1,1,1,1,1,0
7530,75.31,35.57094192504883,2.0333709560571687,76,5,1,1,1,1,1,0
7531,75.32,35.382083892822266,1.8124262663503505,76,5,1,1,1,1,1,0
7532,75.33,35.62759780883789,1.8415752383139328,76,5,1,1,1,1,1,0
7533,75.34,35.51320266723633,1.8177762294189717,76,5,1,1,1,1,1,0
7534,75.35,35.39519119262695,1.7258578189442153,76,5,1,1,1,1,1,0
7535,75.36,35.070411682128906,1.708713832613678,76,5,1,1,1,1,1,0
7536,75.37,35.27778244018555,1.596147322858102,76,5,1,1,1,1,1,0
7537,75.38,35.33583068847656,1.8056036732741914,76,5,1,1,1,1,1,0
7538,75.39,35.605770111083984,2.0656002627957983,76,5,1,1,1,1,1,0
7539,75.4,35.435787200927734,2.0763438707597928,76,5,1,1,1,1,1,0
7540,75.41,35.888526916503906,1.8852074894956858,76,5,1,1,1,1,1,0
7541,75.42,36.29732894897461,1.8463747275634192,76,5,1,1,1,1,1,0
7542,75.43,36.03095626831055,1.7564701593464742,76,5,1,1,1,1,1,0
7543,75.44,35.82803726196289,1.6450280754959739,76,5,1,1,1,1,1,0
7544,75.45,35.664527893066406,1.7958297157147505,76,5,1,1,1,1,1,0
7545,75.46,35.60153579711914,1.8743029893480292,76,5,1,1,1,1,1,0
7546,75.47,35.7944450378418,1.865395938687875,76,5,1,1,1,1,1,0
7547,75.48,35.41353225708008,1.9912350664564455,76,5,1,1,1,1,1,0
7548,75.49,35.15969467163086,1.8190365368672732,76,5,1,1,1,1,1,0
7549,75.5,35.33085632324219,1.7076847817631686,76,5,1,1,1,1,1,0
7550,75.51,34.98774719238281,1.8399171947450907,76,5,1,1,1,1,1,0
7551,75.52,35.34024429321289,1.9290163836511436,76,5,1,1,1,1,1,0
7552,75.53,35.328025817871094,1.7861976926731002,76,5,1,1,1,1,1,0
7553,75.54,35.12423324584961,1.7580971019749851,76,5,1,1,1,1,1,0
7554,75.55,35.54274368286133,1.7513989490781692,76,5,1,1,1,1,1,0
7555,75.56,35.41291809082031,1.8059922924589185,76,5,1,1,1,1,1,0
7556,75.57,35.60034942626953,1.8222253772029138,76,5,1,1,1,1,1,0
7557,75.58,35.48026657104492,1.904442939511642,76,5,1,1,1,1,1,0
7558,75.59,35.46035385131836,1.885316251346619,76,5,1,1,1,1,1,0
7559,75.6,35.959571838378906,1.6916833419188155,76,5,1,1,1,1,1,0
7560,75.61,35.59565353393555,1.6879045739122864,76,5,1,1,1,1,1,0
7561,75.62,35.078399658203125,1.7248238846919712,76,5,1,1,1,1,1,0
7562,75.63,35.51266860961914,1.8042712317585763,76,5,1,1,1,1,1,0
7563,75.64,35.43342208862305,1.6673638068913132,76,5,1,1,1,1,1,0
7564,75.65,35.38671875,1.918700642805966,76,5,1,1,1,1,1,0
7565,75.66,35.48030471801758,1.8406728986281828,76,5,1,1,1,1,1,0
7566,75.67,35.67930221557617,1.781402228456395,76,5,1,1,1,1,1,0
7567,75.68,35.49305725097656,2.0188327587680415,76,4,1,0,1,1,1,0
7568,75.69,35.41731262207031,1.8273794478405074,76,5,1,1,1,1,1,0
7569,75.7,35.31328201293945,1.8478651746659687,76,5,1,1,1,1,1,0
7570,75.71,35.65071105957031,1.9991491172879827,76,5,1,1,1,1,1,0
7571,75.72,35.86582946777344,1.7699963844528768,76,5,1,1,1,1,1,0
7572,75.73,35.55476379394531,1.6085689266777128,76,5,1,1,1,1,1,0
7573,75.74,35.564395904541016,1.7246722277626216,76,5,1,1,1,1,1,0
7574,75.75,35.546295166015625,1.7171505137435366,76,5,1,1,1,1,1,0
7575,75.76,35.400936126708984,1.8491347694958773,76,5,1,1,1,1,1,0
7576,75.77,35.56345748901367,1.82093312415051,76,5,1,1,1,1,1,0
7577,75.78,35.451297760009766,1.821289929216047,76,5,1,1,1,1,1,0
7578,75.79,35.37382125854492,1.855020064600761,76,5,1,1,1,1,1,0
7579,75.8,35.761451721191406,1.8151296213084076,76,5,1,1,1,1,1,0
7580,75.81,35.73244094848633,1.722352607522683,76,5,1,1,1,1,1,0
7581,75.82,35.773719787597656,1.8407304041959895,76,5,1,1,1,1,1,0
7582,75.83,35.83926773071289,1.9028680641384381,76,5,1,1,1,1,1,0
7583,75.84,35.60480499267578,1.7671173499494945,76,5,1,1,1,1,1,0
7584,75.85,35.383663177490234,1.8297813735213069,76,5,1,1,1,1,1,0
7585,75.86,35.878273010253906,1.7130378847433658,76,5,1,1,1,1,1,0
7586,75.87,35.583290100097656,1.6550782296493096,76,5,1,1,1,1,1,0
7587,75.88,35.60921859741211,1.6752286822133589,76,5,1,1,1,1,1,0
7588,75.89,35.54800033569336,1.8165884275251472,76,5,1,1,1,1,1,0
7589,75.9,35.82577896118164,1.7223849276178753,76,5,1,1,1,1,1,0
7590,75.91,35.777244567871094,1.8789603235844035,76,5,1,1,1,1,1,0
7591,75.92,36.0412483215332,1.761420576123079,76,5,1,1,1,1,1,0
7592,75.93,35.76792907714844,1.6684690006781782,76,5,1,1,1,1,1,0
7593,75.94,35.4846076965332,1.6691930029420141,76,5,1,1,1,1,1,0
7594,75.95,35.335079193115234,1.77892977141186,76,5,1,1,1,1,1,0
7595,75.96,35.32765579223633,1.657314968921185,76,5,1,1,1,1,1,0
7596,75.97,35.33561325073242,1.7914820633863697,76,5,1,1,1,1,1,0
7597,75.98,35.559242248535156,1.874997592782075,76,5,1,1,1,1,1,0
7598,75.99,35.275779724121094,1.6818413602494815,76,5,1,1,1,1,1,0
7599,76.0,35.58375930786133,1.7308057956974872,76,5,1,1,1,1,1,0
7600,76.01,35.7559700012207,1.743589404081698,76,5,1,1,1,1,1,0
7601,76.02,35.65577697753906,1.888437416992036,76,5,1,1,1,1,1,0
7602,76.03,36.05342102050781,1.712955013678541,76,5,1,1,1,1,1,0
7603,76.04,36.13165283203125,1.5948039325997194,76,5,1,1,1,1,1,0
7604,76.05,36.44956588745117,1.627082469737318,76,4,0,1,1,1,1,0
7605,76.06,35.87002944946289,1.7496837421775477,76,5,1,1,1,1,1,0
7606,76.07,36.06923294067383,1.6626782394926876,76,5,1,1,1,1,1,0
7607,76.08,35.60457992553711,1.7507114816971525,76,5,1,1,1,1,1,0
7608,76.09,36.146026611328125,1.7692425759327537,76,5,1,1,1,1,1,0
7609,76.1,36.01128005981445,1.6794629137653767,76,5,1,1,1,1,1,0
7610,76.11,36.33843994140625,1.5714989367294234,76,5,1,1,1,1,1,0
7611,76.12,35.98704528808594,1.6967599611372337,76,5,1,1,1,1,1,0
7612,76.13,35.66254425048828,1.8612889866808238,76,5,1,1,1,1,1,0
7613,76.14,35.387325286865234,1.8259557647373583,76,5,1,1,1,1,1,0
7614,76.15,35.58442306518555,1.766749825782289,76,5,1,1,1,1,1,0
7615,76.16,35.609188079833984,1.7954160347464412,76,5,1,1,1,1,1,0
7616,76.17,35.43830490112305,1.7980251471544193,76,5,1,1,1,1,1,0
7617,76.18,35.709774017333984,1.6578911035948167,76,5,1,1,1,1,1,0
7618,76.19,35.36765670776367,1.8963086318754767,76,5,1,1,1,1,1,0
7619,76.2,34.99456787109375,1.862578192177641,76,5,1,1,1,1,1,0
7620,76.21,35.168697357177734,1.9290157310722031,76,5,1,1,1,1,1,0
7621,76.22,35.384765625,1.7369485015583797,76,5,1,1,1,1,1,0
7622,76.23,35.59109115600586,1.7205800165303167,76,5,1,1,1,1,1,0
7623,76.24,35.43647766113281,1.805050291601977,76,5,1,1,1,1,1,0
7624,76.25,35.80387496948242,1.6933128426930155,76,5,1,1,1,1,1,0
7625,76.26,35.675540924072266,1.8777114639364745,76,5,1,1,1,1,1,0
7626,76.27,35.70691680908203,1.8866398008585539,76,5,1,1,1,1,1,0
7627,76.28,35.857383728027344,1.792542478947985,76,5,1,1,1,1,1,0
7628,76.29,35.803855895996094,1.881567656912485,76,5,1,1,1,1,1,0
7629,76.3,35.6695671081543,1.9789139622530199,76,5,1,1,1,1,1,0
7630,76.31,35.93330001831055,1.682795295380692,76,5,1,1,1,1,1,0
7631,76.32,35.943809509277344,1.9010796236337588,76,5,1,1,1,1,1,0
7632,76.33,35.842315673828125,1.764538911675409,76,5,1,1,1,1,1,0
7633,76.34,35.91722106933594,1.8480802755779115,76,5,1,1,1,1,1,0
7634,76.35,36.15987777709961,1.873632718847382,76,5,1,1,1,1,1,0
7635,76.36,36.0661506652832,1.7469339932675423,76,5,1,1,1,1,1,0
7636,76.37,35.785282135009766,1.8437471255596707,76,5,1,1,1,1,1,0
7637,76.38,35.73473358154297,1.7195891029417711,76,5,1,1,1,1,1,0
7638,76.39,35.66590118408203,1.8422574104978098,76,5,1,1,1,1,1,0
7639,76.4,35.680885314941406,1.7695746756829382,76,4,1,0,1,1,1,0
7640,76.41,35.68877410888672,1.856069937557027,76,5,1,1,1,1,1,0
7641,76.42,35.58533477783203,1.7358332631206719,76,5,1,1,1,1,1,0
7642,76.43,35.511295318603516,1.7502000522177608,76,5,1,1,1,1,1,0
7643,76.44,36.02345657348633,1.6373444582663739,76,5,1,1,1,1,1,0
7644,76.45,35.85426330566406,1.6483627780891312,76,5,1,1,1,1,1,0
7645,76.46,35.859169006347656,1.7432741715120228,76,5,1,1,1,1,1,0
7646,76.47,35.71038055419922,1.7561303844038212,76,5,1,1,1,1,1,0
7647,76.48,35.45128631591797,1.7927849059970205,76,5,1,1,1,1,1,0
7648,76.49,35.03101348876953,1.79988654902806,76,5,1,1,1,1,1,0
7649,76.5,34.67094039916992,1.7314150148975118,76,5,1,1,1,1,1,0
7650,76.51,34.74919128417969,1.7682783928938668,76,5,1,1,1,1,1,0
7651,76.52,35.263362884521484,1.6612045146393488,76,5,1,1,1,1,1,0
7652,76.53,35.461822509765625,1.7303684292460044,76,5,1,1,1,1,1,0
7653,76.54,35.50580978393555,1.731674899296341,76,5,1,1,1,1,1,0
7654,76.55,35.30632781982422,1.7329194958981444,76,5,1,1,1,1,1,0
7655,76.56,34.93164825439453,1.848812860194422,76,5,1,1,1,1,1,0
7656,76.57,34.93809127807617,1.8367928659081196,76,5,1,1,1,1,1,0
7657,76.58,35.16468811035156,1.6647544986880636,76,5,1,1,1,1,1,0
7658,76.59,34.964439392089844,1.9400002391069033,76,5,1,1,1,1,1,0
7659,76.6,34.97267150878906,1.824389452667335,76,5,1,1,1,1,1,0
7660,76.61,34.886810302734375,1.8702108548028558,76,5,1,1,1,1,1,0
7661,76.62,34.796077728271484,1.740723733463596,76,5,1,1,1,1,1,0
7662,76.63,34.90696716308594,1.8700271090522815,76,5,1,1,1,1,1,0
7663,76.64,34.867034912109375,1.8480540447021732,76,5,1,1,1,1,1,0
7664,76.65,34.8299446105957,1.8182072414047779,76,5,1,1,1,1,1,0
7665,76.66,35.128211975097656,1.6794376721960742,76,5,1,1,1,1,1,0
7666,76.67,35.607879638671875,1.8056938904780215,76,5,1,1,1,1,1,0
7667,76.68,35.45249557495117,1.5997794724190315,76,5,1,1,1,1,1,0
7668,76.69,35.48432159423828,1.8736272674847645,76,5,1,1,1,1,1,0
7669,76.7,35.46874237060547,1.7454749379932815,76,5,1,1,1,1,1,0
7670,76.71,35.45088577270508,1.7634335291986913,76,5,1,1,1,1,1,0
7671,76.72,35.391029357910156,1.8120453478734695,76,5,1,1,1,1,1,0
7672,76.73,35.595375061035156,1.8172721810423529,76,5,1,1,1,1,1,0
7673,76.74,35.54713821411133,1.7092934934861437,76,5,1,1,1,1,1,0
7674,76.75,35.12242126464844,1.742185235081539,76,5,1,1,1,1,1,0
7675,76.76,35.606689453125,1.8146897799632218,76,5,1,1,1,1,1,0
7676,76.77,35.46371841430664,1.8685053665213358,76,5,1,1,1,1,1,0
7677,76.78,35.437747955322266,1.8566920091889294,76,5,1,1,1,1,1,0
7678,76.79,35.813514709472656,1.693425436664662,76,5,1,1,1,1,1,0
7679,76.8,35.409175872802734,1.7497358391033886,76,5,1,1,1,1,1,0
7680,76.81,35.85712432861328,1.8465653923799814,76,5,1,1,1,1,1,0
7681,76.82,35.86480712890625,1.7624142041278914,76,5,1,1,1,1,1,0
7682,76.83,35.6387939453125,1.8375521226625604,76,5,1,1,1,1,1,0
7683,76.84,35.66176986694336,1.7321084561830409,76,5,1,1,1,1,1,0
7684,76.85,35.544044494628906,1.8458085463075338,76,5,1,1,1,1,1,0
7685,76.86,35.88681411743164,1.7428150959365205,76,5,1,1,1,1,1,0
7686,76.87,35.98237609863281,1.865315582740002,76,5,1,1,1,1,1,0
7687,76.88,35.60237121582031,1.835379207426911,76,5,1,1,1,1,1,0
7688,76.89,35.60365295410156,1.7564201299802467,76,5,1,1,1,1,1,0
7689,76.9,35.81068420410156,1.89238218921646,76,5,1,1,1,1,1,0
7690,76.91,36.283321380615234,1.6293881245062158,76,5,1,1,1,1,1,0
7691,76.92,36.24922561645508,1.823430569499703,76,5,1,1,1,1,1,0
7692,76.93,36.03974151611328,1.7664932444260346,76,5,1,1,1,1,1,0
7693,76.94,35.70828628540039,1.8455601864766424,76,5,1,1,1,1,1,0
7694,76.95,35.43941116333008,1.7706526655403412,76,5,1,1,1,1,1,0
7695,76.96,35.287540435791016,1.8607832811950993,76,5,1,1,1,1,1,0
7696,76.97,35.59449005126953,1.9726897467772206,76,4,1,0,1,1,1,0
7697,76.98,35.62202072143555,1.7521719893620287,76,5,1,1,1,1,1,0
7698,76.99,35.611572265625,1.6641269505163798,76,5,1,1,1,1,1,0
7699,77.0,35.32037353515625,1.7013813276987826,76,5,1,1,1,1,1,0
7700,77.01,35.6452522277832,1.8369816179931682,76,5,1,1,1,1,1,0
7701,77.02,35.735740661621094,1.8069108902783861,76,5,1,1,1,1,1,0
7702,77.03,35.871299743652344,1.7532840366995763,76,5,1,1,1,1,1,0
7703,77.04,35.686641693115234,1.8529156620870726,76,5,1,1,1,1,1,0
7704,77.05,35.732276916503906,1.9045738224102169,76,5,1,1,1,1,1,0
7705,77.06,35.5165901184082,1.8272688554385725,76,5,1,1,1,1,1,0
7706,77.07,35.337059020996094,1.9160610707567305,76,5,1,1,1,1,1,0
7707,77.08,35.39390563964844,1.7953811995226832,76,5,1,1,1,1,1,0
7708,77.09,35.16089630126953,1.8083419096900235,76,5,1,1,1,1,1,0
7709,77.1,34.86069107055664,1.814519706642765,76,5,1,1,1,1,1,0
7710,77.11,34.7608757019043,1.7214219009171816,76,5,1,1,1,1,1,0
7711,77.12,35.08308029174805,1.8496224421245282,76,5,1,1,1,1,1,0
7712,77.13,35.023746490478516,1.8217020221471645,76,5,1,1,1,1,1,0
7713,77.14,34.999629974365234,1.7325442715064785,76,5,1,1,1,1,1,0
7714,77.15,35.05131530761719,1.7914795986544851,76,5,1,1,1,1,1,0
7715,77.16,34.700626373291016,1.7821870256800376,76,5,1,1,1,1,1,0
7716,77.17,34.80876922607422,1.7168889640457796,76,5,1,1,1,1,1,0
7717,77.18,35.3788948059082,1.740142956705082,76,5,1,1,1,1,1,0
7718,77.19,35.118408203125,1.9192699228475953,76,5,1,1,1,1,1,0
7719,77.2,35.17976760864258,1.7584352386511608,76,5,1,1,1,1,1,0
7720,77.21,34.84883117675781,1.8870687596052655,76,5,1,1,1,1,1,0
7721,77.22,35.0592155456543,1.774198568036534,76,5,1,1,1,1,1,0
7722,77.23,34.572509765625,1.7031983810503588,76,5,1,1,1,1,1,0
7723,77.24,34.71498107910156,1.8660099336617548,76,5,1,1,1,1,1,0
7724,77.25,34.689117431640625,1.7734427383804505,76,5,1,1,1,1,1,0
7725,77.26,34.94668197631836,1.7161868114470114,76,5,1,1,1,1,1,0
7726,77.27,35.11709213256836,1.6406378059414284,76,5,1,1,1,1,1,0
7727,77.28,35.25934600830078,1.7274897370696172,76,5,1,1,1,1,1,0
7728,77.29,35.21097946166992,1.6987312510158092,76,5,1,1,1,1,1,0
7729,77.3,34.67754364013672,1.8250761987126274,76,5,1,1,1,1,1,0
7730,77.31,35.03517150878906,1.707899640587031,76,5,1,1,1,1,1,0
7731,77.32,35.232147216796875,2.094395273556121,76,4,1,0,1,1,1,0
7732,77.33,35.0069465637207,1.8986626128533333,76,5,1,1,1,1,1,0
7733,77.34,34.93751907348633,1.8113789021704494,76,5,1,1,1,1,1,0
7734,77.35,34.95105743408203,1.8337400783294222,76,5,1,1,1,1,1,0
7735,77.36,35.447059631347656,1.8357225495666787,76,5,1,1,1,1,1,0
7736,77.37,35.290042877197266,1.9592620643821272,76,5,1,1,1,1,1,0
7737,77.38,35.364078521728516,1.766208574658752,76,5,1,1,1,1,1,0
7738,77.39,35.457374572753906,1.9227858381765541,76,5,1,1,1,1,1,0
7739,77.4,35.398319244384766,1.8321052398812425,76,5,1,1,1,1,1,0
7740,77.41,35.233882904052734,1.758097405739758,76,5,1,1,1,1,1,0
7741,77.42,35.364898681640625,1.8062396936908962,76,5,1,1,1,1,1,0
7742,77.43,35.55324172973633,2.1029959113163645,76,5,1,1,1,1,1,0
7743,77.44,35.38332748413086,2.1169060914816837,76,5,1,1,1,1,1,0
7744,77.45,35.13044738769531,2.011396604792747,76,5,1,1,1,1,1,0
7745,77.46,35.11565017700195,1.9170787490896408,76,5,1,1,1,1,1,0
7746,77.47,35.24612808227539,1.9096806372105892,76,5,1,1,1,1,1,0
7747,77.48,34.826416015625,2.0071123840174883,76,5,1,1,1,1,1,0
7748,77.49,34.799461364746094,1.903181757442749,76,5,1,1,1,1,1,0
7749,77.5,35.222442626953125,1.8490015921777054,76,5,1,1,1,1,1,0
7750,77.51,35.31948471069336,1.9039218299659897,76,5,1,1,1,1,1,0
7751,77.52,35.2389030456543,1.7544799347142521,76,5,1,1,1,1,1,0
7752,77.53,35.16832733154297,1.798830754408131,76,5,1,1,1,1,1,0
7753,77.54,35.320613861083984,2.1022654003622683,76,5,1,1,1,1,1,0
7754,77.55,35.194087982177734,1.6979075877090593,76,5,1,1,1,1,1,0
7755,77.56,34.883636474609375,1.9632674413016775,76,5,1,1,1,1,1,0
7756,77.57,35.090614318847656,2.0181963972130883,76,5,1,1,1,1,1,0
7757,77.58,34.9028205871582,2.0328539528170535,76,5,1,1,1,1,1,0
7758,77.59,34.99003601074219,1.9660634653091884,76,5,1,1,1,1,1,0
7759,77.6,34.78353500366211,1.9150472289574547,76,5,1,1,1,1,1,0
7760,77.61,34.81983947753906,2.049119209703352,76,5,1,1,1,1,1,0
7761,77.62,34.6193733215332,1.8938602782527794,76,5,1,1,1,1,1,0
7762,77.63,34.69908905029297,1.819398483814027,76,5,1,1,1,1,1,0
7763,77.64,34.55768585205078,1.6997961267720487,76,5,1,1,1,1,1,0
7764,77.65,34.68293380737305,1.9437595715086977,76,5,1,1,1,1,1,0
7765,77.66,34.47513198852539,1.7708201177637573,76,5,1,1,1,1,1,0
7766,77.67,34.82919692993164,1.976687209273902,76,5,1,1,1,1,1,0
7767,77.68,34.705169677734375,1.6523949118528098,76,5,1,1,1,1,1,0
7768,77.69,34.738277435302734,1.8080338367553113,76,5,1,1,1,1,1,0
7769,77.7,34.37203598022461,1.8019147187891573,76,5,1,1,1,1,1,0
7770,77.71,34.177486419677734,1.936695276124372,76,5,1,1,1,1,1,0
7771,77.72,34.21638870239258,1.7410936402353363,76,5,1,1,1,1,1,0
7772,77.73,34.27294158935547,1.831008599007247,76,5,1,1,1,1,1,0
7773,77.74,34.27804183959961,1.8248538134935082,76,5,1,1,1,1,1,0
7774,77.75,34.30064392089844,1.8032143075706488,76,5,1,1,1,1,1,0
7775,77.76,34.198570251464844,1.6909747273189442,76,5,1,1,1,1,1,0
7776,77.77,34.022911071777344,1.8789892393325553,76,5,1,1,1,1,1,0
7777,77.78,33.896339416503906,1.8442615048339943,76,5,1,1,1,1,1,0
7778,77.79,33.79612350463867,1.8575520459157011,76,5,1,1,1,1,1,0
7779,77.8,33.76014709472656,1.8916930415639288,76,5,1,1,1,1,1,0
7780,77.81,33.7956428527832,1.8832149081393796,76,5,1,1,1,1,1,0
7781,77.82,33.86274337768555,1.7653922782479659,76,5,1,1,1,1,1,0
7782,77.83,34.0355224609375,1.8242265047705621,76,5,1,1,1,1,1,0
7783,77.84,34.072265625,1.947737537639478,76,5,1,1,1,1,1,0
7784,77.85,34.3289909362793,1.9267563517667194,76,5,1,1,1,1,1,0
7785,77.86,34.504905700683594,1.9822454709084736,76,5,1,1,1,1,1,0
7786,77.87,34.495784759521484,1.9026528616694085,76,5,1,1,1,1,1,0
7787,77.88,34.890602111816406,1.8530278323755025,76,5,1,1,1,1,1,0
7788,77.89,34.78453826904297,1.9983497538577073,76,5,1,1,1,1,1,0
7789,77.9,34.43288040161133,1.684186656955886,76,5,1,1,1,1,1,0
7790,77.91,34.45960998535156,1.8334109354222063,76,5,1,1,1,1,1,0
7791,77.92,34.5264778137207,1.9000312658156373,76,5,1,1,1,1,1,0
7792,77.93,34.69347381591797,1.8816267053412232,76,5,1,1,1,1,1,0
7793,77.94,34.82044982910156,1.9355923856420312,76,5,1,1,1,1,1,0
7794,77.95,34.94384002685547,1.7114604045491966,76,5,1,1,1,1,1,0
7795,77.96,35.097190856933594,2.01429700947902,76,5,1,1,1,1,1,0
7796,77.97,34.77485275268555,1.8860019847930238,76,5,1,1,1,1,1,0
7797,77.98,34.45322799682617,1.7653886966811367,76,5,1,1,1,1,1,0
7798,77.99,34.801544189453125,1.7617312733448334,76,5,1,1,1,1,1,0
7799,78.0,34.622108459472656,1.9946399643038137,76,5,1,1,1,1,1,0
7800,78.01,34.72840881347656,1.710140995447759,76,5,1,1,1,1,1,0
7801,78.02,34.62532043457031,2.0702901279383945,76,5,1,1,1,1,1,0
7802,78.03,34.78550720214844,1.7988342269790087,76,5,1,1,1,1,1,0
7803,78.04,34.34785461425781,1.8494789406473502,76,5,1,1,1,1,1,0
7804,78.05,34.97764587402344,1.9553769010325144,76,5,1,1,1,1,1,0
7805,78.06,34.51830291748047,1.9539427901357034,76,5,1,1,1,1,1,0
7806,78.07,34.914554595947266,1.7657621481299823,76,5,1,1,1,1,1,0
7807,78.08,35.21614456176758,1.7833162349562577,76,5,1,1,1,1,1,0
7808,78.09,35.39347457885742,1.7381891575063808,76,5,1,1,1,1,1,0
7809,78.1,35.20469284057617,1.674515445143387,76,5,1,1,1,1,1,0
7810,78.11,34.869136810302734,1.6858193308995646,76,5,1,1,1,1,1,0
7811,78.12,35.26331329345703,1.7923383627862042,76,5,1,1,1,1,1,0
7812,78.13,35.318965911865234,1.7253666876735518,76,5,1,1,1,1,1,0
7813,78.14,35.16813659667969,1.8041356096417835,76,5,1,1,1,1,1,0
7814,78.15,35.26915740966797,1.7406579218617921,76,5,1,1,1,1,1,0
7815,78.16,35.095436096191406,1.9167654543890211,76,5,1,1,1,1,1,0
7816,78.17,35.179588317871094,1.8707468069532676,76,5,1,1,1,1,1,0
7817,78.18,34.48014450073242,1.6754114380220306,76,5,1,1,1,1,1,0
7818,78.19,34.313995361328125,1.7854407732809774,76,5,1,1,1,1,1,0
7819,78.2,34.76561737060547,1.8140825930204156,76,5,1,1,1,1,1,0
7820,78.21,34.607513427734375,1.7475108649370552,76,5,1,1,1,1,1,0
7821,78.22,34.890750885009766,1.7370399676274721,76,5,1,1,1,1,1,0
7822,78.23,34.67825698852539,2.2017049771812633,76,5,1,1,1,1,1,0
7823,78.24,34.67244338989258,1.8815357396464623,76,5,1,1,1,1,1,0
7824,78.25,34.63825607299805,2.0356108370636536,76,5,1,1,1,1,1,0
7825,78.26,34.55618667602539,1.8573862464764284,76,5,1,1,1,1,1,0
7826,78.27,34.4662971496582,2.0128080697613124,76,5,1,1,1,1,1,0
7827,78.28,34.190696716308594,1.9886237921081396,76,5,1,1,1,1,1,0
7828,78.29,34.19544982910156,2.101118424093189,76,5,1,1,1,1,1,0
7829,78.3,34.18700408935547,1.8798729133405796,76,5,1,1,1,1,1,0
7830,78.31,33.960792541503906,1.7942392787026276,76,5,1,1,1,1,1,0
7831,78.32,34.176483154296875,1.91415934067197,76,5,1,1,1,1,1,0
7832,78.33,34.61845397949219,1.865078952967318,76,5,1,1,1,1,1,0
7833,78.34,34.77313995361328,1.853213191541024,76,5,1,1,1,1,1,0
7834,78.35,34.49137496948242,1.8659573418995228,76,5,1,1,1,1,1,0
7835,78.36,34.56083679199219,1.8500310798415542,76,5,1,1,1,1,1,0
7836,78.37,34.735496520996094,1.926756510154687,76,5,1,1,1,1,1,0
7837,78.38,34.668514251708984,1.854885417766584,76,5,1,1,1,1,1,0
7838,78.39,34.557777404785156,1.9463602378662896,76,5,1,1,1,1,1,0
7839,78.4,34.74155044555664,1.675139346352638,76,5,1,1,1,1,1,0
7840,78.41,34.45868682861328,1.8131193004326203,76,5,1,1,1,1,1,0
7841,78.42,34.29140090942383,1.7734149894469016,76,5,1,1,1,1,1,0
7842,78.43,34.48552322387695,1.8859987182310505,76,5,1,1,1,1,1,0
7843,78.44,34.22807693481445,1.7992540390621863,76,5,1,1,1,1,1,0
7844,78.45,34.26874923706055,1.8606875088755563,76,5,1,1,1,1,1,0
7845,78.46,34.67473220825195,1.8738429787942017,76,5,1,1,1,1,1,0
7846,78.47,34.996376037597656,1.924216198175361,76,5,1,1,1,1,1,0
7847,78.48,34.722896575927734,1.761505530770907,76,5,1,1,1,1,1,0
7848,78.49,34.447227478027344,1.9738286816053652,76,5,1,1,1,1,1,0
7849,78.5,34.528099060058594,1.6948714432075902,76,5,1,1,1,1,1,0
7850,78.51,34.9643669128418,1.7597114250720884,76,5,1,1,1,1,1,0
7851,78.52,34.87850570678711,1.8179133624978527,76,5,1,1,1,1,1,0
7852,78.53,34.55430603027344,1.779469586337971,76,5,1,1,1,1,1,0
7853,78.54,34.1788215637207,1.7929622376615546,76,5,1,1,1,1,1,0
7854,78.55,34.52886199951172,1.745994316941436,76,5,1,1,1,1,1,0
7855,78.56,34.37538146972656,1.73300281004567,76,5,1,1,1,1,1,0
7856,78.57,34.46665954589844,1.7579502576318948,76,5,1,1,1,1,1,0
7857,78.58,34.44270324707031,1.8605368895551635,76,5,1,1,1,1,1,0
7858,78.59,34.539756774902344,1.8223287293228223,76,5,1,1,1,1,1,0
7859,78.6,34.59610366821289,1.7146988235600762,76,5,1,1,1,1,1,0
7860,78.61,34.90460205078125,1.9195062018270028,76,5,1,1,1,1,1,0
7861,78.62,34.76674270629883,1.8235168818454168,76,5,1,1,1,1,1,0
7862,78.63,34.402774810791016,1.7821376968504434,76,5,1,1,1,1,1,0
7863,78.64,34.63270950317383,1.741813457657338,76,5,1,1,1,1,1,0
7864,78.65,34.566925048828125,1.7001180522550539,76,5,1,1,1,1,1,0
7865,78.66,34.568050384521484,1.7993675193466236,76,5,1,1,1,1,1,0
7866,78.67,34.797611236572266,1.8618551164482033,76,5,1,1,1,1,1,0
7867,78.68,34.492794036865234,1.8233500901240554,76,5,1,1,1,1,1,0
7868,78.69,34.45721435546875,1.7116355531889613,76,5,1,1,1,1,1,0
7869,78.7,34.445701599121094,1.8306816686726122,76,5,1,1,1,1,1,0
7870,78.71,34.73277282714844,1.7929584930942377,76,5,1,1,1,1,1,0
7871,78.72,34.540672302246094,1.6659544626728844,76,5,1,1,1,1,1,0
7872,78.73,34.47980499267578,1.8629552846439457,76,5,1,1,1,1,1,0
7873,78.74,34.464569091796875,1.7229566348187397,76,5,1,1,1,1,1,0
7874,78.75,34.614356994628906,1.7882969585523718,76,5,1,1,1,1,1,0
7875,78.76,34.72523880004883,1.7109628050467225,76,5,1,1,1,1,1,0
7876,78.77,34.59309005737305,1.9603281357618954,76,5,1,1,1,1,1,0
7877,78.78,34.740150451660156,1.748056159631078,76,5,1,1,1,1,1,0
7878,78.79,34.9842643737793,1.7559598314051375,76,5,1,1,1,1,1,0
7879,78.8,34.571128845214844,1.9153583599733748,76,5,1,1,1,1,1,0
7880,78.81,34.8243293762207,1.864428451551568,76,5,1,1,1,1,1,0
7881,78.82,34.860626220703125,1.963497376691563,76,5,1,1,1,1,1,0
7882,78.83,35.057613372802734,1.8043289725210192,76,5,1,1,1,1,1,0
7883,78.84,34.624603271484375,1.9787072714804599,76,5,1,1,1,1,1,0
7884,78.85,35.09062194824219,1.674340930248523,76,5,1,1,1,1,1,0
7885,78.86,34.598297119140625,1.7904489152592835,76,5,1,1,1,1,1,0
7886,78.87,34.97050476074219,1.7521932712976978,76,5,1,1,1,1,1,0
7887,78.88,34.73209762573242,1.854422539551894,76,5,1,1,1,1,1,0
7888,78.89,34.5031852722168,1.6928655135635116,76,5,1,1,1,1,1,0
7889,78.9,34.54275894165039,1.723632569499455,76,5,1,1,1,1,1,0
7890,78.91,34.604400634765625,1.7387912923672908,76,5,1,1,1,1,1,0
7891,78.92,34.559043884277344,1.836432675083373,76,5,1,1,1,1,1,0
7892,78.93,34.662025451660156,1.7670934522072281,76,5,1,1,1,1,1,0
7893,78.94,34.395751953125,1.8645611765854462,76,5,1,1,1,1,1,0
7894,78.95,34.6619758605957,1.8023010643691948,76,5,1,1,1,1,1,0
7895,78.96,34.782413482666016,1.7852130927300802,76,5,1,1,1,1,1,0
7896,78.97,34.7305908203125,1.843389933562754,76,5,1,1,1,1,1,0
7897,78.98,34.700931549072266,1.908564459516739,76,5,1,1,1,1,1,0
7898,78.99,34.902671813964844,1.7751053588130505,76,5,1,1,1,1,1,0
7899,79.0,35.04970932006836,1.804939039057785,76,5,1,1,1,1,1,0
7900,79.01,35.01000213623047,1.815761637981553,76,5,1,1,1,1,1,0
7901,79.02,34.6007194519043,1.8262773373657015,76,5,1,1,1,1,1,0
7902,79.03,34.502197265625,1.8173028444968276,76,5,1,1,1,1,1,0
7903,79.04,34.61439514160156,2.0032211422535675,76,5,1,1,1,1,1,0
7904,79.05,34.726234436035156,1.9667728576240302,76,5,1,1,1,1,1,0
7905,79.06,34.522300720214844,1.7752983220933216,76,5,1,1,1,1,1,0
7906,79.07,34.57970428466797,1.7590013011434262,76,5,1,1,1,1,1,0
7907,79.08,34.48139190673828,1.8121048144900636,76,5,1,1,1,1,1,0
7908,79.09,34.20978546142578,1.693338215339212,76,5,1,1,1,1,1,0
7909,79.1,34.361473083496094,1.8565804198711822,76,5,1,1,1,1,1,0
7910,79.11,34.65742111206055,1.8885939309957556,76,5,1,1,1,1,1,0
7911,79.12,34.74326705932617,1.7598579381936943,76,5,1,1,1,1,1,0
7912,79.13,34.75418472290039,1.8825777452688208,76,5,1,1,1,1,1,0
7913,79.14,34.692955017089844,1.7828082317185951,76,5,1,1,1,1,1,0
7914,79.15,34.87147521972656,1.81077202176062,76,5,1,1,1,1,1,0
7915,79.16,34.853389739990234,1.707662124201643,76,5,1,1,1,1,1,0
7916,79.17,34.96613311767578,1.7213380373052056,76,5,1,1,1,1,1,0
7917,79.18,34.74122619628906,1.8099809028330056,76,5,1,1,1,1,1,0
7918,79.19,35.2305793762207,1.6658067378979509,76,5,1,1,1,1,1,0
7919,79.2,35.23179626464844,1.8992645880312842,76,5,1,1,1,1,1,0
7920,79.21,34.67522430419922,1.9174179065608958,76,5,1,1,1,1,1,0
7921,79.22,34.54884719848633,1.808698947191745,76,5,1,1,1,1,1,0
7922,79.23,34.83779525756836,1.7711283314771913,76,5,1,1,1,1,1,0
7923,79.24,34.807960510253906,1.7115504467240652,76,5,1,1,1,1,1,0
7924,79.25,34.880836486816406,2.0021490963533672,76,5,1,1,1,1,1,0
7925,79.26,34.78334426879883,1.715251741759876,76,5,1,1,1,1,1,0
7926,79.27,35.09276580810547,1.7575295327877047,76,5,1,1,1,1,1,0
7927,79.28,35.210693359375,1.7539999714025338,76,5,1,1,1,1,1,0
7928,79.29,35.391754150390625,1.7559901806220886,76,5,1,1,1,1,1,0
7929,79.3,35.17195510864258,1.7821610129246148,76,5,1,1,1,1,1,0
7930,79.31,34.97140121459961,1.797281831515508,76,5,1,1,1,1,1,0
7931,79.32,34.875823974609375,1.7418715879937903,76,5,1,1,1,1,1,0
7932,79.33,34.625579833984375,1.6979410695734347,76,5,1,1,1,1,1,0
7933,79.34,34.861507415771484,1.872353885591276,76,5,1,1,1,1,1,0
7934,79.35,34.78362274169922,1.7118689584295506,76,5,1,1,1,1,1,0
7935,79.36,35.01535415649414,1.7662642984990413,76,5,1,1,1,1,1,0
7936,79.37,34.63560104370117,1.7455681153201543,76,5,1,1,1,1,1,0
7937,79.38,34.2034797668457,1.7276938088969511,76,5,1,1,1,1,1,0
7938,79.39,34.43113327026367,1.7386170637770535,76,5,1,1,1,1,1,0
7939,79.4,34.19316864013672,1.9468126761390885,76,5,1,1,1,1,1,0
7940,79.41,33.79547882080078,1.8552652972377557,76,5,1,1,1,1,1,0
7941,79.42,33.957279205322266,1.744762217330301,76,5,1,1,1,1,1,0
7942,79.43,34.229217529296875,1.6539430413879235,76,5,1,1,1,1,1,0
7943,79.44,34.242855072021484,1.5897811892643432,76,5,1,1,1,1,1,0
7944,79.45,34.216609954833984,1.6423762270490414,76,5,1,1,1,1,1,0
7945,79.46,34.35637283325195,1.6058065333538385,76,5,1,1,1,1,1,0
7946,79.47,34.207889556884766,1.636640345311255,76,5,1,1,1,1,1,0
7947,79.48,34.205177307128906,1.9511059004945874,76,5,1,1,1,1,1,0
7948,79.49,34.17960739135742,1.8091688640048071,76,5,1,1,1,1,1,0
7949,79.5,33.76762390136719,1.827918264644849,76,5,1,1,1,1,1,0
7950,79.51,34.008296966552734,1.9465902743973327,76,5,1,1,1,1,1,0
7951,79.52,34.04054260253906,1.916377406753951,76,5,1,1,1,1,1,0
7952,79.53,33.89748764038086,1.8578738628840659,76,5,1,1,1,1,1,0
7953,79.54,34.004356384277344,1.760710659472282,76,5,1,1,1,1,1,0
7954,79.55,34.03330612182617,1.804794632076956,76,5,1,1,1,1,1,0
7955,79.56,34.47221755981445,1.8886244110425963,76,5,1,1,1,1,1,0
7956,79.57,34.45513153076172,1.6303065731330533,76,5,1,1,1,1,1,0
7957,79.58,34.33283233642578,1.732884422471521,76,5,1,1,1,1,1,0
7958,79.59,34.38145065307617,1.8177749073287237,76,5,1,1,1,1,1,0
7959,79.6,34.18263626098633,1.784482301507221,76,5,1,1,1,1,1,0
7960,79.61,34.21056365966797,1.814665389314469,76,5,1,1,1,1,1,0
7961,79.62,34.24560546875,1.736380857489765,76,5,1,1,1,1,1,0
7962,79.63,34.55355453491211,1.6062977185731224,76,5,1,1,1,1,1,0
7963,79.64,34.3178596496582,1.7370720034785063,76,5,1,1,1,1,1,0
7964,79.65,34.05078887939453,1.7038167383976444,76,5,1,1,1,1,1,0
7965,79.66,34.26786422729492,1.7956307691224653,76,5,1,1,1,1,1,0
7966,79.67,34.56190490722656,1.914519454190795,76,5,1,1,1,1,1,0
7967,79.68,34.530765533447266,1.6363725245534821,76,5,1,1,1,1,1,0
7968,79.69,34.287261962890625,1.6850533120994058,76,5,1,1,1,1,1,0
7969,79.7,34.175193786621094,1.7328877520185384,76,5,1,1,1,1,1,0
7970,79.71,34.38174057006836,1.6968845390013085,76,5,1,1,1,1,1,0
7971,79.72,34.486602783203125,1.7172394245347893,76,5,1,1,1,1,1,0
7972,79.73,34.6795539855957,1.8623399650994619,76,5,1,1,1,1,1,0
7973,79.74,35.04440689086914,1.9061231775368959,76,5,1,1,1,1,1,0
7974,79.75,35.08028793334961,1.6851715738579554,76,5,1,1,1,1,1,0
7975,79.76,34.968421936035156,1.761305327800521,76,5,1,1,1,1,1,0
7976,79.77,34.83689880371094,1.951026200463953,76,5,1,1,1,1,1,0
7977,79.78,35.08761978149414,2.1778886219219924,76,5,1,1,1,1,1,0
7978,79.79,35.2191047668457,2.0113187532804204,76,5,1,1,1,1,1,0
7979,79.8,34.86274337768555,1.9246560032640343,76,5,1,1,1,1,1,0
7980,79.81,34.616294860839844,2.0713775945399058,76,5,1,1,1,1,1,0
7981,79.82,34.57941818237305,2.177362706869194,76,5,1,1,1,1,1,0
7982,79.83,34.53611373901367,1.9501045418193375,76,5,1,1,1,1,1,0
7983,79.84,34.77025604248047,1.9113843323129538,76,5,1,1,1,1,1,0
7984,79.85,34.88915252685547,1.847673704585087,76,5,1,1,1,1,1,0
7985,79.86,35.183616638183594,2.010572863123075,76,5,1,1,1,1,1,0
7986,79.87,34.94529724121094,2.0678723657994613,76,5,1,1,1,1,1,0
7987,79.88,35.124473571777344,1.8055738674927342,76,5,1,1,1,1,1,0
7988,79.89,35.11766815185547,1.8195840716728042,76,5,1,1,1,1,1,0
7989,79.9,34.649051666259766,1.764910878647284,76,5,1,1,1,1,1,0
7990,79.91,34.94376754760742,1.7923705009834154,76,5,1,1,1,1,1,0
7991,79.92,35.04618453979492,1.8143898123752504,76,5,1,1,1,1,1,0
7992,79.93,35.093238830566406,1.9227322102631956,76,5,1,1,1,1,1,0
7993,79.94,35.0359001159668,1.898551953292938,76,5,1,1,1,1,1,0
7994,79.95,34.93095397949219,1.9176531555218281,76,5,1,1,1,1,1,0
7995,79.96,34.791168212890625,1.8756368425356562,76,5,1,1,1,1,1,0
7996,79.97,34.7957649230957,1.903292904428531,76,5,1,1,1,1,1,0
7997,79.98,35.04073715209961,1.8472128448617742,76,5,1,1,1,1,1,0
7998,79.99,34.8936882019043,1.809171636727342,76,5,1,1,1,1,1,0
7999,80.0,34.93659973144531,1.6634280226125293,76,5,1,1,1,1,1,0
8000,80.01,35.00175857543945,1.8916673650371643,76,5,1,1,1,1,1,0
8001,80.02,35.211814880371094,1.672213982054246,76,5,1,1,1,1,1,0
8002,80.03,35.099430084228516,1.8976519899569047,76,5,1,1,1,1,1,0
8003,80.04,35.22228240966797,1.7039993159743314,76,5,1,1,1,1,1,0
8004,80.05,35.128902435302734,2.0451899194595526,76,5,1,1,1,1,1,0
8005,80.06,34.90346908569336,1.9026584754804672,76,5,1,1,1,1,1,0
8006,80.07,34.8120002746582,1.7318514177173212,76,5,1,1,1,1,1,0
8007,80.08,34.949546813964844,1.8409129246035485,76,5,1,1,1,1,1,0
8008,80.09,34.97331237792969,1.9261613246943923,76,5,1,1,1,1,1,0
8009,80.1,35.035400390625,1.9126182106765244,76,5,1,1,1,1,1,0
8010,80.11,35.04621124267578,1.8887516286917538,76,5,1,1,1,1,1,0
8011,80.12,34.74654769897461,1.815134617903759,76,5,1,1,1,1,1,0
8012,80.13,34.703125,1.7889376606794931,76,5,1,1,1,1,1,0
8013,80.14,34.6349983215332,1.8347230100439265,76,5,1,1,1,1,1,0
8014,80.15,34.39326858520508,1.7315009129898018,76,5,1,1,1,1,1,0
8015,80.16,34.5241813659668,1.7932351990085738,76,5,1,1,1,1,1,0
8016,80.17,34.599857330322266,1.7672003632121487,76,5,1,1,1,1,1,0
8017,80.18,34.82181167602539,2.0818839086467746,76,5,1,1,1,1,1,0
8018,80.19,35.10658264160156,1.9130043487849582,76,5,1,1,1,1,1,0
8019,80.2,34.901004791259766,1.7041684489713242,76,5,1,1,1,1,1,0
8020,80.21,34.974788665771484,1.8581992885451775,76,5,1,1,1,1,1,0
8021,80.22,34.88999557495117,1.9228642140333072,76,5,1,1,1,1,1,0
8022,80.23,35.00580596923828,1.7837824612639543,76,5,1,1,1,1,1,0
8023,80.24,34.64093017578125,1.8670560582511244,76,5,1,1,1,1,1,0
8024,80.25,34.66517639160156,1.8569349564759723,76,5,1,1,1,1,1,0
8025,80.26,34.75558853149414,1.7263561466414097,76,5,1,1,1,1,1,0
8026,80.27,34.72142028808594,1.8116566847965505,76,5,1,1,1,1,1,0
8027,80.28,35.06095504760742,1.9543323674488686,76,5,1,1,1,1,1,0
8028,80.29,35.2083625793457,1.7741498556411706,76,5,1,1,1,1,1,0
8029,80.3,35.21004867553711,1.8295588930071403,76,5,1,1,1,1,1,0
8030,80.31,35.25999450683594,1.8649697165903871,76,5,1,1,1,1,1,0
8031,80.32,35.024349212646484,1.70592760241878,76,5,1,1,1,1,1,0
8032,80.33,34.85948181152344,1.7619838068047213,76,5,1,1,1,1,1,0
8033,80.34,34.83872985839844,1.804715213448386,76,5,1,1,1,1,1,0
8034,80.35,34.741336822509766,1.7311834902372567,76,5,1,1,1,1,1,0
8035,80.36,34.7552604675293,1.8400799659343505,76,5,1,1,1,1,1,0
8036,80.37,35.05117416381836,1.8015894221972362,76,5,1,1,1,1,1,0
8037,80.38,35.103145599365234,1.7826357051814983,76,5,1,1,1,1,1,0
8038,80.39,35.21522903442383,1.8432838923546762,76,5,1,1,1,1,1,0
8039,80.4,35.32114028930664,1.7693567036115496,76,5,1,1,1,1,1,0
8040,80.41,35.06910705566406,1.804913544433521,76,5,1,1,1,1,1,0
8041,80.42,34.76115417480469,1.8209360360845688,76,5,1,1,1,1,1,0
8042,80.43,34.852413177490234,1.7606249081331486,76,5,1,1,1,1,1,0
8043,80.44,34.90127944946289,1.8513682750453437,76,5,1,1,1,1,1,0
8044,80.45,34.54343032836914,1.705432431603748,76,5,1,1,1,1,1,0
8045,80.46,34.64982986450195,1.814741429607422,76,5,1,1,1,1,1,0
8046,80.47,35.102783203125,2.166240509417717,76,5,1,1,1,1,1,0
8047,80.48,34.796443939208984,1.8157341943923493,76,5,1,1,1,1,1,0
8048,80.49,34.40214920043945,1.8522184208024672,76,5,1,1,1,1,1,0
8049,80.5,34.67946243286133,1.8906887208403111,76,5,1,1,1,1,1,0
8050,80.51,34.735069274902344,1.9787602980670427,76,5,1,1,1,1,1,0
8051,80.52,34.62925338745117,1.6546937107107622,76,5,1,1,1,1,1,0
8052,80.53,34.67518615722656,1.7539023646423682,76,5,1,1,1,1,1,0
8053,80.54,34.461917877197266,1.7787645248544033,76,5,1,1,1,1,1,0
8054,80.55,34.59328079223633,1.8113824401857723,76,5,1,1,1,1,1,0
8055,80.56,34.60169219970703,2.023586627116855,76,5,1,1,1,1,1,0
8056,80.57,34.991249084472656,1.802497750969093,76,5,1,1,1,1,1,0
8057,80.58,34.7643928527832,1.718079421076825,76,5,1,1,1,1,1,0
8058,80.59,34.442047119140625,1.9167156782930834,76,5,1,1,1,1,1,0
8059,80.6,34.799442291259766,1.7822164573879493,76,5,1,1,1,1,1,0
8060,80.61,34.70542907714844,1.8373294048586253,76,5,1,1,1,1,1,0
8061,80.62,34.61418914794922,1.6019074771416901,76,5,1,1,1,1,1,0
8062,80.63,34.63020706176758,1.7330331100627439,76,5,1,1,1,1,1,0
8063,80.64,34.577388763427734,1.7207621456278026,76,5,1,1,1,1,1,0
8064,80.65,34.4665641784668,1.7113706251181382,76,5,1,1,1,1,1,0
8065,80.66,34.51512908935547,1.7983308725053742,76,5,1,1,1,1,1,0
8066,80.67,34.402801513671875,1.7769690384625123,76,5,1,1,1,1,1,0
8067,80.68,34.44816207885742,1.7355386409109093,76,5,1,1,1,1,1,0
8068,80.69,34.30936050415039,1.692486565005559,76,5,1,1,1,1,1,0
8069,80.7,34.52935791015625,1.9613807324452825,76,5,1,1,1,1,1,0
8070,80.71,34.333621978759766,1.8725675027311712,76,5,1,1,1,1,1,0
8071,80.72,34.25078201293945,1.8268308353267892,76,5,1,1,1,1,1,0
8072,80.73,34.426979064941406,1.831774944176948,76,5,1,1,1,1,1,0
8073,80.74,34.74905776977539,1.8912708095275694,76,5,1,1,1,1,1,0
8074,80.75,34.870792388916016,1.7129488894929439,76,5,1,1,1,1,1,0
8075,80.76,34.776275634765625,1.8866901177038056,76,5,1,1,1,1,1,0
8076,80.77,34.78424072265625,1.8223589832489029,76,5,1,1,1,1,1,0
8077,80.78,34.915855407714844,1.7801388225709114,76,5,1,1,1,1,1,0
8078,80.79,34.66219711303711,2.0088324517916765,76,5,1,1,1,1,1,0
8079,80.8,34.74138259887695,1.7284125084185995,76,5,1,1,1,1,1,0
8080,80.81,34.66297912597656,1.9854249319738349,76,5,1,1,1,1,1,0
8081,80.82,34.69807052612305,1.7493355947168743,76,5,1,1,1,1,1,0
8082,80.83,35.0732536315918,1.8510506903255761,76,5,1,1,1,1,1,0
8083,80.84,34.978763580322266,1.6993188516738669,76,5,1,1,1,1,1,0
8084,80.85,34.984642028808594,1.7902242741692467,76,5,1,1,1,1,1,0
8085,80.86,34.94815444946289,1.7800564609113099,76,5,1,1,1,1,1,0
8086,80.87,35.526702880859375,1.82720855664774,76,5,1,1,1,1,1,0
8087,80.88,35.200164794921875,1.7022986151049249,76,5,1,1,1,1,1,0
8088,80.89,35.19671630859375,1.8327287122743217,76,5,1,1,1,1,1,0
8089,80.9,35.08485794067383,1.8123533282827538,76,5,1,1,1,1,1,0
8090,80.91,35.04505920410156,1.823902374464031,76,5,1,1,1,1,1,0
8091,80.92,34.95155715942383,1.754485522581333,76,5,1,1,1,1,1,0
8092,80.93,35.05135726928711,1.8345004322149394,76,5,1,1,1,1,1,0
8093,80.94,35.05951690673828,1.776825723574369,76,5,1,1,1,1,1,0
8094,80.95,34.802398681640625,1.7081914258700177,76,5,1,1,1,1,1,0
8095,80.96,34.7276496887207,1.7681944540166454,76,5,1,1,1,1,1,0
8096,80.97,34.47593307495117,1.7748526773700617,76,5,1,1,1,1,1,0
8097,80.98,34.68320846557617,1.7119235932411343,76,5,1,1,1,1,1,0
8098,80.99,34.970069885253906,1.724092969295383,76,5,1,1,1,1,1,0
8099,81.0,34.92344284057617,1.7503713625751316,76,5,1,1,1,1,1,0
8100,81.01,34.91181182861328,1.7772421004637389,76,5,1,1,1,1,1,0
8101,81.02,34.56195068359375,1.7851048457479706,76,5,1,1,1,1,1,0
8102,81.03,35.0632209777832,1.8054719332453517,76,5,1,1,1,1,1,0
8103,81.04,34.794864654541016,1.7603691459547581,76,5,1,1,1,1,1,0
8104,81.05,34.915061950683594,1.7156667635524607,76,5,1,1,1,1,1,0
8105,81.06,35.09603500366211,1.672215270937615,76,5,1,1,1,1,1,0
8106,81.07,35.036643981933594,1.7917872392169825,76,5,1,1,1,1,1,0
8107,81.08,35.27444839477539,1.866492083335003,76,5,1,1,1,1,1,0
8108,81.09,35.19064712524414,1.8716322681331103,76,5,1,1,1,1,1,0
8109,81.1,35.1541633605957,1.859679310139686,76,5,1,1,1,1,1,0
8110,81.11,35.09056854248047,1.6797042472850103,76,5,1,1,1,1,1,0
8111,81.12,35.35293960571289,1.874298359117894,76,5,1,1,1,1,1,0
8112,81.13,35.01810073852539,1.8721888366417407,76,5,1,1,1,1,1,0
8113,81.14,34.75225067138672,1.9937414665409974,76,5,1,1,1,1,1,0
8114,81.15,34.71076965332031,1.8534850234630855,76,5,1,1,1,1,1,0
8115,81.16,34.800132751464844,1.8531047481578062,76,5,1,1,1,1,1,0
8116,81.17,34.55646896362305,1.7857227509933582,76,5,1,1,1,1,1,0
8117,81.18,35.13249588012695,1.860245258209268,76,5,1,1,1,1,1,0
8118,81.19,34.72193908691406,2.082931363239492,76,5,1,1,1,1,1,0
8119,81.2,34.55817794799805,1.9026320647651613,76,5,1,1,1,1,1,0
8120,81.21,34.62892150878906,1.8025231951195202,76,5,1,1,1,1,1,0
8121,81.22,34.98551559448242,2.018016513674093,76,5,1,1,1,1,1,0
8122,81.23,34.757911682128906,1.954018959676613,76,5,1,1,1,1,1,0
8123,81.24,34.70470428466797,1.7952695868332667,76,5,1,1,1,1,1,0
8124,81.25,34.582855224609375,1.7761200636049763,76,5,1,1,1,1,1,0
8125,81.26,34.99662399291992,1.8280325530872739,76,5,1,1,1,1,1,0
8126,81.27,34.82685470581055,1.9150195100366703,76,5,1,1,1,1,1,0
8127,81.28,34.54391098022461,1.9346316232872827,76,5,1,1,1,1,1,0
8128,81.29,34.897212982177734,1.8396473289545232,76,5,1,1,1,1,1,0
8129,81.3,34.6507682800293,1.758723910425535,76,5,1,1,1,1,1,0
8130,81.31,34.979835510253906,1.8500278219250952,76,5,1,1,1,1,1,0
8131,81.32,34.97025680541992,1.904024576688807,76,5,1,1,1,1,1,0
8132,81.33,34.807373046875,1.8291492635987292,76,5,1,1,1,1,1,0
8133,81.34,34.748374938964844,1.7351923929930821,76,5,1,1,1,1,1,0
8134,81.35,34.91351318359375,2.072242761907312,76,5,1,1,1,1,1,0
8135,81.36,34.77992630004883,2.049048539405562,76,5,1,1,1,1,1,0
8136,81.37,34.678157806396484,1.9735506310988349,76,5,1,1,1,1,1,0
8137,81.38,34.460426330566406,2.147088887807892,76,5,1,1,1,1,1,0
8138,81.39,34.189125061035156,1.869141749749517,76,5,1,1,1,1,1,0
8139,81.4,34.23252868652344,1.9776990799475607,76,5,1,1,1,1,1,0
8140,81.41,34.207157135009766,2.0091052207417963,76,5,1,1,1,1,1,0
8141,81.42,34.52120590209961,1.8721130513196533,76,5,1,1,1,1,1,0
8142,81.43,34.442012786865234,1.7588085181667272,76,5,1,1,1,1,1,0
8143,81.44,34.69878387451172,1.8012494752306576,76,5,1,1,1,1,1,0
8144,81.45,34.59018325805664,1.9252239681630439,76,5,1,1,1,1,1,0
8145,81.46,34.558719635009766,1.9771706304172292,76,5,1,1,1,1,1,0
8146,81.47,34.297096252441406,1.9083233025793254,76,5,1,1,1,1,1,0
8147,81.48,34.27302169799805,2.2888210398596724,76,5,1,1,1,1,1,0
8148,81.49,34.117671966552734,1.9015267660644717,76,5,1,1,1,1,1,0
8149,81.5,34.035911560058594,1.776088034055157,76,5,1,1,1,1,1,0
8150,81.51,34.302734375,2.022985676301838,76,5,1,1,1,1,1,0
8151,81.52,34.36168670654297,1.9586989569834865,76,5,1,1,1,1,1,0
8152,81.53,34.22560501098633,1.7755266509775636,76,5,1,1,1,1,1,0
8153,81.54,34.41015625,2.0066669971509947,76,5,1,1,1,1,1,0
8154,81.55,34.628028869628906,1.8299218048566694,76,5,1,1,1,1,1,0
8155,81.56,34.56458282470703,1.990203736581143,76,5,1,1,1,1,1,0
8156,81.57,34.76148986816406,1.8715471505510524,76,5,1,1,1,1,1,0
8157,81.58,34.948486328125,2.028402791006672,76,5,1,1,1,1,1,0
8158,81.59,34.6589241027832,1.8021627750434392,76,5,1,1,1,1,1,0
8159,81.6,34.803382873535156,1.728405467898022,76,5,1,1,1,1,1,0
8160,81.61,34.785804748535156,2.0169275595314224,76,5,1,1,1,1,1,0
8161,81.62,34.53044128417969,1.9263728316243336,76,5,1,1,1,1,1,0
8162,81.63,34.386009216308594,1.7617320149656652,76,5,1,1,1,1,1,0
8163,81.64,34.79887771606445,1.8510039180140838,76,5,1,1,1,1,1,0
8164,81.65,35.14487838745117,2.1182535963962463,76,5,1,1,1,1,1,0
8165,81.66,34.85038375854492,2.0866481204121095,76,5,1,1,1,1,1,0
8166,81.67,34.74164962768555,1.9837825748935496,76,5,1,1,1,1,1,0
8167,81.68,35.07856750488281,1.9383281956825056,76,5,1,1,1,1,1,0
8168,81.69,34.74932098388672,1.9612511119825011,76,5,1,1,1,1,1,0
8169,81.7,34.69425964355469,1.9045729261057838,76,5,1,1,1,1,1,0
8170,81.71,34.624568939208984,2.1421927478627634,76,5,1,1,1,1,1,0
8171,81.72,34.7850227355957,1.9063058853715824,76,5,1,1,1,1,1,0
8172,81.73,34.787803649902344,2.060002058458058,76,5,1,1,1,1,1,0
8173,81.74,34.814117431640625,1.9162752402449441,76,5,1,1,1,1,1,0
8174,81.75,34.95893478393555,1.7858690899961385,76,5,1,1,1,1,1,0
8175,81.76,34.629638671875,1.8716104029858198,76,5,1,1,1,1,1,0
8176,81.77,34.78931427001953,1.8803517974404773,76,5,1,1,1,1,1,0
8177,81.78,34.427032470703125,2.017448998698593,76,5,1,1,1,1,1,0
8178,81.79,34.77284622192383,1.842686800353067,76,5,1,1,1,1,1,0
8179,81.8,34.86354446411133,1.9991504196104821,76,5,1,1,1,1,1,0
8180,81.81,34.99136734008789,1.8284667908026484,76,5,1,1,1,1,1,0
8181,81.82,34.58009338378906,1.774317784059851,76,5,1,1,1,1,1,0
8182,81.83,34.77233123779297,1.833389212633737,76,5,1,1,1,1,1,0
8183,81.84,34.71239471435547,1.8325400893871762,76,5,1,1,1,1,1,0
8184,81.85,34.97264862060547,1.9911815291031008,76,5,1,1,1,1,1,0
8185,81.86,35.08247756958008,1.925332435943521,76,5,1,1,1,1,1,0
8186,81.87,34.71593475341797,1.9480756581213718,76,5,1,1,1,1,1,0
8187,81.88,34.39979934692383,1.82148580100998,76,5,1,1,1,1,1,0
8188,81.89,34.18198013305664,1.7849071935913803,76,5,1,1,1,1,1,0
8189,81.9,34.3863639831543,1.6944593426003152,76,5,1,1,1,1,1,0
8190,81.91,34.74816131591797,1.7812891509474986,76,5,1,1,1,1,1,0
8191,81.92,34.574371337890625,1.7828594462796912,76,5,1,1,1,1,1,0
8192,81.93,35.062686920166016,2.034232203291263,76,5,1,1,1,1,1,0
8193,81.94,34.78779983520508,1.7767689569005165,76,5,1,1,1,1,1,0
8194,81.95,34.386905670166016,1.9924124731297654,76,5,1,1,1,1,1,0
8195,81.96,34.439430236816406,1.7498774759377274,76,5,1,1,1,1,1,0
8196,81.97,34.350120544433594,1.6861143546660742,76,5,1,1,1,1,1,0
8197,81.98,34.899818420410156,2.058225544485298,76,5,1,1,1,1,1,0
8198,81.99,34.84614944458008,1.937368445477501,76,5,1,1,1,1,1,0
8199,82.0,34.672298431396484,1.878994050876181,76,5,1,1,1,1,1,0
8200,82.01,34.80086898803711,1.8799468588949673,76,5,1,1,1,1,1,0
8201,82.02,34.85907745361328,1.8268591040721653,76,5,1,1,1,1,1,0
8202,82.03,34.923118591308594,1.90830096826025,76,5,1,1,1,1,1,0
8203,82.04,34.84151077270508,1.8245599650030062,76,5,1,1,1,1,1,0
8204,82.05,34.95115280151367,1.8218103036901343,76,5,1,1,1,1,1,0
8205,82.06,34.73070526123047,1.9071950146251018,76,5,1,1,1,1,1,0
8206,82.07,34.66620635986328,1.8808774673890327,76,5,1,1,1,1,1,0
8207,82.08,34.83827209472656,1.9101293210524102,76,5,1,1,1,1,1,0
8208,82.09,34.55949401855469,1.9633903713206362,76,5,1,1,1,1,1,0
8209,82.1,34.599666595458984,1.8344963565625947,76,5,1,1,1,1,1,0
8210,82.11,34.80781555175781,2.057910849061635,76,5,1,1,1,1,1,0
8211,82.12,34.5989990234375,2.0988089589879677,76,5,1,1,1,1,1,0
8212,82.13,34.39923858642578,1.7744022233208403,76,5,1,1,1,1,1,0
8213,82.14,34.589332580566406,2.0179694052056605,76,5,1,1,1,1,1,0
8214,82.15,34.19370651245117,1.8969697036873705,76,5,1,1,1,1,1,0
8215,82.16,34.456974029541016,1.9549968588796802,76,5,1,1,1,1,1,0
8216,82.17,34.36100769042969,1.9359294819751742,76,5,1,1,1,1,1,0
8217,82.18,34.823673248291016,1.8262802407793637,76,5,1,1,1,1,1,0
8218,82.19,34.597442626953125,1.768867912979369,76,5,1,1,1,1,1,0
8219,82.2,34.64253234863281,1.9190379780446092,76,5,1,1,1,1,1,0
8220,82.21,34.88240432739258,1.831331784048863,76,5,1,1,1,1,1,0
8221,82.22,34.737770080566406,1.8127668951032112,76,5,1,1,1,1,1,0
8222,82.23,34.67440414428711,1.7520849002430454,76,5,1,1,1,1,1,0
8223,82.24,34.62504577636719,1.8531626759140345,76,5,1,1,1,1,1,0
8224,82.25,34.52710723876953,1.8401381274932929,76,5,1,1,1,1,1,0
8225,82.26,34.483882904052734,1.7543678562527354,76,5,1,1,1,1,1,0
8226,82.27,34.69217300415039,2.025858746078158,76,5,1,1,1,1,1,0
8227,82.28,34.94449234008789,1.9071938695301667,76,5,1,1,1,1,1,0
8228,82.29,34.746158599853516,2.039264188159442,76,5,1,1,1,1,1,0
8229,82.3,34.608943939208984,1.9566323882514292,76,5,1,1,1,1,1,0
8230,82.31,34.92007827758789,1.822111739897531,76,5,1,1,1,1,1,0
8231,82.32,34.531070709228516,1.9829540518807205,76,5,1,1,1,1,1,0
8232,82.33,34.35641860961914,2.186003648731622,76,5,1,1,1,1,1,0
8233,82.34,34.37433624267578,1.8023868064947373,76,5,1,1,1,1,1,0
8234,82.35,34.24496078491211,1.8779494702419721,76,5,1,1,1,1,1,0
8235,82.36,34.17776107788086,1.8247428276073703,76,5,1,1,1,1,1,0
8236,82.37,34.05807876586914,1.7916504485207698,76,5,1,1,1,1,1,0
8237,82.38,34.35014724731445,1.814749895637099,76,5,1,1,1,1,1,0
8238,82.39,34.37760543823242,2.0854209817255867,76,5,1,1,1,1,1,0
8239,82.4,34.67908477783203,1.7067474735610264,76,5,1,1,1,1,1,0
8240,82.41,35.00769805908203,1.8402724800298187,76,5,1,1,1,1,1,0
8241,82.42,34.772727966308594,1.9077505760575988,76,5,1,1,1,1,1,0
8242,82.43,35.10823059082031,1.9087971973449338,76,5,1,1,1,1,1,0
8243,82.44,34.92662048339844,1.802361376314957,76,5,1,1,1,1,1,0
8244,82.45,35.11069107055664,2.0547755071928724,76,5,1,1,1,1,1,0
8245,82.46,35.08829879760742,1.9481551190629776,76,5,1,1,1,1,1,0
8246,82.47,35.00621795654297,1.8445807496174624,76,5,1,1,1,1,1,0
8247,82.48,35.31007766723633,1.8857917049943145,76,5,1,1,1,1,1,0
8248,82.49,35.376251220703125,1.9031896797522803,76,5,1,1,1,1,1,0
8249,82.5,35.10116195678711,1.845237286619498,76,5,1,1,1,1,1,0
8250,82.51,35.1153450012207,2.0090812488811576,76,5,1,1,1,1,1,0
8251,82.52,34.9343147277832,1.9165835645327696,76,5,1,1,1,1,1,0
8252,82.53,35.181217193603516,2.0507051580050777,76,5,1,1,1,1,1,0
8253,82.54,35.154762268066406,2.07333370747349,76,5,1,1,1,1,1,0
8254,82.55,34.823158264160156,1.9486655327993676,76,5,1,1,1,1,1,0
8255,82.56,34.52315139770508,1.8606173544959783,76,5,1,1,1,1,1,0
8256,82.57,35.037010192871094,1.9441729107494365,76,5,1,1,1,1,1,0
8257,82.58,35.078670501708984,1.8002202268043361,76,5,1,1,1,1,1,0
8258,82.59,34.79193878173828,1.796360051047785,76,5,1,1,1,1,1,0
8259,82.6,34.620296478271484,2.0331513291922265,76,5,1,1,1,1,1,0
8260,82.61,34.809112548828125,1.8604843788720158,76,5,1,1,1,1,1,0
8261,82.62,34.344383239746094,2.0858853798135875,76,5,1,1,1,1,1,0
8262,82.63,34.58162307739258,2.0771873969774113,76,5,1,1,1,1,1,0
8263,82.64,34.65495300292969,1.763347391082612,76,5,1,1,1,1,1,0
8264,82.65,34.63019561767578,1.9881143406033936,76,5,1,1,1,1,1,0
8265,82.66,34.7545280456543,1.7331173156732211,76,5,1,1,1,1,1,0
8266,82.67,34.48992919921875,1.8243061090608548,76,5,1,1,1,1,1,0
8267,82.68,34.73891830444336,1.851864737298269,76,5,1,1,1,1,1,0
8268,82.69,34.924991607666016,1.782070449947816,76,5,1,1,1,1,1,0
8269,82.7,34.714256286621094,1.7851025966032388,76,5,1,1,1,1,1,0
8270,82.71,35.14037322998047,1.8530812645557344,76,5,1,1,1,1,1,0
8271,82.72,35.059104919433594,2.0517840775507574,76,5,1,1,1,1,1,0
8272,82.73,35.58256149291992,2.133004175940929,76,5,1,1,1,1,1,0
8273,82.74,35.246673583984375,2.0777437311853837,76,5,1,1,1,1,1,0
8274,82.75,34.91688537597656,1.8527064759582494,76,5,1,1,1,1,1,0
8275,82.76,34.72519302368164,1.993219691256493,76,5,1,1,1,1,1,0
8276,82.77,34.46184539794922,2.034824321017708,76,5,1,1,1,1,1,0
8277,82.78,34.43703079223633,2.052071586253191,76,5,1,1,1,1,1,0
8278,82.79,34.6702995300293,1.8527038610357331,76,5,1,1,1,1,1,0
8279,82.8,34.639129638671875,1.7907532233527363,76,5,1,1,1,1,1,0
8280,82.81,34.6709098815918,2.1432235653364673,76,5,1,1,1,1,1,0
8281,82.82,34.43917465209961,2.0616969618939955,76,5,1,1,1,1,1,0
8282,82.83,34.37644577026367,1.7204944988721413,76,5,1,1,1,1,1,0
8283,82.84,34.5640869140625,2.0015201910086593,76,5,1,1,1,1,1,0
8284,82.85,34.923561096191406,1.9907008109337148,76,5,1,1,1,1,1,0
8285,82.86,34.38603973388672,2.073523096478286,76,5,1,1,1,1,1,0
8286,82.87,34.350494384765625,2.070562893186546,76,5,1,1,1,1,1,0
8287,82.88,34.088539123535156,1.8154077178132066,76,5,1,1,1,1,1,0
8288,82.89,33.92362594604492,2.0643161369157794,76,5,1,1,1,1,1,0
8289,82.9,34.174015045166016,1.9623230864954961,76,5,1,1,1,1,1,0
8290,82.91,34.56794738769531,1.9730688509200904,76,5,1,1,1,1,1,0
8291,82.92,34.749855041503906,2.0076129293481366,76,5,1,1,1,1,1,0
8292,82.93,34.8409309387207,1.9193961874992294,76,5,1,1,1,1,1,0
8293,82.94,34.88274002075195,1.8836959347239368,76,5,1,1,1,1,1,0
8294,82.95,34.8062629699707,1.9791211807889555,76,5,1,1,1,1,1,0
8295,82.96,35.25442123413086,1.8898958425756376,76,5,1,1,1,1,1,0
8296,82.97,34.850711822509766,1.6966132884948602,76,5,1,1,1,1,1,0
8297,82.98,34.911041259765625,1.8758741791568878,76,5,1,1,1,1,1,0
8298,82.99,34.84471893310547,1.9804331952992236,76,5,1,1,1,1,1,0
8299,83.0,34.518531799316406,1.7765726211825659,76,5,1,1,1,1,1,0
8300,83.01,34.543601989746094,1.9818633245792672,76,5,1,1,1,1,1,0
8301,83.02,34.74057388305664,1.9123303227410435,76,5,1,1,1,1,1,0
8302,83.03,34.392189025878906,1.928756512122503,76,5,1,1,1,1,1,0
8303,83.04,34.78977584838867,1.8043042092537638,76,5,1,1,1,1,1,0
8304,83.05,34.55180740356445,1.832240524973519,76,5,1,1,1,1,1,0
8305,83.06,34.27162551879883,2.2871383014202658,76,5,1,1,1,1,1,0
8306,83.07,34.31107711791992,1.9490978687714764,76,5,1,1,1,1,1,0
8307,83.08,34.31972122192383,1.8448299546699636,76,5,1,1,1,1,1,0
8308,83.09,34.87120056152344,1.975466593443665,76,5,1,1,1,1,1,0
8309,83.1,34.8132209777832,2.10922311448163,76,5,1,1,1,1,1,0
8310,83.11,34.88123321533203,1.825016522482365,76,5,1,1,1,1,1,0
8311,83.12,34.885982513427734,1.8978406187808703,76,5,1,1,1,1,1,0
8312,83.13,35.08875274658203,1.7534269207006221,76,5,1,1,1,1,1,0
8313,83.14,34.79627227783203,1.825974781747899,76,5,1,1,1,1,1,0
8314,83.15,34.691856384277344,1.6921570107815456,76,5,1,1,1,1,1,0
8315,83.16,34.52924346923828,1.834907359772163,76,5,1,1,1,1,1,0
8316,83.17,34.54825210571289,2.0810368189453454,76,5,1,1,1,1,1,0
8317,83.18,34.47149658203125,1.9834050088757507,76,5,1,1,1,1,1,0
8318,83.19,34.67900848388672,1.8587599613898458,76,5,1,1,1,1,1,0
8319,83.2,34.55446243286133,1.8792542167402415,76,5,1,1,1,1,1,0
8320,83.21,34.61470413208008,1.8249663969109717,76,5,1,1,1,1,1,0
8321,83.22,34.423797607421875,2.0640977975182135,76,5,1,1,1,1,1,0
8322,83.23,34.56708526611328,1.7425606711388195,76,5,1,1,1,1,1,0
8323,83.24,34.421016693115234,1.8342543731148322,76,5,1,1,1,1,1,0
8324,83.25,35.014163970947266,1.844155839543774,76,5,1,1,1,1,1,0
8325,83.26,35.04417037963867,1.8784297306256406,76,5,1,1,1,1,1,0
8326,83.27,34.42584228515625,1.7922385864038428,76,5,1,1,1,1,1,0
8327,83.28,34.54587936401367,1.8813826480443192,76,5,1,1,1,1,1,0
8328,83.29,34.68962097167969,1.9175458498477302,76,5,1,1,1,1,1,0
8329,83.3,34.870853424072266,1.8880929729409381,76,5,1,1,1,1,1,0
8330,83.31,34.75749969482422,1.8373369051748065,76,5,1,1,1,1,1,0
8331,83.32,34.99203109741211,1.8203602872390527,76,5,1,1,1,1,1,0
8332,83.33,34.828311920166016,1.9218742771082755,76,5,1,1,1,1,1,0
8333,83.34,34.60599899291992,1.813862782196281,76,5,1,1,1,1,1,0
8334,83.35,34.86419677734375,1.8069600811329838,76,5,1,1,1,1,1,0
8335,83.36,35.02846908569336,1.8034709208571678,76,5,1,1,1,1,1,0
8336,83.37,35.16670227050781,1.7924571437857102,76,5,1,1,1,1,1,0
8337,83.38,34.99794387817383,1.895517782372627,76,5,1,1,1,1,1,0
8338,83.39,35.3404655456543,1.8275910058728333,76,5,1,1,1,1,1,0
8339,83.4,34.925987243652344,1.9484622310750304,76,5,1,1,1,1,1,0
8340,83.41,35.115142822265625,1.923981191569658,76,5,1,1,1,1,1,0
8341,83.42,34.645320892333984,2.090506220944009,76,5,1,1,1,1,1,0
8342,83.43,34.6136589050293,1.7292746859133206,76,5,1,1,1,1,1,0
8343,83.44,34.54403305053711,1.7033229135330346,76,5,1,1,1,1,1,0
8344,83.45,34.604576110839844,1.8571216819369027,76,5,1,1,1,1,1,0
8345,83.46,34.64372253417969,1.9648386910976334,76,5,1,1,1,1,1,0
8346,83.47,34.515602111816406,2.1541986442188974,76,5,1,1,1,1,1,0
8347,83.48,34.389808654785156,1.9320688553929852,76,5,1,1,1,1,1,0
8348,83.49,34.9094123840332,1.804522547250733,76,5,1,1,1,1,1,0
8349,83.5,34.83480453491211,1.981566894990116,76,5,1,1,1,1,1,0
8350,83.51,34.511474609375,1.9881914986207587,76,5,1,1,1,1,1,0
8351,83.52,34.180110931396484,1.9142639865329758,76,5,1,1,1,1,1,0
8352,83.53,34.20758819580078,1.8668929111921602,76,5,1,1,1,1,1,0
8353,83.54,34.18003845214844,1.8327530498639957,76,5,1,1,1,1,1,0
8354,83.55,34.44021224975586,2.115400081523177,76,5,1,1,1,1,1,0
8355,83.56,34.56275939941406,1.9261120142177532,76,5,1,1,1,1,1,0
8356,83.57,34.6613655090332,1.842523938546275,76,5,1,1,1,1,1,0
8357,83.58,34.622344970703125,1.847649222868619,76,5,1,1,1,1,1,0
8358,83.59,34.756813049316406,1.7321071182651682,76,5,1,1,1,1,1,0
8359,83.6,34.67674255371094,1.7354250973685188,76,5,1,1,1,1,1,0
8360,83.61,34.71156692504883,1.7959099574140862,76,5,1,1,1,1,1,0
8361,83.62,34.86198425292969,2.011614624516425,76,5,1,1,1,1,1,0
8362,83.63,34.76935577392578,1.9645387557650416,76,5,1,1,1,1,1,0
8363,83.64,35.12664031982422,2.0808638847501473,76,5,1,1,1,1,1,0
8364,83.65,34.91343688964844,2.0230672931451226,76,5,1,1,1,1,1,0
8365,83.66,34.969879150390625,1.9524545359076524,76,5,1,1,1,1,1,0
8366,83.67,34.925540924072266,1.7916474570520344,76,5,1,1,1,1,1,0
8367,83.68,34.65367126464844,1.6733474386419995,76,5,1,1,1,1,1,0
8368,83.69,34.74885559082031,1.9131612107963738,76,5,1,1,1,1,1,0
8369,83.7,34.96457290649414,1.843855690000435,76,5,1,1,1,1,1,0
8370,83.71,34.936607360839844,1.8773096795283113,76,5,1,1,1,1,1,0
8371,83.72,34.76079177856445,1.7174990273915665,76,5,1,1,1,1,1,0
8372,83.73,35.061866760253906,1.7724587848720208,76,5,1,1,1,1,1,0
8373,83.74,34.807395935058594,1.7328310869536805,76,5,1,1,1,1,1,0
8374,83.75,35.051597595214844,1.7402601764476349,76,5,1,1,1,1,1,0
8375,83.76,35.045997619628906,1.9406699524135071,76,5,1,1,1,1,1,0
8376,83.77,34.920013427734375,1.8858181239999534,76,5,1,1,1,1,1,0
8377,83.78,34.96470260620117,1.713418405010592,76,5,1,1,1,1,1,0
8378,83.79,34.962181091308594,1.9097941274741004,76,5,1,1,1,1,1,0
8379,83.8,34.89230728149414,1.8356747009040995,76,5,1,1,1,1,1,0
8380,83.81,35.298892974853516,2.037788881396054,76,5,1,1,1,1,1,0
8381,83.82,34.955474853515625,1.9396403575165315,76,5,1,1,1,1,1,0
8382,83.83,34.97156524658203,1.8087541581521531,76,5,1,1,1,1,1,0
8383,83.84,35.23919677734375,1.7758644547855735,76,5,1,1,1,1,1,0
8384,83.85,35.13612365722656,1.9176322229003537,76,5,1,1,1,1,1,0
8385,83.86,35.17802429199219,1.8960468426353168,76,5,1,1,1,1,1,0
8386,83.87,35.02760314941406,1.8652131911558778,76,5,1,1,1,1,1,0
8387,83.88,34.926414489746094,1.820468376172981,76,5,1,1,1,1,1,0
8388,83.89,34.74475860595703,1.7938746690446161,76,5,1,1,1,1,1,0
8389,83.9,34.924564361572266,1.728581674682259,76,5,1,1,1,1,1,0
8390,83.91,34.671688079833984,1.7658097957175591,76,5,1,1,1,1,1,0
8391,83.92,34.67219543457031,1.825949361452373,76,5,1,1,1,1,1,0
8392,83.93,34.753578186035156,1.8890260405151134,76,5,1,1,1,1,1,0
8393,83.94,34.95504379272461,1.9356344386689501,76,5,1,1,1,1,1,0
8394,83.95,35.069664001464844,1.8437728487313745,76,5,1,1,1,1,1,0
8395,83.96,34.74801254272461,1.8896071575838076,76,5,1,1,1,1,1,0
8396,83.97,35.102638244628906,1.6658006235854532,76,5,1,1,1,1,1,0
8397,83.98,34.984535217285156,1.7224708773928759,76,5,1,1,1,1,1,0
8398,83.99,34.797935485839844,1.8119857108976059,76,5,1,1,1,1,1,0
8399,84.0,34.870643615722656,1.7947153036811379,76,5,1,1,1,1,1,0
8400,84.01,35.33124542236328,1.8783226720320154,76,5,1,1,1,1,1,0
8401,84.02,34.63520812988281,1.7370449966792607,76,5,1,1,1,1,1,0
8402,84.03,35.2800407409668,1.8426385425335134,76,4,1,0,1,1,1,0
8403,84.04,34.950191497802734,1.9696974040881718,76,5,1,1,1,1,1,0
8404,84.05,34.962425231933594,1.8092286728989517,76,5,1,1,1,1,1,0
8405,84.06,35.05489730834961,1.897398252116963,76,5,1,1,1,1,1,0
8406,84.07,35.047950744628906,1.8764596690664817,76,5,1,1,1,1,1,0
8407,84.08,35.180023193359375,1.8737632853839026,76,5,1,1,1,1,1,0
8408,84.09,35.33457565307617,1.9010771655486847,76,5,1,1,1,1,1,0
8409,84.1,34.77544403076172,1.833850956536101,76,5,1,1,1,1,1,0
8410,84.11,34.51129913330078,1.7524251602480585,76,5,1,1,1,1,1,0
8411,84.12,34.89362335205078,1.7461080580073958,76,5,1,1,1,1,1,0
8412,84.13,34.759674072265625,1.7940727153075864,76,5,1,1,1,1,1,0
8413,84.14,34.248291015625,1.7833410276257742,76,5,1,1,1,1,1,0
8414,84.15,34.440269470214844,1.7776699730710228,76,5,1,1,1,1,1,0
8415,84.16,34.73585891723633,1.7792121378030885,76,5,1,1,1,1,1,0
8416,84.17,34.79822540283203,1.8060125758152255,76,5,1,1,1,1,1,0
8417,84.18,35.089576721191406,1.8910590529906561,76,5,1,1,1,1,1,0
8418,84.19,35.289310455322266,1.8705342207992703,76,5,1,1,1,1,1,0
8419,84.2,35.683692932128906,1.8553693583583792,76,5,1,1,1,1,1,0
8420,84.21,35.11468505859375,1.8841715137953035,76,5,1,1,1,1,1,0
8421,84.22,34.769775390625,1.855693779117873,76,5,1,1,1,1,1,0
8422,84.23,35.152549743652344,1.9228605538057764,76,5,1,1,1,1,1,0
8423,84.24,35.12757110595703,1.8764310141839415,76,5,1,1,1,1,1,0
8424,84.25,34.94098663330078,1.7758696853623173,76,5,1,1,1,1,1,0
8425,84.26,35.18690490722656,2.0129844249327875,76,5,1,1,1,1,1,0
8426,84.27,35.42694854736328,1.737813929461937,76,5,1,1,1,1,1,0
8427,84.28,35.32457733154297,1.7026094923074608,76,5,1,1,1,1,1,0
8428,84.29,35.22378158569336,1.8127021628484064,76,5,1,1,1,1,1,0
8429,84.3,35.02545928955078,1.8716857908399542,76,5,1,1,1,1,1,0
8430,84.31,34.947513580322266,1.778935850719386,76,5,1,1,1,1,1,0
8431,84.32,34.95389175415039,1.7765386243080767,76,5,1,1,1,1,1,0
8432,84.33,35.25141525268555,1.9013990740378999,76,5,1,1,1,1,1,0
8433,84.34,35.25532150268555,1.7683828917467899,76,5,1,1,1,1,1,0
8434,84.35,34.960018157958984,1.7959100211272312,76,5,1,1,1,1,1,0
8435,84.36,34.7716064453125,1.6869198280201514,76,5,1,1,1,1,1,0
8436,84.37,34.64385986328125,1.9018611652605208,76,5,1,1,1,1,1,0
8437,84.38,34.68140411376953,1.7904444570037055,76,5,1,1,1,1,1,0
8438,84.39,34.79264831542969,1.8593237734674897,76,5,1,1,1,1,1,0
8439,84.4,34.588958740234375,1.9043659138171656,76,5,1,1,1,1,1,0
8440,84.41,34.44053268432617,1.9056264222964163,76,5,1,1,1,1,1,0
8441,84.42,34.72893142700195,1.7168286324312618,76,5,1,1,1,1,1,0
8442,84.43,34.641082763671875,1.6280319544636213,76,5,1,1,1,1,1,0
8443,84.44,34.8339729309082,1.8039119486579276,76,5,1,1,1,1,1,0
8444,84.45,34.89889144897461,1.8407865195027204,76,5,1,1,1,1,1,0
8445,84.46,34.73161697387695,1.9757249356441537,76,5,1,1,1,1,1,0
8446,84.47,34.75368118286133,1.858258658710185,76,5,1,1,1,1,1,0
8447,84.48,34.41384506225586,1.7988071931477672,76,5,1,1,1,1,1,0
8448,84.49,34.15917205810547,1.7838188435077336,76,5,1,1,1,1,1,0
8449,84.5,34.22815704345703,1.68716021924918,76,5,1,1,1,1,1,0
8450,84.51,34.25612258911133,1.6676571947327394,76,5,1,1,1,1,1,0
8451,84.52,34.52357864379883,1.675763772179989,76,5,1,1,1,1,1,0
8452,84.53,34.57370376586914,1.6389288707428615,76,5,1,1,1,1,1,0
8453,84.54,34.26449966430664,1.68502680161569,76,5,1,1,1,1,1,0
8454,84.55,34.253631591796875,1.6902711756891338,76,5,1,1,1,1,1,0
8455,84.56,34.10922622680664,1.7936533866168376,76,5,1,1,1,1,1,0
8456,84.57,34.243865966796875,1.6796685963739393,76,5,1,1,1,1,1,0
8457,84.58,34.49344253540039,1.7139680194353197,76,5,1,1,1,1,1,0
8458,84.59,34.607887268066406,1.7461424289026315,76,5,1,1,1,1,1,0
8459,84.6,34.31711959838867,1.8582022447237962,76,5,1,1,1,1,1,0
8460,84.61,34.43068313598633,1.8350173359066424,76,5,1,1,1,1,1,0
8461,84.62,34.543701171875,1.8442118971853947,76,5,1,1,1,1,1,0
8462,84.63,34.78453063964844,1.6707777686080802,76,5,1,1,1,1,1,0
8463,84.64,34.69760513305664,1.762952768594544,76,5,1,1,1,1,1,0
8464,84.65,35.08230209350586,1.7252543817458736,76,5,1,1,1,1,1,0
8465,84.66,34.96486282348633,1.6079211524392871,76,5,1,1,1,1,1,0
8466,84.67,34.675743103027344,1.8114566703757626,76,5,1,1,1,1,1,0
8467,84.68,34.98416519165039,1.7073375882738526,76,5,1,1,1,1,1,0
8468,84.69,34.57063674926758,1.987109071786742,76,5,1,1,1,1,1,0
8469,84.7,34.58333206176758,1.8404908311442767,76,5,1,1,1,1,1,0
8470,84.71,34.83238220214844,1.7684489496490203,76,5,1,1,1,1,1,0
8471,84.72,34.96982192993164,1.9006046676176753,76,5,1,1,1,1,1,0
8472,84.73,35.348289489746094,1.776546397392565,76,5,1,1,1,1,1,0
8473,84.74,35.06840896606445,1.8726964528199197,76,5,1,1,1,1,1,0
8474,84.75,35.521629333496094,1.8861858428300273,76,5,1,1,1,1,1,0
8475,84.76,35.655059814453125,1.8431734160493503,76,5,1,1,1,1,1,0
8476,84.77,35.466426849365234,1.8526168339634685,76,5,1,1,1,1,1,0
8477,84.78,35.58919143676758,1.893644132673825,76,5,1,1,1,1,1,0
8478,84.79,35.6151123046875,2.0142041515265006,76,5,1,1,1,1,1,0
8479,84.8,35.34246826171875,1.8011398146231865,76,5,1,1,1,1,1,0
8480,84.81,35.42750930786133,1.8848117708143262,76,5,1,1,1,1,1,0
8481,84.82,35.248870849609375,1.646873196975308,76,5,1,1,1,1,1,0
8482,84.83,35.32621383666992,1.8930950508319722,76,5,1,1,1,1,1,0
8483,84.84,35.52136993408203,2.006663513542639,76,5,1,1,1,1,1,0
8484,84.85,35.5562858581543,1.7532252947583657,76,5,1,1,1,1,1,0
8485,84.86,35.577762603759766,2.037694505827566,76,5,1,1,1,1,1,0
8486,84.87,35.28965759277344,1.8141947251933297,76,5,1,1,1,1,1,0
8487,84.88,35.4268913269043,1.7535391952740602,76,5,1,1,1,1,1,0
8488,84.89,35.491764068603516,1.9743367764382396,76,5,1,1,1,1,1,0
8489,84.9,35.17884826660156,1.9124345500485804,76,5,1,1,1,1,1,0
8490,84.91,34.68726348876953,1.7476261225478467,76,5,1,1,1,1,1,0
8491,84.92,34.76377868652344,1.8946478179792146,76,5,1,1,1,1,1,0
8492,84.93,34.74591827392578,1.800466111780662,76,5,1,1,1,1,1,0
8493,84.94,34.66836929321289,1.7530593279979738,76,5,1,1,1,1,1,0
8494,84.95,34.862979888916016,1.8933811489944947,76,5,1,1,1,1,1,0
8495,84.96,34.946163177490234,1.7733851159008986,76,5,1,1,1,1,1,0
8496,84.97,34.691375732421875,1.7634089163260054,76,5,1,1,1,1,1,0
8497,84.98,34.920143127441406,1.6577387886074104,76,5,1,1,1,1,1,0
8498,84.99,35.04515075683594,1.939410888265066,76,5,1,1,1,1,1,0
8499,85.0,35.173519134521484,1.7244169290387663,76,5,1,1,1,1,1,0
8500,85.01,35.44756317138672,1.9312674105483076,76,5,1,1,1,1,1,0
8501,85.02,35.35636901855469,2.0780052424555433,76,5,1,1,1,1,1,0
8502,85.03,35.224395751953125,2.079161552033217,76,5,1,1,1,1,1,0
8503,85.04,34.95212173461914,1.7685345103489472,76,5,1,1,1,1,1,0
8504,85.05,35.21309280395508,1.9508148635017235,76,5,1,1,1,1,1,0
8505,85.06,35.278587341308594,1.7509155485576595,76,5,1,1,1,1,1,0
8506,85.07,35.34803771972656,2.0148936437207503,76,5,1,1,1,1,1,0
8507,85.08,35.53137969970703,1.8706676240005162,76,5,1,1,1,1,1,0
8508,85.09,35.90724563598633,1.8581918981115824,76,5,1,1,1,1,1,0
8509,85.1,35.437721252441406,1.8155231195007442,76,5,1,1,1,1,1,0
8510,85.11,35.61913299560547,2.145692283760726,76,5,1,1,1,1,1,0
8511,85.12,35.725059509277344,2.0226977580123164,76,5,1,1,1,1,1,0
8512,85.13,35.75175094604492,1.8433920236497423,76,5,1,1,1,1,1,0
8513,85.14,35.49740219116211,2.0406161294177365,76,5,1,1,1,1,1,0
8514,85.15,35.720760345458984,1.8122906230110107,76,5,1,1,1,1,1,0
8515,85.16,35.817832946777344,1.7275732689098258,76,5,1,1,1,1,1,0
8516,85.17,36.048606872558594,1.9440440463222501,76,5,1,1,1,1,1,0
8517,85.18,36.25059509277344,2.019748973363017,76,5,1,1,1,1,1,0
8518,85.19,36.233673095703125,1.9867801190809655,76,5,1,1,1,1,1,0
8519,85.2,36.23460388183594,2.090089880379014,76,5,1,1,1,1,1,0
8520,85.21,36.12300491333008,1.7965205896428067,76,5,1,1,1,1,1,0
8521,85.22,36.1296272277832,1.8019142212790078,76,5,1,1,1,1,1,0
8522,85.23,36.34086227416992,1.7934894328406141,76,5,1,1,1,1,1,0
8523,85.24,36.12757873535156,1.8503523648775133,76,5,1,1,1,1,1,0
8524,85.25,35.67544174194336,1.9021535005019132,76,5,1,1,1,1,1,0
8525,85.26,35.2961540222168,2.0098496721571286,76,5,1,1,1,1,1,0
8526,85.27,35.28997802734375,1.8303247666014302,76,5,1,1,1,1,1,0
8527,85.28,35.41814422607422,1.869173047007302,76,5,1,1,1,1,1,0
8528,85.29,35.42133712768555,1.7395113278531633,76,5,1,1,1,1,1,0
8529,85.3,35.04779815673828,2.048364977966041,76,5,1,1,1,1,1,0
8530,85.31,35.16581726074219,1.8165882910342306,76,5,1,1,1,1,1,0
8531,85.32,35.33494567871094,1.9000267986701829,76,5,1,1,1,1,1,0
8532,85.33,35.26456832885742,1.838989454877997,76,5,1,1,1,1,1,0
8533,85.34,35.38454818725586,1.855834595524295,76,5,1,1,1,1,1,0
8534,85.35,35.5263786315918,1.8374763360896742,76,5,1,1,1,1,1,0
8535,85.36,35.37960433959961,1.7610775432012558,76,5,1,1,1,1,1,0
8536,85.37,35.08431625366211,1.8772562104926536,76,5,1,1,1,1,1,0
8537,85.38,35.195228576660156,1.6256082547866644,76,5,1,1,1,1,1,0
8538,85.39,35.19134521484375,2.0843023017536755,76,5,1,1,1,1,1,0
8539,85.4,35.28767776489258,1.8532109169847557,76,5,1,1,1,1,1,0
8540,85.41,35.2414665222168,1.8810651622735919,76,5,1,1,1,1,1,0
8541,85.42,35.11465835571289,1.7727372326881339,76,5,1,1,1,1,1,0
8542,85.43,35.1866569519043,1.9015288424035797,76,5,1,1,1,1,1,0
8543,85.44,35.298824310302734,1.8122370774753531,76,5,1,1,1,1,1,0
8544,85.45,35.324073791503906,1.8930169084768675,76,5,1,1,1,1,1,0
8545,85.46,35.41012191772461,2.217159863937261,76,5,1,1,1,1,1,0
8546,85.47,34.80515670776367,1.8278409098768769,76,5,1,1,1,1,1,0
8547,85.48,35.04460144042969,1.848109607397514,76,5,1,1,1,1,1,0
8548,85.49,35.20903396606445,1.68326702347998,76,5,1,1,1,1,1,0
8549,85.5,35.13784408569336,2.000724925650497,76,5,1,1,1,1,1,0
8550,85.51,35.11954116821289,1.8674072066988403,76,5,1,1,1,1,1,0
8551,85.52,35.24471664428711,1.9333069658053819,76,5,1,1,1,1,1,0
8552,85.53,34.76337432861328,2.04985470271035,76,5,1,1,1,1,1,0
8553,85.54,34.98351287841797,1.768193353744667,76,5,1,1,1,1,1,0
8554,85.55,34.94334030151367,1.8387993374136236,76,5,1,1,1,1,1,0
8555,85.56,34.50712203979492,1.815294431244508,76,5,1,1,1,1,1,0
8556,85.57,34.438663482666016,1.7942406606536538,76,5,1,1,1,1,1,0
8557,85.58,34.56941604614258,1.8685010996127867,76,5,1,1,1,1,1,0
8558,85.59,34.70662307739258,1.8289328643711875,76,5,1,1,1,1,1,0
8559,85.6,35.18318176269531,1.9475894491211452,76,5,1,1,1,1,1,0
8560,85.61,35.03757095336914,1.7741256011036592,76,5,1,1,1,1,1,0
8561,85.62,35.243343353271484,1.7437347560241447,76,5,1,1,1,1,1,0
8562,85.63,35.096351623535156,1.7695201339684143,76,5,1,1,1,1,1,0
8563,85.64,35.05986404418945,1.7023830188806466,76,5,1,1,1,1,1,0
8564,85.65,35.07335662841797,2.0877743412162686,76,5,1,1,1,1,1,0
8565,85.66,34.96820831298828,1.9204434639761232,76,5,1,1,1,1,1,0
8566,85.67,34.9039306640625,2.145272769614302,76,5,1,1,1,1,1,0
8567,85.68,34.66959762573242,1.8452443568589725,76,5,1,1,1,1,1,0
8568,85.69,35.046268463134766,1.9064371406142517,76,5,1,1,1,1,1,0
8569,85.7,34.48542785644531,1.9367294604595866,76,5,1,1,1,1,1,0
8570,85.71,34.90523910522461,1.763490357429175,76,5,1,1,1,1,1,0
8571,85.72,34.80192565917969,1.9937462594593984,76,5,1,1,1,1,1,0
8572,85.73,34.4024543762207,2.1808970018076246,76,5,1,1,1,1,1,0
8573,85.74,34.69242477416992,2.1639530668919154,76,5,1,1,1,1,1,0
8574,85.75,34.57430648803711,2.0083358810731817,76,5,1,1,1,1,1,0
8575,85.76,34.74578857421875,2.0698341411948933,76,5,1,1,1,1,1,0
8576,85.77,34.825016021728516,1.9578865053676162,76,5,1,1,1,1,1,0
8577,85.78,34.78884506225586,2.2170475808164976,76,5,1,1,1,1,1,0
8578,85.79,34.945133209228516,1.9771705339544785,76,5,1,1,1,1,1,0
8579,85.8,34.761722564697266,1.86686869172934,76,5,1,1,1,1,1,0
8580,85.81,34.703025817871094,2.0240034402587237,76,5,1,1,1,1,1,0
8581,85.82,34.87897872924805,2.0653989455636,76,5,1,1,1,1,1,0
8582,85.83,34.58672332763672,1.7841800667944592,76,5,1,1,1,1,1,0
8583,85.84,34.775211334228516,1.8293773354891179,76,5,1,1,1,1,1,0
8584,85.85,34.842987060546875,1.7606254118848161,76,5,1,1,1,1,1,0
8585,85.86,34.6744499206543,1.8081193492292267,76,5,1,1,1,1,1,0
8586,85.87,35.107547760009766,1.8719521281130926,76,5,1,1,1,1,1,0
8587,85.88,35.4619026184082,1.970660017383758,76,5,1,1,1,1,1,0
8588,85.89,35.558433532714844,1.7275979231079759,76,5,1,1,1,1,1,0
8589,85.9,35.64104461669922,1.7659844628564585,76,5,1,1,1,1,1,0
8590,85.91,35.51778030395508,1.765672947720656,76,5,1,1,1,1,1,0
8591,85.92,35.397212982177734,1.756393065054461,76,5,1,1,1,1,1,0
8592,85.93,35.38618087768555,1.8207185664028358,76,5,1,1,1,1,1,0
8593,85.94,35.55080032348633,2.0871521503025443,76,5,1,1,1,1,1,0
8594,85.95,35.59197998046875,1.8087278473090098,76,5,1,1,1,1,1,0
8595,85.96,35.49012756347656,1.8098628292482786,76,5,1,1,1,1,1,0
8596,85.97,35.124351501464844,1.7889406833298012,76,5,1,1,1,1,1,0
8597,85.98,35.36122512817383,1.7906983361270004,76,5,1,1,1,1,1,0
8598,85.99,35.35813903808594,1.7262950133955148,76,5,1,1,1,1,1,0
8599,86.0,35.14582443237305,1.8371185529745446,76,5,1,1,1,1,1,0
8600,86.01,35.2458610534668,1.8390754674129075,76,5,1,1,1,1,1,0
8601,86.02,34.942901611328125,1.9131640022904028,76,5,1,1,1,1,1,0
8602,86.03,35.03341293334961,1.7957992431999246,76,5,1,1,1,1,1,0
8603,86.04,35.23159408569336,1.681366197625434,76,5,1,1,1,1,1,0
8604,86.05,35.1559944152832,1.8242014731308442,76,5,1,1,1,1,1,0
8605,86.06,35.24026870727539,1.8209928818415482,76,5,1,1,1,1,1,0
8606,86.07,35.01676559448242,1.7135096744897724,76,5,1,1,1,1,1,0
8607,86.08,35.17800521850586,1.7817169562623774,76,5,1,1,1,1,1,0
8608,86.09,35.26615524291992,1.6562872826220276,76,5,1,1,1,1,1,0
8609,86.1,35.29307556152344,1.8933053153400465,76,5,1,1,1,1,1,0
8610,86.11,35.32014465332031,1.7178481032155528,76,5,1,1,1,1,1,0
8611,86.12,35.33775329589844,1.8044991818782896,76,5,1,1,1,1,1,0
8612,86.13,35.151710510253906,1.845665078985041,76,5,1,1,1,1,1,0
8613,86.14,35.04783248901367,1.7258633723566505,76,5,1,1,1,1,1,0
8614,86.15,35.224735260009766,1.9106498182362255,76,5,1,1,1,1,1,0
8615,86.16,35.36149597167969,1.7895560544165678,76,5,1,1,1,1,1,0
8616,86.17,34.991207122802734,1.9380680867047984,76,5,1,1,1,1,1,0
8617,86.18,35.4177360534668,1.8698359396114659,76,4,1,0,1,1,1,0
8618,86.19,35.5653076171875,1.799388174133601,76,5,1,1,1,1,1,0
8619,86.2,35.400760650634766,1.9532034798704574,76,5,1,1,1,1,1,0
8620,86.21,35.58518600463867,1.8032431580824961,76,5,1,1,1,1,1,0
8621,86.22,35.38189697265625,1.9709098298962546,76,4,1,0,1,1,1,0
8622,86.23,34.95206832885742,1.793875030523509,76,5,1,1,1,1,1,0
8623,86.24,34.955970764160156,1.732080469030821,76,4,1,0,1,1,1,0
8624,86.25,34.85516357421875,1.7518238464399756,76,5,1,1,1,1,1,0
8625,86.26,34.870662689208984,1.8354575902143673,76,5,1,1,1,1,1,0
8626,86.27,34.554561614990234,1.8754775488531297,76,5,1,1,1,1,1,0
8627,86.28,34.83420944213867,1.8290461508942082,76,5,1,1,1,1,1,0
8628,86.29,34.76555252075195,1.7906683568092623,76,5,1,1,1,1,1,0
8629,86.3,34.85896301269531,1.7149061469875055,76,5,1,1,1,1,1,0
8630,86.31,34.59811019897461,1.996248971541617,76,5,1,1,1,1,1,0
8631,86.32,34.589054107666016,1.8606662172511208,76,5,1,1,1,1,1,0
8632,86.33,34.624671936035156,1.8188740898880609,76,5,1,1,1,1,1,0
8633,86.34,34.36396408081055,2.0645100255671123,76,5,1,1,1,1,1,0
8634,86.35,34.68379592895508,1.7902568765035254,76,5,1,1,1,1,1,0
8635,86.36,34.73337936401367,1.9345530069081414,76,5,1,1,1,1,1,0
8636,86.37,34.706260681152344,1.9379374285700122,76,5,1,1,1,1,1,0
8637,86.38,34.84243392944336,1.9885214336193087,76,5,1,1,1,1,1,0
8638,86.39,34.97177505493164,1.8057128832061409,76,5,1,1,1,1,1,0
8639,86.4,34.607017517089844,1.8778187046747956,76,5,1,1,1,1,1,0
8640,86.41,34.62325668334961,1.9347864903592522,76,5,1,1,1,1,1,0
8641,86.42,34.90891647338867,1.6869137789461752,76,5,1,1,1,1,1,0
8642,86.43,34.784183502197266,1.990678145677122,76,5,1,1,1,1,1,0
8643,86.44,34.466163635253906,1.9816395146603563,76,5,1,1,1,1,1,0
8644,86.45,34.233428955078125,1.833600581771636,76,5,1,1,1,1,1,0
8645,86.46,34.860679626464844,1.8757590586170174,76,4,1,0,1,1,1,0
8646,86.47,34.671932220458984,1.7032011975003372,76,5,1,1,1,1,1,0
8647,86.48,34.71864318847656,1.8354523735795927,76,5,1,1,1,1,1,0
8648,86.49,34.37921142578125,1.8552370346685645,76,5,1,1,1,1,1,0
8649,86.5,34.75566101074219,1.8091128169881763,76,5,1,1,1,1,1,0
8650,86.51,34.73252868652344,1.6592179770532685,76,5,1,1,1,1,1,0
8651,86.52,34.598899841308594,1.7187805952175623,76,5,1,1,1,1,1,0
8652,86.53,34.769351959228516,1.7868674938774234,76,5,1,1,1,1,1,0
8653,86.54,34.89009094238281,1.7643650095003398,76,5,1,1,1,1,1,0
8654,86.55,34.78670883178711,1.6999468950073722,76,5,1,1,1,1,1,0
8655,86.56,34.404701232910156,1.8644329835242683,76,5,1,1,1,1,1,0
8656,86.57,34.56249237060547,1.7637793589335835,76,5,1,1,1,1,1,0
8657,86.58,34.76848220825195,1.8906596006876695,76,5,1,1,1,1,1,0
8658,86.59,34.933353424072266,1.9122187584503108,76,5,1,1,1,1,1,0
8659,86.6,34.853633880615234,1.8376673584771799,76,5,1,1,1,1,1,0
8660,86.61,34.349876403808594,1.6447152215421814,76,5,1,1,1,1,1,0
8661,86.62,34.69047164916992,1.767512035412713,76,5,1,1,1,1,1,0
8662,86.63,34.9955940246582,1.769178251052221,76,5,1,1,1,1,1,0
8663,86.64,35.242523193359375,1.8330905569631035,76,5,1,1,1,1,1,0
8664,86.65,35.162635803222656,1.8260924297612473,76,5,1,1,1,1,1,0
8665,86.66,35.24410629272461,1.7115478055977682,76,5,1,1,1,1,1,0
8666,86.67,35.26136016845703,1.931162347779959,76,5,1,1,1,1,1,0
8667,86.68,35.55312728881836,1.7570679616878158,76,4,1,0,1,1,1,0
8668,86.69,35.4783935546875,1.9026562600323242,76,4,1,0,1,1,1,0
8669,86.7,35.44960403442383,1.9065670512768425,76,5,1,1,1,1,1,0
8670,86.71,35.57688903808594,1.8042514362857636,76,5,1,1,1,1,1,0
8671,86.72,35.53462600708008,1.826307035021869,76,5,1,1,1,1,1,0
8672,86.73,35.60742950439453,1.9071215554966126,76,4,1,0,1,1,1,0
8673,86.74,35.125301361083984,1.7525442521181414,76,5,1,1,1,1,1,0
8674,86.75,35.35969161987305,1.9306477462851404,76,5,1,1,1,1,1,0
8675,86.76,35.377403259277344,1.8420876096141525,76,5,1,1,1,1,1,0
8676,86.77,35.34623336791992,1.8535606237213305,76,5,1,1,1,1,1,0
8677,86.78,35.31407928466797,1.8672176179274047,76,5,1,1,1,1,1,0
8678,86.79,35.14195251464844,1.89108508574302,76,5,1,1,1,1,1,0
8679,86.8,35.31216049194336,1.9261375732158719,76,5,1,1,1,1,1,0
8680,86.81,35.47752380371094,1.8409229227871315,76,5,1,1,1,1,1,0
8681,86.82,35.13200378417969,1.7927315438788818,76,5,1,1,1,1,1,0
8682,86.83,35.32661056518555,1.71014111814177,76,5,1,1,1,1,1,0
8683,86.84,35.07402801513672,1.7725988535426955,76,5,1,1,1,1,1,0
8684,86.85,34.98854446411133,1.8815124892332533,76,5,1,1,1,1,1,0
8685,86.86,35.02104187011719,1.8016904645356857,76,5,1,1,1,1,1,0
8686,86.87,34.861690521240234,1.8371956312965143,76,5,1,1,1,1,1,0
8687,86.88,34.77949142456055,1.7693503434458042,76,5,1,1,1,1,1,0
8688,86.89,35.109092712402344,1.7399063120429725,76,5,1,1,1,1,1,0
8689,86.9,34.87275314331055,1.9280260837148546,76,5,1,1,1,1,1,0
8690,86.91,34.74436950683594,1.792733123817002,76,5,1,1,1,1,1,0
8691,86.92,34.844932556152344,1.862951122775862,76,5,1,1,1,1,1,0
8692,86.93,34.75266647338867,1.7605685616177016,76,5,1,1,1,1,1,0
8693,86.94,34.683170318603516,1.8278131728680707,76,5,1,1,1,1,1,0
8694,86.95,34.497161865234375,1.8750485882386794,76,5,1,1,1,1,1,0
8695,86.96,34.42258834838867,1.8078468047057472,76,5,1,1,1,1,1,0
8696,86.97,34.179771423339844,1.6950819849791612,76,5,1,1,1,1,1,0
8697,86.98,34.69980239868164,1.8428789489880582,76,5,1,1,1,1,1,0
8698,86.99,34.76670837402344,1.7944629122820857,76,5,1,1,1,1,1,0
8699,87.0,34.51797103881836,1.761732193598589,76,5,1,1,1,1,1,0
8700,87.01,34.2763786315918,1.7207507619755043,76,5,1,1,1,1,1,0
8701,87.02,34.621829986572266,1.721157620366616,76,5,1,1,1,1,1,0
8702,87.03,34.845947265625,1.744963842859086,76,5,1,1,1,1,1,0
8703,87.04,34.87565994262695,1.65435396479053,76,5,1,1,1,1,1,0
8704,87.05,34.89261245727539,1.892987274977766,76,5,1,1,1,1,1,0
8705,87.06,34.92155075073242,1.7001718250361246,76,5,1,1,1,1,1,0
8706,87.07,35.23011016845703,1.8131445481922834,76,5,1,1,1,1,1,0
8707,87.08,34.96186065673828,1.7575222941945359,76,5,1,1,1,1,1,0
8708,87.09,35.10990905761719,1.7988095047056982,76,5,1,1,1,1,1,0
8709,87.1,34.97575378417969,1.8034775731600512,76,5,1,1,1,1,1,0
8710,87.11,34.70939254760742,1.8843012184931478,76,5,1,1,1,1,1,0
8711,87.12,34.90740203857422,1.8952026192470413,76,5,1,1,1,1,1,0
8712,87.13,34.819923400878906,1.7708129442780634,76,5,1,1,1,1,1,0
8713,87.14,34.678871154785156,1.7773327163149775,76,5,1,1,1,1,1,0
8714,87.15,34.62915802001953,1.8271837485327111,76,5,1,1,1,1,1,0
8715,87.16,35.0345458984375,1.8302188959190815,76,5,1,1,1,1,1,0
8716,87.17,35.231971740722656,1.8738734748583104,76,5,1,1,1,1,1,0
8717,87.18,35.12250900268555,1.665446061441316,76,5,1,1,1,1,1,0
8718,87.19,34.90534210205078,1.9750982390575365,76,5,1,1,1,1,1,0
8719,87.2,35.05048751831055,1.8023890446657345,76,5,1,1,1,1,1,0
8720,87.21,34.9038200378418,1.6831265919536813,76,5,1,1,1,1,1,0
8721,87.22,35.052452087402344,1.7688396447872825,76,5,1,1,1,1,1,0
8722,87.23,34.52955627441406,1.9653259535067629,76,5,1,1,1,1,1,0
8723,87.24,34.542442321777344,1.8573917146856453,76,5,1,1,1,1,1,0
8724,87.25,34.880462646484375,1.8109994538088934,76,5,1,1,1,1,1,0
8725,87.26,34.818912506103516,1.8189539494016578,76,5,1,1,1,1,1,0
8726,87.27,34.97119140625,1.7175273132391136,76,5,1,1,1,1,1,0
8727,87.28,35.022239685058594,1.8897151968826176,76,5,1,1,1,1,1,0
8728,87.29,34.41441345214844,1.7346748597291899,76,5,1,1,1,1,1,0
8729,87.3,34.83549880981445,1.8961531821720856,76,5,1,1,1,1,1,0
8730,87.31,35.073883056640625,1.9730654674973906,76,5,1,1,1,1,1,0
8731,87.32,35.01156997680664,1.7048213563217856,76,5,1,1,1,1,1,0
8732,87.33,34.914493560791016,1.6636415233381026,76,5,1,1,1,1,1,0
8733,87.34,35.01370620727539,1.7694635479169547,76,5,1,1,1,1,1,0
8734,87.35,35.0948371887207,1.8349414290247048,76,5,1,1,1,1,1,0
8735,87.36,34.76805877685547,1.8343926346116706,76,5,1,1,1,1,1,0
8736,87.37,34.975833892822266,1.8940424168019798,76,5,1,1,1,1,1,0
8737,87.38,34.895957946777344,1.6469264846397946,76,5,1,1,1,1,1,0
8738,87.39,35.12517166137695,1.705427320531451,76,5,1,1,1,1,1,0
8739,87.4,35.003807067871094,1.827595269142519,76,5,1,1,1,1,1,0
8740,87.41,35.21425247192383,1.7727080040451606,76,5,1,1,1,1,1,0
8741,87.42,34.854469299316406,1.8331653387474685,76,5,1,1,1,1,1,0
8742,87.43,34.84763717651367,1.7334956068775222,76,5,1,1,1,1,1,0
8743,87.44,34.44740295410156,1.7462233426826788,76,5,1,1,1,1,1,0
8744,87.45,34.67550277709961,1.9238476434633,76,5,1,1,1,1,1,0
8745,87.46,34.70252990722656,1.9321263505579485,76,5,1,1,1,1,1,0
8746,87.47,34.90190124511719,1.7464246138612791,76,5,1,1,1,1,1,0
8747,87.48,34.64988708496094,1.8658527059364156,76,5,1,1,1,1,1,0
8748,87.49,34.94227600097656,1.979037450374893,76,5,1,1,1,1,1,0
8749,87.5,34.82017135620117,1.8187061854692899,76,5,1,1,1,1,1,0
8750,87.51,34.86231994628906,1.9063619914372176,76,5,1,1,1,1,1,0
8751,87.52,35.20085906982422,1.8534618431126857,76,5,1,1,1,1,1,0
8752,87.53,35.0515251159668,1.8143307833526034,76,5,1,1,1,1,1,0
8753,87.54,35.17673873901367,1.9243969305244248,76,5,1,1,1,1,1,0
8754,87.55,35.0214729309082,1.725982633825723,76,5,1,1,1,1,1,0
8755,87.56,35.10416793823242,1.7281470674372097,76,5,1,1,1,1,1,0
8756,87.57,35.14910888671875,1.7619865347140582,76,5,1,1,1,1,1,0
8757,87.58,35.13383865356445,1.7258671133263996,76,5,1,1,1,1,1,0
8758,87.59,35.2563591003418,1.882474296572953,76,5,1,1,1,1,1,0
8759,87.6,35.423133850097656,1.716179459622042,76,5,1,1,1,1,1,0
8760,87.61,35.43998336791992,1.7521143150666993,76,5,1,1,1,1,1,0
8761,87.62,35.16611862182617,1.6994715645731302,76,5,1,1,1,1,1,0
8762,87.63,35.35257339477539,1.7386493009301949,76,5,1,1,1,1,1,0
8763,87.64,35.184608459472656,1.8370065170226244,76,5,1,1,1,1,1,0
8764,87.65,35.119937896728516,1.8040490466320442,76,5,1,1,1,1,1,0
8765,87.66,34.86566162109375,2.0108427258732124,76,5,1,1,1,1,1,0
8766,87.67,34.77034378051758,1.9126437106579728,76,5,1,1,1,1,1,0
8767,87.68,35.01767349243164,1.8370921136685223,76,5,1,1,1,1,1,0
8768,87.69,34.873477935791016,1.799052608615385,76,5,1,1,1,1,1,0
8769,87.7,34.967689514160156,1.9334165733261974,76,5,1,1,1,1,1,0
8770,87.71,34.35711669921875,1.8783747144805762,76,5,1,1,1,1,1,0
8771,87.72,34.604408264160156,1.8605579622333988,76,5,1,1,1,1,1,0
8772,87.73,34.84621047973633,1.7692433305852935,76,5,1,1,1,1,1,0
8773,87.74,34.99555587768555,1.6807787890858863,76,5,1,1,1,1,1,0
8774,87.75,34.9998779296875,1.7022910688162405,76,5,1,1,1,1,1,0
8775,87.76,34.9753532409668,1.7197097394790657,76,5,1,1,1,1,1,0
8776,87.77,35.29974365234375,1.7525384186503266,76,5,1,1,1,1,1,0
8777,87.78,34.936519622802734,1.797106289889555,76,5,1,1,1,1,1,0
8778,87.79,35.03355407714844,1.7284983901899988,76,4,1,1,1,0,1,0
8779,87.8,35.53706359863281,1.722029965172275,76,4,1,1,1,0,1,0
8780,87.81,35.19417190551758,1.7245621936763869,76,4,1,1,1,0,1,0
8781,87.82,35.356956481933594,1.7336091282651618,76,5,1,1,1,1,1,0
8782,87.83,35.704864501953125,1.7487419550484122,76,5,1,1,1,1,1,0
8783,87.84,35.788475036621094,1.7643744361450413,76,5,1,1,1,1,1,0
8784,87.85,35.69977569580078,1.917242788816816,76,5,1,1,1,1,1,0
8785,87.86,35.546207427978516,1.6648432174965007,76,5,1,1,1,1,1,0
8786,87.87,35.537109375,1.7922550079993016,76,5,1,1,1,1,1,0
8787,87.88,35.73676300048828,1.7053108102161911,76,5,1,1,1,1,1,0
8788,87.89,35.38423538208008,1.7201817257009027,76,5,1,1,1,1,1,0
8789,87.9,35.5474853515625,1.8592457043752146,76,5,1,1,1,1,1,0
8790,87.91,35.177738189697266,1.7827522332660706,76,5,1,1,1,1,1,0
8791,87.92,34.99434280395508,1.9558399361124792,76,5,1,1,1,1,1,0
8792,87.93,34.88125228881836,1.825510815765633,76,5,1,1,1,1,1,0
8793,87.94,35.159061431884766,1.9799195506458842,76,5,1,1,1,1,1,0
8794,87.95,35.15866470336914,1.6724535560780527,76,5,1,1,1,1,1,0
8795,87.96,35.481998443603516,1.8853928463750211,76,5,1,1,1,1,1,0
8796,87.97,35.3956184387207,1.6451727793225508,76,5,1,1,1,1,1,0
8797,87.98,35.39691925048828,1.8892575508188076,76,5,1,1,1,1,1,0
8798,87.99,35.276268005371094,1.8148804314711393,76,5,1,1,1,1,1,0
8799,88.0,35.416412353515625,1.8228254413396625,76,5,1,1,1,1,1,0
8800,88.01,34.94348907470703,1.8488071447824088,76,5,1,1,1,1,1,0
8801,88.02,34.705562591552734,1.7974364832833603,76,5,1,1,1,1,1,0
8802,88.03,34.971073150634766,1.8938269819167413,76,4,1,1,1,0,1,0
8803,88.04,35.199989318847656,1.8246660072271614,76,5,1,1,1,1,1,0
8804,88.05,35.055057525634766,1.8115449219591868,76,5,1,1,1,1,1,0
8805,88.06,35.051048278808594,1.8102230491131428,76,5,1,1,1,1,1,0
8806,88.07,35.03036117553711,1.7952433811637596,76,5,1,1,1,1,1,0
8807,88.08,35.046409606933594,1.8141945254425451,76,5,1,1,1,1,1,0
8808,88.09,35.10959243774414,1.8486236240269964,76,5,1,1,1,1,1,0
8809,88.1,35.483829498291016,1.8075941048282702,76,5,1,1,1,1,1,0
8810,88.11,35.44732666015625,1.789551482031348,76,5,1,1,1,1,1,0
8811,88.12,35.443782806396484,1.753534436523989,76,4,1,1,1,0,1,0
8812,88.13,35.57600784301758,1.6894079480505793,76,5,1,1,1,1,1,0
8813,88.14,35.27387237548828,1.8567195356560793,76,4,1,1,1,0,1,0
8814,88.15,35.09856414794922,1.8543273072345552,76,5,1,1,1,1,1,0
8815,88.16,34.877010345458984,1.7612798675591934,76,4,1,1,1,0,1,0
8816,88.17,34.9594841003418,1.7408659610881956,76,4,1,1,1,0,1,0
8817,88.18,34.81051254272461,1.8010258265015868,76,4,1,1,1,0,1,0
8818,88.19,34.89693832397461,1.971390430062482,76,4,1,1,1,0,1,0
8819,88.2,35.06850051879883,1.7472550388845294,76,4,1,1,1,0,1,0
8820,88.21,35.468772888183594,1.9937416004748394,76,5,1,1,1,1,1,0
8821,88.22,35.40221405029297,1.654991903141469,76,5,1,1,1,1,1,0
8822,88.23,35.490535736083984,1.8062663100424676,76,5,1,1,1,1,1,0
8823,88.24,35.83580017089844,1.7392288108261658,76,4,1,1,1,0,1,0
8824,88.25,35.57184982299805,1.9068571296830463,76,5,1,1,1,1,1,0
8825,88.26,35.84235382080078,1.803472454378317,76,4,1,1,1,0,1,0
8826,88.27,35.57461929321289,1.7686422832590545,76,4,1,1,1,0,1,0
8827,88.28,35.363590240478516,1.6972309152108447,76,5,1,1,1,1,1,0
8828,88.29,35.571109771728516,1.761275449183773,76,5,1,1,1,1,1,0
8829,88.3,35.818992614746094,1.8353003900228662,76,4,1,1,1,0,1,0
8830,88.31,35.506526947021484,1.6979400922729844,76,5,1,1,1,1,1,0
8831,88.32,35.40681838989258,1.8405179936637142,76,5,1,1,1,1,1,0
8832,88.33,35.65016555786133,1.8883069257029579,76,5,1,1,1,1,1,0
8833,88.34,34.91618347167969,1.800945537390264,76,5,1,1,1,1,1,0
8834,88.35,35.041019439697266,1.742297232403846,76,5,1,1,1,1,1,0
8835,88.36,35.03825759887695,1.8397295317692142,76,5,1,1,1,1,1,0
8836,88.37,35.10532760620117,1.7469086238301303,76,5,1,1,1,1,1,0
8837,88.38,34.74834060668945,1.9008958164360872,76,5,1,1,1,1,1,0
8838,88.39,34.57613754272461,1.8374655613407531,76,5,1,1,1,1,1,0
8839,88.4,34.60670852661133,1.9328166494063805,76,5,1,1,1,1,1,0
8840,88.41,34.79815673828125,1.767709539317361,76,5,1,1,1,1,1,0
8841,88.42,34.91251754760742,1.8122925910960501,76,5,1,1,1,1,1,0
8842,88.43,34.830726623535156,1.7742870119553726,76,5,1,1,1,1,1,0
8843,88.44,34.510276794433594,1.7767655592978042,76,5,1,1,1,1,1,0
8844,88.45,34.948978424072266,1.7844013268107668,76,4,1,1,1,0,1,0
8845,88.46,34.90230178833008,1.854962873482102,76,5,1,1,1,1,1,0
8846,88.47,34.749298095703125,1.8462949538927358,76,4,1,1,1,0,1,0
8847,88.48,34.790740966796875,1.8122047232251621,76,4,1,1,1,0,1,0
8848,88.49,34.57767105102539,1.9163010050857843,76,5,1,1,1,1,1,0
8849,88.5,34.614845275878906,1.7824127492678252,76,5,1,1,1,1,1,0
8850,88.51,34.38569259643555,1.8785906015400393,76,5,1,1,1,1,1,0
8851,88.52,34.40958023071289,1.8590578225847427,76,5,1,1,1,1,1,0
8852,88.53,34.484107971191406,1.838124769434429,76,5,1,1,1,1,1,0
8853,88.54,34.612762451171875,1.8882807586904413,76,5,1,1,1,1,1,0
8854,88.55,34.50395584106445,1.7615054116801354,76,5,1,1,1,1,1,0
8855,88.56,34.5189094543457,1.824112542504433,76,5,1,1,1,1,1,0
8856,88.57,34.20886993408203,1.7451098016794215,76,5,1,1,1,1,1,0
8857,88.58,34.20842742919922,1.6103172298055335,76,5,1,1,1,1,1,0
8858,88.59,34.35136032104492,1.7472506723928976,76,5,1,1,1,1,1,0
8859,88.6,34.37041473388672,1.8768834648257922,76,5,1,1,1,1,1,0
8860,88.61,34.57294464111328,1.796915705640508,76,5,1,1,1,1,1,0
8861,88.62,34.40531921386719,1.8873572062944879,76,5,1,1,1,1,1,0
8862,88.63,34.56207275390625,1.9360749650172433,76,4,1,1,1,0,1,0
8863,88.64,34.41770935058594,1.7763176090023525,76,4,1,1,1,0,1,0
8864,88.65,34.59321594238281,1.749338751203419,76,4,1,1,1,0,1,0
8865,88.66,34.855064392089844,1.8667118939572669,76,5,1,1,1,1,1,0
8866,88.67,34.58419418334961,1.9189606336897846,76,5,1,1,1,1,1,0
8867,88.68,34.790771484375,1.8295717732975787,76,4,1,1,1,0,1,0
8868,88.69,34.60416030883789,1.8321611561163818,76,5,1,1,1,1,1,0
8869,88.7,34.718109130859375,1.7378399914054776,76,4,1,1,1,0,1,0
8870,88.71,34.81355285644531,1.7940135759596003,76,4,1,1,1,0,1,0
8871,88.72,34.58965301513672,1.9627322102650149,76,5,1,1,1,1,1,0
8872,88.73,34.818016052246094,1.9655298108081534,76,4,1,1,1,0,1,0
8873,88.74,34.92911148071289,1.8355917709743246,76,5,1,1,1,1,1,0
8874,88.75,34.92890167236328,1.8400483863213262,76,5,1,1,1,1,1,0
8875,88.76,35.028385162353516,1.7980205061455925,76,4,1,1,1,0,1,0
8876,88.77,34.618839263916016,1.9208612346332836,76,4,1,1,1,0,1,0
8877,88.78,34.81425094604492,1.7781234716810859,76,5,1,1,1,1,1,0
8878,88.79,35.01931381225586,1.9960956098669458,76,5,1,1,1,1,1,0
8879,88.8,34.9286003112793,1.832454488279048,76,4,1,1,1,0,1,0
8880,88.81,34.78820037841797,1.8510755289238654,76,5,1,1,1,1,1,0
8881,88.82,35.105247497558594,1.7602857184422696,76,4,1,1,1,0,1,0
8882,88.83,34.9385871887207,2.028835805433303,76,5,1,1,1,1,1,0
8883,88.84,34.896671295166016,1.9649953998418346,76,5,1,1,1,1,1,0
8884,88.85,34.71055221557617,1.772908000610728,76,5,1,1,1,1,1,0
8885,88.86,34.64858627319336,1.8628230134602533,76,5,1,1,1,1,1,0
8886,88.87,34.61476516723633,1.7867545540973384,76,5,1,1,1,1,1,0
8887,88.88,34.33235549926758,1.852614419688271,76,5,1,1,1,1,1,0
8888,88.89,34.09160614013672,1.8121824883540316,76,5,1,1,1,1,1,0
8889,88.9,34.27827072143555,1.8223536925060242,76,5,1,1,1,1,1,0
8890,88.91,34.58013153076172,1.7749944053913784,76,5,1,1,1,1,1,0
8891,88.92,34.433109283447266,1.7951648468703916,76,5,1,1,1,1,1,0
8892,88.93,34.27256774902344,1.9131919524612901,76,5,1,1,1,1,1,0
8893,88.94,34.08308792114258,1.7727418861026636,76,5,1,1,1,1,1,0
8894,88.95,34.06401062011719,1.8349123284842321,76,5,1,1,1,1,1,0
8895,88.96,34.25563049316406,1.690856437143981,76,5,1,1,1,1,1,0
8896,88.97,34.460636138916016,1.8868472264763478,76,5,1,1,1,1,1,0
8897,88.98,34.94060134887695,2.01400430240175,76,5,1,1,1,1,1,0
8898,88.99,34.672245025634766,1.9165871471815394,76,5,1,1,1,1,1,0
8899,89.0,34.685142517089844,1.84230965903268,76,5,1,1,1,1,1,0
8900,89.01,34.79507064819336,1.9735483406105687,76,4,1,1,1,0,1,0
8901,89.02,34.448768615722656,1.8198079445981319,76,5,1,1,1,1,1,0
8902,89.03,34.35279083251953,1.8640299792909798,76,5,1,1,1,1,1,0
8903,89.04,34.41501235961914,1.7555068546512023,76,5,1,1,1,1,1,0
8904,89.05,34.29949951171875,1.8124576116419377,76,5,1,1,1,1,1,0
8905,89.06,34.01898956298828,1.6489983439973577,76,5,1,1,1,1,1,0
8906,89.07,34.348751068115234,1.816145416021814,76,5,1,1,1,1,1,0
8907,89.08,34.69074630737305,1.853646068168483,76,5,1,1,1,1,1,0
8908,89.09,34.94527816772461,1.9558716062981245,76,5,1,1,1,1,1,0
8909,89.1,34.81756591796875,1.8014783900265245,76,5,1,1,1,1,1,0
8910,89.11,34.927955627441406,1.663672375781804,76,5,1,1,1,1,1,0
8911,89.12,34.41056442260742,1.6530591241016375,76,5,1,1,1,1,1,0
8912,89.13,34.66865539550781,1.8923489021424322,76,5,1,1,1,1,1,0
8913,89.14,34.46323776245117,1.7898607594172775,76,5,1,1,1,1,1,0
8914,89.15,34.3160514831543,1.710265630205382,76,5,1,1,1,1,1,0
8915,89.16,34.598731994628906,1.6693142336162734,76,5,1,1,1,1,1,0
8916,89.17,34.41372299194336,1.818868537326335,76,5,1,1,1,1,1,0
8917,89.18,33.95420455932617,1.882818254018955,76,5,1,1,1,1,1,0
8918,89.19,34.383235931396484,1.7874227807647114,76,5,1,1,1,1,1,0
8919,89.2,34.70586013793945,1.7960524769114592,76,5,1,1,1,1,1,0
8920,89.21,34.35157775878906,1.8380694237693347,76,5,1,1,1,1,1,0
8921,89.22,34.46280288696289,1.8160172239783503,76,5,1,1,1,1,1,0
8922,89.23,34.767478942871094,1.7733005797929722,76,5,1,1,1,1,1,0
8923,89.24,34.867889404296875,1.945508817396228,76,5,1,1,1,1,1,0
8924,89.25,35.17326736450195,1.9838634490805056,76,5,1,1,1,1,1,0
8925,89.26,34.92580032348633,1.7363444808668536,76,5,1,1,1,1,1,0
8926,89.27,34.823970794677734,1.8221165550658127,76,5,1,1,1,1,1,0
8927,89.28,34.77578353881836,1.772287198786002,76,5,1,1,1,1,1,0
8928,89.29,34.66559982299805,1.7394511723227408,76,5,1,1,1,1,1,0
8929,89.3,34.87657165527344,1.9338282717651387,76,5,1,1,1,1,1,0
8930,89.31,34.52516555786133,1.7861144891267517,76,5,1,1,1,1,1,0
8931,89.32,34.5660400390625,1.725951839838313,76,5,1,1,1,1,1,0
8932,89.33,34.79014587402344,1.9083252615780093,76,5,1,1,1,1,1,0
8933,89.34,34.80357360839844,2.0000997732310437,76,5,1,1,1,1,1,0
8934,89.35,34.711917877197266,1.8740640746934016,76,5,1,1,1,1,1,0
8935,89.36,34.75481414794922,1.7208094098577198,76,5,1,1,1,1,1,0
8936,89.37,35.28493118286133,1.7575823195745715,76,5,1,1,1,1,1,0
8937,89.38,35.71478271484375,1.6974124931993542,76,4,1,1,1,0,1,0
8938,89.39,35.29057312011719,1.961855505225929,76,5,1,1,1,1,1,0
8939,89.4,35.10940933227539,1.8979224417073128,76,4,1,1,1,0,1,0
8940,89.41,35.246036529541016,1.8452354673790932,76,5,1,1,1,1,1,0
8941,89.42,35.39463806152344,1.750571296091493,76,5,1,1,1,1,1,0
8942,89.43,35.289424896240234,1.8906603471981753,76,5,1,1,1,1,1,0
8943,89.44,34.78395080566406,1.8035850770101343,76,5,1,1,1,1,1,0
8944,89.45,35.17368698120117,1.7312693777842894,76,5,1,1,1,1,1,0
8945,89.46,35.122920989990234,2.016457699166368,76,5,1,1,1,1,1,0
8946,89.47,35.175411224365234,1.8365418952125534,76,4,1,1,1,0,1,0
8947,89.48,34.83281707763672,1.832727390565806,76,5,1,1,1,1,1,0
8948,89.49,35.08552551269531,1.7971691216605203,76,5,1,1,1,1,1,0
8949,89.5,35.74013137817383,1.7981684271549478,76,4,1,1,1,0,1,0
8950,89.51,35.83051681518555,1.8917228213639536,76,4,1,1,1,0,1,0
8951,89.52,35.17052459716797,1.6955147520575948,76,5,1,1,1,1,1,0
8952,89.53,35.41555404663086,1.81204572155673,76,5,1,1,1,1,1,0
8953,89.54,35.14863967895508,1.774197143612938,76,5,1,1,1,1,1,0
8954,89.55,35.235321044921875,1.665498703290912,76,5,1,1,1,1,1,0
8955,89.56,35.07947540283203,1.8109388871200802,76,5,1,1,1,1,1,0
8956,89.57,34.98306655883789,1.7601410343295307,76,5,1,1,1,1,1,0
8957,89.58,34.646263122558594,1.7617596880662125,76,5,1,1,1,1,1,0
8958,89.59,34.814640045166016,1.7885749881753403,76,5,1,1,1,1,1,0
8959,89.6,34.63007736206055,1.677793013211501,76,5,1,1,1,1,1,0
8960,89.61,35.02205276489258,1.6197181852219624,76,5,1,1,1,1,1,0
8961,89.62,34.832908630371094,1.7890217031040054,76,5,1,1,1,1,1,0
8962,89.63,34.93611526489258,1.6610242951298153,76,5,1,1,1,1,1,0
8963,89.64,34.86305236816406,1.8248590551885155,76,5,1,1,1,1,1,0
8964,89.65,35.01157760620117,1.6952623305081969,76,5,1,1,1,1,1,0
8965,89.66,34.90703201293945,1.7513997767446137,76,5,1,1,1,1,1,0
8966,89.67,34.773529052734375,1.7343011478786783,76,5,1,1,1,1,1,0
8967,89.68,34.89878463745117,2.0221100032211266,76,5,1,1,1,1,1,0
8968,89.69,34.50436782836914,1.774600556480089,76,5,1,1,1,1,1,0
8969,89.7,34.64009094238281,1.7911497181013643,76,5,1,1,1,1,1,0
8970,89.71,34.789920806884766,1.7905653077027393,76,5,1,1,1,1,1,0
8971,89.72,34.07835006713867,1.78138085115008,76,5,1,1,1,1,1,0
8972,89.73,34.36616897583008,1.9334185463566942,76,5,1,1,1,1,1,0
8973,89.74,34.46569061279297,1.702847696617457,76,5,1,1,1,1,1,0
8974,89.75,34.282615661621094,1.7702811131071021,76,5,1,1,1,1,1,0
8975,89.76,34.3032341003418,1.7567291818075417,76,5,1,1,1,1,1,0
8976,89.77,34.728816986083984,1.713708449299091,76,5,1,1,1,1,1,0
8977,89.78,34.89174270629883,1.8951798132792774,76,5,1,1,1,1,1,0
8978,89.79,34.52728271484375,1.7692113651803691,76,5,1,1,1,1,1,0
8979,89.8,34.528987884521484,2.0023214417321915,76,5,1,1,1,1,1,0
8980,89.81,34.53013229370117,1.7474834409785232,76,5,1,1,1,1,1,0
8981,89.82,34.944698333740234,1.967661069227682,76,5,1,1,1,1,1,0
8982,89.83,34.83893585205078,1.7859727037488613,76,5,1,1,1,1,1,0
8983,89.84,34.23611831665039,1.720556109821173,76,5,1,1,1,1,1,0
8984,89.85,34.690582275390625,1.8010556969564224,76,5,1,1,1,1,1,0
8985,89.86,34.72150802612305,1.7052296496777617,76,5,1,1,1,1,1,0
8986,89.87,34.69315719604492,1.7477426712446156,76,5,1,1,1,1,1,0
8987,89.88,34.607704162597656,1.8779222117912624,76,5,1,1,1,1,1,0
8988,89.89,34.92127227783203,1.7986167997467672,76,5,1,1,1,1,1,0
8989,89.9,34.709503173828125,1.7808138694887055,76,5,1,1,1,1,1,0
8990,89.91,34.77220916748047,1.8000510274306112,76,5,1,1,1,1,1,0
8991,89.92,34.841854095458984,1.9093448254250567,76,5,1,1,1,1,1,0
8992,89.93,35.12799835205078,1.8590579200495503,76,5,1,1,1,1,1,0
8993,89.94,35.32295227050781,1.8009984337340863,76,5,1,1,1,1,1,0
8994,89.95,35.58175277709961,1.8046047646595396,76,5,1,1,1,1,1,0
8995,89.96,35.668582916259766,1.7223793352961272,76,5,1,1,1,1,1,0
8996,89.97,35.82331085205078,1.7237737619463918,76,5,1,1,1,1,1,0
8997,89.98,35.2237548828125,1.7709056608400127,76,5,1,1,1,1,1,0
8998,89.99,35.02363967895508,1.8973095404692213,76,5,1,1,1,1,1,0
8999,90.0,35.09422302246094,1.8462117726721552,76,5,1,1,1,1,1,0
9000,90.01,34.94265365600586,1.830768707048307,76,5,1,1,1,1,1,0
9001,90.02,35.07863235473633,1.7550500985656263,76,5,1,1,1,1,1,0
9002,90.03,34.97816848754883,1.7078949054134458,76,5,1,1,1,1,1,0
9003,90.04,34.707359313964844,1.7170308554310918,76,5,1,1,1,1,1,0
9004,90.05,34.721397399902344,1.7363710536796833,76,5,1,1,1,1,1,0
9005,90.06,34.30029296875,1.8758977078791914,76,5,1,1,1,1,1,0
9006,90.07,34.30669021606445,1.8324298240490087,76,5,1,1,1,1,1,0
9007,90.08,34.5553092956543,1.8426607825265577,76,5,1,1,1,1,1,0
9008,90.09,34.55679702758789,1.7245585107182773,76,5,1,1,1,1,1,0
9009,90.1,34.63002014160156,1.7161018306518754,76,5,1,1,1,1,1,0
9010,90.11,34.91038513183594,1.8939395137438522,76,5,1,1,1,1,1,0
9011,90.12,34.68568420410156,1.9592325810187117,76,5,1,1,1,1,1,0
9012,90.13,34.74292755126953,1.92408844568652,76,5,1,1,1,1,1,0
9013,90.14,34.37944412231445,2.0000298932812863,76,5,1,1,1,1,1,0
9014,90.15,34.59781265258789,2.022699941011051,76,5,1,1,1,1,1,0
9015,90.16,34.21604537963867,1.699466800333275,76,5,1,1,1,1,1,0
9016,90.17,34.015716552734375,1.7912617791595222,76,5,1,1,1,1,1,0
9017,90.18,34.30872344970703,1.8689547403054387,76,5,1,1,1,1,1,0
9018,90.19,34.39791488647461,1.7609378416243855,76,5,1,1,1,1,1,0
9019,90.2,34.625946044921875,1.825758653952026,76,5,1,1,1,1,1,0
9020,90.21,34.426761627197266,1.8800535460218755,76,5,1,1,1,1,1,0
9021,90.22,34.55101013183594,1.7498848115491747,76,5,1,1,1,1,1,0
9022,90.23,34.56059646606445,1.9606923527086229,76,5,1,1,1,1,1,0
9023,90.24,34.22670364379883,1.8360304747092615,76,5,1,1,1,1,1,0
9024,90.25,34.46408462524414,1.9888416613068498,76,5,1,1,1,1,1,0
9025,90.26,34.636436462402344,1.8923526415480667,76,5,1,1,1,1,1,0
9026,90.27,34.57551193237305,1.8479460675278228,76,5,1,1,1,1,1,0
9027,90.28,34.432071685791016,1.8354542856462117,76,5,1,1,1,1,1,0
9028,90.29,34.57062530517578,1.7345013062851382,76,5,1,1,1,1,1,0
9029,90.3,34.64283752441406,1.7040290739490058,76,5,1,1,1,1,1,0
9030,90.31,34.775577545166016,1.901214159068437,76,5,1,1,1,1,1,0
9031,90.32,34.48810958862305,1.7561261811664743,76,5,1,1,1,1,1,0
9032,90.33,34.609130859375,2.0115889521270462,76,5,1,1,1,1,1,0
9033,90.34,33.998538970947266,1.7967166829108965,76,5,1,1,1,1,1,0
9034,90.35,34.15135192871094,1.66822990628279,76,5,1,1,1,1,1,0
9035,90.36,34.104522705078125,1.7750541193202825,76,5,1,1,1,1,1,0
9036,90.37,34.37425994873047,1.7922607228184972,76,5,1,1,1,1,1,0
9037,90.38,34.666988372802734,1.7778648090254157,76,5,1,1,1,1,1,0
9038,90.39,34.617515563964844,1.850111140859989,76,5,1,1,1,1,1,0
9039,90.4,34.30854797363281,1.6985266415593467,76,5,1,1,1,1,1,0
9040,90.41,34.221885681152344,1.7829799338850911,76,5,1,1,1,1,1,0
9041,90.42,34.31722640991211,1.8695984842837043,76,5,1,1,1,1,1,0
9042,90.43,34.57893753051758,1.7806176959047666,76,5,1,1,1,1,1,0
9043,90.44,34.49275588989258,1.7821632283460662,76,5,1,1,1,1,1,0
9044,90.45,34.12561798095703,1.7272572335059144,76,5,1,1,1,1,1,0
9045,90.46,33.934730529785156,1.755958484501242,76,5,1,1,1,1,1,0
9046,90.47,34.57137680053711,1.8062979100711256,76,5,1,1,1,1,1,0
9047,90.48,34.462738037109375,1.940871451402846,76,5,1,1,1,1,1,0
9048,90.49,34.459136962890625,1.7634357573127537,76,5,1,1,1,1,1,0
9049,90.5,34.706024169921875,1.7388802593327586,76,5,1,1,1,1,1,0
9050,90.51,34.8161506652832,1.7901357546087624,76,5,1,1,1,1,1,0
9051,90.52,35.17904281616211,1.7792663127321922,76,5,1,1,1,1,1,0
9052,90.53,35.00343322753906,1.8718142972735943,76,5,1,1,1,1,1,0
9053,90.54,34.90626907348633,1.8270498115289509,76,5,1,1,1,1,1,0
9054,90.55,34.86869812011719,1.7479441275709362,76,5,1,1,1,1,1,0
9055,90.56,34.64529800415039,1.9687796179123147,76,5,1,1,1,1,1,0
9056,90.57,34.95008850097656,1.7694616777258114,76,5,1,1,1,1,1,0
9057,90.58,34.36181640625,1.7705070403034533,76,5,1,1,1,1,1,0
9058,90.59,34.40283203125,1.7487729803065046,76,5,1,1,1,1,1,0
9059,90.6,34.16667938232422,1.8684195195315825,76,5,1,1,1,1,1,0
9060,90.61,34.071197509765625,1.8887800915905932,76,5,1,1,1,1,1,0
9061,90.62,34.40943145751953,1.8940713439901018,76,5,1,1,1,1,1,0
9062,90.63,34.51818084716797,1.7233683512618505,76,5,1,1,1,1,1,0
9063,90.64,34.765113830566406,1.7304651259194372,76,5,1,1,1,1,1,0
9064,90.65,34.84754943847656,1.8754784488951348,76,5,1,1,1,1,1,0
9065,90.66,34.401611328125,2.059973942861833,76,5,1,1,1,1,1,0
9066,90.67,34.28693389892578,1.9313753265927058,76,5,1,1,1,1,1,0
9067,90.68,34.718414306640625,1.8297833957742606,76,5,1,1,1,1,1,0
9068,90.69,34.22322082519531,1.9619620984826565,76,5,1,1,1,1,1,0
9069,90.7,34.10818862915039,1.733755481936367,76,5,1,1,1,1,1,0
9070,90.71,34.46610641479492,1.8781066475388999,76,5,1,1,1,1,1,0
9071,90.72,34.677032470703125,1.910315899116446,76,5,1,1,1,1,1,0
9072,90.73,34.57841491699219,1.6954663664176588,76,5,1,1,1,1,1,0
9073,90.74,34.27791213989258,1.8466715756618202,76,5,1,1,1,1,1,0
9074,90.75,34.37257385253906,1.8271813945974047,76,5,1,1,1,1,1,0
9075,90.76,34.054649353027344,1.783254519480536,76,5,1,1,1,1,1,0
9076,90.77,34.4058837890625,1.8522455915694178,76,5,1,1,1,1,1,0
9077,90.78,34.019264221191406,1.6554452551866639,76,5,1,1,1,1,1,0
9078,90.79,34.47108840942383,1.7906995503894865,76,5,1,1,1,1,1,0
9079,90.8,34.47114181518555,1.7984992580341168,76,5,1,1,1,1,1,0
9080,90.81,34.29120635986328,1.6502435039876346,76,5,1,1,1,1,1,0
9081,90.82,34.175926208496094,1.7193327998111958,76,5,1,1,1,1,1,0
9082,90.83,34.238704681396484,1.7154046651785368,76,5,1,1,1,1,1,0
9083,90.84,34.49072265625,1.879864106453148,76,5,1,1,1,1,1,0
9084,90.85,34.524085998535156,1.8959485553270279,76,5,1,1,1,1,1,0
9085,90.86,34.356632232666016,1.763921938829981,76,5,1,1,1,1,1,0
9086,90.87,34.35588455200195,1.9965223658068236,76,5,1,1,1,1,1,0
9087,90.88,33.98504638671875,1.748399903686823,76,5,1,1,1,1,1,0
9088,90.89,34.26681137084961,1.9169192126737056,76,5,1,1,1,1,1,0
9089,90.9,34.34177017211914,1.9232526586253997,76,5,1,1,1,1,1,0
9090,90.91,34.45901107788086,1.6959362795234834,76,5,1,1,1,1,1,0
9091,90.92,34.05603790283203,1.8517553600217094,76,5,1,1,1,1,1,0
9092,90.93,34.02803039550781,1.774798684770527,76,5,1,1,1,1,1,0
9093,90.94,34.36034393310547,1.7892422364723881,76,5,1,1,1,1,1,0
9094,90.95,34.09716033935547,1.7043433061997095,76,5,1,1,1,1,1,0
9095,90.96,34.19971466064453,1.8459143546528236,76,5,1,1,1,1,1,0
9096,90.97,33.92454147338867,1.7954976971696568,76,5,1,1,1,1,1,0
9097,90.98,34.10691452026367,1.8203547129982955,76,5,1,1,1,1,1,0
9098,90.99,34.29636764526367,1.8491665291717712,76,5,1,1,1,1,1,0
9099,91.0,34.47028732299805,1.8098687519659544,76,5,1,1,1,1,1,0
9100,91.01,34.43946075439453,1.7793485876938702,76,5,1,1,1,1,1,0
9101,91.02,34.525794982910156,1.8514312638917392,76,5,1,1,1,1,1,0
9102,91.03,34.36521911621094,1.8801055862322276,76,5,1,1,1,1,1,0
9103,91.04,34.11001968383789,1.848979124130927,76,5,1,1,1,1,1,0
9104,91.05,34.509681701660156,1.6802708434830655,76,5,1,1,1,1,1,0
9105,91.06,34.58026885986328,1.82280078808146,76,5,1,1,1,1,1,0
9106,91.07,34.31985092163086,1.7780408879468006,76,5,1,1,1,1,1,0
9107,91.08,34.442100524902344,1.8429614889082104,76,5,1,1,1,1,1,0
9108,91.09,34.20308303833008,1.9307331627832611,76,5,1,1,1,1,1,0
9109,91.1,34.360801696777344,1.7718139431569124,76,5,1,1,1,1,1,0
9110,91.11,34.586971282958984,1.7344387336219336,76,5,1,1,1,1,1,0
9111,91.12,34.229251861572266,1.842849740903496,76,5,1,1,1,1,1,0
9112,91.13,34.47692108154297,1.8948899805417356,76,5,1,1,1,1,1,0
9113,91.14,34.617252349853516,1.8293981780139257,76,5,1,1,1,1,1,0
9114,91.15,34.54397201538086,1.807816455622932,76,5,1,1,1,1,1,0
9115,91.16,34.1917724609375,1.7497983934297268,76,5,1,1,1,1,1,0
9116,91.17,34.31355667114258,1.8548028171776647,76,5,1,1,1,1,1,0
9117,91.18,33.983055114746094,1.75573325987178,76,5,1,1,1,1,1,0
9118,91.19,34.278472900390625,1.7073342088998127,76,5,1,1,1,1,1,0
9119,91.2,34.04038619995117,1.7464793416934918,76,5,1,1,1,1,1,0
9120,91.21,34.34178161621094,1.6928955630173033,76,5,1,1,1,1,1,0
9121,91.22,34.22496032714844,1.7092723525507973,76,5,1,1,1,1,1,0
9122,91.23,34.377750396728516,1.777439462141906,76,5,1,1,1,1,1,0
9123,91.24,34.267616271972656,1.8171942996091213,76,5,1,1,1,1,1,0
9124,91.25,34.028045654296875,1.8834547835967907,76,5,1,1,1,1,1,0
9125,91.26,34.794715881347656,1.963184144739167,76,5,1,1,1,1,1,0
9126,91.27,34.42127227783203,1.7813230303938765,76,5,1,1,1,1,1,0
9127,91.28,34.094024658203125,1.816726259202129,76,5,1,1,1,1,1,0
9128,91.29,33.827518463134766,1.8459996157511795,76,5,1,1,1,1,1,0
9129,91.3,33.77607727050781,2.0039458592414556,76,5,1,1,1,1,1,0
9130,91.31,33.94833755493164,1.8748350096280262,76,5,1,1,1,1,1,0
9131,91.32,33.56419372558594,1.7121023318470578,76,5,1,1,1,1,1,0
9132,91.33,33.43739318847656,1.7875906626626548,76,5,1,1,1,1,1,0
9133,91.34,33.794647216796875,1.7722489062958393,76,5,1,1,1,1,1,0
9134,91.35,34.06577682495117,1.7042891278420904,76,5,1,1,1,1,1,0
9135,91.36,34.18522644042969,1.719385095315392,76,5,1,1,1,1,1,0
9136,91.37,34.095672607421875,1.7745146272163128,76,5,1,1,1,1,1,0
9137,91.38,34.02313232421875,1.8263616980271469,76,5,1,1,1,1,1,0
9138,91.39,34.31129837036133,1.8387275907198468,76,5,1,1,1,1,1,0
9139,91.4,34.29929733276367,1.7780347733780302,76,5,1,1,1,1,1,0
9140,91.41,34.20859146118164,1.8484058208869012,76,5,1,1,1,1,1,0
9141,91.42,33.99224090576172,1.799499102098756,76,5,1,1,1,1,1,0
9142,91.43,34.16144561767578,1.8140259512997907,76,5,1,1,1,1,1,0
9143,91.44,34.2369499206543,1.7988048179858622,76,5,1,1,1,1,1,0
9144,91.45,33.7860221862793,1.7453347361301492,76,5,1,1,1,1,1,0
9145,91.46,33.88111114501953,1.8526769852670086,76,5,1,1,1,1,1,0
9146,91.47,33.933372497558594,1.8880175077982515,76,5,1,1,1,1,1,0
9147,91.48,34.18064880371094,1.7963034716544637,76,5,1,1,1,1,1,0
9148,91.49,33.75474548339844,1.649517197236006,76,5,1,1,1,1,1,0
9149,91.5,33.738136291503906,1.9780029837807522,76,5,1,1,1,1,1,0
9150,91.51,33.5908088684082,1.8318819743678783,76,5,1,1,1,1,1,0
9151,91.52,33.767478942871094,1.759258666184959,76,5,1,1,1,1,1,0
9152,91.53,33.91255569458008,1.682229793219345,76,5,1,1,1,1,1,0
9153,91.54,33.91295623779297,1.8164295890781814,76,5,1,1,1,1,1,0
9154,91.55,34.322086334228516,1.9977982964155314,76,5,1,1,1,1,1,0
9155,91.56,34.43045425415039,1.7367492841166234,76,5,1,1,1,1,1,0
9156,91.57,34.40290451049805,1.741522984958832,76,5,1,1,1,1,1,0
9157,91.58,34.235145568847656,1.7336665050268607,76,5,1,1,1,1,1,0
9158,91.59,34.087467193603516,1.7188638900648203,76,5,1,1,1,1,1,0
9159,91.6,33.73664474487305,1.6724549388671015,76,5,1,1,1,1,1,0
9160,91.61,33.886898040771484,1.6539051456675122,76,5,1,1,1,1,1,0
9161,91.62,33.76770782470703,1.900265540597647,76,5,1,1,1,1,1,0
9162,91.63,33.974098205566406,1.8578474160934781,76,5,1,1,1,1,1,0
9163,91.64,33.9440803527832,1.8154098611452774,76,5,1,1,1,1,1,0
9164,91.65,33.8435173034668,1.746482093806414,76,5,1,1,1,1,1,0
9165,91.66,33.812957763671875,1.7268173390401784,76,5,1,1,1,1,1,0
9166,91.67,33.826026916503906,1.855264906571721,76,5,1,1,1,1,1,0
9167,91.68,34.11756896972656,1.7650201371702823,76,5,1,1,1,1,1,0
9168,91.69,33.956695556640625,1.8378486159396707,76,5,1,1,1,1,1,0
9169,91.7,33.99972152709961,1.82176349259474,76,5,1,1,1,1,1,0
9170,91.71,33.97806930541992,1.732050146846534,76,5,1,1,1,1,1,0
9171,91.72,34.3313102722168,1.723781275049929,76,5,1,1,1,1,1,0
9172,91.73,34.0474739074707,1.8032180096963843,76,5,1,1,1,1,1,0
9173,91.74,34.157352447509766,1.781124439197366,76,5,1,1,1,1,1,0
9174,91.75,34.24018478393555,1.7449696415346414,76,5,1,1,1,1,1,0
9175,91.76,34.38819122314453,1.8655614659299709,76,5,1,1,1,1,1,0
9176,91.77,34.48291778564453,1.8853418929649393,76,5,1,1,1,1,1,0
9177,91.78,34.51995849609375,1.7905851053593596,76,5,1,1,1,1,1,0
9178,91.79,34.501243591308594,1.8341215919783203,76,5,1,1,1,1,1,0
9179,91.8,34.5305061340332,1.8117923229556194,76,5,1,1,1,1,1,0
9180,91.81,34.641544342041016,1.8265235156130013,76,5,1,1,1,1,1,0
9181,91.82,34.798973083496094,1.821372667317454,76,5,1,1,1,1,1,0
9182,91.83,34.80341720581055,1.7563031362734047,76,5,1,1,1,1,1,0
9183,91.84,34.5918083190918,1.7216876475585068,76,5,1,1,1,1,1,0
9184,91.85,34.25641632080078,1.8486194144225048,76,5,1,1,1,1,1,0
9185,91.86,34.37943649291992,1.7324530194848695,76,5,1,1,1,1,1,0
9186,91.87,34.49147415161133,1.812865841486795,76,5,1,1,1,1,1,0
9187,91.88,34.29355239868164,1.870557969645681,76,5,1,1,1,1,1,0
9188,91.89,34.26607131958008,1.658764489003961,76,5,1,1,1,1,1,0
9189,91.9,34.12381362915039,1.7501173060983293,76,5,1,1,1,1,1,0
9190,91.91,34.145050048828125,1.7422156764608043,76,5,1,1,1,1,1,0
9191,91.92,34.512351989746094,1.7758348050339425,76,5,1,1,1,1,1,0
9192,91.93,34.52912902832031,1.7506837156840442,76,5,1,1,1,1,1,0
9193,91.94,34.869476318359375,1.7656987928828476,76,5,1,1,1,1,1,0
9194,91.95,34.72489929199219,1.830950876659131,76,5,1,1,1,1,1,0
9195,91.96,35.13948059082031,1.7785660662156213,76,5,1,1,1,1,1,0
9196,91.97,34.695701599121094,1.919110757466104,76,5,1,1,1,1,1,0
9197,91.98,34.46163558959961,1.9246798820387654,76,5,1,1,1,1,1,0
9198,91.99,34.809024810791016,1.8670532029190627,76,5,1,1,1,1,1,0
9199,92.0,34.70731735229492,1.712132734372524,76,5,1,1,1,1,1,0
9200,92.01,34.867305755615234,1.840051371682213,76,5,1,1,1,1,1,0
9201,92.02,34.7432746887207,1.8705367088339726,76,5,1,1,1,1,1,0
9202,92.03,34.506622314453125,1.7191554398037,76,5,1,1,1,1,1,0
9203,92.04,34.19330596923828,1.809371898507477,76,5,1,1,1,1,1,0
9204,92.05,34.27751922607422,1.8262803660970635,76,5,1,1,1,1,1,0
9205,92.06,34.131752014160156,1.7290493720449527,76,5,1,1,1,1,1,0
9206,92.07,34.06850051879883,1.7787080023422521,76,5,1,1,1,1,1,0
9207,92.08,34.267921447753906,1.7129198543733306,76,5,1,1,1,1,1,0
9208,92.09,34.65201950073242,1.8770954030427673,76,5,1,1,1,1,1,0
9209,92.1,34.281185150146484,1.755703574329987,76,5,1,1,1,1,1,0
9210,92.11,34.028812408447266,1.8084741104029598,76,5,1,1,1,1,1,0
9211,92.12,33.92604446411133,1.8271817286566565,76,5,1,1,1,1,1,0
9212,92.13,34.22726058959961,1.8310916844189216,76,5,1,1,1,1,1,0
9213,92.14,34.357967376708984,1.7756488177498393,76,5,1,1,1,1,1,0
9214,92.15,34.52635192871094,1.7487715515169715,76,5,1,1,1,1,1,0
9215,92.16,34.33527374267578,1.7441025587738888,76,5,1,1,1,1,1,0
9216,92.17,34.44352340698242,1.8398684496161894,76,5,1,1,1,1,1,0
9217,92.18,34.44353103637695,1.6914786579683583,76,5,1,1,1,1,1,0
9218,92.19,34.58110809326172,1.7168934188932976,76,5,1,1,1,1,1,0
9219,92.2,34.70735168457031,1.7522832177646,76,5,1,1,1,1,1,0
9220,92.21,34.67234420776367,1.8036330261286793,76,4,1,1,1,0,1,0
9221,92.22,34.457279205322266,1.9099008600451846,76,5,1,1,1,1,1,0
9222,92.23,34.276485443115234,1.9736768925217796,76,5,1,1,1,1,1,0
9223,92.24,34.369564056396484,1.6785668563693212,76,5,1,1,1,1,1,0
9224,92.25,34.56069564819336,1.828163773305751,76,5,1,1,1,1,1,0
9225,92.26,34.762489318847656,1.7963265029931317,76,5,1,1,1,1,1,0
9226,92.27,34.7889518737793,1.8278690586504416,76,5,1,1,1,1,1,0
9227,92.28,34.74108123779297,1.6973483734523844,76,5,1,1,1,1,1,0
9228,92.29,34.975223541259766,1.9257475909847193,76,5,1,1,1,1,1,0
9229,92.3,34.829463958740234,1.8303252094936628,76,5,1,1,1,1,1,0
9230,92.31,34.437870025634766,1.828576364159245,76,5,1,1,1,1,1,0
9231,92.32,34.58415222167969,1.834791347740648,76,5,1,1,1,1,1,0
9232,92.33,34.13811492919922,1.77868467049597,76,5,1,1,1,1,1,0
9233,92.34,34.50594711303711,1.983858872655995,76,5,1,1,1,1,1,0
9234,92.35,34.67726516723633,1.9089260681130593,76,5,1,1,1,1,1,0
9235,92.36,34.397430419921875,1.8855451925758133,76,5,1,1,1,1,1,0
9236,92.37,33.89324951171875,1.997895095970471,76,5,1,1,1,1,1,0
9237,92.38,34.45600128173828,1.7808982203072703,76,5,1,1,1,1,1,0
9238,92.39,34.571842193603516,1.7042900791263602,76,5,1,1,1,1,1,0
9239,92.4,34.5204963684082,1.747628269867083,76,5,1,1,1,1,1,0
9240,92.41,34.28416061401367,1.897838767048814,76,5,1,1,1,1,1,0
9241,92.42,34.3364143371582,1.702535580197901,76,5,1,1,1,1,1,0
9242,92.43,34.46349334716797,1.854640888204183,76,5,1,1,1,1,1,0
9243,92.44,34.506622314453125,1.7853285338195204,76,5,1,1,1,1,1,0
9244,92.45,34.57035827636719,1.8094786305180957,76,5,1,1,1,1,1,0
9245,92.46,34.3316650390625,1.8556917645687854,76,5,1,1,1,1,1,0
9246,92.47,34.240447998046875,1.8666042603418342,76,5,1,1,1,1,1,0
9247,92.48,34.09126281738281,1.7414401003400586,76,5,1,1,1,1,1,0
9248,92.49,34.386714935302734,1.8145247206517372,76,5,1,1,1,1,1,0
9249,92.5,34.10068130493164,1.9117002898067974,76,5,1,1,1,1,1,0
9250,92.51,34.04507064819336,1.83046776385554,76,5,1,1,1,1,1,0
9251,92.52,34.27888488769531,1.7765679160752446,76,5,1,1,1,1,1,0
9252,92.53,33.991172790527344,1.725252463623903,76,5,1,1,1,1,1,0
9253,92.54,33.96662139892578,1.7903081123674291,76,5,1,1,1,1,1,0
9254,92.55,34.01258087158203,1.9268109664670017,76,5,1,1,1,1,1,0
9255,92.56,34.0758056640625,1.759344988229054,76,5,1,1,1,1,1,0
9256,92.57,34.17367172241211,1.853592029720294,76,5,1,1,1,1,1,0
9257,92.58,34.09884262084961,1.8044696590963205,76,5,1,1,1,1,1,0
9258,92.59,34.15547180175781,1.7723999897012859,76,5,1,1,1,1,1,0
9259,92.6,34.11399459838867,1.8999460451728896,76,5,1,1,1,1,1,0
9260,92.61,34.0181999206543,1.8136694261307587,76,5,1,1,1,1,1,0
9261,92.62,33.9480094909668,1.8277013544263183,76,5,1,1,1,1,1,0
9262,92.63,34.03323745727539,1.7404036419898736,76,5,1,1,1,1,1,0
9263,92.64,34.044368743896484,1.8047189336300338,76,5,1,1,1,1,1,0
9264,92.65,34.076629638671875,1.8094750650610552,76,5,1,1,1,1,1,0
9265,92.66,34.12241744995117,1.8601874741094107,76,5,1,1,1,1,1,0
9266,92.67,34.78903579711914,1.7190998365593497,76,5,1,1,1,1,1,0
9267,92.68,34.4140739440918,1.797137467247232,76,5,1,1,1,1,1,0
9268,92.69,34.61673355102539,1.8563135570661884,76,5,1,1,1,1,1,0
9269,92.7,34.221435546875,1.8141173898148486,76,5,1,1,1,1,1,0
9270,92.71,34.31772994995117,1.746421861664026,76,5,1,1,1,1,1,0
9271,92.72,34.29204559326172,1.7342678180820366,76,5,1,1,1,1,1,0
9272,92.73,33.845638275146484,1.7770464932153016,76,5,1,1,1,1,1,0
9273,92.74,33.82994079589844,1.6952539203239847,76,5,1,1,1,1,1,0
9274,92.75,33.85176086425781,1.9502289177128684,76,5,1,1,1,1,1,0
9275,92.76,34.387481689453125,1.9559605537822735,76,5,1,1,1,1,1,0
9276,92.77,33.98155975341797,1.7623256784436694,76,5,1,1,1,1,1,0
9277,92.78,34.26331329345703,1.923488554960762,76,5,1,1,1,1,1,0
9278,92.79,34.132869720458984,1.9764860998818836,76,5,1,1,1,1,1,0
9279,92.8,33.899044036865234,1.8581947003227317,76,5,1,1,1,1,1,0
9280,92.81,33.95723342895508,1.69817307175306,76,5,1,1,1,1,1,0
9281,92.82,34.24968338012695,2.0203974395212847,76,5,1,1,1,1,1,0
9282,92.83,34.02357864379883,1.908446778505702,76,5,1,1,1,1,1,0
9283,92.84,34.04142379760742,1.8481620439703574,76,5,1,1,1,1,1,0
9284,92.85,34.25482940673828,1.869600662391937,76,5,1,1,1,1,1,0
9285,92.86,34.1515998840332,1.8647820075086325,76,5,1,1,1,1,1,0
9286,92.87,33.918914794921875,1.9389111027143828,76,5,1,1,1,1,1,0
9287,92.88,34.20026397705078,1.8077874881801081,76,5,1,1,1,1,1,0
9288,92.89,34.371421813964844,1.9199217971137663,76,5,1,1,1,1,1,0
9289,92.9,34.21929168701172,1.9103388688509615,76,5,1,1,1,1,1,0
9290,92.91,34.32246780395508,1.770593955821569,76,5,1,1,1,1,1,0
9291,92.92,34.405818939208984,1.8174988206451685,76,5,1,1,1,1,1,0
9292,92.93,34.17207336425781,1.8248557575667899,76,5,1,1,1,1,1,0
9293,92.94,34.367820739746094,1.862142772454001,76,5,1,1,1,1,1,0
9294,92.95,34.30237579345703,1.9260562161124242,76,5,1,1,1,1,1,0
9295,92.96,34.16570281982422,1.907696440497428,76,5,1,1,1,1,1,0
9296,92.97,34.66156005859375,1.7240322481258359,76,5,1,1,1,1,1,0
9297,92.98,34.37901306152344,1.885551646332812,76,5,1,1,1,1,1,0
9298,92.99,34.50677490234375,1.8706669357632948,76,5,1,1,1,1,1,0
9299,93.0,34.34883117675781,1.811164197247664,76,5,1,1,1,1,1,0
9300,93.01,34.16368865966797,1.7898856799005034,76,5,1,1,1,1,1,0
9301,93.02,34.28062438964844,1.9409506004575965,76,5,1,1,1,1,1,0
9302,93.03,34.231876373291016,1.8131949479977,76,5,1,1,1,1,1,0
9303,93.04,33.987300872802734,1.772400312540255,76,5,1,1,1,1,1,0
9304,93.05,34.396480560302734,1.7328941854748148,76,5,1,1,1,1,1,0
9305,93.06,34.197635650634766,1.749801123955608,76,5,1,1,1,1,1,0
9306,93.07,34.60867691040039,1.870857979504584,76,5,1,1,1,1,1,0
9307,93.08,34.16038131713867,1.7763132709958438,76,5,1,1,1,1,1,0
9308,93.09,34.35009002685547,1.8745112789833223,76,5,1,1,1,1,1,0
9309,93.1,34.24226760864258,1.969181821141664,76,5,1,1,1,1,1,0
9310,93.11,34.348350524902344,1.8428505792531198,76,5,1,1,1,1,1,0
9311,93.12,34.284271240234375,2.0824552004285537,76,5,1,1,1,1,1,0
9312,93.13,34.203739166259766,2.027066628161853,76,5,1,1,1,1,1,0
9313,93.14,34.17251968383789,1.8789872091459041,76,5,1,1,1,1,1,0
9314,93.15,33.80168914794922,1.892138863986272,76,5,1,1,1,1,1,0
9315,93.16,34.306060791015625,1.9001112678594732,76,5,1,1,1,1,1,0
9316,93.17,34.13399124145508,1.7883222901153792,76,5,1,1,1,1,1,0
9317,93.18,34.40574264526367,1.9584164867392362,76,5,1,1,1,1,1,0
9318,93.19,34.165035247802734,1.9100302704880923,76,5,1,1,1,1,1,0
9319,93.2,34.312618255615234,1.9164547608253277,76,5,1,1,1,1,1,0
9320,93.21,34.155982971191406,2.0075115248225197,76,5,1,1,1,1,1,0
9321,93.22,34.000579833984375,1.7561306667861156,76,5,1,1,1,1,1,0
9322,93.23,34.105865478515625,1.7997770756328233,76,5,1,1,1,1,1,0
9323,93.24,33.8704833984375,1.897943807791253,76,5,1,1,1,1,1,0
9324,93.25,33.677791595458984,1.7682180618180243,76,5,1,1,1,1,1,0
9325,93.26,33.79198455810547,2.02795417488432,76,5,1,1,1,1,1,0
9326,93.27,33.605247497558594,1.8029698076864458,76,5,1,1,1,1,1,0
9327,93.28,33.9771728515625,1.8493788126824817,76,5,1,1,1,1,1,0
9328,93.29,34.032344818115234,2.062496276299334,76,5,1,1,1,1,1,0
9329,93.3,34.083099365234375,1.7188630411631856,76,5,1,1,1,1,1,0
9330,93.31,34.0841178894043,1.9305180975905225,76,5,1,1,1,1,1,0
9331,93.32,34.15738296508789,1.9243193059623611,76,5,1,1,1,1,1,0
9332,93.33,34.16415023803711,1.7883533593058816,76,5,1,1,1,1,1,0
9333,93.34,34.029579162597656,1.8836342880554142,76,5,1,1,1,1,1,0
9334,93.35,34.16400909423828,1.8696772177705714,76,5,1,1,1,1,1,0
9335,93.36,33.744869232177734,1.8195587612658108,76,5,1,1,1,1,1,0
9336,93.37,33.96709442138672,1.6883134843901362,76,5,1,1,1,1,1,0
9337,93.38,34.00043869018555,1.810052561350586,76,5,1,1,1,1,1,0
9338,93.39,34.18779373168945,1.9859742212168543,76,5,1,1,1,1,1,0
9339,93.4,34.20231628417969,1.7713510010668254,76,5,1,1,1,1,1,0
9340,93.41,34.313133239746094,2.0167818325160995,76,5,1,1,1,1,1,0
9341,93.42,33.95613098144531,1.8993461889458414,76,5,1,1,1,1,1,0
9342,93.43,34.2955207824707,1.7208452392395304,76,5,1,1,1,1,1,0
9343,93.44,33.85284423828125,1.7584031581606026,76,5,1,1,1,1,1,0
9344,93.45,33.808860778808594,1.9870821301276682,76,5,1,1,1,1,1,0
9345,93.46,34.28303909301758,2.050024567993314,76,5,1,1,1,1,1,0
9346,93.47,34.310523986816406,1.6773248115491781,76,5,1,1,1,1,1,0
9347,93.48,34.30943298339844,2.0116170186345657,76,5,1,1,1,1,1,0
9348,93.49,34.11269760131836,1.7733546503009419,76,5,1,1,1,1,1,0
9349,93.5,34.17546081542969,1.690737631046894,76,5,1,1,1,1,1,0
9350,93.51,34.03418731689453,1.8575259077362702,76,5,1,1,1,1,1,0
9351,93.52,34.128875732421875,1.8849688287091504,76,5,1,1,1,1,1,0
9352,93.53,34.5674934387207,1.7850784855146595,76,5,1,1,1,1,1,0
9353,93.54,34.29436492919922,1.664637141071985,76,5,1,1,1,1,1,0
9354,93.55,34.48475646972656,1.80316633672455,76,5,1,1,1,1,1,0
9355,93.56,34.38072967529297,1.7631253496413979,76,5,1,1,1,1,1,0
9356,93.57,34.316688537597656,1.7103485367962514,76,5,1,1,1,1,1,0
9357,93.58,34.366477966308594,1.9756760995351814,76,5,1,1,1,1,1,0
9358,93.59,34.32765197753906,2.0461906268840604,76,5,1,1,1,1,1,0
9359,93.6,34.42610168457031,1.827128864807795,76,5,1,1,1,1,1,0
9360,93.61,33.98099136352539,2.1284739404847564,76,5,1,1,1,1,1,0
9361,93.62,34.52573776245117,1.875469346781402,76,5,1,1,1,1,1,0
9362,93.63,34.60222244262695,2.1826990382645373,76,5,1,1,1,1,1,0
9363,93.64,34.63899612426758,2.043065031199642,76,5,1,1,1,1,1,0
9364,93.65,34.29430389404297,1.8665724601604714,76,5,1,1,1,1,1,0
9365,93.66,33.95118713378906,1.9262671553235986,76,5,1,1,1,1,1,0
9366,93.67,33.958805084228516,2.0690349743539205,76,5,1,1,1,1,1,0
9367,93.68,34.171085357666016,1.9096094011793463,76,5,1,1,1,1,1,0
9368,93.69,33.59210205078125,1.9767878021403993,76,5,1,1,1,1,1,0
9369,93.7,33.67107391357422,2.0959237750080013,76,5,1,1,1,1,1,0
9370,93.71,33.90774154663086,2.1513257301432085,76,5,1,1,1,1,1,0
9371,93.72,33.78007125854492,2.176829760280901,76,5,1,1,1,1,1,0
9372,93.73,33.77665710449219,1.7822443903234495,76,5,1,1,1,1,1,0
9373,93.74,33.60892105102539,1.7921496900551195,76,5,1,1,1,1,1,0
9374,93.75,33.47262191772461,1.8528645412915032,76,5,1,1,1,1,1,0
9375,93.76,33.81224060058594,1.9037289820377077,76,5,1,1,1,1,1,0
9376,93.77,33.978004455566406,1.9577802041005317,76,5,1,1,1,1,1,0
9377,93.78,33.769874572753906,1.9160652367298332,76,5,1,1,1,1,1,0
9378,93.79,34.21281051635742,2.043867418752037,76,5,1,1,1,1,1,0
9379,93.8,33.91758346557617,2.1251140623131124,76,5,1,1,1,1,1,0
9380,93.81,34.00052261352539,1.9227579629901803,76,5,1,1,1,1,1,0
9381,93.82,34.134281158447266,1.79184384412531,76,5,1,1,1,1,1,0
9382,93.83,34.13725662231445,1.9102629720244004,76,5,1,1,1,1,1,0
9383,93.84,33.85045623779297,1.9117770898415463,76,5,1,1,1,1,1,0
9384,93.85,33.524478912353516,1.9137917992613793,76,5,1,1,1,1,1,0
9385,93.86,33.76671600341797,2.0580806425677216,76,5,1,1,1,1,1,0
9386,93.87,33.718231201171875,1.7851901156743712,76,5,1,1,1,1,1,0
9387,93.88,33.93782424926758,1.876033652673786,76,5,1,1,1,1,1,0
9388,93.89,33.61838150024414,1.8416554131960388,76,5,1,1,1,1,1,0
9389,93.9,33.849609375,1.8404315459081015,76,5,1,1,1,1,1,0
9390,93.91,34.193016052246094,1.8687386127341783,76,5,1,1,1,1,1,0
9391,93.92,34.09430694580078,1.900342519208836,76,5,1,1,1,1,1,0
9392,93.93,34.060585021972656,1.8013627450585368,76,5,1,1,1,1,1,0
9393,93.94,34.467559814453125,1.7445336065656782,76,5,1,1,1,1,1,0
9394,93.95,34.277469635009766,1.8101375991202746,76,5,1,1,1,1,1,0
9395,93.96,34.273582458496094,1.7848489794810407,76,5,1,1,1,1,1,0
9396,93.97,34.057655334472656,1.6903553619568639,76,5,1,1,1,1,1,0
9397,93.98,34.044342041015625,1.7734151561549814,76,5,1,1,1,1,1,0
9398,93.99,34.43913269042969,1.9842878325853635,76,5,1,1,1,1,1,0
9399,94.0,34.577674865722656,1.7369242491207861,76,5,1,1,1,1,1,0
9400,94.01,34.08439254760742,2.006737719998617,76,5,1,1,1,1,1,0
9401,94.02,34.05534744262695,1.6637674002182514,76,5,1,1,1,1,1,0
9402,94.03,34.376617431640625,1.8677529584767265,76,5,1,1,1,1,1,0
9403,94.04,34.29032897949219,1.7847409562190466,76,5,1,1,1,1,1,0
9404,94.05,34.07976150512695,1.8166181890804545,76,5,1,1,1,1,1,0
9405,94.06,34.451881408691406,1.7133885123263453,76,5,1,1,1,1,1,0
9406,94.07,34.218570709228516,1.8427448045952024,76,5,1,1,1,1,1,0
9407,94.08,34.11644744873047,1.9102938377201821,76,5,1,1,1,1,1,0
9408,94.09,34.16685104370117,1.7705626611938676,76,5,1,1,1,1,1,0
9409,94.1,33.95210266113281,1.8461590973238302,76,5,1,1,1,1,1,0
9410,94.11,33.922760009765625,1.7056980248051308,76,5,1,1,1,1,1,0
9411,94.12,34.061344146728516,1.8549929653221808,76,5,1,1,1,1,1,0
9412,94.13,34.12442398071289,1.779127964341531,76,5,1,1,1,1,1,0
9413,94.14,33.801883697509766,1.9742629510453462,76,5,1,1,1,1,1,0
9414,94.15,34.30952453613281,1.9380387828311065,76,5,1,1,1,1,1,0
9415,94.16,34.18844223022461,1.7293353829524383,76,5,1,1,1,1,1,0
9416,94.17,34.445194244384766,1.8309001061915733,76,5,1,1,1,1,1,0
9417,94.18,34.608524322509766,1.8224734267004257,76,5,1,1,1,1,1,0
9418,94.19,34.844478607177734,1.7567317875891568,76,5,1,1,1,1,1,0
9419,94.2,34.79498291015625,1.727566070403477,76,5,1,1,1,1,1,0
9420,94.21,35.41157531738281,1.750374021406737,76,5,1,1,1,1,1,0
9421,94.22,34.943851470947266,1.9475106188363698,76,5,1,1,1,1,1,0
9422,94.23,35.08721923828125,1.8634945262131222,76,5,1,1,1,1,1,0
9423,94.24,34.85123825073242,2.096333898202917,76,5,1,1,1,1,1,0
9424,94.25,34.65212631225586,1.9459146395732876,76,5,1,1,1,1,1,0
9425,94.26,34.67704772949219,1.7844295462435305,76,5,1,1,1,1,1,0
9426,94.27,34.258663177490234,1.7592616043107638,76,5,1,1,1,1,1,0
9427,94.28,33.97812271118164,2.017329173765027,76,5,1,1,1,1,1,0
9428,94.29,34.14453125,1.969646830394827,76,5,1,1,1,1,1,0
9429,94.3,34.15128707885742,1.7780897404240936,76,5,1,1,1,1,1,0
9430,94.31,33.83424377441406,1.7226146785048293,76,5,1,1,1,1,1,0
9431,94.32,33.785484313964844,1.730029768054649,76,5,1,1,1,1,1,0
9432,94.33,34.0654411315918,1.669257175844051,76,5,1,1,1,1,1,0
9433,94.34,33.97084045410156,1.8358828408086467,76,5,1,1,1,1,1,0
9434,94.35,33.85157775878906,1.8774790683352902,76,5,1,1,1,1,1,0
9435,94.36,34.118656158447266,1.780949950322152,76,5,1,1,1,1,1,0
9436,94.37,34.581703186035156,1.7963850406271935,76,5,1,1,1,1,1,0
9437,94.38,34.42531967163086,1.875819993020551,76,5,1,1,1,1,1,0
9438,94.39,34.01578903198242,1.8972049873885783,76,5,1,1,1,1,1,0
9439,94.4,34.114810943603516,1.728526998119171,76,5,1,1,1,1,1,0
9440,94.41,34.02274703979492,1.814720424002982,76,5,1,1,1,1,1,0
9441,94.42,34.3800048828125,1.7772758263273967,76,5,1,1,1,1,1,0
9442,94.43,34.46732711791992,1.7210459873201778,76,5,1,1,1,1,1,0
9443,94.44,33.966426849365234,1.7568996275695705,76,5,1,1,1,1,1,0
9444,94.45,34.12932205200195,1.8312297160162234,76,5,1,1,1,1,1,0
9445,94.46,34.28412628173828,1.76502140151072,76,5,1,1,1,1,1,0
9446,94.47,34.250850677490234,1.7070739121760967,76,5,1,1,1,1,1,0
9447,94.48,34.02008056640625,1.7996925127432533,76,5,1,1,1,1,1,0
9448,94.49,34.250396728515625,1.6806520981334807,76,5,1,1,1,1,1,0
9449,94.5,34.010135650634766,1.7245855748169776,76,5,1,1,1,1,1,0
9450,94.51,33.962032318115234,1.7107286295314925,76,5,1,1,1,1,1,0
9451,94.52,34.23957061767578,1.8546455649401528,76,5,1,1,1,1,1,0
9452,94.53,34.05773162841797,1.770820203939813,76,5,1,1,1,1,1,0
9453,94.54,34.470706939697266,1.8603478514667242,76,5,1,1,1,1,1,0
9454,94.55,34.51744842529297,1.6895266952460934,76,5,1,1,1,1,1,0
9455,94.56,34.08992385864258,1.7870115243927653,76,5,1,1,1,1,1,0
9456,94.57,34.37153244018555,1.6889662024141976,76,5,1,1,1,1,1,0
9457,94.58,34.184688568115234,1.800585490056679,76,5,1,1,1,1,1,0
9458,94.59,34.2485237121582,1.7578685951342745,76,5,1,1,1,1,1,0
9459,94.6,34.048988342285156,1.7137720348653067,76,5,1,1,1,1,1,0
9460,94.61,33.617130279541016,1.8685295239314292,76,5,1,1,1,1,1,0
9461,94.62,34.00492477416992,1.7836467462295846,76,5,1,1,1,1,1,0
9462,94.63,34.062889099121094,1.9343183908925694,76,5,1,1,1,1,1,0
9463,94.64,34.02909851074219,1.822665268012264,76,5,1,1,1,1,1,0
9464,94.65,34.08626937866211,1.689731745451662,76,5,1,1,1,1,1,0
9465,94.66,34.02906036376953,1.8491333099490137,76,5,1,1,1,1,1,0
9466,94.67,34.26332092285156,1.688341903343097,76,5,1,1,1,1,1,0
9467,94.68,34.203704833984375,1.7637754226253268,76,5,1,1,1,1,1,0
9468,94.69,34.37567901611328,1.7556767128994066,76,5,1,1,1,1,1,0
9469,94.7,34.1939582824707,1.8227744550240679,76,5,1,1,1,1,1,0
9470,94.71,34.126686096191406,1.9615024825779872,76,5,1,1,1,1,1,0
9471,94.72,34.40462112426758,1.885360194651301,76,5,1,1,1,1,1,0
9472,94.73,34.196311950683594,1.8668399943697973,76,5,1,1,1,1,1,0
9473,94.74,34.43093490600586,1.923124594158061,76,5,1,1,1,1,1,0
9474,94.75,34.516597747802734,1.7851071162869314,76,5,1,1,1,1,1,0
9475,94.76,34.4791259765625,1.6680852701937596,76,5,1,1,1,1,1,0
9476,94.77,34.30475616455078,1.920855674017994,76,5,1,1,1,1,1,0
9477,94.78,34.23281478881836,1.7925669471674373,76,5,1,1,1,1,1,0
9478,94.79,34.68806076049805,1.7967215104111582,76,5,1,1,1,1,1,0
9479,94.8,34.853851318359375,1.910887003365199,76,5,1,1,1,1,1,0
9480,94.81,35.095523834228516,1.7705027042157915,76,5,1,1,1,1,1,0
9481,94.82,34.73002624511719,1.8668163284990051,76,5,1,1,1,1,1,0
9482,94.83,35.14780044555664,1.7601702170007698,76,5,1,1,1,1,1,0
9483,94.84,35.26921463012695,1.7817403688286186,76,5,1,1,1,1,1,0
9484,94.85,34.963966369628906,1.7305744540545016,76,5,1,1,1,1,1,0
9485,94.86,34.89387512207031,1.817529133983049,76,5,1,1,1,1,1,0
9486,94.87,34.52543258666992,1.672542151597339,76,5,1,1,1,1,1,0
9487,94.88,34.71308517456055,1.7489991121461557,76,5,1,1,1,1,1,0
9488,94.89,34.7548713684082,1.888652126026809,76,5,1,1,1,1,1,0
9489,94.9,34.7122802734375,1.8671445728627158,76,5,1,1,1,1,1,0
9490,94.91,34.50552749633789,1.7514010237099114,76,5,1,1,1,1,1,0
9491,94.92,34.46893310546875,1.7720071302830738,76,5,1,1,1,1,1,0
9492,94.93,34.242008209228516,1.778116638700382,76,5,1,1,1,1,1,0
9493,94.94,34.41360855102539,1.744506655151037,76,5,1,1,1,1,1,0
9494,94.95,33.97818374633789,1.8289290943778564,76,5,1,1,1,1,1,0
9495,94.96,33.963233947753906,1.7830578014612843,76,5,1,1,1,1,1,0
9496,94.97,34.276283264160156,1.7281571662487052,76,5,1,1,1,1,1,0
9497,94.98,34.4978141784668,1.7366909493792808,76,5,1,1,1,1,1,0
9498,94.99,34.88893127441406,1.849324881600324,76,5,1,1,1,1,1,0
9499,95.0,34.68927001953125,1.769831785628753,76,5,1,1,1,1,1,0
9500,95.01,34.41817855834961,1.736000937168544,76,5,1,1,1,1,1,0
9501,95.02,34.54496765136719,1.9096346366972934,76,5,1,1,1,1,1,0
9502,95.03,34.348968505859375,1.7286688527900234,76,5,1,1,1,1,1,0
9503,95.04,34.45867156982422,1.7175884809399766,76,5,1,1,1,1,1,0
9504,95.05,34.65137481689453,1.9025816406981766,76,5,1,1,1,1,1,0
9505,95.06,34.79262161254883,1.8462206677930888,76,5,1,1,1,1,1,0
9506,95.07,34.495574951171875,1.7248207939088043,76,5,1,1,1,1,1,0
9507,95.08,34.345367431640625,1.7238662811181555,76,5,1,1,1,1,1,0
9508,95.09,34.544700622558594,1.7479692691892899,76,5,1,1,1,1,1,0
9509,95.1,34.45018005371094,1.6860278920725458,76,5,1,1,1,1,1,0
9510,95.11,34.464332580566406,1.7379564391185405,76,5,1,1,1,1,1,0
9511,95.12,34.30360794067383,1.6182993121114777,76,5,1,1,1,1,1,0
9512,95.13,34.9276123046875,1.8901265349474334,76,5,1,1,1,1,1,0
9513,95.14,35.05653381347656,1.7871455857994107,76,5,1,1,1,1,1,0
9514,95.15,34.60231018066406,1.7535425073621305,76,5,1,1,1,1,1,0
9515,95.16,34.72684860229492,1.7968050852593858,76,5,1,1,1,1,1,0
9516,95.17,34.819190979003906,1.8757979783997147,76,5,1,1,1,1,1,0
9517,95.18,34.9133415222168,1.866813023258374,76,5,1,1,1,1,1,0
9518,95.19,34.76365280151367,2.0722176979654967,76,5,1,1,1,1,1,0
9519,95.2,34.764930725097656,1.9890225771544927,76,5,1,1,1,1,1,0
9520,95.21,35.18461608886719,2.012982056124401,76,5,1,1,1,1,1,0
9521,95.22,34.84446334838867,1.9834539287693096,76,5,1,1,1,1,1,0
9522,95.23,34.510501861572266,1.8677845802749369,76,5,1,1,1,1,1,0
9523,95.24,34.937076568603516,1.7734452712011115,76,5,1,1,1,1,1,0
9524,95.25,34.6983642578125,1.8190360650154385,76,5,1,1,1,1,1,0
9525,95.26,34.92780303955078,1.8190368619148216,76,5,1,1,1,1,1,0
9526,95.27,34.37028884887695,1.7510296180745595,76,5,1,1,1,1,1,0
9527,95.28,34.81245803833008,1.7627771951382096,76,5,1,1,1,1,1,0
9528,95.29,35.10946273803711,1.7080408716969238,76,4,1,1,1,0,1,0
9529,95.3,35.105499267578125,1.733840147514152,76,5,1,1,1,1,1,0
9530,95.31,34.66798782348633,1.9244728274136784,76,4,1,1,1,0,1,0
9531,95.32,34.84745407104492,1.741786888494147,76,5,1,1,1,1,1,0
9532,95.33,35.14562225341797,1.902524794069325,76,5,1,1,1,1,1,0
9533,95.34,34.8040657043457,1.7862003408744467,76,5,1,1,1,1,1,0
9534,95.35,34.60749435424805,1.7810316923728067,76,5,1,1,1,1,1,0
9535,95.36,34.68613052368164,1.7878809105657991,76,5,1,1,1,1,1,0
9536,95.37,34.62672424316406,1.7177649562156454,76,5,1,1,1,1,1,0
9537,95.38,34.76607894897461,1.9282610029110943,76,5,1,1,1,1,1,0
9538,95.39,34.82112121582031,1.866120366311098,76,5,1,1,1,1,1,0
9539,95.4,35.021244049072266,1.9387865861208817,76,5,1,1,1,1,1,0
9540,95.41,34.94740295410156,1.7224711653015674,76,5,1,1,1,1,1,0
9541,95.42,35.08677291870117,1.8259479617196002,76,5,1,1,1,1,1,0
9542,95.43,34.90327453613281,1.8340085045723216,76,5,1,1,1,1,1,0
9543,95.44,34.902618408203125,1.8305483210301698,76,5,1,1,1,1,1,0
9544,95.45,35.03124237060547,1.7978018771169293,76,4,1,1,1,0,1,0
9545,95.46,34.91932678222656,1.859814973882582,76,5,1,1,1,1,1,0
9546,95.47,34.89362335205078,1.6947007464848416,76,5,1,1,1,1,1,0
9547,95.48,35.13701248168945,1.915933391709921,76,5,1,1,1,1,1,0
9548,95.49,35.21860122680664,1.8345007883409317,76,5,1,1,1,1,1,0
9549,95.5,35.169586181640625,1.737873082567604,76,5,1,1,1,1,1,0
9550,95.51,34.978546142578125,1.8428525561040705,76,5,1,1,1,1,1,0
9551,95.52,34.91612243652344,1.9716499883637226,76,5,1,1,1,1,1,0
9552,95.53,34.97088623046875,1.9271982196857198,76,5,1,1,1,1,1,0
9553,95.54,34.6356086730957,1.7737286773618295,76,5,1,1,1,1,1,0
9554,95.55,35.00084686279297,1.8237609436440936,76,5,1,1,1,1,1,0
9555,95.56,34.48412322998047,1.898655430120661,76,5,1,1,1,1,1,0
9556,95.57,34.635799407958984,1.74831390857374,76,5,1,1,1,1,1,0
9557,95.58,35.21025085449219,1.7358319225680483,76,5,1,1,1,1,1,0
9558,95.59,34.949058532714844,1.782804080662556,76,5,1,1,1,1,1,0
9559,95.6,35.08043670654297,1.7058491323698286,76,5,1,1,1,1,1,0
9560,95.61,35.34391403198242,1.828063492541967,76,5,1,1,1,1,1,0
9561,95.62,35.34574890136719,1.7957758068081313,76,5,1,1,1,1,1,0
9562,95.63,35.3162956237793,1.6810092169953244,76,5,1,1,1,1,1,0
9563,95.64,35.38840866088867,1.9294565675028061,76,5,1,1,1,1,1,0
9564,95.65,35.352561950683594,1.714235975840977,76,5,1,1,1,1,1,0
9565,95.66,35.67656707763672,1.759907149143006,76,5,1,1,1,1,1,0
9566,95.67,35.37843322753906,2.033640119499629,76,5,1,1,1,1,1,0
9567,95.68,35.500511169433594,2.0283522117643136,76,5,1,1,1,1,1,0
9568,95.69,35.0997428894043,1.9823989900168897,76,5,1,1,1,1,1,0
9569,95.7,35.196998596191406,1.765133300589316,76,5,1,1,1,1,1,0
9570,95.71,35.28465270996094,1.8607768081510083,76,5,1,1,1,1,1,0
9571,95.72,35.015159606933594,1.696850496759508,76,5,1,1,1,1,1,0
9572,95.73,34.821563720703125,1.7820762937537056,76,5,1,1,1,1,1,0
9573,95.74,34.55741500854492,1.728291588149752,76,5,1,1,1,1,1,0
9574,95.75,34.833457946777344,1.8377728830785185,76,5,1,1,1,1,1,0
9575,95.76,34.799190521240234,1.7045215975935466,76,5,1,1,1,1,1,0
9576,95.77,34.892269134521484,1.7216541566565253,76,5,1,1,1,1,1,0
9577,95.78,35.0567626953125,1.810138868832672,76,5,1,1,1,1,1,0
9578,95.79,35.07552719116211,1.7745121657857637,76,4,1,1,1,0,1,0
9579,95.8,35.23763656616211,1.8075704757747915,76,4,1,1,1,0,1,0
9580,95.81,35.227787017822266,1.717965611823439,76,4,1,1,1,0,1,0
9581,95.82,34.93355941772461,1.7767942542272388,76,5,1,1,1,1,1,0
9582,95.83,35.15171813964844,1.7048406729200218,76,4,1,1,1,0,1,0
9583,95.84,35.20097732543945,1.7784840982475232,76,4,1,1,1,0,1,0
9584,95.85,35.316558837890625,1.8482722608027218,76,4,1,1,1,0,1,0
9585,95.86,35.148040771484375,1.707958645992734,76,5,1,1,1,1,1,0
9586,95.87,35.17290115356445,1.6450565639277073,76,5,1,1,1,1,1,0
9587,95.88,34.795433044433594,1.8544291761921838,76,5,1,1,1,1,1,0
9588,95.89,34.58466720581055,1.8021379528999861,76,5,1,1,1,1,1,0
9589,95.9,34.663578033447266,1.7702553887070647,76,5,1,1,1,1,1,0
9590,95.91,34.65984344482422,1.7532846894251521,76,5,1,1,1,1,1,0
9591,95.92,34.898929595947266,1.9658078023748664,76,5,1,1,1,1,1,0
9592,95.93,34.6977653503418,1.8494586131824264,76,5,1,1,1,1,1,0
9593,95.94,34.809547424316406,1.8881201123434113,76,5,1,1,1,1,1,0
9594,95.95,35.01835250854492,1.8378556004300826,76,5,1,1,1,1,1,0
9595,95.96,35.00142288208008,1.793624264889166,76,5,1,1,1,1,1,0
9596,95.97,34.604583740234375,1.9003412570723186,76,5,1,1,1,1,1,0
9597,95.98,34.98338317871094,1.822360581981447,76,5,1,1,1,1,1,0
9598,95.99,35.312618255615234,1.944659520354982,76,5,1,1,1,1,1,0
9599,96.0,35.337188720703125,1.8449904522854637,76,5,1,1,1,1,1,0
9600,96.01,34.72447967529297,1.7523779433080153,76,5,1,1,1,1,1,0
9601,96.02,34.5858039855957,1.8372311998050364,76,5,1,1,1,1,1,0
9602,96.03,34.813175201416016,1.8248569229756504,76,5,1,1,1,1,1,0
9603,96.04,34.7251091003418,1.6066734004165342,76,5,1,1,1,1,1,0
9604,96.05,34.84097671508789,1.965962420739251,76,5,1,1,1,1,1,0
9605,96.06,34.8310432434082,1.791563654909597,76,5,1,1,1,1,1,0
9606,96.07,34.97480010986328,1.8096971979389271,76,5,1,1,1,1,1,0
9607,96.08,34.6534423828125,1.794044052213744,76,5,1,1,1,1,1,0
9608,96.09,34.741233825683594,1.8273738532640016,76,5,1,1,1,1,1,0
9609,96.1,34.75521469116211,1.8015577925121153,76,5,1,1,1,1,1,0
9610,96.11,34.58034133911133,2.043062827961356,76,5,1,1,1,1,1,0
9611,96.12,34.6724853515625,1.6973805403781512,76,5,1,1,1,1,1,0
9612,96.13,35.09403991699219,1.7627526488261946,76,5,1,1,1,1,1,0
9613,96.14,35.03888702392578,1.9500993188946525,76,5,1,1,1,1,1,0
9614,96.15,34.79539108276367,1.887004756810813,76,5,1,1,1,1,1,0
9615,96.16,34.68981170654297,1.8766433592350658,76,5,1,1,1,1,1,0
9616,96.17,34.46981430053711,1.6924183028933082,76,5,1,1,1,1,1,0
9617,96.18,34.91532516479492,1.7527963463400773,76,5,1,1,1,1,1,0
9618,96.19,34.874359130859375,2.117193878278481,76,5,1,1,1,1,1,0
9619,96.2,34.40204620361328,1.8822594274887179,76,5,1,1,1,1,1,0
9620,96.21,34.32647705078125,1.758802331346808,76,5,1,1,1,1,1,0
9621,96.22,34.03748321533203,2.013906723934736,76,5,1,1,1,1,1,0
9622,96.23,34.17628479003906,1.8264743608124383,76,5,1,1,1,1,1,0
9623,96.24,34.64582061767578,1.8438578416256168,76,5,1,1,1,1,1,0
9624,96.25,34.43594741821289,1.9934718386305015,76,5,1,1,1,1,1,0
9625,96.26,34.392967224121094,1.827595462214312,76,5,1,1,1,1,1,0
9626,96.27,34.59843826293945,1.8080658542168169,76,5,1,1,1,1,1,0
9627,96.28,34.60328674316406,1.6973843834428737,76,5,1,1,1,1,1,0
9628,96.29,34.41845703125,1.9000532957953704,76,5,1,1,1,1,1,0
9629,96.3,34.60007095336914,1.952457451940555,76,5,1,1,1,1,1,0
9630,96.31,34.85737228393555,1.9384548424497485,76,5,1,1,1,1,1,0
9631,96.32,34.81153869628906,1.82060036944229,76,5,1,1,1,1,1,0
9632,96.33,34.9581413269043,1.8602461322972406,76,5,1,1,1,1,1,0
9633,96.34,34.5828857421875,1.8949642308980121,76,5,1,1,1,1,1,0
9634,96.35,34.65213394165039,1.7974170794134536,76,5,1,1,1,1,1,0
9635,96.36,34.64082717895508,1.846374094828597,76,5,1,1,1,1,1,0
9636,96.37,34.50829315185547,2.0270380698590134,76,5,1,1,1,1,1,0
9637,96.38,34.837181091308594,1.766181276340995,76,5,1,1,1,1,1,0
9638,96.39,34.5488395690918,1.7252769685854368,76,5,1,1,1,1,1,0
9639,96.4,34.41377258300781,1.7357728592274866,76,5,1,1,1,1,1,0
9640,96.41,34.29949951171875,1.7990232933250743,76,5,1,1,1,1,1,0
9641,96.42,34.80904769897461,1.9738493274910882,76,5,1,1,1,1,1,0
9642,96.43,34.63751220703125,1.891483384361991,76,5,1,1,1,1,1,0
9643,96.44,34.65815353393555,2.0712267844201113,76,5,1,1,1,1,1,0
9644,96.45,34.31113815307617,1.741174142346929,76,5,1,1,1,1,1,0
9645,96.46,34.37998580932617,1.715609407398441,76,5,1,1,1,1,1,0
9646,96.47,34.09108352661133,1.7368060409857966,76,5,1,1,1,1,1,0
9647,96.48,34.2458381652832,1.8834533000091664,76,5,1,1,1,1,1,0
9648,96.49,34.19012451171875,1.8491351356725938,76,5,1,1,1,1,1,0
9649,96.5,34.01369094848633,1.812760876636923,76,5,1,1,1,1,1,0
9650,96.51,34.24641799926758,1.7652499305663758,76,5,1,1,1,1,1,0
9651,96.52,34.194114685058594,1.9713434264722067,76,5,1,1,1,1,1,0
9652,96.53,33.95273971557617,1.7288488141213625,76,5,1,1,1,1,1,0
9653,96.54,34.01871109008789,1.706743665573227,76,5,1,1,1,1,1,0
9654,96.55,34.1138916015625,1.8552098486141315,76,5,1,1,1,1,1,0
9655,96.56,34.82704162597656,1.8641392937482673,76,5,1,1,1,1,1,0
9656,96.57,34.18800735473633,1.7998367011953844,76,5,1,1,1,1,1,0
9657,96.58,34.371036529541016,1.7846311014950296,76,5,1,1,1,1,1,0
9658,96.59,34.15892791748047,1.7421242740947243,76,5,1,1,1,1,1,0
9659,96.6,34.159610748291016,1.8799442362177397,76,5,1,1,1,1,1,0
9660,96.61,34.87664794921875,1.7298857564124226,76,5,1,1,1,1,1,0
9661,96.62,35.04463195800781,1.8166135115831568,76,5,1,1,1,1,1,0
9662,96.63,34.96720886230469,2.028616341020062,76,5,1,1,1,1,1,0
9663,96.64,35.031917572021484,1.9341134627534715,76,5,1,1,1,1,1,0
9664,96.65,35.06919860839844,1.7360040904449774,76,5,1,1,1,1,1,0
9665,96.66,34.93955993652344,1.8489998075808136,76,5,1,1,1,1,1,0
9666,96.67,35.231510162353516,1.7792702763905581,76,5,1,1,1,1,1,0
9667,96.68,34.88975524902344,1.7654724232367567,76,5,1,1,1,1,1,0
9668,96.69,34.54474639892578,1.7121634928210887,76,5,1,1,1,1,1,0
9669,96.7,34.9455680847168,1.824748195052339,76,5,1,1,1,1,1,0
9670,96.71,34.82098388671875,1.784045825326947,76,5,1,1,1,1,1,0
9671,96.72,34.78443145751953,1.7541070715209193,76,5,1,1,1,1,1,0
9672,96.73,34.65507888793945,1.8458148651927926,76,5,1,1,1,1,1,0
9673,96.74,34.779441833496094,1.7348730510327335,76,5,1,1,1,1,1,0
9674,96.75,34.9384651184082,1.727564091369719,76,5,1,1,1,1,1,0
9675,96.76,34.811988830566406,1.7889412724103093,76,5,1,1,1,1,1,0
9676,96.77,34.78339385986328,1.9651425188181313,76,5,1,1,1,1,1,0
9677,96.78,34.21354293823242,1.8027203018648519,76,5,1,1,1,1,1,0
9678,96.79,34.45521545410156,1.8205506015907558,76,5,1,1,1,1,1,0
9679,96.8,34.43814468383789,1.7735280554899393,76,5,1,1,1,1,1,0
9680,96.81,34.17681884765625,1.9378823720383547,76,5,1,1,1,1,1,0
9681,96.82,34.5568962097168,1.8438508747042666,76,5,1,1,1,1,1,0
9682,96.83,34.30607986450195,1.9678495104147407,76,5,1,1,1,1,1,0
9683,96.84,34.329345703125,1.672982596232172,76,5,1,1,1,1,1,0
9684,96.85,34.54572296142578,1.6837241811039307,76,5,1,1,1,1,1,0
9685,96.86,34.80949020385742,1.8060497933921416,76,5,1,1,1,1,1,0
9686,96.87,34.410770416259766,1.7276617868296895,76,5,1,1,1,1,1,0
9687,96.88,34.47239685058594,1.8077857367632326,76,5,1,1,1,1,1,0
9688,96.89,34.42453384399414,1.86013861929877,76,5,1,1,1,1,1,0
9689,96.9,34.03009033203125,1.797797439775579,76,5,1,1,1,1,1,0
9690,96.91,34.19887924194336,2.000199555743837,76,5,1,1,1,1,1,0
9691,96.92,34.2352180480957,1.8682053974389146,76,5,1,1,1,1,1,0
9692,96.93,34.063053131103516,1.7923723206756936,76,5,1,1,1,1,1,0
9693,96.94,34.07923889160156,1.9004758347444108,76,5,1,1,1,1,1,0
9694,96.95,34.27149963378906,1.9598177521610598,76,5,1,1,1,1,1,0
9695,96.96,34.105079650878906,1.7080370917083538,76,5,1,1,1,1,1,0
9696,96.97,34.131004333496094,1.7103827453118616,76,5,1,1,1,1,1,0
9697,96.98,34.17212677001953,1.7567291818075417,76,5,1,1,1,1,1,0
9698,96.99,34.473716735839844,1.8483732381055673,76,5,1,1,1,1,1,0
9699,97.0,34.038177490234375,1.7147951080684762,76,5,1,1,1,1,1,0
9700,97.01,33.53982162475586,1.7024091134484853,76,5,1,1,1,1,1,0
9701,97.02,33.8099250793457,1.8816273236961787,76,5,1,1,1,1,1,0
9702,97.03,33.98290252685547,1.7801960014293041,76,5,1,1,1,1,1,0
9703,97.04,34.0897331237793,1.8741368195450265,76,5,1,1,1,1,1,0
9704,97.05,34.10206985473633,1.8805027567567973,76,5,1,1,1,1,1,0
9705,97.06,34.4346809387207,1.753082051618982,76,5,1,1,1,1,1,0
9706,97.07,33.918373107910156,1.901526986739253,76,5,1,1,1,1,1,0
9707,97.08,34.1434440612793,1.9359280164357124,76,5,1,1,1,1,1,0
9708,97.09,34.29191207885742,1.692691555256721,76,5,1,1,1,1,1,0
9709,97.1,34.23038864135742,1.9886435986089754,76,5,1,1,1,1,1,0
9710,97.11,34.115997314453125,1.8543500858939481,76,5,1,1,1,1,1,0
9711,97.12,34.60983657836914,2.0157896088256573,76,5,1,1,1,1,1,0
9712,97.13,34.36974334716797,2.00833001894236,76,5,1,1,1,1,1,0
9713,97.14,34.46181869506836,2.026846299351456,76,5,1,1,1,1,1,0
9714,97.15,34.65866470336914,1.751398731263547,76,5,1,1,1,1,1,0
9715,97.16,34.60760498046875,1.7945736185862131,76,5,1,1,1,1,1,0
9716,97.17,34.6177978515625,1.975880148710094,76,5,1,1,1,1,1,0
9717,97.18,34.45282745361328,2.045723786183383,76,5,1,1,1,1,1,0
9718,97.19,34.50077438354492,1.6678410031961983,76,5,1,1,1,1,1,0
9719,97.2,34.27301025390625,1.765048769098657,76,5,1,1,1,1,1,0
9720,97.21,34.1558837890625,2.006537431423222,76,5,1,1,1,1,1,0
9721,97.22,34.432212829589844,1.858493724567225,76,5,1,1,1,1,1,0
9722,97.23,34.32697296142578,1.8745149344180214,76,5,1,1,1,1,1,0
9723,97.24,34.33948516845703,1.8128947803933784,76,5,1,1,1,1,1,0
9724,97.25,34.51373291015625,1.7501144615972266,76,5,1,1,1,1,1,0
9725,97.26,34.45109558105469,1.8709047958126936,76,5,1,1,1,1,1,0
9726,97.27,34.022281646728516,1.6988495149378307,76,5,1,1,1,1,1,0
9727,97.28,34.41437911987305,1.9706631145701403,76,5,1,1,1,1,1,0
9728,97.29,34.279598236083984,1.9854986785759658,76,5,1,1,1,1,1,0
9729,97.3,34.405006408691406,2.0061409158020873,76,5,1,1,1,1,1,0
9730,97.31,34.6904296875,1.797246496502063,76,5,1,1,1,1,1,0
9731,97.32,34.60774230957031,1.9532992914522938,76,5,1,1,1,1,1,0
9732,97.33,34.498931884765625,2.1874615562383837,76,5,1,1,1,1,1,0
9733,97.34,34.71113967895508,1.7769972041628537,76,5,1,1,1,1,1,0
9734,97.35,34.91583251953125,2.10404047502872,76,5,1,1,1,1,1,0
9735,97.36,34.508419036865234,1.9807319659920926,76,5,1,1,1,1,1,0
9736,97.37,34.53877639770508,1.8323231069180206,76,5,1,1,1,1,1,0
9737,97.38,34.56232452392578,2.0287929343768814,76,5,1,1,1,1,1,0
9738,97.39,34.41206741333008,2.045141077379111,76,5,1,1,1,1,1,0
9739,97.4,34.32158660888672,1.9255638800791601,76,5,1,1,1,1,1,0
9740,97.41,34.08060073852539,1.855935294967261,76,5,1,1,1,1,1,0
9741,97.42,33.915069580078125,2.1429194318789664,76,5,1,1,1,1,1,0
9742,97.43,34.14677429199219,1.9177294610545261,76,5,1,1,1,1,1,0
9743,97.44,34.22572708129883,1.749145846506325,76,5,1,1,1,1,1,0
9744,97.45,34.06621551513672,1.85972772062331,76,5,1,1,1,1,1,0
9745,97.46,34.39213943481445,1.7729953874280602,76,5,1,1,1,1,1,0
9746,97.47,34.381553649902344,2.0976452073817082,76,5,1,1,1,1,1,0
9747,97.48,34.48054885864258,1.853886225217884,76,5,1,1,1,1,1,0
9748,97.49,34.32823181152344,1.9442534214747622,76,5,1,1,1,1,1,0
9749,97.5,34.66401290893555,2.0759149454521277,76,5,1,1,1,1,1,0
9750,97.51,34.40869140625,2.1239127988550206,76,5,1,1,1,1,1,0
9751,97.52,34.57612609863281,1.9244233844865144,76,5,1,1,1,1,1,0
9752,97.53,34.66359329223633,1.9658637820175726,76,5,1,1,1,1,1,0
9753,97.54,34.8871955871582,2.132623938736303,76,5,1,1,1,1,1,0
9754,97.55,34.80598449707031,2.1882882635660144,76,5,1,1,1,1,1,0
9755,97.56,34.926483154296875,1.977148654179191,76,5,1,1,1,1,1,0
9756,97.57,34.91094207763672,2.0913945727273484,76,5,1,1,1,1,1,0
9757,97.58,34.71785354614258,1.9940941381777941,76,5,1,1,1,1,1,0
9758,97.59,34.93827819824219,2.134597989199433,76,5,1,1,1,1,1,0
9759,97.6,35.024314880371094,1.8769399676939689,76,5,1,1,1,1,1,0
9760,97.61,34.912811279296875,2.0648004225837475,76,5,1,1,1,1,1,0
9761,97.62,34.796810150146484,1.6997902244945213,76,5,1,1,1,1,1,0
9762,97.63,35.01383590698242,2.140585248908038,76,5,1,1,1,1,1,0
9763,97.64,35.24509811401367,2.0989749761067418,76,5,1,1,1,1,1,0
9764,97.65,34.980838775634766,1.8144429106984314,76,5,1,1,1,1,1,0
9765,97.66,34.52568817138672,1.9648400016004042,76,5,1,1,1,1,1,0
9766,97.67,34.40351867675781,1.9738521201191535,76,5,1,1,1,1,1,0
9767,97.68,34.031742095947266,1.9268863228532682,76,5,1,1,1,1,1,0
9768,97.69,34.336429595947266,1.984971099569204,76,5,1,1,1,1,1,0
9769,97.7,34.16495132446289,1.8271845575348167,76,5,1,1,1,1,1,0
9770,97.71,34.47523498535156,2.025193870026988,76,5,1,1,1,1,1,0
9771,97.72,34.25119400024414,1.8333255362475855,76,5,1,1,1,1,1,0
9772,97.73,34.328277587890625,1.8111627439570963,76,5,1,1,1,1,1,0
9773,97.74,34.28441619873047,2.042771371590308,76,5,1,1,1,1,1,0
9774,97.75,34.408321380615234,1.9261323744232817,76,5,1,1,1,1,1,0
9775,97.76,34.155826568603516,1.9132519589058279,76,5,1,1,1,1,1,0
9776,97.77,34.562103271484375,2.1499274957749566,76,5,1,1,1,1,1,0
9777,97.78,34.761985778808594,1.9462002547504436,76,5,1,1,1,1,1,0
9778,97.79,34.73854446411133,2.0555544589262635,76,5,1,1,1,1,1,0
9779,97.8,34.41523742675781,2.052049478021041,76,5,1,1,1,1,1,0
9780,97.81,34.622737884521484,2.119460110207756,76,5,1,1,1,1,1,0
9781,97.82,34.47750473022461,1.7036762598354256,76,5,1,1,1,1,1,0
9782,97.83,34.313575744628906,1.7548239910422445,76,5,1,1,1,1,1,0
9783,97.84,34.179935455322266,1.931449102614024,76,5,1,1,1,1,1,0
9784,97.85,34.14196014404297,1.8644852858161038,76,5,1,1,1,1,1,0
9785,97.86,33.748558044433594,1.826281400048435,76,5,1,1,1,1,1,0
9786,97.87,33.59931182861328,1.8686144115113124,76,5,1,1,1,1,1,0
9787,97.88,33.87352752685547,1.7340376037751801,76,5,1,1,1,1,1,0
9788,97.89,33.886314392089844,2.1327249527794954,76,5,1,1,1,1,1,0
9789,97.9,34.07328414916992,1.9288614043411292,76,5,1,1,1,1,1,0
9790,97.91,33.89244079589844,1.8526214463176047,76,5,1,1,1,1,1,0
9791,97.92,33.734981536865234,1.9548924128214509,76,5,1,1,1,1,1,0
9792,97.93,33.922691345214844,1.9231744076926058,76,5,1,1,1,1,1,0
9793,97.94,34.40046310424805,2.0730822157169206,76,5,1,1,1,1,1,0
9794,97.95,34.55382537841797,2.1368647225422097,76,5,1,1,1,1,1,0
9795,97.96,34.550811767578125,1.9110996068973682,76,5,1,1,1,1,1,0
9796,97.97,34.69687271118164,2.0620640682203035,76,5,1,1,1,1,1,0
9797,97.98,34.836551666259766,1.9958692006219938,76,5,1,1,1,1,1,0
9798,97.99,34.53779602050781,1.9255143165697939,76,5,1,1,1,1,1,0
9799,98.0,34.28832244873047,2.024898113188924,76,5,1,1,1,1,1,0
9800,98.01,34.15802764892578,1.85889420957276,76,5,1,1,1,1,1,0
9801,98.02,34.077613830566406,2.1279362407256586,76,5,1,1,1,1,1,0
9802,98.03,33.95634078979492,1.839401061395071,76,5,1,1,1,1,1,0
9803,98.04,33.61034393310547,1.7662970569181589,76,5,1,1,1,1,1,0
9804,98.05,34.037113189697266,1.9022607921149262,76,5,1,1,1,1,1,0
9805,98.06,34.03483581542969,1.9138719287105994,76,5,1,1,1,1,1,0
9806,98.07,34.09733963012695,1.7714710170541894,76,5,1,1,1,1,1,0
9807,98.08,34.02461624145508,1.7863295622117044,76,5,1,1,1,1,1,0
9808,98.09,33.7191162109375,1.751489567960854,76,5,1,1,1,1,1,0
9809,98.1,33.8000373840332,1.8796285725031274,76,5,1,1,1,1,1,0
9810,98.11,34.00211715698242,1.9241052140442352,76,5,1,1,1,1,1,0
9811,98.12,33.76869201660156,1.7591455368653195,76,5,1,1,1,1,1,0
9812,98.13,33.9619140625,1.7619297337654745,76,5,1,1,1,1,1,0
9813,98.14,33.718292236328125,1.7967232752761089,76,5,1,1,1,1,1,0
9814,98.15,33.77900314331055,1.7461109417900278,76,5,1,1,1,1,1,0
9815,98.16,34.063114166259766,1.7864530454705483,76,5,1,1,1,1,1,0
9816,98.17,34.2707405090332,1.7993655794980299,76,5,1,1,1,1,1,0
9817,98.18,34.45069885253906,1.7058075705739262,76,5,1,1,1,1,1,0
9818,98.19,34.25000762939453,1.7581276366917242,76,5,1,1,1,1,1,0
9819,98.2,34.35367202758789,1.7584309514489411,76,5,1,1,1,1,1,0
9820,98.21,34.410430908203125,1.8359232526562492,76,5,1,1,1,1,1,0
9821,98.22,34.08891677856445,1.7037603154951004,76,5,1,1,1,1,1,0
9822,98.23,34.387657165527344,1.6425239456814449,76,5,1,1,1,1,1,0
9823,98.24,34.27999496459961,1.8906601883250724,76,5,1,1,1,1,1,0
9824,98.25,34.374542236328125,1.7479987532696089,76,5,1,1,1,1,1,0
9825,98.26,34.26292037963867,1.7952747396150448,76,5,1,1,1,1,1,0
9826,98.27,34.305904388427734,1.8165058810060775,76,5,1,1,1,1,1,0
9827,98.28,34.33845901489258,1.827613162884981,76,5,1,1,1,1,1,0
9828,98.29,33.816646575927734,1.7258935545731702,76,5,1,1,1,1,1,0
9829,98.3,33.94274139404297,1.8552396820030381,76,5,1,1,1,1,1,0
9830,98.31,34.163150787353516,1.9238261536368217,76,5,1,1,1,1,1,0
9831,98.32,33.966312408447266,1.9328991034436072,76,5,1,1,1,1,1,0
9832,98.33,33.7729606628418,1.801830160940341,76,5,1,1,1,1,1,0
9833,98.34,33.91720199584961,2.004218341547435,76,5,1,1,1,1,1,0
9834,98.35,33.89280319213867,1.9826717207229636,76,5,1,1,1,1,1,0
9835,98.36,33.64527130126953,1.7366075925057836,76,5,1,1,1,1,1,0
9836,98.37,33.67912292480469,1.9146065266479908,76,5,1,1,1,1,1,0
9837,98.38,33.836822509765625,1.8732861991937488,76,5,1,1,1,1,1,0
9838,98.39,33.606597900390625,1.9938942918431737,76,5,1,1,1,1,1,0
9839,98.4,33.91304397583008,1.9294326292203599,76,5,1,1,1,1,1,0
9840,98.41,33.6700325012207,1.7479976511929531,76,5,1,1,1,1,1,0
9841,98.42,33.785797119140625,2.025955457058261,76,5,1,1,1,1,1,0
9842,98.43,34.032562255859375,2.235936944605309,76,5,1,1,1,1,1,0
9843,98.44,33.95454406738281,1.9256488237947589,76,5,1,1,1,1,1,0
9844,98.45,33.90822219848633,1.7164538353246839,76,5,1,1,1,1,1,0
9845,98.46,33.89204025268555,1.7071899139205209,76,5,1,1,1,1,1,0
9846,98.47,33.42986297607422,1.8929619838048295,76,5,1,1,1,1,1,0
9847,98.48,33.77488708496094,1.9502325363432254,76,5,1,1,1,1,1,0
9848,98.49,33.741050720214844,1.8342576590185413,76,5,1,1,1,1,1,0
9849,98.5,34.14471435546875,1.9120091573395561,76,5,1,1,1,1,1,0
9850,98.51,33.98491287231445,1.8480498079952716,76,5,1,1,1,1,1,0
9851,98.52,33.98855972290039,1.8535387511762471,76,5,1,1,1,1,1,0
9852,98.53,34.16307067871094,2.01384938521608,76,5,1,1,1,1,1,0
9853,98.54,34.35456848144531,1.8857645674914774,76,5,1,1,1,1,1,0
9854,98.55,34.34342956542969,2.147017617815265,76,5,1,1,1,1,1,0
9855,98.56,34.3816032409668,1.9608965433848025,76,5,1,1,1,1,1,0
9856,98.57,34.35982894897461,1.9557343988983626,76,5,1,1,1,1,1,0
9857,98.58,34.04489517211914,2.0735941491170196,76,5,1,1,1,1,1,0
9858,98.59,34.62255859375,1.8254620359733642,76,5,1,1,1,1,1,0
9859,98.6,34.180503845214844,1.788690201613052,76,5,1,1,1,1,1,0
9860,98.61,34.148841857910156,1.767170087790868,76,5,1,1,1,1,1,0
9861,98.62,34.41236114501953,1.8159243581315616,76,5,1,1,1,1,1,0
9862,98.63,34.54720687866211,2.0261118656266484,76,5,1,1,1,1,1,0
9863,98.64,34.39503860473633,1.826390235108596,76,5,1,1,1,1,1,0
9864,98.65,34.22233581542969,1.8685014160663511,76,5,1,1,1,1,1,0
9865,98.66,34.240909576416016,2.137967974564063,76,5,1,1,1,1,1,0
9866,98.67,33.88383102416992,1.940872620847411,76,5,1,1,1,1,1,0
9867,98.68,34.17645263671875,2.0389697987487065,76,5,1,1,1,1,1,0
9868,98.69,34.103702545166016,2.0187563018318526,76,5,1,1,1,1,1,0
9869,98.7,34.038665771484375,1.989869302276508,76,5,1,1,1,1,1,0
9870,98.71,34.302528381347656,1.9884936214363573,76,5,1,1,1,1,1,0
9871,98.72,34.23769760131836,1.8530783465288831,76,5,1,1,1,1,1,0
9872,98.73,34.00075912475586,1.8787248946544135,76,5,1,1,1,1,1,0
9873,98.74,33.828060150146484,2.288863327920556,76,5,1,1,1,1,1,0
9874,98.75,34.02515411376953,1.914603259072648,76,5,1,1,1,1,1,0
9875,98.76,33.92204666137695,1.902444302011702,76,5,1,1,1,1,1,0
9876,98.77,34.00157928466797,1.8645675853391743,76,5,1,1,1,1,1,0
9877,98.78,33.90577697753906,1.986788068038576,76,5,1,1,1,1,1,0
9878,98.79,33.97022247314453,2.0997347377226108,76,5,1,1,1,1,1,0
9879,98.8,34.17805862426758,2.0585689014330515,76,5,1,1,1,1,1,0
9880,98.81,34.437110900878906,1.9443043908012554,76,5,1,1,1,1,1,0
9881,98.82,34.356170654296875,2.027138746938335,76,5,1,1,1,1,1,0
9882,98.83,34.3911247253418,2.077375273194025,76,5,1,1,1,1,1,0
9883,98.84,34.723358154296875,2.0650663484353946,76,5,1,1,1,1,1,0
9884,98.85,34.51945495605469,2.0368125472884078,76,5,1,1,1,1,1,0
9885,98.86,34.2001953125,2.004223823146214,76,5,1,1,1,1,1,0
9886,98.87,34.42212677001953,2.0196063067998846,76,5,1,1,1,1,1,0
9887,98.88,34.2105712890625,2.0574512055971748,76,5,1,1,1,1,1,0
9888,98.89,34.513248443603516,2.193196497461407,76,5,1,1,1,1,1,0
9889,98.9,34.74199295043945,1.7870105104259202,76,5,1,1,1,1,1,0
9890,98.91,34.461669921875,1.9491784842883941,76,5,1,1,1,1,1,0
9891,98.92,34.65207290649414,2.239597060124368,76,5,1,1,1,1,1,0
9892,98.93,34.70426559448242,2.2948657809034096,76,5,1,1,1,1,1,0
9893,98.94,34.65072250366211,1.978307739978806,76,5,1,1,1,1,1,0
9894,98.95,34.4306526184082,1.967206139535186,76,5,1,1,1,1,1,0
9895,98.96,34.284725189208984,1.7259478283168228,76,5,1,1,1,1,1,0
9896,98.97,34.45164489746094,2.0219497547232206,76,5,1,1,1,1,1,0
9897,98.98,34.502811431884766,1.7877865992000725,76,5,1,1,1,1,1,0
9898,98.99,34.987449645996094,2.137966618519316,76,5,1,1,1,1,1,0
9899,99.0,34.727115631103516,2.1717522579083157,76,5,1,1,1,1,1,0
9900,99.01,34.66732406616211,1.7898041344156883,76,5,1,1,1,1,1,0
9901,99.02,34.84061813354492,2.0958339875788883,76,5,1,1,1,1,1,0
9902,99.03,34.53727340698242,1.9348145545417952,76,5,1,1,1,1,1,0
9903,99.04,34.73603439331055,1.8902619609259663,76,5,1,1,1,1,1,0
9904,99.05,34.90253448486328,1.8520008679142954,76,5,1,1,1,1,1,0
9905,99.06,34.58597946166992,1.902865653475047,76,5,1,1,1,1,1,0
9906,99.07,35.080806732177734,1.7747071549642461,76,5,1,1,1,1,1,0
9907,99.08,35.011478424072266,1.9124890551330858,76,5,1,1,1,1,1,0
9908,99.09,35.09990692138672,1.8527268166628474,76,5,1,1,1,1,1,0
9909,99.1,35.03062057495117,1.7636895337140346,76,5,1,1,1,1,1,0
9910,99.11,34.8922233581543,1.7998313256834504,76,5,1,1,1,1,1,0
9911,99.12,34.5716552734375,1.8054678554252441,76,5,1,1,1,1,1,0
9912,99.13,35.19535827636719,1.7501407108986202,76,5,1,1,1,1,1,0
9913,99.14,35.00996780395508,2.1431060646013123,76,5,1,1,1,1,1,0
9914,99.15,35.14219284057617,1.7632871509176418,76,5,1,1,1,1,1,0
9915,99.16,35.34589767456055,1.7884888931521183,76,5,1,1,1,1,1,0
9916,99.17,35.27655029296875,1.7971363103996392,76,5,1,1,1,1,1,0
9917,99.18,35.220252990722656,2.1316855152712924,76,5,1,1,1,1,1,0
9918,99.19,35.27045440673828,2.152908367458464,76,5,1,1,1,1,1,0
9919,99.2,35.22122573852539,1.875585283416379,76,5,1,1,1,1,1,0
9920,99.21,35.02310562133789,1.9488196516562444,76,4,1,1,1,0,1,0
9921,99.22,35.4248046875,1.8995792629817345,76,4,1,1,1,0,1,0
9922,99.23,35.440040588378906,1.781964993025231,76,3,1,1,1,0,0,0
9923,99.24,35.15269088745117,1.7363443490456132,76,5,1,1,1,1,1,0
9924,99.25,35.651405334472656,1.8837476566099676,76,4,1,1,1,0,1,0
9925,99.26,35.29633712768555,1.7287608920819748,76,4,1,1,1,0,1,0
9926,99.27,35.76936340332031,2.0980294452715675,76,4,1,1,1,1,0,0
9927,99.28,35.17937469482422,1.977523344461141,76,4,1,1,1,1,0,0
9928,99.29,35.22073745727539,1.625641190079643,76,4,1,1,1,0,1,0
9929,99.3,35.26531982421875,1.7342122044524702,76,5,1,1,1,1,1,0
9930,99.31,34.935150146484375,1.7916493626460204,76,5,1,1,1,1,1,0
9931,99.32,35.16618347167969,1.8961532877918132,76,4,1,1,1,1,0,0
9932,99.33,35.217594146728516,1.863706395581745,76,5,1,1,1,1,1,0
9933,99.34,34.99192428588867,2.099784153886463,76,5,1,1,1,1,1,0
9934,99.35,34.88848876953125,1.9558358451054867,76,5,1,1,1,1,1,0
9935,99.36,34.927696228027344,1.9106588775337505,76,5,1,1,1,1,1,0
9936,99.37,34.84269332885742,2.1270396896354753,76,5,1,1,1,1,1,0
9937,99.38,35.14496994018555,2.025952971604463,76,5,1,1,1,1,1,0
9938,99.39,34.872703552246094,1.7871473147460897,76,5,1,1,1,1,1,0
9939,99.4,34.708744049072266,1.881942251800009,76,5,1,1,1,1,1,0
9940,99.41,34.7978515625,1.976106073205049,76,5,1,1,1,1,1,0
9941,99.42,34.239627838134766,2.021361711651074,76,5,1,1,1,1,1,0
9942,99.43,34.39887237548828,1.9694127124403296,76,5,1,1,1,1,1,0
9943,99.44,34.80009460449219,1.8597040437272283,76,5,1,1,1,1,1,0
9944,99.45,34.66617965698242,1.8257334709586328,76,5,1,1,1,1,1,0
9945,99.46,35.0419921875,1.7952695868332667,76,5,1,1,1,1,1,0
9946,99.47,34.81199264526367,1.8144106430948663,76,5,1,1,1,1,1,0
9947,99.48,34.86003875732422,1.8963431570065978,76,5,1,1,1,1,1,0
9948,99.49,34.39786148071289,1.9309040541466527,76,5,1,1,1,1,1,0
9949,99.5,34.546470642089844,1.8292622239209346,76,5,1,1,1,1,1,0
9950,99.51,34.44548416137695,1.7942399590504197,76,5,1,1,1,1,1,0
9951,99.52,34.686397552490234,1.9765891491964052,76,5,1,1,1,1,1,0
9952,99.53,34.915550231933594,1.8379931707589714,76,5,1,1,1,1,1,0
9953,99.54,34.6947135925293,1.8496696103032442,76,5,1,1,1,1,1,0
9954,99.55,34.75251770019531,1.7482234851092946,76,5,1,1,1,1,1,0
9955,99.56,34.461795806884766,1.849383773459976,76,5,1,1,1,1,1,0
9956,99.57,34.1486930847168,2.0611803732461422,76,5,1,1,1,1,1,0
9957,99.58,34.73053741455078,1.7093535944998353,76,5,1,1,1,1,1,0
9958,99.59,34.57733917236328,1.707569062178913,76,4,1,1,1,1,0,0
9959,99.6,35.01814651489258,1.8265260218110482,76,5,1,1,1,1,1,0
9960,99.61,34.73395538330078,1.807788775368317,76,5,1,1,1,1,1,0
9961,99.62,34.17855453491211,1.8283058441809457,76,5,1,1,1,1,1,0
9962,99.63,34.04440689086914,1.938528924638618,76,5,1,1,1,1,1,0
9963,99.64,34.18783950805664,2.015295627786464,76,5,1,1,1,1,1,0
9964,99.65,34.27113342285156,1.877393575775566,76,5,1,1,1,1,1,0
9965,99.66,34.47683334350586,1.8640270988641159,76,5,1,1,1,1,1,0
9966,99.67,34.30253219604492,1.964232807613917,76,5,1,1,1,1,1,0
9967,99.68,34.536102294921875,1.7931220220692827,76,5,1,1,1,1,1,0
9968,99.69,34.53057098388672,1.8245808991328487,76,5,1,1,1,1,1,0
9969,99.7,34.2164306640625,1.8679954627377902,76,5,1,1,1,1,1,0
9970,99.71,33.88055419921875,1.9846921114118785,76,5,1,1,1,1,1,0
9971,99.72,33.96232223510742,1.8999739388139096,76,5,1,1,1,1,1,0
9972,99.73,34.305023193359375,1.7930153588720328,76,5,1,1,1,1,1,0
9973,99.74,33.95024490356445,1.8161505725707625,76,5,1,1,1,1,1,0
9974,99.75,33.72596740722656,1.8055435435920504,76,5,1,1,1,1,1,0
9975,99.76,34.074951171875,1.6835956442139741,76,5,1,1,1,1,1,0
9976,99.77,34.26506042480469,1.829894982755983,76,5,1,1,1,1,1,0
9977,99.78,34.106929779052734,1.7645647950772874,76,5,1,1,1,1,1,0
9978,99.79,34.066837310791016,1.940455447955383,76,5,1,1,1,1,1,0
9979,99.8,34.4269905090332,1.8200237939206154,76,5,1,1,1,1,1,0
9980,99.81,34.447593688964844,1.747973328372418,76,5,1,1,1,1,1,0
9981,99.82,34.446842193603516,1.8900295947620647,76,5,1,1,1,1,1,0
9982,99.83,34.27653503417969,1.7762315695266515,76,5,1,1,1,1,1,0
9983,99.84,34.43748092651367,1.8044661656589396,76,5,1,1,1,1,1,0
9984,99.85,34.39607238769531,1.7022992649773077,76,5,1,1,1,1,1,0
9985,99.86,34.62608337402344,1.8492155191321547,76,5,1,1,1,1,1,0
9986,99.87,34.622005462646484,1.904127145082427,76,5,1,1,1,1,1,0
9987,99.88,34.98411178588867,2.0000284437133917,76,5,1,1,1,1,1,0
9988,99.89,34.89081954956055,1.7720363489516526,76,5,1,1,1,1,1,0
9989,99.9,35.4522705078125,1.781826201179301,76,5,1,1,1,1,1,0
9990,99.91,35.166473388671875,1.9537360739423577,76,5,1,1,1,1,1,0
9991,99.92,34.947776794433594,1.773812972657457,76,5,1,1,1,1,1,0
9992,99.93,35.179832458496094,1.9231771995328983,76,5,1,1,1,1,1,0
9993,99.94,34.99483871459961,1.8749681729491658,76,5,1,1,1,1,1,0
9994,99.95,35.006927490234375,1.7348229045845456,76,5,1,1,1,1,1,0
9995,99.96,35.1047248840332,1.8680964357854288,76,5,1,1,1,1,1,0
9996,99.97,35.11119079589844,1.8821817979752566,76,5,1,1,1,1,1,0
9997,99.98,34.949886322021484,1.859569079625351,76,5,1,1,1,1,1,0
9998,99.99,35.11670684814453,1.96746396683306,76,5,1,1,1,1,1,0
9999,100.0,34.81651306152344,1.977399701496758,76,5,1,1,1,1,1,0
