frame,time_ns,binder_target_com_a,min_heavy_atom_distance_a,ca_contacts_le_8a,hotspots_contacting,hotspot_45_contact,hotspot_47_contact,hotspot_48_contact,hotspot_50_contact,hotspot_52_contact,hotspot_56_contact
0,0.01,32.97689437866211,1.7080439314295173,76,5,1,1,1,1,1,0
1,0.02,32.94902801513672,1.9694916781028802,76,5,1,1,1,1,1,0
2,0.03,32.903038024902344,1.8186018828418817,76,5,1,1,1,1,1,0
3,0.04,32.90692901611328,1.7055465404078836,76,5,1,1,1,1,1,0
4,0.05,32.81135177612305,1.7803948836657346,76,5,1,1,1,1,1,0
5,0.06,33.09177780151367,1.6813353181824329,76,5,1,1,1,1,1,0
6,0.07,33.05562973022461,1.7670540271099695,76,4,0,1,1,1,1,0
7,0.08,33.1278190612793,1.9007838268849053,76,4,0,1,1,1,1,0
8,0.09,33.44465255737305,1.8315287740538266,76,4,0,1,1,1,1,0
9,0.1,33.00838088989258,1.7837565894074583,76,4,0,1,1,1,1,0
10,0.11,32.942623138427734,1.807039928851585,76,4,0,1,1,1,1,0
11,0.12,32.84562683105469,1.9359759315752973,76,4,0,1,1,1,1,0
12,0.13,32.94242477416992,1.8051053764046883,76,4,0,1,1,1,1,0
13,0.14,33.31163024902344,1.8109090901518126,76,4,0,1,1,1,1,0
14,0.15,32.646705627441406,1.877797068991734,76,4,0,1,1,1,1,0
15,0.16,32.63740921020508,1.8298098572736634,76,5,1,1,1,1,1,0
16,0.17,32.83868408203125,1.8543189241580917,76,4,0,1,1,1,1,0
17,0.18,32.588069915771484,1.8460791696963066,76,4,0,1,1,1,1,0
18,0.19,32.69542694091797,1.8188181164802142,76,3,0,0,1,1,1,0
19,0.2,32.81822967529297,1.7860869530988703,76,4,0,1,1,1,1,0
20,0.21,32.78632736206055,1.8018908644169649,76,4,0,1,1,1,1,0
21,0.22,32.77058410644531,1.7497982462593817,76,4,0,1,1,1,1,0
22,0.23,32.61898422241211,1.7625317553184725,76,4,0,1,1,1,1,0
23,0.24,32.75690460205078,1.7449633181887871,76,4,0,1,1,1,1,0
24,0.25,32.441898345947266,1.6887831402791107,76,4,0,1,1,1,1,0
25,0.26,32.45749282836914,1.8278407481336891,76,5,1,1,1,1,1,0
26,0.27,32.86357116699219,1.6847809266038596,76,5,1,1,1,1,1,0
27,0.28,32.84611511230469,1.895202805429967,76,4,0,1,1,1,1,0
28,0.29,32.819374084472656,1.6791739513077757,76,5,1,1,1,1,1,0
29,0.3,33.32921600341797,1.7997797462519296,76,5,1,1,1,1,1,0
30,0.31,33.099151611328125,1.6960565376711072,76,4,0,1,1,1,1,0
31,0.32,33.1465950012207,1.7997828407774072,76,5,1,1,1,1,1,0
32,0.33,32.91868591308594,1.8058250228308748,76,5,1,1,1,1,1,0
33,0.34,32.771644592285156,1.7733862344643065,76,5,1,1,1,1,1,0
34,0.35,33.051605224609375,1.65578469659419,76,5,1,1,1,1,1,0
35,0.36,32.954994201660156,1.9072829664942823,76,5,1,1,1,1,1,0
36,0.37,33.0286865234375,1.9155639304195728,76,5,1,1,1,1,1,0
37,0.38,33.11919403076172,1.7023507504042779,76,5,1,1,1,1,1,0
38,0.39,32.84101867675781,1.8857873153774922,76,4,0,1,1,1,1,0
39,0.4,32.96756362915039,1.8060422159409555,76,5,1,1,1,1,1,0
40,0.41,33.238582611083984,1.9385206941849698,76,5,1,1,1,1,1,0
41,0.42,33.21638488769531,1.7433604261799465,76,5,1,1,1,1,1,0
42,0.43,33.30904006958008,1.8229111179256892,76,4,0,1,1,1,1,0
43,0.44,33.09073257446289,1.7624138794575381,76,4,0,1,1,1,1,0
44,0.45,33.4462890625,1.8188771676583202,76,4,0,1,1,1,1,0
45,0.46,32.964786529541016,1.7983323149498571,76,4,0,1,1,1,1,0
46,0.47,33.16286849975586,1.982246933480614,76,5,1,1,1,1,1,0
47,0.48,33.45508575439453,1.7488587238439504,76,4,0,1,1,1,1,0
48,0.49,33.34247589111328,1.8628982245245274,76,4,0,1,1,1,1,0
49,0.5,33.1157112121582,1.8372311375048151,76,5,1,1,1,1,1,0
50,0.51,33.022247314453125,1.6192608142984568,76,5,1,1,1,1,1,0
51,0.52,32.91449737548828,1.8164839297947077,76,5,1,1,1,1,1,0
52,0.53,32.89760208129883,1.9690064200932171,76,5,1,1,1,1,1,0
53,0.54,33.38482666015625,1.88971459631547,76,5,1,1,1,1,1,0
54,0.55,32.913177490234375,1.789526684812353,76,5,1,1,1,1,1,0
55,0.56,33.437381744384766,2.0361016270895953,76,5,1,1,1,1,1,0
56,0.57,33.07608413696289,1.7511439306763197,76,5,1,1,1,1,1,0
57,0.58,33.06485366821289,2.024473216923886,76,5,1,1,1,1,1,0
58,0.59,33.06694412231445,1.8948601599160848,76,4,0,1,1,1,1,0
59,0.6,33.4370231628418,1.8911932876971769,76,5,1,1,1,1,1,0
60,0.61,33.154296875,1.8771004023301074,76,5,1,1,1,1,1,0
61,0.62,33.18510437011719,1.6926007464844217,76,4,0,1,1,1,1,0
62,0.63,33.57056427001953,1.8844903992732362,76,5,1,1,1,1,1,0
63,0.64,33.078189849853516,1.7104702906317233,76,4,0,1,1,1,1,0
64,0.65,33.08169937133789,1.905307895890707,76,4,0,1,1,1,1,0
65,0.66,32.96916961669922,1.8937820264715932,76,4,0,1,1,1,1,0
66,0.67,32.636932373046875,1.8108868393773474,76,5,1,1,1,1,1,0
67,0.68,32.56687927246094,1.7243569437692436,76,5,1,1,1,1,1,0
68,0.69,32.901248931884766,1.8037143006453802,76,5,1,1,1,1,1,0
69,0.7,32.70078659057617,1.8720655928174734,76,4,0,1,1,1,1,0
70,0.71,32.650367736816406,1.7851047602676207,76,4,0,1,1,1,1,0
71,0.72,32.6769905090332,1.8853089064866089,76,4,0,1,1,1,1,0
72,0.73,32.65883255004883,1.8327321570356154,76,5,1,1,1,1,1,0
73,0.74,32.9058952331543,1.7725088780579088,76,5,1,1,1,1,1,0
74,0.75,32.83499526977539,1.8246697180897173,76,4,0,1,1,1,1,0
75,0.76,33.04737091064453,1.8729967871690458,76,4,0,1,1,1,1,0
76,0.77,32.86795425415039,1.8788283670215167,76,4,0,1,1,1,1,0
77,0.78,32.88019561767578,1.8279473930529533,76,4,0,1,1,1,1,0
78,0.79,33.09294128417969,1.8580393673269797,76,4,0,1,1,1,1,0
79,0.8,32.7588005065918,1.7064004135126851,76,4,0,1,1,1,1,0
80,0.81,32.889183044433594,1.6924210302150324,76,4,0,1,1,1,1,0
81,0.82,32.987144470214844,1.7179612208268926,76,5,1,1,1,1,1,0
82,0.83,33.18103790283203,1.7964976828890797,76,4,0,1,1,1,1,0
83,0.84,33.28479766845703,1.8063475927920138,76,5,1,1,1,1,1,0
84,0.85,33.1920280456543,1.7856349749634735,76,4,0,1,1,1,1,0
85,0.86,33.276397705078125,1.861022455730306,76,4,0,1,1,1,1,0
86,0.87,33.0107307434082,1.773385868784454,76,4,0,1,1,1,1,0
87,0.88,33.19603729248047,1.8645621841832203,76,3,0,0,1,1,1,0
88,0.89,32.965084075927734,2.0599545305312734,76,4,0,1,1,1,1,0
89,0.9,32.7343864440918,1.8080362683687679,76,4,0,1,1,1,1,0
90,0.91,32.92462158203125,1.9657598308690432,76,4,0,1,1,1,1,0
91,0.92,32.793243408203125,1.9221315861867094,76,4,0,1,1,1,1,0
92,0.93,33.02552032470703,1.8604566313047677,76,4,0,1,1,1,1,0
93,0.94,33.21675109863281,1.9197394313429985,76,4,0,1,1,1,1,0
94,0.95,32.988319396972656,1.962395183901392,76,4,0,1,1,1,1,0
95,0.96,32.82182312011719,1.8352392222730234,76,4,0,1,1,1,1,0
96,0.97,32.71554183959961,1.9206531129265207,76,4,0,1,1,1,1,0
97,0.98,32.59636306762695,1.9087959033231299,76,4,0,1,1,1,1,0
98,0.99,32.872314453125,1.7272244082673074,76,4,0,1,1,1,1,0
99,1.0,33.07358169555664,1.8149626841055033,76,4,0,1,1,1,1,0
100,1.01,32.829586029052734,1.8681010456416194,76,4,0,1,1,1,1,0
101,1.02,32.941131591796875,1.7652495469879912,76,4,0,1,1,1,1,0
102,1.03,32.939151763916016,1.8496439278777028,76,4,0,1,1,1,1,0
103,1.04,32.752925872802734,2.050827817934527,76,4,0,1,1,1,1,0
104,1.05,32.81774139404297,1.8681774531628017,76,4,0,1,1,1,1,0
105,1.06,32.61199951171875,1.70179304101942,76,4,0,1,1,1,1,0
106,1.07,32.5977897644043,1.7951318608496776,76,4,0,1,1,1,1,0
107,1.08,32.82524871826172,1.6979075427843777,76,4,0,1,1,1,1,0
108,1.09,32.77192306518555,1.793038724982576,76,4,0,1,1,1,1,0
109,1.1,32.551673889160156,1.7436175237492226,76,5,1,1,1,1,1,0
110,1.11,32.465049743652344,1.9177603159733343,76,4,0,1,1,1,1,0
111,1.12,32.73371887207031,1.933002734806495,76,4,0,1,1,1,1,0
112,1.13,32.79124069213867,2.0022739925868516,76,4,0,1,1,1,1,0
113,1.14,32.77733612060547,1.7272011456880585,76,4,0,1,1,1,1,0
114,1.15,32.62600326538086,1.7808693183940456,76,4,0,1,1,1,1,0
115,1.16,32.7117919921875,1.8874284282600526,76,4,0,1,1,1,1,0
116,1.17,32.91181945800781,1.7626381097908974,76,4,0,1,1,1,1,0
117,1.18,33.06336975097656,1.7470846129417732,76,4,0,1,1,1,1,0
118,1.19,32.95301055908203,1.8980286862134044,76,4,0,1,1,1,1,0
119,1.2,32.836448669433594,1.8634616698901405,76,4,0,1,1,1,1,0
120,1.21,32.621803283691406,1.8591411010332661,76,4,0,1,1,1,1,0
121,1.22,32.735511779785156,1.967660652403705,76,5,1,1,1,1,1,0
122,1.23,32.89957809448242,1.9321240208207395,76,4,0,1,1,1,1,0
123,1.24,32.84002685546875,1.9988469828640287,76,4,0,1,1,1,1,0
124,1.25,33.10919189453125,1.8249653935795285,76,4,0,1,1,1,1,0
125,1.26,32.780399322509766,1.9480745248225486,76,4,0,1,1,1,1,0
126,1.27,33.14192581176758,1.7596860935141738,76,4,0,1,1,1,1,0
127,1.28,32.71973419189453,1.7934366287748056,76,4,0,1,1,1,1,0
128,1.29,32.895668029785156,1.833574559855632,76,4,0,1,1,1,1,0
129,1.3,32.479915618896484,1.7808995697686372,76,4,0,1,1,1,1,0
130,1.31,32.46902084350586,1.8418731757793372,76,4,0,1,1,1,1,0
131,1.32,32.461669921875,1.8579846405354443,76,4,0,1,1,1,1,0
132,1.33,32.62016296386719,1.938502289270412,76,4,0,1,1,1,1,0
133,1.34,32.598087310791016,1.839212433156613,76,4,0,1,1,1,1,0
134,1.35,32.71300506591797,1.7727438389194219,76,4,0,1,1,1,1,0
135,1.36,32.86846160888672,1.9277949252799051,76,4,0,1,1,1,1,0
136,1.37,33.03895950317383,1.7465988171253803,76,4,0,1,1,1,1,0
137,1.38,32.98677062988281,1.9931179467895561,76,4,0,1,1,1,1,0
138,1.39,32.78961181640625,1.7502882322293831,76,4,0,1,1,1,1,0
139,1.4,32.658512115478516,1.674575723692127,76,4,0,1,1,1,1,0
140,1.41,32.668983459472656,1.8945750905101824,76,4,0,1,1,1,1,0
141,1.42,32.75883865356445,1.8556393326206078,76,4,0,1,1,1,1,0
142,1.43,32.476009368896484,1.7306985430532067,76,5,1,1,1,1,1,0
143,1.44,32.58140563964844,2.034036239622318,76,4,0,1,1,1,1,0
144,1.45,32.84710693359375,1.9329263044713296,76,4,0,1,1,1,1,0
145,1.46,32.625492095947266,1.595616410593652,76,4,0,1,1,1,1,0
146,1.47,32.5009651184082,1.714584228120765,76,4,0,1,1,1,1,0
147,1.48,32.46613311767578,1.8376624958098269,76,4,0,1,1,1,1,0
148,1.49,32.48067855834961,1.7487709298290501,76,4,0,1,1,1,1,0
149,1.5,32.61330795288086,1.6942809154473604,76,4,0,1,1,1,1,0
150,1.51,32.58399200439453,1.5999370429052933,76,5,1,1,1,1,1,0
151,1.52,32.995506286621094,1.7265540997786444,76,4,0,1,1,1,1,0
152,1.53,32.79911804199219,1.9759573693880181,76,4,0,1,1,1,1,0
153,1.54,32.652618408203125,1.7868424886164835,76,4,0,1,1,1,1,0
154,1.55,32.9069709777832,1.7700579695186407,76,4,0,1,1,1,1,0
155,1.56,32.37069320678711,1.9081384488797877,76,4,0,1,1,1,1,0
156,1.57,32.53731155395508,1.765901862282936,76,4,0,1,1,1,1,0
157,1.58,32.394935607910156,1.812873311506006,76,5,1,1,1,1,1,0
158,1.59,32.586246490478516,1.7902268045542316,76,4,0,1,1,1,1,0
159,1.6,32.30680847167969,1.6389676655077405,76,4,0,1,1,1,1,0
160,1.61,32.51036071777344,1.8357787348362953,76,4,0,1,1,1,1,0
161,1.62,32.67488098144531,1.8773677189261206,76,4,0,1,1,1,1,0
162,1.63,32.28604507446289,1.8786688616938325,76,5,1,1,1,1,1,0
163,1.64,32.11607360839844,1.9651511983058285,76,4,0,1,1,1,1,0
164,1.65,32.289222717285156,1.6609937666874102,76,4,0,1,1,1,1,0
165,1.66,32.4445915222168,1.6950203314343548,76,4,0,1,1,1,1,0
166,1.67,32.35982894897461,1.7887134962585862,76,5,1,1,1,1,1,0
167,1.68,32.6251106262207,1.8911932070080886,76,5,1,1,1,1,1,0
168,1.69,32.77473449707031,1.9029947655662691,76,5,1,1,1,1,1,0
169,1.7,32.69124221801758,1.820028184945306,76,4,0,1,1,1,1,0
170,1.71,32.54962921142578,1.868713049487233,76,4,0,1,1,1,1,0
171,1.72,32.38983154296875,1.6741000426410961,76,4,0,1,1,1,1,0
172,1.73,32.35985565185547,1.7947152611634969,76,4,0,1,1,1,1,0
173,1.74,32.48060607910156,1.859727412941172,76,5,1,1,1,1,1,0
174,1.75,32.36320114135742,2.064599674033415,76,4,0,1,1,1,1,0
175,1.76,32.2412109375,1.628773861158519,76,5,1,1,1,1,1,0
176,1.77,32.73922348022461,1.8830797755083768,76,5,1,1,1,1,1,0
177,1.78,32.42204284667969,1.6667675957262174,76,5,1,1,1,1,1,0
178,1.79,32.84190368652344,1.7144984837181598,76,5,1,1,1,1,1,0
179,1.8,32.14509963989258,1.5428874434724669,76,5,1,1,1,1,1,0
180,1.81,32.645416259765625,1.715574680507103,76,4,0,1,1,1,1,0
181,1.82,32.37242889404297,1.8486207453892896,76,4,0,1,1,1,1,0
182,1.83,32.677268981933594,1.7767682430366785,76,4,0,1,1,1,1,0
183,1.84,32.807525634765625,1.8315615211181604,76,4,0,1,1,1,1,0
184,1.85,32.807228088378906,1.8792605500255741,76,4,0,1,1,1,1,0
185,1.86,32.941017150878906,1.821591074576996,76,4,0,1,1,1,1,0
186,1.87,32.585506439208984,1.7424938561987597,76,5,1,1,1,1,1,0
187,1.88,32.77684020996094,1.864002632402426,76,4,0,1,1,1,1,0
188,1.89,32.98801803588867,1.7722601044123556,76,4,0,1,1,1,1,0
189,1.9,33.23725891113281,1.7405172881357929,76,5,1,1,1,1,1,0
190,1.91,33.06785202026367,1.8203546501524657,76,4,0,1,1,1,1,0
191,1.92,32.854591369628906,1.7765415016356128,76,4,0,1,1,1,1,0
192,1.93,33.30730438232422,2.043353902065644,76,5,1,1,1,1,1,0
193,1.94,33.16836166381836,1.8037158656751644,76,4,0,1,1,1,1,0
194,1.95,33.17091369628906,1.951130765492526,76,4,0,1,1,1,1,0
195,1.96,32.9456901550293,1.8755548812749268,76,4,0,1,1,1,1,0
196,1.97,32.611881256103516,1.6516660290140555,76,4,0,1,1,1,1,0
197,1.98,32.76530456542969,1.7930414481791204,76,4,0,1,1,1,1,0
198,1.99,32.687320709228516,1.6978254947275397,76,4,0,1,1,1,1,0
199,2.0,32.95224380493164,1.8458044077710731,76,4,0,1,1,1,1,0
200,2.01,33.1488151550293,1.9233592195086011,76,4,0,1,1,1,1,0
201,2.02,33.26142501831055,1.78171478311543,76,4,0,1,1,1,1,0
202,2.03,33.25188446044922,1.702851947364658,76,4,0,1,1,1,1,0
203,2.04,32.83403015136719,1.7596890634382212,76,4,0,1,1,1,1,0
204,2.05,32.746795654296875,1.9531281671870897,76,4,0,1,1,1,1,0
205,2.06,32.75370407104492,1.955838970654827,76,4,0,1,1,1,1,0
206,2.07,32.73004913330078,1.9053849736008388,76,4,0,1,1,1,1,0
207,2.08,32.44956588745117,1.8420097471145054,76,4,0,1,1,1,1,0
208,2.09,32.553619384765625,1.73781002216397,76,4,0,1,1,1,1,0
209,2.1,32.927734375,1.7215097268836341,76,4,0,1,1,1,1,0
210,2.11,33.05297088623047,1.7315312447842692,76,4,0,1,1,1,1,0
211,2.12,32.94166564941406,1.9962946052364572,76,4,0,1,1,1,1,0
212,2.13,32.899959564208984,1.8305783818118215,76,4,0,1,1,1,1,0
213,2.14,33.12711715698242,1.687541997093792,76,4,0,1,1,1,1,0
214,2.15,32.83510208129883,1.9212765765172806,76,4,0,1,1,1,1,0
215,2.16,32.933536529541016,1.8210162450666956,76,4,0,1,1,1,1,0
216,2.17,33.09128189086914,1.8210408020338915,76,4,0,1,1,1,1,0
217,2.18,33.106788635253906,1.8390535574313986,76,4,0,1,1,1,1,0
218,2.19,33.10003662109375,1.7471371148734711,76,4,0,1,1,1,1,0
219,2.2,33.131004333496094,1.7470548022839045,76,4,0,1,1,1,1,0
220,2.21,32.80121994018555,1.9182551371005556,76,4,0,1,1,1,1,0
221,2.22,32.973838806152344,1.9810565048753723,76,4,0,1,1,1,1,0
222,2.23,32.93605041503906,1.9268100557613357,76,4,0,1,1,1,1,0
223,2.24,33.043006896972656,1.9630101899254162,76,5,1,1,1,1,1,0
224,2.25,32.970481872558594,1.6307373887827403,76,4,0,1,1,1,1,0
225,2.26,32.72044372558594,1.7905836353722884,76,4,0,1,1,1,1,0
226,2.27,32.58946228027344,1.8333907835488497,76,4,0,1,1,1,1,0
227,2.28,32.6969108581543,1.8877741807328843,76,4,0,1,1,1,1,0
228,2.29,33.09223556518555,1.9225481020919384,76,4,0,1,1,1,1,0
229,2.3,32.6826286315918,1.9299241314958466,76,4,0,1,1,1,1,0
230,2.31,32.864810943603516,1.6538699419642358,76,5,1,1,1,1,1,0
231,2.32,33.20668029785156,1.77834168841867,76,5,1,1,1,1,1,0
232,2.33,32.75886917114258,1.831771705866905,76,4,0,1,1,1,1,0
233,2.34,32.91975402832031,1.7393687591840237,76,4,0,1,1,1,1,0
234,2.35,33.0420036315918,2.0412975717361483,76,4,0,1,1,1,1,0
235,2.36,33.23046112060547,1.7868700983973136,76,4,0,1,1,1,1,0
236,2.37,32.86501693725586,1.9253588176087568,76,4,0,1,1,1,1,0
237,2.38,32.738948822021484,1.8149376455490107,76,4,0,1,1,1,1,0
238,2.39,33.03032302856445,1.8898183349853093,76,4,0,1,1,1,1,0
239,2.4,32.900535583496094,1.9034977538047213,76,4,0,1,1,1,1,0
240,2.41,32.9554557800293,1.8180724909711912,76,4,0,1,1,1,1,0
241,2.42,32.79149627685547,1.8033846749984237,76,4,0,1,1,1,1,0
242,2.43,33.03387451171875,1.7757871042227582,76,4,0,1,1,1,1,0
243,2.44,32.98712921142578,1.714786498906057,76,4,0,1,1,1,1,0
244,2.45,33.15541076660156,1.889548156662428,76,4,0,1,1,1,1,0
245,2.46,33.20410919189453,1.9923347701430978,76,4,0,1,1,1,1,0
246,2.47,32.87331771850586,1.7793797653256023,76,4,0,1,1,1,1,0
247,2.48,32.96826171875,2.0006226905514923,76,4,0,1,1,1,1,0
248,2.49,33.12126159667969,1.7942365785912404,76,4,0,1,1,1,1,0
249,2.5,33.11225509643555,1.9002378118164975,76,4,0,1,1,1,1,0
250,2.51,32.97343826293945,2.0083329844299977,76,4,0,1,1,1,1,0
251,2.52,33.13685607910156,1.8287700501283954,76,4,0,1,1,1,1,0
252,2.53,32.97520065307617,1.824748738593196,76,4,0,1,1,1,1,0
253,2.54,33.15068054199219,1.9157006247521602,76,4,0,1,1,1,1,0
254,2.55,33.16169738769531,1.8923548589622616,76,4,0,1,1,1,1,0
255,2.56,33.22531509399414,1.791224233024161,76,4,0,1,1,1,1,0
256,2.57,32.91781234741211,1.7676226384313565,76,4,0,1,1,1,1,0
257,2.58,33.47086715698242,1.8426353647141174,76,4,0,1,1,1,1,0
258,2.59,32.98873519897461,1.981565210533561,76,4,0,1,1,1,1,0
259,2.6,32.963043212890625,1.943037035929783,76,4,0,1,1,1,1,0
260,2.61,33.018531799316406,1.9647112452251267,76,4,0,1,1,1,1,0
261,2.62,32.8984375,1.722379545706415,76,4,0,1,1,1,1,0
262,2.63,33.172340393066406,1.8030523656435407,76,4,0,1,1,1,1,0
263,2.64,32.85448455810547,1.7907854379467525,76,4,0,1,1,1,1,0
264,2.65,32.792625427246094,1.8306827418092904,76,4,0,1,1,1,1,0
265,2.66,33.030033111572266,1.9611698645356666,76,4,0,1,1,1,1,0
266,2.67,32.945335388183594,1.9045984737160637,76,4,0,1,1,1,1,0
267,2.68,32.9719123840332,1.8602132006597112,76,4,0,1,1,1,1,0
268,2.69,33.16146469116211,1.7402899007451154,76,4,0,1,1,1,1,0
269,2.7,33.045658111572266,1.935377431727027,76,4,0,1,1,1,1,0
270,2.71,32.92084884643555,1.7891366532541415,76,4,0,1,1,1,1,0
271,2.72,32.66355514526367,1.801250777667373,76,4,0,1,1,1,1,0
272,2.73,32.91514587402344,1.7775833981637896,76,4,0,1,1,1,1,0
273,2.74,32.932857513427734,1.9891951201323936,76,4,0,1,1,1,1,0
274,2.75,33.02504348754883,1.6898799804073998,76,4,0,1,1,1,1,0
275,2.76,33.32856369018555,1.8660393158436361,76,4,0,1,1,1,1,0
276,2.77,33.139495849609375,1.8178263433991357,76,4,0,1,1,1,1,0
277,2.78,32.97013473510742,1.7645996063293723,76,4,0,1,1,1,1,0
278,2.79,32.795833587646484,1.9775735865076853,76,4,0,1,1,1,1,0
279,2.8,32.761348724365234,1.8760309177665362,76,4,0,1,1,1,1,0
280,2.81,32.895851135253906,1.825710397916621,76,4,0,1,1,1,1,0
281,2.82,32.97475814819336,1.8713341100225935,76,4,0,1,1,1,1,0
282,2.83,33.02031707763672,1.895628659295214,76,4,0,1,1,1,1,0
283,2.84,32.8783073425293,1.8501115119970355,76,4,0,1,1,1,1,0
284,2.85,33.038047790527344,1.856931453898135,76,4,0,1,1,1,1,0
285,2.86,33.00859832763672,1.8863170420276116,76,4,0,1,1,1,1,0
286,2.87,33.35020446777344,1.850004350821047,76,4,0,1,1,1,1,0
287,2.88,33.05299758911133,1.722379944368019,76,4,0,1,1,1,1,0
288,2.89,32.57734680175781,1.83978369229797,76,4,0,1,1,1,1,0
289,2.9,32.71004104614258,1.8442100045234626,76,4,0,1,1,1,1,0
290,2.91,32.77943420410156,1.747285566599032,76,4,0,1,1,1,1,0
291,2.92,33.12468338012695,1.8020224852294093,76,4,0,1,1,1,1,0
292,2.93,32.589141845703125,1.7192443855817368,76,4,0,1,1,1,1,0
293,2.94,32.76971435546875,1.6600293830209978,76,4,0,1,1,1,1,0
294,2.95,32.79800796508789,1.879068574069658,76,4,0,1,1,1,1,0
295,2.96,32.86147689819336,1.8729687157882475,76,4,0,1,1,1,1,0
296,2.97,32.73305130004883,1.6471459571307898,76,4,0,1,1,1,1,0
297,2.98,32.666141510009766,1.8790185809742659,76,4,0,1,1,1,1,0
298,2.99,32.79002380371094,1.712253525870519,76,4,0,1,1,1,1,0
299,3.0,32.88899230957031,1.9366184793764356,76,4,0,1,1,1,1,0
300,3.01,32.92057418823242,1.76014601362582,76,4,0,1,1,1,1,0
301,3.02,32.77815628051758,1.821268517402132,76,4,0,1,1,1,1,0
302,3.03,33.150630950927734,1.9209925081059382,76,4,0,1,1,1,1,0
303,3.04,32.78239059448242,1.8757942263233576,76,4,0,1,1,1,1,0
304,3.05,32.862945556640625,1.7137409546732476,76,4,0,1,1,1,1,0
305,3.06,32.67343521118164,1.6871601627235482,76,4,0,1,1,1,1,0
306,3.07,32.93627166748047,1.7334660906752828,76,4,0,1,1,1,1,0
307,3.08,32.78736114501953,1.8498920075218117,76,4,0,1,1,1,1,0
308,3.09,32.80942153930664,1.742930073145135,76,4,0,1,1,1,1,0
309,3.1,32.5767822265625,1.5660436866125529,76,4,0,1,1,1,1,0
310,3.11,32.778079986572266,1.8145249834444892,76,4,0,1,1,1,1,0
311,3.12,32.86726379394531,1.6636418271460598,76,4,0,1,1,1,1,0
312,3.13,32.755653381347656,1.8195947007338726,76,4,0,1,1,1,1,0
313,3.14,33.03224563598633,1.9841843227815927,76,4,0,1,1,1,1,0
314,3.15,32.47065734863281,1.6406694571761682,76,4,0,1,1,1,1,0
315,3.16,32.85041427612305,1.7610775215396055,76,4,0,1,1,1,1,0
316,3.17,32.366641998291016,1.8770451948034101,76,4,0,1,1,1,1,0
317,3.18,32.52045440673828,1.7379570097961952,76,4,0,1,1,1,1,0
318,3.19,32.25769805908203,1.7371529774140646,76,4,0,1,1,1,1,0
319,3.2,32.40644454956055,1.680714199302208,76,5,1,1,1,1,1,0
320,3.21,32.57530212402344,1.7975024337717855,76,4,0,1,1,1,1,0
321,3.22,32.28261947631836,1.718894988558344,76,5,1,1,1,1,1,0
322,3.23,32.261680603027344,1.8462131363818346,76,5,1,1,1,1,1,0
323,3.24,32.44659423828125,1.7252841324069341,76,5,1,1,1,1,1,0
324,3.25,32.56356430053711,1.7421214384628196,76,5,1,1,1,1,1,0
325,3.26,32.36146545410156,1.847890035428839,76,4,0,1,1,1,1,0
326,3.27,32.26362609863281,1.7566200373783902,76,5,1,1,1,1,1,0
327,3.28,32.67457962036133,1.845563674464467,76,4,0,1,1,1,1,0
328,3.29,32.45962905883789,1.7504862030376418,76,4,0,1,1,1,1,0
329,3.3,32.43901443481445,1.8613196730593813,76,5,1,1,1,1,1,0
330,3.31,32.246429443359375,1.8897913814702099,76,4,0,1,1,1,1,0
331,3.32,32.149925231933594,1.9536908227320422,76,4,0,1,1,1,1,0
332,3.33,32.66727066040039,1.7698000140870878,76,4,0,1,1,1,1,0
333,3.34,32.70632553100586,1.6051458388798592,76,4,0,1,1,1,1,0
334,3.35,32.6661491394043,1.6840748950000897,76,4,0,1,1,1,1,0
335,3.36,32.96919250488281,1.560161151876644,76,4,0,1,1,1,1,0
336,3.37,32.88309097290039,1.9360031484865943,76,4,0,1,1,1,1,0
337,3.38,32.71537399291992,1.769376328941541,76,4,0,1,1,1,1,0
338,3.39,32.5107421875,1.6818165513027135,76,4,0,1,1,1,1,0
339,3.4,32.5076904296875,1.8368980358073976,76,5,1,1,1,1,1,0
340,3.41,32.61597442626953,1.930205897287153,76,5,1,1,1,1,1,0
341,3.42,32.1190185546875,1.6994401274621367,76,5,1,1,1,1,1,0
342,3.43,32.479793548583984,1.828524946242439,76,4,0,1,1,1,1,0
343,3.44,32.237674713134766,1.9731719336830331,76,4,0,1,1,1,1,0
344,3.45,32.45603942871094,1.8566874172314274,76,5,1,1,1,1,1,0
345,3.46,32.24897384643555,1.8787741645701332,76,4,0,1,1,1,1,0
346,3.47,32.17610168457031,1.879072431258952,76,4,0,1,1,1,1,0
347,3.48,32.23163986206055,1.8867398064341805,76,5,1,1,1,1,1,0
348,3.49,31.9361629486084,1.6740983108615006,76,4,0,1,1,1,1,0
349,3.5,32.2015495300293,1.7429048533857954,76,4,0,1,1,1,1,0
350,3.51,32.27936935424805,1.6212632818077128,76,5,1,1,1,1,1,0
351,3.52,32.118431091308594,1.6507803552611908,76,4,0,1,1,1,1,0
352,3.53,32.43571090698242,1.7991351767018469,76,4,0,1,1,1,1,0
353,3.54,32.44374465942383,1.8320744389577497,76,4,0,1,1,1,1,0
354,3.55,32.52387237548828,1.644960684729026,76,5,1,1,1,1,1,0
355,3.56,32.358097076416016,1.8002486909104842,76,4,0,1,1,1,1,0
356,3.57,32.20730972290039,1.7238615123633034,76,5,1,1,1,1,1,0
357,3.58,32.500125885009766,1.7030248510205117,76,5,1,1,1,1,1,0
358,3.59,32.50117492675781,1.9940207764306956,76,5,1,1,1,1,1,0
359,3.6,32.65913772583008,2.0157842059561943,76,4,0,1,1,1,1,0
360,3.61,32.59181594848633,1.9375202635730606,76,4,0,1,1,1,1,0
361,3.62,32.5374641418457,1.8873799905595856,76,5,1,1,1,1,1,0
362,3.63,32.61713790893555,1.6577367175842075,76,5,1,1,1,1,1,0
363,3.64,32.42344284057617,1.8442901320921063,76,4,0,1,1,1,1,0
364,3.65,32.329376220703125,1.984188571618567,76,4,0,1,1,1,1,0
365,3.66,32.696529388427734,1.8489968676345794,76,4,0,1,1,1,1,0
366,3.67,32.5152702331543,1.8420136612032787,76,4,0,1,1,1,1,0
367,3.68,32.93558120727539,1.8417367185987195,76,4,0,1,1,1,1,0
368,3.69,32.612789154052734,1.841032953982299,76,5,1,1,1,1,1,0
369,3.7,32.51450729370117,1.9288317529421253,76,5,1,1,1,1,1,0
370,3.71,32.8515625,1.9507388768229612,76,4,0,1,1,1,1,0
371,3.72,32.82743453979492,1.8594858562436793,76,4,0,1,1,1,1,0
372,3.73,32.75462341308594,1.8845109510720415,76,5,1,1,1,1,1,0
373,3.74,32.778255462646484,2.102760362325296,76,4,0,1,1,1,1,0
374,3.75,32.814788818359375,1.763806205090174,76,4,0,1,1,1,1,0
375,3.76,32.80571365356445,1.8665751373926194,76,4,0,1,1,1,1,0
376,3.77,32.825748443603516,1.7894673472481395,76,4,0,1,1,1,1,0
377,3.78,32.748905181884766,1.7652514054490407,76,5,1,1,1,1,1,0
378,3.79,32.79380416870117,1.7802273088784157,76,4,0,1,1,1,1,0
379,3.8,32.9991455078125,1.8964748503333977,76,4,0,1,1,1,1,0
380,3.81,32.855743408203125,1.9335182040245116,76,5,1,1,1,1,1,0
381,3.82,32.78155517578125,1.7099748736882634,76,4,0,1,1,1,1,0
382,3.83,32.881351470947266,1.954126326918721,76,4,0,1,1,1,1,0
383,3.84,32.84135437011719,1.9293556916818093,76,5,1,1,1,1,1,0
384,3.85,32.59776306152344,1.8658280231722089,76,4,0,1,1,1,1,0
385,3.86,32.81779479980469,2.0218333190714874,76,4,0,1,1,1,1,0
386,3.87,32.6371955871582,1.8651563432655505,76,4,0,1,1,1,1,0
387,3.88,32.728546142578125,1.925953755903385,76,4,0,1,1,1,1,0
388,3.89,32.734107971191406,1.964507671933082,76,4,0,1,1,1,1,0
389,3.9,32.90789031982422,1.898316773748575,76,4,0,1,1,1,1,0
390,3.91,32.75232696533203,1.9192194265927944,76,4,0,1,1,1,1,0
391,3.92,32.566165924072266,1.924605796978813,76,4,0,1,1,1,1,0
392,3.93,32.49380874633789,1.8710965594034044,76,4,0,1,1,1,1,0
393,3.94,32.269622802734375,1.7479944213597398,76,4,0,1,1,1,1,0
394,3.95,32.665916442871094,1.7476245945970612,76,4,0,1,1,1,1,0
395,3.96,32.770992279052734,1.997724984765208,76,4,0,1,1,1,1,0
396,3.97,32.71351623535156,1.8848353144505468,76,4,0,1,1,1,1,0
397,3.98,32.31941223144531,1.8620676742780293,76,4,0,1,1,1,1,0
398,3.99,32.69474411010742,1.8681027609407448,76,4,0,1,1,1,1,0
399,4.0,32.41073989868164,1.8553168761884706,76,4,0,1,1,1,1,0
400,4.01,32.503822326660156,2.0444555051121447,76,4,0,1,1,1,1,0
401,4.02,32.38440704345703,1.868851251933879,76,4,0,1,1,1,1,0
402,4.03,32.54939651489258,1.9073050327124268,76,4,0,1,1,1,1,0
403,4.04,32.55416488647461,1.8024960314522336,76,4,0,1,1,1,1,0
404,4.05,32.516109466552734,1.7961304308323167,76,4,0,1,1,1,1,0
405,4.06,32.72325134277344,1.9559657318015025,76,4,0,1,1,1,1,0
406,4.07,32.52063751220703,1.94015421067812,76,4,0,1,1,1,1,0
407,4.08,32.4175910949707,1.9648446368744028,76,4,0,1,1,1,1,0
408,4.09,32.65304946899414,1.9708623503270224,76,4,0,1,1,1,1,0
409,4.1,32.48960494995117,1.940337528090161,76,4,0,1,1,1,1,0
410,4.11,32.3573112487793,1.805988659392166,76,4,0,1,1,1,1,0
411,4.12,32.56879425048828,1.8003078426461387,76,4,0,1,1,1,1,0
412,4.13,32.3881721496582,1.7969700739145653,76,4,0,1,1,1,1,0
413,4.14,32.552303314208984,1.859090161688219,76,4,0,1,1,1,1,0
414,4.15,32.4154052734375,1.735745689368443,76,4,0,1,1,1,1,0
415,4.16,32.59475326538086,1.791231537733037,76,4,0,1,1,1,1,0
416,4.17,32.174312591552734,1.8439364949774453,76,4,0,1,1,1,1,0
417,4.18,32.483421325683594,1.8828436865350093,76,4,0,1,1,1,1,0
418,4.19,32.723541259765625,2.001900862125722,76,4,0,1,1,1,1,0
419,4.2,32.4190559387207,1.8626896679506493,76,5,1,1,1,1,1,0
420,4.21,32.35675811767578,1.755590759141418,76,4,0,1,1,1,1,0
421,4.22,32.66407775878906,1.9244961831903153,76,4,0,1,1,1,1,0
422,4.23,32.599609375,1.8076484790155878,76,4,0,1,1,1,1,0
423,4.24,32.41653060913086,1.8322156132396987,76,4,0,1,1,1,1,0
424,4.25,32.37092971801758,1.9510280188202063,76,4,0,1,1,1,1,0
425,4.26,32.9150505065918,1.921902259410216,76,4,0,1,1,1,1,0
426,4.27,33.0584716796875,1.8761865402702762,76,4,0,1,1,1,1,0
427,4.28,32.75089645385742,1.9334174611891823,76,4,0,1,1,1,1,0
428,4.29,33.29468536376953,1.8957352335761224,76,4,0,1,1,1,1,0
429,4.3,33.02005386352539,1.9563972588404133,76,4,0,1,1,1,1,0
430,4.31,33.06316375732422,1.908137429305069,76,4,0,1,1,1,1,0
431,4.32,33.0809326171875,2.161622667112784,76,4,0,1,1,1,1,0
432,4.33,32.91923522949219,2.055287715331698,76,4,0,1,1,1,1,0
433,4.34,32.83077621459961,2.137523203943338,76,4,0,1,1,1,1,0
434,4.35,32.58994674682617,1.9034948880160174,76,4,0,1,1,1,1,0
435,4.36,32.99043655395508,2.04176482661114,76,4,0,1,1,1,1,0
436,4.37,32.82379913330078,1.8915348428973002,76,4,0,1,1,1,1,0
437,4.38,32.56825637817383,2.0215792369101373,76,5,1,1,1,1,1,0
438,4.39,32.844329833984375,1.777867716385857,76,4,0,1,1,1,1,0
439,4.4,32.82374954223633,1.8712550181700423,76,4,0,1,1,1,1,0
440,4.41,32.66941452026367,1.8246405268933445,76,4,0,1,1,1,1,0
441,4.42,32.768096923828125,1.9705291246629486,76,4,0,1,1,1,1,0
442,4.43,32.6975212097168,1.8754749911090223,76,4,0,1,1,1,1,0
443,4.44,32.46441650390625,2.029331763269967,76,5,1,1,1,1,1,0
444,4.45,32.82879638671875,2.1341292474116607,76,4,0,1,1,1,1,0
445,4.46,32.802467346191406,1.8155981468580455,76,5,1,1,1,1,1,0
446,4.47,32.49882507324219,1.8507831899354932,76,4,0,1,1,1,1,0
447,4.48,32.88102340698242,1.9358698582714953,76,5,1,1,1,1,1,0
448,4.49,32.67015838623047,1.9416778466438485,76,4,0,1,1,1,1,0
449,4.5,32.67711639404297,1.8310962832852242,76,5,1,1,1,1,1,0
450,4.51,32.71511459350586,1.9427301462607902,76,5,1,1,1,1,1,0
451,4.52,32.677677154541016,1.8517314318429419,76,5,1,1,1,1,1,0
452,4.53,32.438316345214844,1.899498937292253,76,5,1,1,1,1,1,0
453,4.54,32.435302734375,1.9405642831274503,76,5,1,1,1,1,1,0
454,4.55,32.52915573120117,1.8087024113618315,76,5,1,1,1,1,1,0
455,4.56,32.78962707519531,1.8385588384132416,76,5,1,1,1,1,1,0
456,4.57,32.6600341796875,1.9518431567084065,76,5,1,1,1,1,1,0
457,4.58,32.90150451660156,2.050030857515572,76,5,1,1,1,1,1,0
458,4.59,33.00952911376953,1.8978426287974728,76,4,0,1,1,1,1,0
459,4.6,32.74016189575195,1.9813362359868316,76,5,1,1,1,1,1,0
460,4.61,32.61448287963867,1.9947420088245615,76,4,0,1,1,1,1,0
461,4.62,33.04068374633789,2.031226703598753,76,4,0,1,1,1,1,0
462,4.63,33.04143524169922,2.1760067593824854,76,4,0,1,1,1,1,0
463,4.64,32.94792556762695,1.9024722292026932,76,4,0,1,1,1,1,0
464,4.65,33.50609588623047,1.950667404602516,76,4,0,1,1,1,1,0
465,4.66,33.16740798950195,1.9916789148700451,76,4,0,1,1,1,1,0
466,4.67,33.18601608276367,1.8933060205328323,76,4,0,1,1,1,1,0
467,4.68,33.20673370361328,2.0479258618699623,76,4,0,1,1,1,1,0
468,4.69,32.845054626464844,1.9440442033047123,76,4,0,1,1,1,1,0
469,4.7,33.17959213256836,2.070291311803956,76,4,0,1,1,1,1,0
470,4.71,33.044891357421875,1.9418836364548082,76,4,0,1,1,1,1,0
471,4.72,33.31936264038086,1.8743019208428524,76,4,0,1,1,1,1,0
472,4.73,33.10411834716797,2.0708718068226117,76,4,0,1,1,1,1,0
473,4.74,33.148197174072266,1.9294804758326347,76,4,0,1,1,1,1,0
474,4.75,33.00032424926758,1.8992078555387126,76,4,0,1,1,1,1,0
475,4.76,32.56935501098633,1.9678912181738282,76,4,0,1,1,1,1,0
476,4.77,32.95344924926758,1.8223577900765489,76,4,0,1,1,1,1,0
477,4.78,32.81025695800781,1.9422154524312885,76,4,0,1,1,1,1,0
478,4.79,32.6599235534668,1.7794362236202916,76,5,1,1,1,1,1,0
479,4.8,32.91640090942383,1.7342163893226379,76,4,0,1,1,1,1,0
480,4.81,33.28271484375,1.8075641313663673,76,5,1,1,1,1,1,0
481,4.82,33.226097106933594,1.8365442007872546,76,4,0,1,1,1,1,0
482,4.83,33.436439514160156,1.988288717908567,76,4,0,1,1,1,1,0
483,4.84,33.691368103027344,2.0748488589476026,76,4,0,1,1,1,1,0
484,4.85,33.644798278808594,1.8973625750581542,76,4,0,1,1,1,1,0
485,4.86,33.68972396850586,1.8718200035692947,76,4,0,1,1,1,1,0
486,4.87,33.47683334350586,1.8254566497214024,76,4,0,1,1,1,1,0
487,4.88,33.658199310302734,1.7642598834716692,76,4,0,1,1,1,1,0
488,4.89,33.55537033081055,1.8549672949039304,76,4,0,1,1,1,1,0
489,4.9,33.499385833740234,1.7661549225545987,76,4,0,1,1,1,1,0
490,4.91,33.85759735107422,1.769633699445864,76,4,0,1,1,1,1,0
491,4.92,33.417964935302734,1.9310344868659883,76,4,0,1,1,1,1,0
492,4.93,33.44221115112305,1.8939098392944942,76,4,0,1,1,1,1,0
493,4.94,33.626277923583984,1.7997773299810038,76,4,0,1,1,1,1,0
494,4.95,33.658668518066406,2.017947216363886,76,4,0,1,1,1,1,0
495,4.96,33.93891143798828,2.0447517725684876,76,4,0,1,1,1,1,0
496,4.97,33.679508209228516,1.7933499960700452,76,4,0,1,1,1,1,0
497,4.98,33.54564666748047,2.0364920235471646,76,4,0,1,1,1,1,0
498,4.99,33.345703125,1.9961207457532653,76,5,1,1,1,1,1,0
499,5.0,33.49073791503906,2.031035901430647,76,4,0,1,1,1,1,0
500,5.01,33.63164520263672,2.0286431236116305,76,4,0,1,1,1,1,0
501,5.02,33.75916290283203,1.9525640796112844,76,5,1,1,1,1,1,0
502,5.03,33.35908126831055,2.0350160895312617,76,4,0,1,1,1,1,0
503,5.04,33.296897888183594,1.84743372074906,76,4,0,1,1,1,1,0
504,5.05,33.13832092285156,2.114783781654014,76,4,0,1,1,1,1,0
505,5.06,33.3897705078125,1.8671106417241015,76,5,1,1,1,1,1,0
506,5.07,33.067893981933594,1.8635443472614914,76,5,1,1,1,1,1,0
507,5.08,33.37259292602539,2.0667398958306014,76,4,0,1,1,1,1,0
508,5.09,33.51797866821289,1.9857995494215472,76,5,1,1,1,1,1,0
509,5.1,33.458309173583984,1.84802566669528,76,5,1,1,1,1,1,0
510,5.11,33.31554412841797,2.1021122603786884,76,5,1,1,1,1,1,0
511,5.12,33.43373489379883,1.8646698794095635,76,5,1,1,1,1,1,0
512,5.13,33.17878723144531,1.8625535889197935,76,4,0,1,1,1,1,0
513,5.14,33.090904235839844,1.909186211228658,76,4,0,1,1,1,1,0
514,5.15,33.07544708251953,1.7927309108403504,76,4,0,1,1,1,1,0
515,5.16,33.26411819458008,1.9945150251552834,76,5,1,1,1,1,1,0
516,5.17,33.07500076293945,1.9960453944755197,76,5,1,1,1,1,1,0
517,5.18,33.03648376464844,1.7208099640618137,76,5,1,1,1,1,1,0
518,5.19,33.5361442565918,2.050316272436739,76,4,0,1,1,1,1,0
519,5.2,33.33856201171875,2.0071848301667314,76,4,0,1,1,1,1,0
520,5.21,33.384857177734375,1.8455641705331534,76,4,0,1,1,1,1,0
521,5.22,33.2950439453125,2.1087696852879194,76,4,0,1,1,1,1,0
522,5.23,33.18616485595703,1.992811323134233,76,4,0,1,1,1,1,0
523,5.24,33.43535614013672,2.165389987290388,76,4,0,1,1,1,1,0
524,5.25,33.458641052246094,2.0763945141770366,76,4,0,1,1,1,1,0
525,5.26,33.24704360961914,2.200568489839602,76,4,0,1,1,1,1,0
526,5.27,33.23396301269531,2.184355299615297,76,4,0,1,1,1,1,0
527,5.28,33.08450698852539,1.807346044714475,76,4,0,1,1,1,1,0
528,5.29,33.470245361328125,2.0408554677020727,76,5,1,1,1,1,1,0
529,5.3,33.61726379394531,1.99882086976506,76,5,1,1,1,1,1,0
530,5.31,33.17393493652344,2.0328109131854917,76,4,0,1,1,1,1,0
531,5.32,33.251468658447266,1.872775300473905,76,4,0,1,1,1,1,0
532,5.33,33.11027526855469,1.7547906543213978,76,4,0,1,1,1,1,0
533,5.34,33.20446014404297,2.018269777992945,76,4,0,1,1,1,1,0
534,5.35,33.133827209472656,2.011188353933892,76,4,0,1,1,1,1,0
535,5.36,32.878475189208984,1.8319644319191066,76,4,0,1,1,1,1,0
536,5.37,33.08290100097656,2.0058931898351915,76,4,0,1,1,1,1,0
537,5.38,33.53196716308594,2.2890145526150527,76,5,1,1,1,1,1,0
538,5.39,33.242210388183594,2.0750162323544554,76,4,0,1,1,1,1,0
539,5.4,32.885501861572266,2.2260514737059633,76,4,0,1,1,1,1,0
540,5.41,32.739280700683594,2.155412563122792,76,4,0,1,1,1,1,0
541,5.42,32.69856262207031,1.9077496262596152,76,4,0,1,1,1,1,0
542,5.43,33.042030334472656,2.118633329260987,76,4,0,1,1,1,1,0
543,5.44,32.84669494628906,1.8085908983523962,76,4,0,1,1,1,1,0
544,5.45,32.92387771606445,2.065046004925096,76,4,0,1,1,1,1,0
545,5.46,33.177120208740234,1.8357806465659636,76,4,0,1,1,1,1,0
546,5.47,32.944313049316406,2.185544561969692,76,4,0,1,1,1,1,0
547,5.48,32.930564880371094,2.2925545343037013,76,4,0,1,1,1,1,0
548,5.49,33.044925689697266,1.9345494205642904,76,4,0,1,1,1,1,0
549,5.5,32.88499450683594,1.8873516480210224,76,4,0,1,1,1,1,0
550,5.51,33.30664825439453,1.8907426019175915,76,4,0,1,1,1,1,0
551,5.52,32.59059143066406,1.7927879487475678,76,5,1,1,1,1,1,0
552,5.53,32.650535583496094,1.9720558376188708,76,4,0,1,1,1,1,0
553,5.54,32.82438278198242,1.7268196862021044,76,4,0,1,1,1,1,0
554,5.55,32.61600112915039,1.823543810843355,76,4,0,1,1,1,1,0
555,5.56,32.82630920410156,1.8351058887879588,76,4,0,1,1,1,1,0
556,5.57,33.12705993652344,1.8032424917128855,76,4,0,1,1,1,1,0
557,5.58,32.93448257446289,1.994317937147895,76,4,0,1,1,1,1,0
558,5.59,33.08567810058594,1.5958069571125315,76,4,0,1,1,1,1,0
559,5.6,33.08744430541992,1.6529077485667,76,4,0,1,1,1,1,0
560,5.61,33.174686431884766,1.8462367176816874,76,4,0,1,1,1,1,0
561,5.62,32.700401306152344,1.81557267583648,76,4,0,1,1,1,1,0
562,5.63,32.894290924072266,1.85983401389509,76,4,0,1,1,1,1,0
563,5.64,32.69949722290039,1.7682750922194497,76,4,0,1,1,1,1,0
564,5.65,32.66628646850586,1.6567719346427672,76,4,0,1,1,1,1,0
565,5.66,33.089012145996094,1.8725924378667966,76,4,0,1,1,1,1,0
566,5.67,33.19884490966797,1.7828065841289573,76,4,0,1,1,1,1,0
567,5.68,33.000038146972656,2.018736542743143,76,4,0,1,1,1,1,0
568,5.69,33.28934097290039,1.9191136396450716,76,4,0,1,1,1,1,0
569,5.7,33.012184143066406,1.8430702600297095,76,4,0,1,1,1,1,0
570,5.71,33.290504455566406,2.023384947438399,76,4,0,1,1,1,1,0
571,5.72,33.29583740234375,2.147858626563049,76,4,0,1,1,1,1,0
572,5.73,33.194740295410156,2.1175680815799316,76,4,0,1,1,1,1,0
573,5.74,33.12253189086914,2.2744910077877396,76,4,0,1,1,1,1,0
574,5.75,32.782955169677734,1.9474365404279659,76,4,0,1,1,1,1,0
575,5.76,32.78022766113281,1.9838552384383945,76,4,0,1,1,1,1,0
576,5.77,33.26112747192383,1.7197095758919827,76,4,0,1,1,1,1,0
577,5.78,32.874969482421875,1.9721554190989483,76,4,0,1,1,1,1,0
578,5.79,33.098915100097656,2.0234900904191497,76,4,0,1,1,1,1,0
579,5.8,33.14162063598633,1.8783777607530874,76,4,0,1,1,1,1,0
580,5.81,33.06730651855469,1.8222470499211372,76,4,0,1,1,1,1,0
581,5.82,32.96995162963867,1.9367493151171287,76,5,1,1,1,1,1,0
582,5.83,33.22134780883789,1.8178303305361376,76,4,0,1,1,1,1,0
583,5.84,32.739498138427734,2.0023508240719203,76,4,0,1,1,1,1,0
584,5.85,33.007083892822266,2.1832286912598047,76,4,0,1,1,1,1,0
585,5.86,33.22651672363281,2.0309112901233446,76,4,0,1,1,1,1,0
586,5.87,33.16891098022461,2.19747342629101,76,4,0,1,1,1,1,0
587,5.88,33.320796966552734,1.9664469555994781,76,4,0,1,1,1,1,0
588,5.89,33.292633056640625,2.2598668003509745,76,4,0,1,1,1,1,0
589,5.9,33.27613830566406,2.0121917473446427,76,4,0,1,1,1,1,0
590,5.91,33.16282272338867,1.6854989066593924,76,4,0,1,1,1,1,0
591,5.92,33.169376373291016,1.9831822433537194,76,4,0,1,1,1,1,0
592,5.93,33.10529327392578,2.052728304891006,76,4,0,1,1,1,1,0
593,5.94,33.306854248046875,2.127581054012147,76,4,0,1,1,1,1,0
594,5.95,33.28510284423828,1.9925083473281326,76,4,0,1,1,1,1,0
595,5.96,32.994327545166016,2.0377679941128335,76,4,0,1,1,1,1,0
596,5.97,33.34788131713867,1.9578787508203552,76,4,0,1,1,1,1,0
597,5.98,33.214664459228516,2.1351096967983914,76,4,0,1,1,1,1,0
598,5.99,32.98308181762695,2.0573016692020225,76,4,0,1,1,1,1,0
599,6.0,33.112545013427734,1.9726352613409242,76,4,0,1,1,1,1,0
600,6.01,32.922271728515625,1.9310379439360514,76,4,0,1,1,1,1,0
601,6.02,32.953128814697266,2.130844469617491,76,4,0,1,1,1,1,0
602,6.03,33.06532287597656,1.8768627075689581,76,4,0,1,1,1,1,0
603,6.04,33.148582458496094,1.981461789535527,76,4,0,1,1,1,1,0
604,6.05,33.230892181396484,2.0306419575240673,76,4,0,1,1,1,1,0
605,6.06,32.86404800415039,1.9381920048570986,76,4,0,1,1,1,1,0
606,6.07,33.31618881225586,1.9690843946551861,76,4,0,1,1,1,1,0
607,6.08,33.2064094543457,1.929146489197515,76,4,0,1,1,1,1,0
608,6.09,33.61885452270508,2.26611740069972,76,4,0,1,1,1,1,0
609,6.1,33.258033752441406,1.985826352408265,76,4,0,1,1,1,1,0
610,6.11,33.492523193359375,1.8577381549228178,76,4,0,1,1,1,1,0
611,6.12,33.718711853027344,1.9304406203720934,76,4,0,1,1,1,1,0
612,6.13,33.61207962036133,1.8669255896508379,76,4,0,1,1,1,1,0
613,6.14,33.70068359375,1.7715845220521318,76,4,0,1,1,1,1,0
614,6.15,33.307987213134766,1.67403939376226,76,4,0,1,1,1,1,0
615,6.16,33.33430099487305,2.1412357049733983,76,4,0,1,1,1,1,0
616,6.17,33.04655075073242,2.2076731581781783,76,4,0,1,1,1,1,0
617,6.18,33.41553497314453,1.8187044550460385,76,4,0,1,1,1,1,0
618,6.19,33.20659255981445,2.0452132582530274,76,4,0,1,1,1,1,0
619,6.2,33.494686126708984,1.988518311475947,76,4,0,1,1,1,1,0
620,6.21,33.29657745361328,2.131316081616237,76,4,0,1,1,1,1,0
621,6.22,32.93065643310547,2.34234413370397,76,4,0,1,1,1,1,0
622,6.23,32.84489822387695,1.9714506774098801,76,4,0,1,1,1,1,0
623,6.24,32.849082946777344,2.066033402101937,76,4,0,1,1,1,1,0
624,6.25,33.08452224731445,1.9221632659904655,76,4,0,1,1,1,1,0
625,6.26,32.778987884521484,1.9200249765796538,76,4,0,1,1,1,1,0
626,6.27,32.928321838378906,2.1224976829656295,76,4,0,1,1,1,1,0
627,6.28,32.78729248046875,1.9241098730883,76,4,0,1,1,1,1,0
628,6.29,32.77409362792969,1.848186309905526,76,4,0,1,1,1,1,0
629,6.3,32.70291519165039,2.1239137777022576,76,5,1,1,1,1,1,0
630,6.31,33.11042404174805,1.810553989671619,76,4,0,1,1,1,1,0
631,6.32,33.026065826416016,1.8705637664500991,76,4,0,1,1,1,1,0
632,6.33,33.032291412353516,1.8171693180498036,76,5,1,1,1,1,1,0
633,6.34,33.33632278442383,1.9057801835243524,76,5,1,1,1,1,1,0
634,6.35,33.286502838134766,2.0148953310769904,76,5,1,1,1,1,1,0
635,6.36,33.230106353759766,1.963362533452122,76,4,0,1,1,1,1,0
636,6.37,33.080020904541016,1.7260659954982611,76,5,1,1,1,1,1,0
637,6.38,33.2643928527832,1.910106218993192,76,5,1,1,1,1,1,0
638,6.39,33.059974670410156,1.8517235623654613,76,5,1,1,1,1,1,0
639,6.4,33.175724029541016,1.9481772902002048,76,5,1,1,1,1,1,0
640,6.41,32.973880767822266,1.9402559799747756,76,5,1,1,1,1,1,0
641,6.42,32.85273361206055,1.7605162652450044,76,5,1,1,1,1,1,0
642,6.43,33.118896484375,1.8213456119762583,76,5,1,1,1,1,1,0
643,6.44,33.433265686035156,1.9533811543023947,76,4,0,1,1,1,1,0
644,6.45,33.21055603027344,1.9321246526133926,76,5,1,1,1,1,1,0
645,6.46,33.26971435546875,1.992312381969089,76,4,0,1,1,1,1,0
646,6.47,32.73069763183594,1.9662136983013396,76,5,1,1,1,1,1,0
647,6.48,32.969974517822266,1.9807325630245196,76,5,1,1,1,1,1,0
648,6.49,32.97264862060547,1.8858716638245747,76,4,0,1,1,1,1,0
649,6.5,33.06273651123047,2.1539994794188604,76,4,0,1,1,1,1,0
650,6.51,33.0953369140625,1.9026283956763175,76,4,0,1,1,1,1,0
651,6.52,32.885555267333984,1.9003744844622803,76,4,0,1,1,1,1,0
652,6.53,33.12979507446289,2.22004386171458,76,4,0,1,1,1,1,0
653,6.54,32.89659881591797,1.9214552228321742,76,4,0,1,1,1,1,0
654,6.55,32.81901168823242,1.89636666811081,76,4,0,1,1,1,1,0
655,6.56,33.07318878173828,1.8085610046995446,76,5,1,1,1,1,1,0
656,6.57,32.823272705078125,1.6183346767157472,76,4,0,1,1,1,1,0
657,6.58,33.09434127807617,1.921173662843324,76,4,0,1,1,1,1,0
658,6.59,32.94856643676758,2.0827882579751202,76,4,0,1,1,1,1,0
659,6.6,32.68769454956055,1.881144237096888,76,4,0,1,1,1,1,0
660,6.61,32.86548614501953,2.0126130005801444,76,4,0,1,1,1,1,0
661,6.62,33.14788818359375,2.032019019090942,76,4,0,1,1,1,1,0
662,6.63,33.43332290649414,1.8785908299806653,76,4,0,1,1,1,1,0
663,6.64,33.4460563659668,1.770507718991718,76,4,0,1,1,1,1,0
664,6.65,33.468055725097656,1.863677406461645,76,4,0,1,1,1,1,0
665,6.66,33.549720764160156,2.0229917575859853,76,4,0,1,1,1,1,0
666,6.67,33.69135665893555,1.822388838951559,76,4,0,1,1,1,1,0
667,6.68,33.4846305847168,1.823977255832073,76,4,0,1,1,1,1,0
668,6.69,33.43478012084961,1.944300314765326,76,4,0,1,1,1,1,0
669,6.7,33.3239631652832,1.8309567311310995,76,5,1,1,1,1,1,0
670,6.71,33.16728210449219,1.8679155606928601,76,4,0,1,1,1,1,0
671,6.72,32.89768600463867,1.805543078784159,76,4,0,1,1,1,1,0
672,6.73,33.19440841674805,1.9972732930926667,76,4,0,1,1,1,1,0
673,6.74,33.465370178222656,2.247843066078379,76,4,0,1,1,1,1,0
674,6.75,33.39736557006836,2.0028519880036604,76,4,0,1,1,1,1,0
675,6.76,33.18143081665039,1.9668047154219632,76,5,1,1,1,1,1,0
676,6.77,33.57107162475586,2.1896074934512493,76,4,0,1,1,1,1,0
677,6.78,33.393218994140625,1.7323162119149713,76,4,0,1,1,1,1,0
678,6.79,33.440425872802734,1.9485897266021723,76,4,0,1,1,1,1,0
679,6.8,33.34877014160156,1.8798668915752517,76,4,0,1,1,1,1,0
680,6.81,33.4401741027832,1.7683910889461911,76,4,0,1,1,1,1,0
681,6.82,33.54887771606445,2.2177701917543833,76,4,0,1,1,1,1,0
682,6.83,33.36570358276367,1.779322533440962,76,4,0,1,1,1,1,0
683,6.84,33.79487991333008,1.8301130816492601,76,4,0,1,1,1,1,0
684,6.85,33.63125228881836,2.21135721433463,76,4,0,1,1,1,1,0
685,6.86,33.6556510925293,1.7503413354757613,76,4,0,1,1,1,1,0
686,6.87,33.42943572998047,1.7795766005464266,76,4,0,1,1,1,1,0
687,6.88,33.23479080200195,2.0280523283163157,76,4,0,1,1,1,1,0
688,6.89,33.329566955566406,1.791565187975701,76,4,0,1,1,1,1,0
689,6.9,33.20018005371094,1.9226593150068674,76,4,0,1,1,1,1,0
690,6.91,33.24681854248047,2.0312795423043792,76,4,0,1,1,1,1,0
691,6.92,33.35858154296875,1.853936186162254,76,4,0,1,1,1,1,0
692,6.93,33.53729248046875,1.9884656410105699,76,4,0,1,1,1,1,0
693,6.94,33.22179412841797,2.0172737949657593,76,4,0,1,1,1,1,0
694,6.95,32.9282112121582,2.0823525813254484,76,4,0,1,1,1,1,0
695,6.96,33.15999984741211,2.1690099533811993,76,4,0,1,1,1,1,0
696,6.97,33.21617126464844,2.28740416213105,76,4,0,1,1,1,1,0
697,6.98,33.394412994384766,1.910132047073643,76,4,0,1,1,1,1,0
698,6.99,33.234825134277344,2.0199522152546727,76,4,0,1,1,1,1,0
699,7.0,33.220787048339844,2.1902757124553536,76,4,0,1,1,1,1,0
700,7.01,32.97047424316406,1.8326507747829084,76,4,0,1,1,1,1,0
701,7.02,33.20805358886719,1.8665742177351181,76,4,0,1,1,1,1,0
702,7.03,33.1462516784668,1.8738758210357183,76,4,0,1,1,1,1,0
703,7.04,32.84946823120117,1.852241276894318,76,4,0,1,1,1,1,0
704,7.05,32.848052978515625,2.1672812620612465,76,4,0,1,1,1,1,0
705,7.06,32.91693115234375,1.953255631570999,76,4,0,1,1,1,1,0
706,7.07,32.839080810546875,2.134479245145663,76,4,0,1,1,1,1,0
707,7.08,32.93016052246094,1.893306947358225,76,4,0,1,1,1,1,0
708,7.09,33.18355941772461,2.0189096072413615,76,5,1,1,1,1,1,0
709,7.1,32.90711975097656,1.8387202049798697,76,4,0,1,1,1,1,0
710,7.11,33.06033706665039,2.008631693140977,76,4,0,1,1,1,1,0
711,7.12,32.99229431152344,2.153831053023842,76,4,0,1,1,1,1,0
712,7.13,33.223419189453125,2.1504131193592624,76,4,0,1,1,1,1,0
713,7.14,33.020263671875,1.9418028604885138,76,5,1,1,1,1,1,0
714,7.15,33.5771369934082,2.1877174152615875,76,4,0,1,1,1,1,0
715,7.16,32.95390319824219,2.0757825716961236,76,5,1,1,1,1,1,0
716,7.17,33.16677474975586,1.8896029988890668,76,5,1,1,1,1,1,0
717,7.18,33.29886245727539,1.929425857616886,76,4,0,1,1,1,1,0
718,7.19,33.6534423828125,2.245906080479565,76,4,0,1,1,1,1,0
719,7.2,33.4389533996582,2.1118966459661404,76,5,1,1,1,1,1,0
720,7.21,33.28988265991211,2.1517685519161756,76,5,1,1,1,1,1,0
721,7.22,33.423160552978516,1.8828161671737442,76,4,0,1,1,1,1,0
722,7.23,33.71695327758789,1.9492052722189146,76,4,0,1,1,1,1,0
723,7.24,33.53154373168945,1.9465106148221345,76,4,0,1,1,1,1,0
724,7.25,33.496578216552734,2.0519496002403343,76,4,0,1,1,1,1,0
725,7.26,33.50627517700195,1.926370791958195,76,4,0,1,1,1,1,0
726,7.27,33.4937744140625,2.244862490653675,76,4,0,1,1,1,1,0
727,7.28,33.738441467285156,1.953485534703285,76,4,0,1,1,1,1,0
728,7.29,33.404361724853516,2.015488544621377,76,4,0,1,1,1,1,0
729,7.3,33.593143463134766,2.196567957300169,76,5,1,1,1,1,1,0
730,7.31,33.586551666259766,1.7956839760393137,76,4,0,1,1,1,1,0
731,7.32,33.186668395996094,1.911696937462178,76,4,0,1,1,1,1,0
732,7.33,33.3956184387207,1.9290954011618924,76,4,0,1,1,1,1,0
733,7.34,32.71414566040039,1.9854709441336538,76,4,0,1,1,1,1,0
734,7.35,32.768096923828125,2.100409327266463,76,4,0,1,1,1,1,0
735,7.36,33.357757568359375,2.1109444768899954,76,4,0,1,1,1,1,0
736,7.37,32.761234283447266,1.8360295397481372,76,4,0,1,1,1,1,0
737,7.38,33.007755279541016,2.1332812793300975,76,4,0,1,1,1,1,0
738,7.39,33.07554244995117,1.886878932615134,76,5,1,1,1,1,1,0
739,7.4,32.79996109008789,1.794828741465389,76,4,0,1,1,1,1,0
740,7.41,32.990516662597656,1.9300481080776795,76,4,0,1,1,1,1,0
741,7.42,32.76881408691406,1.7829750504477317,76,5,1,1,1,1,1,0
742,7.43,32.96971893310547,1.9118838014932302,76,5,1,1,1,1,1,0
743,7.44,32.927520751953125,1.8870353989917545,76,4,0,1,1,1,1,0
744,7.45,32.87991714477539,1.8194456493062898,76,5,1,1,1,1,1,0
745,7.46,32.8797492980957,1.8180436344843807,76,5,1,1,1,1,1,0
746,7.47,32.64933776855469,1.9139001126948225,76,4,0,1,1,1,1,0
747,7.48,33.031646728515625,1.9798501144954175,76,4,0,1,1,1,1,0
748,7.49,32.92901611328125,1.9758773106804737,76,5,1,1,1,1,1,0
749,7.5,32.84851837158203,1.7815461333851164,76,4,0,1,1,1,1,0
750,7.51,32.97739028930664,1.7726267497387118,76,4,0,1,1,1,1,0
751,7.52,32.895389556884766,1.9112783561933906,76,4,0,1,1,1,1,0
752,7.53,32.7501106262207,2.019579706568163,76,4,0,1,1,1,1,0
753,7.54,33.01708221435547,1.7670914013962271,76,4,0,1,1,1,1,0
754,7.55,32.84615707397461,1.6398432028798868,76,4,0,1,1,1,1,0
755,7.56,32.81592559814453,1.7944644216116268,76,4,0,1,1,1,1,0
756,7.57,32.89738464355469,1.6486392427037622,76,5,1,1,1,1,1,0
757,7.58,32.91368103027344,1.7896081310135847,76,4,0,1,1,1,1,0
758,7.59,32.87115478515625,1.732136916389702,76,4,0,1,1,1,1,0
759,7.6,32.86172866821289,1.7204034225814815,76,4,0,1,1,1,1,0
760,7.61,33.01775360107422,1.8465658416960178,76,4,0,1,1,1,1,0
761,7.62,33.337074279785156,1.853997698946442,76,4,0,1,1,1,1,0
762,7.63,33.254364013671875,1.863167476383306,76,4,0,1,1,1,1,0
763,7.64,33.091217041015625,1.7994722372530607,76,4,0,1,1,1,1,0
764,7.65,33.28974914550781,1.6473320484417766,76,4,0,1,1,1,1,0
765,7.66,33.09176254272461,1.8289327392270307,76,4,0,1,1,1,1,0
766,7.67,33.423274993896484,1.708249209741715,76,4,0,1,1,1,1,0
767,7.68,33.162620544433594,1.6941659465355652,76,4,0,1,1,1,1,0
768,7.69,33.49095916748047,1.5897480209646422,76,4,0,1,1,1,1,0
769,7.7,33.4268913269043,1.9669745722650267,76,4,0,1,1,1,1,0
770,7.71,33.283790588378906,1.7694623029164929,76,4,0,1,1,1,1,0
771,7.72,33.31955337524414,1.6733469143164816,76,4,0,1,1,1,1,0
772,7.73,33.204219818115234,1.6978182375054085,76,4,0,1,1,1,1,0
773,7.74,33.40076446533203,1.6757097340544176,76,4,0,1,1,1,1,0
774,7.75,33.71955490112305,1.819284355399486,76,4,0,1,1,1,1,0
775,7.76,33.929443359375,1.7048175076484742,76,4,0,1,1,1,1,0
776,7.77,33.86760711669922,1.7733838037430236,76,4,0,1,1,1,1,0
777,7.78,33.710025787353516,1.7527939305934084,76,4,0,1,1,1,1,0
778,7.79,33.64226531982422,1.778116778149747,76,4,0,1,1,1,1,0
779,7.8,33.799049377441406,1.8895776169719554,76,4,0,1,1,1,1,0
780,7.81,33.54047393798828,1.9152319187577849,76,4,0,1,1,1,1,0
781,7.82,33.491336822509766,1.7865355286144604,76,4,0,1,1,1,1,0
782,7.83,33.487464904785156,1.6824398480101517,76,4,0,1,1,1,1,0
783,7.84,33.562503814697266,1.8593547743850354,76,4,0,1,1,1,1,0
784,7.85,33.30208206176758,1.8108869025748553,76,4,0,1,1,1,1,0
785,7.86,33.133968353271484,1.9197395108284627,76,4,0,1,1,1,1,0
786,7.87,33.35780334472656,1.6588562014541663,76,4,0,1,1,1,1,0
787,7.88,33.61301803588867,1.8220051930740813,76,4,0,1,1,1,1,0
788,7.89,33.18822479248047,1.7365752240885068,76,4,0,1,1,1,1,0
789,7.9,33.069175720214844,1.9873833802776306,76,4,0,1,1,1,1,0
790,7.91,32.93681335449219,1.6291396827667775,76,4,0,1,1,1,1,0
791,7.92,33.06602096557617,1.8195345826496465,76,4,0,1,1,1,1,0
792,7.93,33.28006362915039,1.8688498843260142,76,4,0,1,1,1,1,0
793,7.94,33.451568603515625,1.858201854672285,76,4,0,1,1,1,1,0
794,7.95,33.092674255371094,1.7493661188144058,76,4,0,1,1,1,1,0
795,7.96,32.812965393066406,1.640119806900667,76,4,0,1,1,1,1,0
796,7.97,32.73466491699219,1.7376421823865584,76,4,0,1,1,1,1,0
797,7.98,33.125240325927734,1.800250322528007,76,4,0,1,1,1,1,0
798,7.99,32.73786544799805,1.7334956949109015,76,4,0,1,1,1,1,0
799,8.0,33.03179931640625,1.7384455057633372,76,4,0,1,1,1,1,0
800,8.01,32.77995681762695,1.8265769504014278,76,4,0,1,1,1,1,0
801,8.02,32.65431213378906,2.046096177427589,76,4,0,1,1,1,1,0
802,8.03,32.966373443603516,1.7827531426818564,76,4,0,1,1,1,1,0
803,8.04,32.97857666015625,1.8237028663642083,76,4,0,1,1,1,1,0
804,8.05,32.94069290161133,1.8936480810373133,76,5,1,1,1,1,1,0
805,8.06,33.04680252075195,1.7114365487654466,76,4,0,1,1,1,1,0
806,8.07,33.02946090698242,1.926111583453698,76,4,0,1,1,1,1,0
807,8.08,32.95439529418945,1.6628285477755838,76,4,0,1,1,1,1,0
808,8.09,32.94844436645508,1.9537185153135945,76,4,0,1,1,1,1,0
809,8.1,32.81346893310547,1.7680814433712713,76,4,0,1,1,1,1,0
810,8.11,32.843101501464844,1.7755586691669634,76,5,1,1,1,1,1,0
811,8.12,32.43740463256836,1.702056865635882,76,4,0,1,1,1,1,0
812,8.13,32.70758056640625,1.9369552543508675,76,4,0,1,1,1,1,0
813,8.14,32.91355895996094,1.9097908217099953,76,4,0,1,1,1,1,0
814,8.15,32.86829376220703,1.8957578769078218,76,4,0,1,1,1,1,0
815,8.16,32.76802444458008,1.9944178033398703,76,4,0,1,1,1,1,0
816,8.17,32.74028015136719,1.8258118813021442,76,4,0,1,1,1,1,0
817,8.18,32.94917678833008,1.808698361924404,76,4,0,1,1,1,1,0
818,8.19,33.142581939697266,1.7858573577116195,76,4,0,1,1,1,1,0
819,8.2,32.92045974731445,1.7670615396755387,76,4,0,1,1,1,1,0
820,8.21,32.902008056640625,2.0334459606735935,76,4,0,1,1,1,1,0
821,8.22,32.826904296875,1.8217030691492422,76,4,0,1,1,1,1,0
822,8.23,32.972591400146484,1.7170037444818718,76,4,0,1,1,1,1,0
823,8.24,33.00400924682617,1.7104956094980985,76,4,0,1,1,1,1,0
824,8.25,32.95177459716797,2.015366416922871,76,4,0,1,1,1,1,0
825,8.26,32.844154357910156,1.8051312698525375,76,4,0,1,1,1,1,0
826,8.27,32.433929443359375,1.7328850168388186,76,4,0,1,1,1,1,0
827,8.28,32.52475357055664,2.2116457208356173,76,4,0,1,1,1,1,0
828,8.29,32.78601837158203,1.8268551888418574,76,4,0,1,1,1,1,0
829,8.3,32.936973571777344,1.8331643451027213,76,4,0,1,1,1,1,0
830,8.31,33.029823303222656,1.817390885680582,76,4,0,1,1,1,1,0
831,8.32,33.07109832763672,1.890979681672607,76,4,0,1,1,1,1,0
832,8.33,33.05964279174805,1.790669421965064,76,4,0,1,1,1,1,0
833,8.34,32.90645217895508,2.1133401924081623,76,4,0,1,1,1,1,0
834,8.35,32.81743240356445,1.8318571045969756,76,4,0,1,1,1,1,0
835,8.36,33.097171783447266,1.7527706373726064,76,4,0,1,1,1,1,0
836,8.37,32.860416412353516,1.754478130076875,76,4,0,1,1,1,1,0
837,8.38,32.71970748901367,1.8363806903729967,76,4,0,1,1,1,1,0
838,8.39,32.40383529663086,1.6671517210035383,76,4,0,1,1,1,1,0
839,8.4,32.634910583496094,1.8104967108157943,76,4,0,1,1,1,1,0
840,8.41,32.52219772338867,1.6942516617280536,76,4,0,1,1,1,1,0
841,8.42,32.50090789794922,1.721337106537242,76,4,0,1,1,1,1,0
842,8.43,32.43766403198242,1.896679390239227,76,4,0,1,1,1,1,0
843,8.44,32.41108322143555,1.7535376344024312,76,4,0,1,1,1,1,0
844,8.45,32.51918411254883,1.8457249246432936,76,4,0,1,1,1,1,0
845,8.46,32.44166946411133,1.8288278830473108,76,4,0,1,1,1,1,0
846,8.47,32.563968658447266,1.6912122471047113,76,4,0,1,1,1,1,0
847,8.48,32.616981506347656,1.9291704409157806,76,4,0,1,1,1,1,0
848,8.49,32.72811508178711,1.7639749722296774,76,4,0,1,1,1,1,0
849,8.5,32.555965423583984,1.7561891975111141,76,4,0,1,1,1,1,0
850,8.51,32.61054992675781,1.697936418980354,76,4,0,1,1,1,1,0
851,8.52,32.69407272338867,1.786421307952791,76,4,0,1,1,1,1,0
852,8.53,32.66914749145508,1.775247695189361,76,4,0,1,1,1,1,0
853,8.54,32.92927169799805,1.8522406590369003,76,4,0,1,1,1,1,0
854,8.55,32.904293060302734,1.686503409426627,76,4,0,1,1,1,1,0
855,8.56,32.93343734741211,1.7516563912257053,76,4,0,1,1,1,1,0
856,8.57,32.92910385131836,1.8803404974587234,76,4,0,1,1,1,1,0
857,8.58,32.53766632080078,1.7960200275804097,76,4,0,1,1,1,1,0
858,8.59,32.444339752197266,1.7631248087455467,76,4,0,1,1,1,1,0
859,8.6,32.93214416503906,1.787344756533678,76,4,0,1,1,1,1,0
860,8.61,32.8134880065918,1.7670601148763183,76,4,0,1,1,1,1,0
861,8.62,32.96449661254883,2.0046652429392275,76,4,0,1,1,1,1,0
862,8.63,33.117156982421875,1.8468591890421575,76,4,0,1,1,1,1,0
863,8.64,32.93320846557617,1.878246067913852,76,4,0,1,1,1,1,0
864,8.65,32.953399658203125,1.7847387974396562,76,4,0,1,1,1,1,0
865,8.66,32.94633102416992,1.895367782463247,76,4,0,1,1,1,1,0
866,8.67,32.992889404296875,1.8280309462669102,76,4,0,1,1,1,1,0
867,8.68,32.93978500366211,1.7151701230608567,76,4,0,1,1,1,1,0
868,8.69,32.911216735839844,1.7582374035077797,76,4,0,1,1,1,1,0
869,8.7,33.056060791015625,1.9270978590748329,76,4,0,1,1,1,1,0
870,8.71,33.25081253051758,1.7686418087574418,76,4,0,1,1,1,1,0
871,8.72,33.093204498291016,1.815322175660805,76,4,0,1,1,1,1,0
872,8.73,33.16969680786133,1.7599424751594577,76,4,0,1,1,1,1,0
873,8.74,33.20016860961914,1.8806655192854846,76,4,0,1,1,1,1,0
874,8.75,32.987396240234375,1.8749706703505384,76,4,0,1,1,1,1,0
875,8.76,33.01290512084961,1.7894430391633973,76,4,0,1,1,1,1,0
876,8.77,33.14109802246094,1.684313631271106,76,4,0,1,1,1,1,0
877,8.78,33.20344543457031,1.706021637227445,76,4,0,1,1,1,1,0
878,8.79,33.40854263305664,1.762668068091924,76,4,0,1,1,1,1,0
879,8.8,33.238338470458984,1.9626760198298172,76,4,0,1,1,1,1,0
880,8.81,33.32927322387695,1.6948474889708103,76,4,0,1,1,1,1,0
881,8.82,33.17311096191406,1.9281364860563086,76,4,0,1,1,1,1,0
882,8.83,33.36285400390625,1.9432213377585656,76,4,0,1,1,1,1,0
883,8.84,33.5239372253418,1.86432503930895,76,4,0,1,1,1,1,0
884,8.85,33.39179229736328,1.6870398470212908,76,4,0,1,1,1,1,0
885,8.86,33.1626091003418,1.6960564027100193,76,4,0,1,1,1,1,0
886,8.87,33.16868209838867,1.68033088151225,76,4,0,1,1,1,1,0
887,8.88,33.195438385009766,1.7666624890273221,76,4,0,1,1,1,1,0
888,8.89,33.15131378173828,1.7212516098788775,76,4,0,1,1,1,1,0
889,8.9,33.31556701660156,2.000124401040097,76,4,0,1,1,1,1,0
890,8.91,33.175628662109375,1.9060705818238144,76,4,0,1,1,1,1,0
891,8.92,33.275909423828125,1.8985479849936675,76,4,0,1,1,1,1,0
892,8.93,33.43313980102539,1.8061327808243792,76,4,0,1,1,1,1,0
893,8.94,32.97327423095703,1.8574485383643624,76,4,0,1,1,1,1,0
894,8.95,33.268714904785156,1.9327995717574957,76,4,0,1,1,1,1,0
895,8.96,33.061283111572266,1.8018341146628136,76,4,0,1,1,1,1,0
896,8.97,33.1662712097168,1.6824131092781007,76,4,0,1,1,1,1,0
897,8.98,33.09807205200195,1.8927797009567953,76,4,0,1,1,1,1,0
898,8.99,33.50666046142578,2.044067376092072,76,4,0,1,1,1,1,0
899,9.0,33.47376251220703,1.7142069931133412,76,4,0,1,1,1,1,0
900,9.01,33.26238250732422,2.076290157892758,76,4,0,1,1,1,1,0
901,9.02,33.37559509277344,1.934966437473027,76,4,0,1,1,1,1,0
902,9.03,33.7244873046875,2.034817450213336,76,4,0,1,1,1,1,0
903,9.04,33.297122955322266,1.848486354721075,76,4,0,1,1,1,1,0
904,9.05,33.201751708984375,2.0263295421995777,76,4,0,1,1,1,1,0
905,9.06,33.07605743408203,1.7024953995114493,76,4,0,1,1,1,1,0
906,9.07,32.99351501464844,1.7885717249577786,76,4,0,1,1,1,1,0
907,9.08,33.37123489379883,1.7750740899795252,76,4,0,1,1,1,1,0
908,9.09,33.21757888793945,1.7659831235982846,76,4,0,1,1,1,1,0
909,9.1,33.22420120239258,1.9283904571585417,76,4,0,1,1,1,1,0
910,9.11,33.38234329223633,1.8629552436898267,76,4,0,1,1,1,1,0
911,9.12,33.28894805908203,1.8045197990959267,76,4,0,1,1,1,1,0
912,9.13,33.436431884765625,1.847833893253623,76,4,0,1,1,1,1,0
913,9.14,33.334415435791016,1.8070433698130148,76,4,0,1,1,1,1,0
914,9.15,33.487815856933594,2.3280289337664266,76,4,0,1,1,1,1,0
915,9.16,33.47296142578125,2.180733565353009,76,4,0,1,1,1,1,0
916,9.17,33.40230941772461,2.0187593559344723,76,4,0,1,1,1,1,0
917,9.18,33.230037689208984,2.282675096668135,76,4,0,1,1,1,1,0
918,9.19,33.0950927734375,2.3795986426989835,76,4,0,1,1,1,1,0
919,9.2,33.137577056884766,1.9660585467199394,76,4,0,1,1,1,1,0
920,9.21,33.07978820800781,1.8736859400888846,76,4,0,1,1,1,1,0
921,9.22,33.26115036010742,2.1676960505601426,76,4,0,1,1,1,1,0
922,9.23,33.3751335144043,1.9543319380297473,76,4,0,1,1,1,1,0
923,9.24,33.111412048339844,2.2234619420743855,76,4,0,1,1,1,1,0
924,9.25,33.101097106933594,1.796552435385147,76,4,0,1,1,1,1,0
925,9.26,33.3283805847168,1.8836938387300821,76,4,0,1,1,1,1,0
926,9.27,33.1373405456543,2.278448549430768,76,4,0,1,1,1,1,0
927,9.28,33.09718704223633,1.8622823023246173,76,4,0,1,1,1,1,0
928,9.29,33.367820739746094,2.214207455865822,76,4,0,1,1,1,1,0
929,9.3,33.67398452758789,2.2639379514999627,76,4,0,1,1,1,1,0
930,9.31,33.49546813964844,2.289717833618286,76,4,0,1,1,1,1,0
931,9.32,33.38188934326172,2.243326794342143,76,4,0,1,1,1,1,0
932,9.33,33.46782684326172,1.9182530490369831,76,4,0,1,1,1,1,0
933,9.34,33.445457458496094,2.100405476980717,76,4,0,1,1,1,1,0
934,9.35,33.29344177246094,2.0038453542195964,76,4,0,1,1,1,1,0
935,9.36,32.97611999511719,1.874756111256807,76,4,0,1,1,1,1,0
936,9.37,32.78042221069336,1.859756422606611,76,4,0,1,1,1,1,0
937,9.38,32.63605499267578,2.185245330103016,76,4,0,1,1,1,1,0
938,9.39,33.021644592285156,1.9471251916246681,76,4,0,1,1,1,1,0
939,9.4,32.98334884643555,1.9380664431573238,76,4,0,1,1,1,1,0
940,9.41,32.85564422607422,1.9240334860370956,76,4,0,1,1,1,1,0
941,9.42,33.273277282714844,2.0251909504105123,76,5,1,1,1,1,1,0
942,9.43,33.16718292236328,2.0997399290866623,76,5,1,1,1,1,1,0
943,9.44,33.18814468383789,1.916059577582192,76,4,0,1,1,1,1,0
944,9.45,33.075340270996094,1.9745125540374762,76,4,0,1,1,1,1,0
945,9.46,33.15504455566406,2.349494299847477,76,4,0,1,1,1,1,0
946,9.47,33.227603912353516,1.676755530637724,76,4,0,1,1,1,1,0
947,9.48,32.83810806274414,2.0272149089051075,76,4,0,1,1,1,1,0
948,9.49,32.91118240356445,2.3957816792826874,76,4,0,1,1,1,1,0
949,9.5,32.938140869140625,2.224724438696164,76,4,0,1,1,1,1,0
950,9.51,33.093326568603516,2.20782486423143,76,4,0,1,1,1,1,0
951,9.52,32.99811935424805,2.3320789502601076,76,4,0,1,1,1,1,0
952,9.53,33.078407287597656,2.187693329905525,76,4,0,1,1,1,1,0
953,9.54,32.90313720703125,1.794910627178329,76,4,0,1,1,1,1,0
954,9.55,32.942378997802734,1.9940181172619724,76,4,0,1,1,1,1,0
955,9.56,32.85110092163086,1.8240069386645679,76,4,0,1,1,1,1,0
956,9.57,32.868141174316406,1.9728378992915012,76,4,0,1,1,1,1,0
957,9.58,33.14491653442383,1.864640107409352,76,4,0,1,1,1,1,0
958,9.59,33.23868179321289,1.8784271007458222,76,4,0,1,1,1,1,0
959,9.6,32.915435791015625,1.9255345295547133,76,4,0,1,1,1,1,0
960,9.61,33.25031280517578,1.8371183453280633,76,4,0,1,1,1,1,0
961,9.62,32.79280471801758,2.129179643428222,76,4,0,1,1,1,1,0
962,9.63,32.684226989746094,1.9795453669017518,76,4,0,1,1,1,1,0
963,9.64,33.068843841552734,2.0823075420614243,76,4,0,1,1,1,1,0
964,9.65,33.100730895996094,1.926289880383544,76,4,0,1,1,1,1,0
965,9.66,32.90779113769531,1.8771792275751527,76,4,0,1,1,1,1,0
966,9.67,32.47333526611328,2.0779544639004155,76,4,0,1,1,1,1,0
967,9.68,32.71912384033203,1.8276196750902072,76,4,0,1,1,1,1,0
968,9.69,32.955142974853516,1.8774732776294132,76,4,0,1,1,1,1,0
969,9.7,32.827545166015625,1.9376771686965995,76,4,0,1,1,1,1,0
970,9.71,32.82080841064453,2.1272288991338097,76,4,0,1,1,1,1,0
971,9.72,32.794677734375,1.8969681250987254,76,4,0,1,1,1,1,0
972,9.73,33.045013427734375,2.083218166904979,76,4,0,1,1,1,1,0
973,9.74,33.02958679199219,1.9541990000260212,76,4,0,1,1,1,1,0
974,9.75,32.825096130371094,2.136188863257154,76,4,0,1,1,1,1,0
975,9.76,32.964622497558594,2.027043833189806,76,4,0,1,1,1,1,0
976,9.77,32.70579528808594,2.188469238404109,76,4,0,1,1,1,1,0
977,9.78,32.70382308959961,1.7487432202445083,76,4,0,1,1,1,1,0
978,9.79,32.80215835571289,1.806578321578738,76,4,0,1,1,1,1,0
979,9.8,32.841583251953125,1.7061618164613863,76,4,0,1,1,1,1,0
980,9.81,33.17573165893555,2.0324637396975245,76,4,0,1,1,1,1,0
981,9.82,33.276756286621094,2.108674022711843,76,4,0,1,1,1,1,0
982,9.83,32.963016510009766,1.9086634712134065,76,4,0,1,1,1,1,0
983,9.84,33.10237121582031,1.8857640061386114,76,4,0,1,1,1,1,0
984,9.85,32.91030502319336,1.8402394163999087,76,4,0,1,1,1,1,0
985,9.86,33.053096771240234,1.9190072306449912,76,4,0,1,1,1,1,0
986,9.87,32.913482666015625,1.9605604102401608,76,4,0,1,1,1,1,0
987,9.88,32.872562408447266,2.057620935053761,76,4,0,1,1,1,1,0
988,9.89,33.07768249511719,1.9294052108825952,76,4,0,1,1,1,1,0
989,9.9,32.49884033203125,1.8007225341241795,76,4,0,1,1,1,1,0
990,9.91,32.459266662597656,1.888623385979769,76,4,0,1,1,1,1,0
991,9.92,32.931575775146484,2.012591330798142,76,4,0,1,1,1,1,0
992,9.93,32.77212142944336,1.6965251630320695,76,4,0,1,1,1,1,0
993,9.94,32.87057113647461,1.9664440845598927,76,4,0,1,1,1,1,0
994,9.95,33.23152542114258,1.8991861772885161,76,4,0,1,1,1,1,0
995,9.96,33.10871124267578,1.8127047828494145,76,4,0,1,1,1,1,0
996,9.97,32.736427307128906,1.7539132177309684,76,4,0,1,1,1,1,0
997,9.98,33.278804779052734,1.8316632218091302,76,4,0,1,1,1,1,0
998,9.99,32.96115493774414,1.8614546127114948,76,5,1,1,1,1,1,0
999,10.0,33.00518035888672,1.8141147928710442,76,4,0,1,1,1,1,0
1000,10.01,33.10377502441406,1.8452387544147286,76,4,0,1,1,1,1,0
1001,10.02,32.976871490478516,1.8291758698435048,76,4,0,1,1,1,1,0
1002,10.03,32.98879623413086,1.9133759291616261,76,4,0,1,1,1,1,0
1003,10.04,32.955604553222656,2.0692494329990523,76,4,0,1,1,1,1,0
1004,10.05,33.206424713134766,1.93706302091677,76,5,1,1,1,1,1,0
1005,10.06,33.39496612548828,1.9006832155291988,76,4,0,1,1,1,1,0
1006,10.07,33.25701141357422,1.9256384978302155,76,4,0,1,1,1,1,0
1007,10.08,33.18265914916992,1.9364137454052992,76,4,0,1,1,1,1,0
1008,10.09,33.12617874145508,1.7831972301080252,76,4,0,1,1,1,1,0
1009,10.1,33.20145034790039,1.7504562759732272,76,4,0,1,1,1,1,0
1010,10.11,33.4587287902832,1.7264494112660846,76,4,0,1,1,1,1,0
1011,10.12,33.34524917602539,1.7909205800526427,76,4,0,1,1,1,1,0
1012,10.13,33.342140197753906,1.7303484606607547,76,4,0,1,1,1,1,0
1013,10.14,33.03299331665039,1.9587261965356313,76,4,0,1,1,1,1,0
1014,10.15,32.94699478149414,1.8074834520535223,76,4,0,1,1,1,1,0
1015,10.16,33.403892517089844,1.80942288297784,76,4,0,1,1,1,1,0
1016,10.17,33.32075119018555,1.8364370372618577,76,4,0,1,1,1,1,0
1017,10.18,32.94366455078125,1.7258655992482654,76,4,0,1,1,1,1,0
1018,10.19,33.28092956542969,1.7982805228227594,76,4,0,1,1,1,1,0
1019,10.2,33.185611724853516,1.784964967700943,76,4,0,1,1,1,1,0
1020,10.21,33.52169418334961,2.0923144135452096,76,4,0,1,1,1,1,0
1021,10.22,33.4075927734375,1.8372015645091835,76,4,0,1,1,1,1,0
1022,10.23,33.3423957824707,1.8383940339178433,76,4,0,1,1,1,1,0
1023,10.24,33.32158660888672,1.7962711383447638,76,4,0,1,1,1,1,0
1024,10.25,32.870243072509766,1.8796245540991598,76,4,0,1,1,1,1,0
1025,10.26,32.73656463623047,1.698649646980908,76,4,0,1,1,1,1,0
1026,10.27,32.785301208496094,1.9016279446129272,76,4,0,1,1,1,1,0
1027,10.28,32.89109802246094,1.5692988206376988,76,4,0,1,1,1,1,0
1028,10.29,32.894752502441406,1.827515077546301,76,4,0,1,1,1,1,0
1029,10.3,33.00175476074219,1.7722590497131392,76,4,0,1,1,1,1,0
1030,10.31,33.17925262451172,1.8742737061782173,76,4,0,1,1,1,1,0
1031,10.32,33.230979919433594,1.9153614071720813,76,4,0,1,1,1,1,0
1032,10.33,33.241329193115234,1.7769052025938068,76,4,0,1,1,1,1,0
1033,10.34,32.987632751464844,1.8030487055036182,76,4,0,1,1,1,1,0
1034,10.35,33.09926986694336,2.0110939487906325,76,4,0,1,1,1,1,0
1035,10.36,33.20683670043945,1.8703446022835537,76,4,0,1,1,1,1,0
1036,10.37,33.00447463989258,1.9247337827040842,76,4,0,1,1,1,1,0
1037,10.38,33.11669158935547,1.9708111629521106,76,4,0,1,1,1,1,0
1038,10.39,33.50651550292969,1.8715490614154229,76,5,1,1,1,1,1,0
1039,10.4,33.69997787475586,2.124545174069571,76,4,0,1,1,1,1,0
1040,10.41,33.90900802612305,2.2319987610336645,76,4,0,1,1,1,1,0
1041,10.42,33.58816909790039,2.100168856418641,76,4,0,1,1,1,1,0
1042,10.43,33.44995880126953,2.072485345621766,76,4,0,1,1,1,1,0
1043,10.44,33.54902648925781,2.193122142534487,76,4,0,1,1,1,1,0
1044,10.45,33.227073669433594,1.8715233735017276,76,4,0,1,1,1,1,0
1045,10.46,33.42573928833008,1.9988727902633758,76,4,0,1,1,1,1,0
1046,10.47,33.60536575317383,2.1962674135370985,76,4,0,1,1,1,1,0
1047,10.48,33.733192443847656,2.043181377112853,76,4,0,1,1,1,1,0
1048,10.49,33.81757354736328,2.2141828317032224,76,4,0,1,1,1,1,0
1049,10.5,33.79248809814453,2.0467277924517577,76,4,0,1,1,1,1,0
1050,10.51,33.83335494995117,1.8405727009428074,76,4,0,1,1,1,1,0
1051,10.52,33.689552307128906,1.728177325651891,76,4,0,1,1,1,1,0
1052,10.53,34.067630767822266,2.0928411623625824,76,4,0,1,1,1,1,0
1053,10.54,33.55708312988281,2.025067825504272,76,4,0,1,1,1,1,0
1054,10.55,33.48042678833008,2.1403036640122397,76,5,1,1,1,1,1,0
1055,10.56,33.2690544128418,2.0457265273132217,76,4,0,1,1,1,1,0
1056,10.57,33.12314987182617,2.013175445758331,76,5,1,1,1,1,1,0
1057,10.58,32.99543762207031,1.8781120097266344,76,5,1,1,1,1,1,0
1058,10.59,33.1702880859375,2.0825441038465526,76,5,1,1,1,1,1,0
1059,10.6,32.935848236083984,2.066301186192093,76,4,0,1,1,1,1,0
1060,10.61,33.0994873046875,1.9117770898415463,76,4,0,1,1,1,1,0
1061,10.62,33.12266540527344,1.9621118775619506,76,5,1,1,1,1,1,0
1062,10.63,33.23894119262695,2.0935365686791747,76,4,0,1,1,1,1,0
1063,10.64,33.29587173461914,1.8823920352022712,76,4,0,1,1,1,1,0
1064,10.65,33.29843521118164,1.9069609610107014,76,4,0,1,1,1,1,0
1065,10.66,33.099552154541016,2.025097103864878,76,4,0,1,1,1,1,0
1066,10.67,33.444515228271484,1.7439634113548013,76,4,0,1,1,1,1,0
1067,10.68,33.48758316040039,1.9399480014409751,76,4,0,1,1,1,1,0
1068,10.69,33.686832427978516,2.003048998078132,76,4,0,1,1,1,1,0
1069,10.7,33.479461669921875,1.9654567414937936,76,4,0,1,1,1,1,0
1070,10.71,33.651241302490234,1.8970751268386161,76,4,0,1,1,1,1,0
1071,10.72,33.76606369018555,1.8367671695907866,76,4,0,1,1,1,1,0
1072,10.73,33.85482406616211,2.009050958639332,76,4,0,1,1,1,1,0
1073,10.74,33.511985778808594,1.88071242612375,76,4,0,1,1,1,1,0
1074,10.75,33.287044525146484,1.8773961715386176,76,4,0,1,1,1,1,0
1075,10.76,33.47334289550781,1.9079862322397725,76,4,0,1,1,1,1,0
1076,10.77,33.251705169677734,1.8722707822611582,76,4,0,1,1,1,1,0
1077,10.78,33.42310333251953,1.9340618649004455,76,4,0,1,1,1,1,0
1078,10.79,33.77696228027344,1.878031618970647,76,4,0,1,1,1,1,0
1079,10.8,33.234066009521484,1.9714485682878262,76,4,0,1,1,1,1,0
1080,10.81,33.400535583496094,1.9618675606724858,76,4,0,1,1,1,1,0
1081,10.82,33.28240203857422,2.1251358053468947,76,5,1,1,1,1,1,0
1082,10.83,33.40068054199219,1.8903433400226393,76,4,0,1,1,1,1,0
1083,10.84,33.43088150024414,1.9574787365860817,76,4,0,1,1,1,1,0
1084,10.85,33.956966400146484,2.0708952245990186,76,5,1,1,1,1,1,0
1085,10.86,34.04520034790039,2.0354086995577223,76,4,0,1,1,1,1,0
1086,10.87,33.69902038574219,1.9646131698737526,76,4,0,1,1,1,1,0
1087,10.88,33.35223388671875,1.8634648428949372,76,5,1,1,1,1,1,0
1088,10.89,33.50847244262695,2.2142481583207645,76,5,1,1,1,1,1,0
1089,10.9,33.35866165161133,1.813835209981811,76,5,1,1,1,1,1,0
1090,10.91,33.28900146484375,1.795609964856575,76,5,1,1,1,1,1,0
1091,10.92,33.331298828125,1.975372431542652,76,5,1,1,1,1,1,0
1092,10.93,33.31623077392578,1.8674836323806479,76,4,0,1,1,1,1,0
1093,10.94,33.38766860961914,2.0468951730051717,76,5,1,1,1,1,1,0
1094,10.95,33.481292724609375,1.9028948925745337,76,4,0,1,1,1,1,0
1095,10.96,33.21151351928711,1.9252787353069976,76,4,0,1,1,1,1,0
1096,10.97,33.376285552978516,1.9826473186181413,76,5,1,1,1,1,1,0
1097,10.98,33.072654724121094,1.9043399474349896,76,4,0,1,1,1,1,0
1098,10.99,32.87873077392578,1.8702125273522814,76,5,1,1,1,1,1,0
1099,11.0,33.35466766357422,1.844723148407315,76,4,0,1,1,1,1,0
1100,11.01,33.24653625488281,2.009026364286183,76,5,1,1,1,1,1,0
1101,11.02,32.86832809448242,1.893862332789454,76,5,1,1,1,1,1,0
1102,11.03,32.929203033447266,2.1829808600140908,76,5,1,1,1,1,1,0
1103,11.04,33.04316329956055,1.8533467248860287,76,4,0,1,1,1,1,0
1104,11.05,33.122501373291016,1.8829261206347654,76,4,0,1,1,1,1,0
1105,11.06,33.14202880859375,1.8920349097891103,76,4,0,1,1,1,1,0
1106,11.07,33.1741943359375,2.315190222161066,76,5,1,1,1,1,1,0
1107,11.08,33.19858169555664,2.100213167543515,76,4,0,1,1,1,1,0
1108,11.09,33.02071762084961,1.731418154487904,76,4,0,1,1,1,1,0
1109,11.1,33.22787094116211,1.920468333665918,76,5,1,1,1,1,1,0
1110,11.11,33.30732345581055,2.173663576153897,76,4,0,1,1,1,1,0
1111,11.12,32.910579681396484,2.2323751020399634,76,4,0,1,1,1,1,0
1112,11.13,33.45524978637695,2.314589731604618,76,5,1,1,1,1,1,0
1113,11.14,32.9682731628418,2.150742388638516,76,4,0,1,1,1,1,0
1114,11.15,33.27619171142578,1.894255677447134,76,4,0,1,1,1,1,0
1115,11.16,33.39540100097656,1.8397820335358195,76,4,0,1,1,1,1,0
1116,11.17,33.53199768066406,1.975095332308476,76,4,0,1,1,1,1,0
1117,11.18,33.368446350097656,2.026057830680685,76,4,0,1,1,1,1,0
1118,11.19,33.23588180541992,1.8237546895429868,76,5,1,1,1,1,1,0
1119,11.2,33.22719192504883,2.070432351339432,76,4,0,1,1,1,1,0
1120,11.21,32.94403839111328,1.8677508139575842,76,4,0,1,1,1,1,0
1121,11.22,33.01551818847656,1.8978702920716584,76,5,1,1,1,1,1,0
1122,11.23,33.08917999267578,2.0906959200168127,76,5,1,1,1,1,1,0
1123,11.24,32.93806838989258,2.0205668502001792,76,4,0,1,1,1,1,0
1124,11.25,33.392860412597656,2.142214825059125,76,5,1,1,1,1,1,0
1125,11.26,33.02450180053711,2.1484837495095617,76,5,1,1,1,1,1,0
1126,11.27,33.18036651611328,1.894017275643259,76,4,0,1,1,1,1,0
1127,11.28,33.10550308227539,1.8898117948686486,76,4,0,1,1,1,1,0
1128,11.29,33.275508880615234,2.0567492507579996,76,5,1,1,1,1,1,0
1129,11.3,33.344017028808594,1.8517283829370597,76,5,1,1,1,1,1,0
1130,11.31,33.427520751953125,1.8140261405642242,76,4,0,1,1,1,1,0
1131,11.32,33.224945068359375,1.8074555662008218,76,4,0,1,1,1,1,0
1132,11.33,33.25945281982422,1.9801220788906397,76,4,0,1,1,1,1,0
1133,11.34,33.083351135253906,1.753534741075003,76,5,1,1,1,1,1,0
1134,11.35,32.820648193359375,1.6840980284584106,76,4,0,1,1,1,1,0
1135,11.36,33.01526641845703,1.7800558822977992,76,5,1,1,1,1,1,0
1136,11.37,32.74714660644531,2.0598585083987957,76,5,1,1,1,1,1,0
1137,11.38,32.833919525146484,1.8884920238214584,76,5,1,1,1,1,1,0
1138,11.39,32.797828674316406,2.004222233867409,76,5,1,1,1,1,1,0
1139,11.4,32.86791229248047,1.8355905656274254,76,5,1,1,1,1,1,0
1140,11.41,32.976646423339844,1.9366433826587257,76,5,1,1,1,1,1,0
1141,11.42,32.90147399902344,1.9913337271348008,76,5,1,1,1,1,1,0
1142,11.43,33.15378189086914,1.7438481960210945,76,5,1,1,1,1,1,0
1143,11.44,33.226097106933594,2.170090337183401,76,5,1,1,1,1,1,0
1144,11.45,33.246768951416016,1.8102185499924721,76,5,1,1,1,1,1,0
1145,11.46,32.98870086669922,1.9288609494686315,76,5,1,1,1,1,1,0
1146,11.47,32.90449523925781,1.8966014156743198,76,5,1,1,1,1,1,0
1147,11.48,32.79648208618164,2.0266732302795827,76,4,0,1,1,1,1,0
1148,11.49,32.89021682739258,1.8657717869466588,76,4,0,1,1,1,1,0
1149,11.5,32.96281051635742,1.8096673910697383,76,4,0,1,1,1,1,0
1150,11.51,33.413333892822266,2.0468027688835426,76,4,0,1,1,1,1,0
1151,11.52,33.25175857543945,2.0027227468833244,76,5,1,1,1,1,1,0
1152,11.53,33.468955993652344,1.95512103084491,76,5,1,1,1,1,1,0
1153,11.54,33.58607864379883,2.0211365756075326,76,4,0,1,1,1,1,0
1154,11.55,33.28562545776367,1.824411664228076,76,4,0,1,1,1,1,0
1155,11.56,33.52009582519531,1.9069624213060343,76,5,1,1,1,1,1,0
1156,11.57,33.34267807006836,2.0786735743661806,76,5,1,1,1,1,1,0
1157,11.58,33.37575912475586,2.0125869523695954,76,5,1,1,1,1,1,0
1158,11.59,33.228477478027344,1.9865789849037698,76,5,1,1,1,1,1,0
1159,11.6,33.311492919921875,1.9454016804704977,76,5,1,1,1,1,1,0
1160,11.61,33.65330123901367,2.1141926040061443,76,5,1,1,1,1,1,0
1161,11.62,33.49489974975586,1.782442353808784,76,4,0,1,1,1,1,0
1162,11.63,33.30302810668945,1.8650765599166075,76,5,1,1,1,1,1,0
1163,11.64,33.506317138671875,1.8845162545524294,76,5,1,1,1,1,1,0
1164,11.65,33.46635818481445,1.9270992843193577,76,5,1,1,1,1,1,0
1165,11.66,33.55052947998047,1.739253941339675,76,5,1,1,1,1,1,0
1166,11.67,33.133296966552734,1.7664085080589687,76,4,0,1,1,1,1,0
1167,11.68,33.247737884521484,1.8724283471226777,76,4,0,1,1,1,1,0
1168,11.69,33.22127914428711,1.8328665165181859,76,5,1,1,1,1,1,0
1169,11.7,33.435020446777344,1.944888262448602,76,4,0,1,1,1,1,0
1170,11.71,33.478939056396484,1.727018602265462,76,4,0,1,1,1,1,0
1171,11.72,33.368309020996094,1.6945522353953795,76,4,0,1,1,1,1,0
1172,11.73,33.31292724609375,1.804718944195926,76,5,1,1,1,1,1,0
1173,11.74,33.343727111816406,1.949233889603099,76,5,1,1,1,1,1,0
1174,11.75,33.160316467285156,1.8086735530133196,76,5,1,1,1,1,1,0
1175,11.76,33.20879364013672,1.9023395172890911,76,5,1,1,1,1,1,0
1176,11.77,33.13282012939453,1.7415221087883612,76,4,0,1,1,1,1,0
1177,11.78,32.87482452392578,1.8030243054785562,76,5,1,1,1,1,1,0
1178,11.79,33.22325897216797,2.1523258492363415,76,5,1,1,1,1,1,0
1179,11.8,32.743717193603516,2.087728011976301,76,5,1,1,1,1,1,0
1180,11.81,33.03903579711914,2.010104449398419,76,5,1,1,1,1,1,0
1181,11.82,32.740840911865234,1.6831220137430967,76,4,0,1,1,1,1,0
1182,11.83,32.712154388427734,2.017004419131797,76,5,1,1,1,1,1,0
1183,11.84,32.938438415527344,1.9231206964000942,76,5,1,1,1,1,1,0
1184,11.85,32.79281997680664,1.7497710543601201,76,4,0,1,1,1,1,0
1185,11.86,32.93319320678711,1.6558655334059353,76,4,0,1,1,1,1,0
1186,11.87,33.186004638671875,1.7939333079237654,76,4,0,1,1,1,1,0
1187,11.88,33.08487319946289,1.805628577179638,76,4,0,1,1,1,1,0
1188,11.89,32.843170166015625,1.8006656416259263,76,5,1,1,1,1,1,0
1189,11.9,32.93585968017578,1.6794354234990527,76,5,1,1,1,1,1,0
1190,11.91,33.25355911254883,1.999026845306034,76,5,1,1,1,1,1,0
1191,11.92,33.31932067871094,1.6597290387839427,76,5,1,1,1,1,1,0
1192,11.93,32.922218322753906,1.8023894679566994,76,5,1,1,1,1,1,0
1193,11.94,33.044464111328125,1.8605923921391756,76,4,0,1,1,1,1,0
1194,11.95,33.0544548034668,2.002723832596745,76,5,1,1,1,1,1,0
1195,11.96,32.972190856933594,1.8268590518650343,76,4,0,1,1,1,1,0
1196,11.97,33.080360412597656,1.8601097386354566,76,5,1,1,1,1,1,0
1197,11.98,33.11540985107422,1.6926369025535875,76,5,1,1,1,1,1,0
1198,11.99,33.1390266418457,1.8039118640665042,76,4,0,1,1,1,1,0
1199,12.0,32.933555603027344,2.258517880527899,76,4,0,1,1,1,1,0
1200,12.01,32.90602493286133,1.8280289638278224,76,5,1,1,1,1,1,0
1201,12.02,32.83055877685547,1.796357162987234,76,5,1,1,1,1,1,0
1202,12.03,32.97015380859375,1.8836394320009686,76,4,0,1,1,1,1,0
1203,12.04,32.74223327636719,1.811434278891138,76,5,1,1,1,1,1,0
1204,12.05,33.00968933105469,1.9506388669300716,76,5,1,1,1,1,1,0
1205,12.06,33.05124282836914,1.953999251219108,76,5,1,1,1,1,1,0
1206,12.07,33.06584930419922,2.1317358639389683,76,5,1,1,1,1,1,0
1207,12.08,33.196224212646484,2.0172776715436385,76,5,1,1,1,1,1,0
1208,12.09,33.338539123535156,2.204791314943263,76,4,0,1,1,1,1,0
1209,12.1,33.191810607910156,1.9010243298847809,76,5,1,1,1,1,1,0
1210,12.11,33.468502044677734,1.9015329950845599,76,5,1,1,1,1,1,0
1211,12.12,33.23651123046875,2.059368605659152,76,4,0,1,1,1,1,0
1212,12.13,33.193756103515625,1.9085367863506617,76,4,0,1,1,1,1,0
1213,12.14,33.01314926147461,1.9502053419742258,76,4,0,1,1,1,1,0
1214,12.15,32.91520309448242,1.9222384374364085,76,5,1,1,1,1,1,0
1215,12.16,32.94288635253906,1.990807009442947,76,4,0,1,1,1,1,0
1216,12.17,32.90856170654297,2.145830625110755,76,4,0,1,1,1,1,0
1217,12.18,32.90422821044922,2.102053538866427,76,4,0,1,1,1,1,0
1218,12.19,33.056087493896484,2.1559672906840484,76,4,0,1,1,1,1,0
1219,12.2,33.084983825683594,1.91076040100915,76,4,0,1,1,1,1,0
1220,12.21,32.93324661254883,1.889603059453924,76,4,0,1,1,1,1,0
1221,12.22,33.29179000854492,1.9146039564206725,76,4,0,1,1,1,1,0
1222,12.23,33.62339401245117,2.1062072764160678,76,5,1,1,1,1,1,0
1223,12.24,33.338523864746094,1.8137798224352808,76,5,1,1,1,1,1,0
1224,12.25,33.10651397705078,2.1284725246272576,76,4,0,1,1,1,1,0
1225,12.26,33.36867141723633,1.9909795893903386,76,5,1,1,1,1,1,0
1226,12.27,33.28178024291992,1.815735160809564,76,5,1,1,1,1,1,0
1227,12.28,33.06896209716797,1.7278345038756517,76,4,0,1,1,1,1,0
1228,12.29,33.079105377197266,1.7564428969934323,76,4,0,1,1,1,1,0
1229,12.3,33.435699462890625,1.7682178892287315,76,4,0,1,1,1,1,0
1230,12.31,33.013755798339844,1.7982773408619006,76,5,1,1,1,1,1,0
1231,12.32,33.31568145751953,1.6548996134882064,76,4,0,1,1,1,1,0
1232,12.33,33.5435905456543,1.914420745333853,76,4,0,1,1,1,1,0
1233,12.34,33.5728874206543,2.0235836156261136,76,4,0,1,1,1,1,0
1234,12.35,33.21310806274414,1.8948819681974445,76,5,1,1,1,1,1,0
1235,12.36,33.33106231689453,1.7261803425018656,76,5,1,1,1,1,1,0
1236,12.37,33.79534149169922,1.9405095247418989,76,5,1,1,1,1,1,0
1237,12.38,33.7783317565918,1.8450202208904074,76,5,1,1,1,1,1,0
1238,12.39,33.64787292480469,1.7415544673960213,76,5,1,1,1,1,1,0
1239,12.4,33.853084564208984,1.9957986373728454,76,5,1,1,1,1,1,0
1240,12.41,33.651512145996094,1.8999765840473941,76,5,1,1,1,1,1,0
1241,12.42,33.42975616455078,1.8021412841461473,76,5,1,1,1,1,1,0
1242,12.43,33.54195022583008,1.8152149991589508,76,4,0,1,1,1,1,0
1243,12.44,33.30329132080078,1.9902264551523332,76,4,0,1,1,1,1,0
1244,12.45,33.00757598876953,1.7017025049728056,76,5,1,1,1,1,1,0
1245,12.46,33.169342041015625,1.8790643920715366,76,5,1,1,1,1,1,0
1246,12.47,33.349361419677734,1.9977524106423918,76,5,1,1,1,1,1,0
1247,12.48,33.25096130371094,1.9243989326163005,76,5,1,1,1,1,1,0
1248,12.49,33.20476150512695,1.8228585801855617,76,5,1,1,1,1,1,0
1249,12.5,33.01762008666992,1.9274049023596507,76,4,0,1,1,1,1,0
1250,12.51,33.077945709228516,1.9474639105826126,76,5,1,1,1,1,1,0
1251,12.52,33.105018615722656,2.029311005127497,76,4,0,1,1,1,1,0
1252,12.53,32.8630485534668,2.0812008948966456,76,5,1,1,1,1,1,0
1253,12.54,32.93956756591797,1.9990029100259281,76,4,0,1,1,1,1,0
1254,12.55,33.14156723022461,1.8837735423320836,76,4,0,1,1,1,1,0
1255,12.56,33.064476013183594,1.8372301408594,76,5,1,1,1,1,1,0
1256,12.57,32.884464263916016,2.0727040483764,76,5,1,1,1,1,1,0
1257,12.58,32.91149139404297,2.0492400518385865,76,5,1,1,1,1,1,0
1258,12.59,32.996612548828125,1.9312703536373235,76,5,1,1,1,1,1,0
1259,12.6,33.34016036987305,1.9554511078156407,76,5,1,1,1,1,1,0
1260,12.61,33.17613220214844,1.8616405569706294,76,4,0,1,1,1,1,0
1261,12.62,33.19890594482422,1.9345820209635929,76,4,0,1,1,1,1,0
1262,12.63,33.15907287597656,1.919400828174676,76,4,0,1,1,1,1,0
1263,12.64,33.21898651123047,1.9262639718925851,76,5,1,1,1,1,1,0
1264,12.65,33.29134750366211,1.8740853514581524,76,4,0,1,1,1,1,0
1265,12.66,33.20088195800781,1.8304382066418956,76,4,0,1,1,1,1,0
1266,12.67,33.40410614013672,1.8340677738317879,76,4,0,1,1,1,1,0
1267,12.68,33.410091400146484,1.8743030809339924,76,5,1,1,1,1,1,0
1268,12.69,33.42724609375,1.9946441860865636,76,4,0,1,1,1,1,0
1269,12.7,33.56891632080078,1.9101336247762777,76,4,0,1,1,1,1,0
1270,12.71,33.46139907836914,1.994236071432475,76,4,0,1,1,1,1,0
1271,12.72,33.57514572143555,1.9085881448557889,76,4,0,1,1,1,1,0
1272,12.73,33.55944061279297,2.288248776822831,76,5,1,1,1,1,1,0
1273,12.74,33.380897521972656,1.903709835001947,76,5,1,1,1,1,1,0
1274,12.75,33.20640182495117,1.7607139959839817,76,5,1,1,1,1,1,0
1275,12.76,33.322174072265625,2.3191389064356676,76,5,1,1,1,1,1,0
1276,12.77,33.128047943115234,1.8535089032804781,76,5,1,1,1,1,1,0
1277,12.78,33.268821716308594,1.920677647218218,76,4,0,1,1,1,1,0
1278,12.79,33.30215835571289,1.9029445390516395,76,4,0,1,1,1,1,0
1279,12.8,33.46417236328125,2.016181128621195,76,4,0,1,1,1,1,0
1280,12.81,33.460514068603516,1.8779260306949157,76,4,0,1,1,1,1,0
1281,12.82,33.58917999267578,2.014396860439579,76,4,0,1,1,1,1,0
1282,12.83,33.753875732421875,1.934140479052453,76,4,0,1,1,1,1,0
1283,12.84,33.41024398803711,2.061532693690907,76,4,0,1,1,1,1,0
1284,12.85,33.46953201293945,1.770956471098603,76,4,0,1,1,1,1,0
1285,12.86,33.37309646606445,1.9452746231311293,76,4,0,1,1,1,1,0
1286,12.87,33.267425537109375,1.8342543939061016,76,4,0,1,1,1,1,0
1287,12.88,32.99254608154297,1.780564627961714,76,4,0,1,1,1,1,0
1288,12.89,33.190673828125,1.919007687841793,76,4,0,1,1,1,1,0
1289,12.9,33.15604019165039,1.8173897942090755,76,4,0,1,1,1,1,0
1290,12.91,33.38348388671875,1.5960328616401998,76,4,0,1,1,1,1,0
1291,12.92,33.558265686035156,1.8013900899336275,76,4,0,1,1,1,1,0
1292,12.93,33.11894607543945,1.7468535163684835,76,4,0,1,1,1,1,0
1293,12.94,33.291419982910156,1.727256659283625,76,4,0,1,1,1,1,0
1294,12.95,33.13563537597656,1.8685249304402207,76,4,0,1,1,1,1,0
1295,12.96,33.14522933959961,1.9640011713885723,76,4,0,1,1,1,1,0
1296,12.97,33.26646423339844,1.8986889582479225,76,5,1,1,1,1,1,0
1297,12.98,33.23924255371094,1.6967622599514478,76,4,0,1,1,1,1,0
1298,12.99,33.36243438720703,1.79591220894804,76,4,0,1,1,1,1,0
1299,13.0,33.237613677978516,1.8149662361572563,76,5,1,1,1,1,1,0
1300,13.01,33.42343521118164,1.7519718139383484,76,4,0,1,1,1,1,0
1301,13.02,33.4011344909668,1.9482497153018719,76,4,0,1,1,1,1,0
1302,13.03,33.54195022583008,1.9077697675182177,76,4,0,1,1,1,1,0
1303,13.04,33.31387710571289,1.9221374606456905,76,4,0,1,1,1,1,0
1304,13.05,33.44406509399414,1.8305197289380017,76,4,0,1,1,1,1,0
1305,13.06,33.06986618041992,2.0950623918619047,76,4,0,1,1,1,1,0
1306,13.07,33.59553146362305,2.0093258242397254,76,4,0,1,1,1,1,0
1307,13.08,33.11405944824219,2.0999766524733543,76,4,0,1,1,1,1,0
1308,13.09,33.257850646972656,1.7288404956093097,76,4,0,1,1,1,1,0
1309,13.1,33.495853424072266,1.87919935668954,76,5,1,1,1,1,1,0
1310,13.11,33.359310150146484,1.8481115528199532,76,5,1,1,1,1,1,0
1311,13.12,33.29490661621094,1.800053077766239,76,5,1,1,1,1,1,0
1312,13.13,33.56591033935547,1.9557608971232965,76,5,1,1,1,1,1,0
1313,13.14,33.58914566040039,1.993287475133908,76,4,0,1,1,1,1,0
1314,13.15,33.350196838378906,2.0081101585129333,76,4,0,1,1,1,1,0
1315,13.16,33.42975997924805,1.890687066389249,76,4,0,1,1,1,1,0
1316,13.17,33.422607421875,1.8338519654048862,76,4,0,1,1,1,1,0
1317,13.18,33.564537048339844,1.9458927073109737,76,4,0,1,1,1,1,0
1318,13.19,33.703529357910156,1.8974987712554454,76,4,0,1,1,1,1,0
1319,13.2,33.173065185546875,2.0044451113638417,76,5,1,1,1,1,1,0
1320,13.21,33.363739013671875,1.769464760583733,76,4,0,1,1,1,1,0
1321,13.22,33.26649856567383,2.1188175574616874,76,4,0,1,1,1,1,0
1322,13.23,33.24729537963867,2.150835346558607,76,4,0,1,1,1,1,0
1323,13.24,33.36555862426758,1.872217388350468,76,4,0,1,1,1,1,0
1324,13.25,33.68625259399414,2.103710342376784,76,4,0,1,1,1,1,0
1325,13.26,33.530582427978516,1.8452660072679172,76,4,0,1,1,1,1,0
1326,13.27,33.46104049682617,1.8056856302023017,76,4,0,1,1,1,1,0
1327,13.28,33.12856674194336,1.7867829124704024,76,4,0,1,1,1,1,0
1328,13.29,33.45915603637695,1.7982789954816025,76,5,1,1,1,1,1,0
1329,13.3,33.82495880126953,1.8741658504222243,76,5,1,1,1,1,1,0
1330,13.31,33.694114685058594,1.8558277506355148,76,5,1,1,1,1,1,0
1331,13.32,33.42196273803711,1.850842581570269,76,5,1,1,1,1,1,0
1332,13.33,33.75020980834961,1.827953173687836,76,5,1,1,1,1,1,0
1333,13.34,33.66368865966797,1.8844115154731629,76,5,1,1,1,1,1,0
1334,13.35,33.890472412109375,1.7147883898033023,76,5,1,1,1,1,1,0
1335,13.36,33.46516799926758,1.8837714160513024,76,4,0,1,1,1,1,0
1336,13.37,33.63523483276367,1.7765668666154453,76,4,0,1,1,1,1,0
1337,13.38,33.519187927246094,1.8632744742430303,76,4,0,1,1,1,1,0
1338,13.39,33.54990005493164,1.8403743056473765,76,4,0,1,1,1,1,0
1339,13.4,33.434200286865234,1.7787064367506549,76,4,0,1,1,1,1,0
1340,13.41,33.709564208984375,1.7616188658289704,76,5,1,1,1,1,1,0
1341,13.42,33.89388656616211,1.955940333423757,76,4,0,1,1,1,1,0
1342,13.43,33.74020767211914,1.9230458173099603,76,4,0,1,1,1,1,0
1343,13.44,33.91177749633789,1.8448314641496788,76,4,0,1,1,1,1,0
1344,13.45,33.81814193725586,1.8761168231551681,76,5,1,1,1,1,1,0
1345,13.46,33.66627502441406,1.791620197688546,76,5,1,1,1,1,1,0
1346,13.47,33.325069427490234,1.9525866500350617,76,4,0,1,1,1,1,0
1347,13.48,33.141563415527344,1.867540429842468,76,4,0,1,1,1,1,0
1348,13.49,33.050270080566406,1.750797980038215,76,4,0,1,1,1,1,0
1349,13.5,33.09324645996094,1.8199182881889364,76,5,1,1,1,1,1,0
1350,13.51,33.16520309448242,1.8748332445396854,76,5,1,1,1,1,1,0
1351,13.52,33.21908187866211,1.8671399453038982,76,4,0,1,1,1,1,0
1352,13.53,33.40643310546875,2.0022232462605665,76,4,0,1,1,1,1,0
1353,13.54,33.57046127319336,1.7744005679423476,76,4,0,1,1,1,1,0
1354,13.55,33.589263916015625,1.848758221366194,76,4,0,1,1,1,1,0
1355,13.56,33.35307312011719,1.7629831434898577,76,4,0,1,1,1,1,0
1356,13.57,33.819435119628906,1.7247030003653423,76,4,0,1,1,1,1,0
1357,13.58,33.83076477050781,1.66328288296489,76,4,0,1,1,1,1,0
1358,13.59,33.64817428588867,1.8641104213527626,76,5,1,1,1,1,1,0
1359,13.6,33.54546356201172,1.7308346079168802,76,4,0,1,1,1,1,0
1360,13.61,33.42502975463867,1.6996706681836362,76,4,0,1,1,1,1,0
1361,13.62,33.58237075805664,1.8958114126884869,76,4,0,1,1,1,1,0
1362,13.63,33.28944778442383,1.6870684117903787,76,4,0,1,1,1,1,0
1363,13.64,33.133888244628906,1.8006642857953332,76,5,1,1,1,1,1,0
1364,13.65,33.4416389465332,1.8210450963458338,76,4,0,1,1,1,1,0
1365,13.66,33.525840759277344,1.9421574408298912,76,4,0,1,1,1,1,0
1366,13.67,33.35225296020508,1.7931566299366604,76,4,0,1,1,1,1,0
1367,13.68,33.29423141479492,1.689320118502654,76,4,0,1,1,1,1,0
1368,13.69,33.03468704223633,1.7055213717269884,76,4,0,1,1,1,1,0
1369,13.7,33.27314376831055,1.7192447627816048,76,4,0,1,1,1,1,0
1370,13.71,33.0833740234375,1.6961983050945753,76,4,0,1,1,1,1,0
1371,13.72,33.39726638793945,1.7225869910726745,76,5,1,1,1,1,1,0
1372,13.73,33.40162658691406,1.8077894295161872,76,5,1,1,1,1,1,0
1373,13.74,33.62869644165039,1.6587354195728494,76,4,0,1,1,1,1,0
1374,13.75,33.395748138427734,1.9731712570335713,76,4,0,1,1,1,1,0
1375,13.76,33.442466735839844,1.7184002911327525,76,5,1,1,1,1,1,0
1376,13.77,33.28165817260742,1.6947294972518758,76,4,0,1,1,1,1,0
1377,13.78,33.18727111816406,1.8241445339230646,76,4,0,1,1,1,1,0
1378,13.79,33.27513122558594,1.9071954846734207,76,4,0,1,1,1,1,0
1379,13.8,33.40089416503906,1.8631382946074633,76,4,0,1,1,1,1,0
1380,13.81,33.47796630859375,1.704613785394084,76,5,1,1,1,1,1,0
1381,13.82,33.14460372924805,1.8699994826749906,76,5,1,1,1,1,1,0
1382,13.83,33.64523696899414,1.6836276887207116,76,4,0,1,1,1,1,0
1383,13.84,33.3028564453125,1.78384676740178,76,4,0,1,1,1,1,0
1384,13.85,33.51708984375,1.7205508108684682,76,4,0,1,1,1,1,0
1385,13.86,33.41120529174805,1.708684636218262,76,5,1,1,1,1,1,0
1386,13.87,33.573204040527344,1.7623007145774194,76,5,1,1,1,1,1,0
1387,13.88,33.48219299316406,1.7353379426720164,76,4,0,1,1,1,1,0
1388,13.89,33.52663040161133,1.6974439734837745,76,5,1,1,1,1,1,0
1389,13.9,33.70661926269531,1.8942800904752797,76,4,0,1,1,1,1,0
1390,13.91,33.65396499633789,1.8764064655014332,76,4,0,1,1,1,1,0
1391,13.92,33.303897857666016,1.7605702950209294,76,4,0,1,1,1,1,0
1392,13.93,33.22410583496094,1.7286691810351986,76,4,0,1,1,1,1,0
1393,13.94,33.30549240112305,1.6667324348201586,76,4,0,1,1,1,1,0
1394,13.95,33.37849044799805,1.6518165253064485,76,4,0,1,1,1,1,0
1395,13.96,33.326133728027344,1.7875401811687694,76,4,0,1,1,1,1,0
1396,13.97,33.31869125366211,1.8933852792216876,76,4,0,1,1,1,1,0
1397,13.98,33.12141036987305,1.6813364526069399,76,4,0,1,1,1,1,0
1398,13.99,33.05989456176758,1.7256583048464564,76,4,0,1,1,1,1,0
1399,14.0,33.04568862915039,1.7706457445133748,76,4,0,1,1,1,1,0
1400,14.01,33.202362060546875,1.6291418603991117,76,4,0,1,1,1,1,0
1401,14.02,33.21846008300781,1.6576201575752978,76,4,0,1,1,1,1,0
1402,14.03,33.31266784667969,1.7269926420871042,76,4,0,1,1,1,1,0
1403,14.04,33.145381927490234,1.778901051960205,76,4,0,1,1,1,1,0
1404,14.05,33.182987213134766,1.6793215962406434,76,4,0,1,1,1,1,0
1405,14.06,33.10060119628906,1.7006186959396978,76,5,1,1,1,1,1,0
1406,14.07,33.10768508911133,1.6993524965401379,76,4,0,1,1,1,1,0
1407,14.08,33.21332550048828,1.9421968861585155,76,4,0,1,1,1,1,0
1408,14.09,33.30913543701172,1.7108209176567521,76,4,0,1,1,1,1,0
1409,14.1,33.2495231628418,1.7652496982611692,76,4,0,1,1,1,1,0
1410,14.11,33.16437530517578,1.7984730198910568,76,4,0,1,1,1,1,0
1411,14.12,33.02212142944336,1.7434199982900715,76,4,0,1,1,1,1,0
1412,14.13,33.207122802734375,2.0041439704306288,76,4,0,1,1,1,1,0
1413,14.14,33.70477294921875,1.7379827403517594,76,4,0,1,1,1,1,0
1414,14.15,33.925636291503906,1.9228611489591767,76,4,0,1,1,1,1,0
1415,14.16,33.846649169921875,1.8540200907320035,76,4,0,1,1,1,1,0
1416,14.17,34.092193603515625,1.840539803321468,76,4,0,1,1,1,1,0
1417,14.18,34.154266357421875,1.707425133334025,76,4,0,1,1,1,1,0
1418,14.19,34.010231018066406,1.6643305975370974,76,4,0,1,1,1,1,0
1419,14.2,33.8795051574707,1.7643725983873806,76,4,0,1,1,1,1,0
1420,14.21,33.64655685424805,1.8340656107214357,76,4,0,1,1,1,1,0
1421,14.22,33.73520278930664,1.8398072937976753,76,4,0,1,1,1,1,0
1422,14.23,33.878501892089844,1.993790649384921,76,4,0,1,1,1,1,0
1423,14.24,33.81507110595703,1.7739498055490546,76,4,0,1,1,1,1,0
1424,14.25,33.53800964355469,1.7245830255335433,76,4,0,1,1,1,1,0
1425,14.26,33.38596725463867,1.7334650123682687,76,4,0,1,1,1,1,0
1426,14.27,33.45335388183594,1.8480530642222144,76,4,0,1,1,1,1,0
1427,14.28,33.574058532714844,1.6357896154692884,76,4,0,1,1,1,1,0
1428,14.29,33.82433319091797,1.8612099803491733,76,4,0,1,1,1,1,0
1429,14.3,33.49662780761719,1.818818200372112,76,5,1,1,1,1,1,0
1430,14.31,33.52888488769531,1.6613815230344204,76,5,1,1,1,1,1,0
1431,14.32,33.57981872558594,1.7204671819691069,76,4,0,1,1,1,1,0
1432,14.33,33.32926940917969,1.7138008663361297,76,4,0,1,1,1,1,0
1433,14.34,33.26188278198242,1.7113760639450284,76,5,1,1,1,1,1,0
1434,14.35,33.41254425048828,1.8053800568489935,76,4,0,1,1,1,1,0
1435,14.36,33.511932373046875,1.644714867842557,76,4,0,1,1,1,1,0
1436,14.37,33.394893646240234,1.8021603408037867,76,4,0,1,1,1,1,0
1437,14.38,33.126564025878906,1.8316618680847085,76,4,0,1,1,1,1,0
1438,14.39,33.66777801513672,1.6720051351230754,76,4,0,1,1,1,1,0
1439,14.4,33.104644775390625,1.8520523910304263,76,4,0,1,1,1,1,0
1440,14.41,33.073158264160156,1.711221866547982,76,4,0,1,1,1,1,0
1441,14.42,33.19975662231445,1.693900374943234,76,4,0,1,1,1,1,0
1442,14.43,33.08181381225586,1.8232621379346226,76,4,0,1,1,1,1,0
1443,14.44,33.40544891357422,1.784940299100251,76,4,0,1,1,1,1,0
1444,14.45,33.453983306884766,1.812894675188882,76,4,0,1,1,1,1,0
1445,14.46,33.54207992553711,1.7894104379971936,76,4,0,1,1,1,1,0
1446,14.47,33.906211853027344,1.8988983421861074,76,4,0,1,1,1,1,0
1447,14.48,33.81922149658203,1.8212901805461656,76,4,0,1,1,1,1,0
1448,14.49,33.9629020690918,1.768300575783119,76,4,0,1,1,1,1,0
1449,14.5,34.10249710083008,1.9141833204922825,76,4,0,1,1,1,1,0
1450,14.51,34.02884292602539,1.7621920234706554,76,4,0,1,1,1,1,0
1451,14.52,34.12504577636719,1.8221963562106165,76,4,0,1,1,1,1,0
1452,14.53,34.09231948852539,1.8101084159308647,76,4,0,1,1,1,1,0
1453,14.54,34.51374435424805,2.053000239981895,76,4,0,1,1,1,1,0
1454,14.55,34.534889221191406,1.9791446048031005,76,4,0,1,1,1,1,0
1455,14.56,34.255550384521484,1.8694641324677659,76,4,0,1,1,1,1,0
1456,14.57,34.25672912597656,1.9365438661177705,76,4,0,1,1,1,1,0
1457,14.58,34.7810173034668,2.016657872639117,76,4,0,1,1,1,1,0
1458,14.59,34.698448181152344,1.7696596592142093,76,4,0,1,1,1,1,0
1459,14.6,34.853824615478516,2.05710981783054,76,4,0,1,1,1,1,0
1460,14.61,34.76351547241211,1.798280140987592,76,4,0,1,1,1,1,0
1461,14.62,34.8039436340332,1.7853813640249534,76,5,1,1,1,1,1,0
1462,14.63,34.83481979370117,1.7236232741601234,76,4,0,1,1,1,1,0
1463,14.64,34.73954772949219,1.7730453551894072,76,4,0,1,1,1,1,0
1464,14.65,35.04480743408203,1.9203636683381142,76,4,0,1,1,1,1,0
1465,14.66,34.88309860229492,1.9559632159260707,76,4,0,1,1,1,1,0
1466,14.67,34.79104232788086,1.8781634487102137,76,4,0,1,1,1,1,0
1467,14.68,34.53911590576172,2.0350421693077965,76,4,0,1,1,1,1,0
1468,14.69,34.53129196166992,1.7483148685985441,76,4,0,1,1,1,1,0
1469,14.7,34.553977966308594,1.8597260181151027,76,4,0,1,1,1,1,0
1470,14.71,34.497657775878906,1.8806658438214776,76,5,1,1,1,1,1,0
1471,14.72,34.50326156616211,1.901161086435916,76,5,1,1,1,1,1,0
1472,14.73,34.3221549987793,1.762325786674952,76,4,0,1,1,1,1,0
1473,14.74,34.26554489135742,1.9623181682364113,76,4,0,1,1,1,1,0
1474,14.75,34.37696838378906,2.1459005746155877,76,5,1,1,1,1,1,0
1475,14.76,34.18894577026367,2.0247947577563683,76,5,1,1,1,1,1,0
1476,14.77,34.5019645690918,1.744848912210303,76,5,1,1,1,1,1,0
1477,14.78,34.55022048950195,2.014847704717535,76,4,0,1,1,1,1,0
1478,14.79,34.39931106567383,1.8603210040974987,76,4,0,1,1,1,1,0
1479,14.8,33.988670349121094,1.858411202254397,76,5,1,1,1,1,1,0
1480,14.81,34.453189849853516,1.997949312592717,76,4,0,1,1,1,1,0
1481,14.82,34.06925582885742,1.8755785004396859,76,5,1,1,1,1,1,0
1482,14.83,33.78169631958008,1.9578794327475242,76,5,1,1,1,1,1,0
1483,14.84,34.06967544555664,2.0029212742874467,76,5,1,1,1,1,1,0
1484,14.85,34.22980880737305,1.82562512955662,76,4,0,1,1,1,1,0
1485,14.86,34.46664810180664,1.9469193876375814,76,5,1,1,1,1,1,0
1486,14.87,34.64377975463867,1.8614797633045599,76,5,1,1,1,1,1,0
1487,14.88,34.22825241088867,1.8959434145812462,76,5,1,1,1,1,1,0
1488,14.89,34.238765716552734,1.817110631248921,76,4,0,1,1,1,1,0
1489,14.9,34.21033477783203,1.8569342271961777,76,5,1,1,1,1,1,0
1490,14.91,34.059661865234375,1.8445873777137574,76,4,0,1,1,1,1,0
1491,14.92,34.027488708496094,2.126735658795016,76,4,0,1,1,1,1,0
1492,14.93,33.95294952392578,1.888939429732055,76,4,0,1,1,1,1,0
1493,14.94,34.18195343017578,2.104546022017014,76,4,0,1,1,1,1,0
1494,14.95,34.20658874511719,2.043379856760761,76,4,0,1,1,1,1,0
1495,14.96,34.25136184692383,1.9137678145352424,76,4,0,1,1,1,1,0
1496,14.97,33.89516830444336,1.8993689699822276,76,4,0,1,1,1,1,0
1497,14.98,34.06426239013672,1.9968506377593112,76,4,0,1,1,1,1,0
1498,14.99,34.09471893310547,1.837903392297486,76,4,0,1,1,1,1,0
1499,15.0,34.41058349609375,1.9301827094218258,76,4,0,1,1,1,1,0
1500,15.01,34.320926666259766,2.0570157955561834,76,4,0,1,1,1,1,0
1501,15.02,34.007041931152344,1.7783138818722115,76,4,0,1,1,1,1,0
1502,15.03,34.562156677246094,1.7805629140232526,76,4,0,1,1,1,1,0
1503,15.04,34.084449768066406,1.7383337211190326,76,5,1,1,1,1,1,0
1504,15.05,33.79265594482422,1.917709043966709,76,4,0,1,1,1,1,0
1505,15.06,33.71803665161133,1.8828948949524276,76,4,0,1,1,1,1,0
1506,15.07,33.71330642700195,1.8883313550347516,76,4,0,1,1,1,1,0
1507,15.08,33.96443557739258,1.9097126633779458,76,4,0,1,1,1,1,0
1508,15.09,34.08491897583008,1.8147431743090714,76,4,0,1,1,1,1,0
1509,15.1,33.85657501220703,1.8594080452735207,76,4,0,1,1,1,1,0
1510,15.11,33.886680603027344,1.7611638139997972,76,4,0,1,1,1,1,0
1511,15.12,33.847267150878906,1.7923477487084345,76,4,0,1,1,1,1,0
1512,15.13,34.00307846069336,1.8646444035881955,76,4,0,1,1,1,1,0
1513,15.14,33.918216705322266,1.9367264616412219,76,4,0,1,1,1,1,0
1514,15.15,34.41994857788086,2.249090248484329,76,4,0,1,1,1,1,0
1515,15.16,33.74639892578125,1.803914232504865,76,4,0,1,1,1,1,0
1516,15.17,33.86045837402344,1.8830552780482628,76,4,0,1,1,1,1,0
1517,15.18,33.985923767089844,1.7614774259710297,76,4,0,1,1,1,1,0
1518,15.19,34.00249481201172,1.8477535890430692,76,4,0,1,1,1,1,0
1519,15.2,33.7854118347168,1.8635686099218411,76,4,0,1,1,1,1,0
1520,15.21,33.61234664916992,1.9684985191006874,76,4,0,1,1,1,1,0
1521,15.22,33.98866653442383,1.8522114492748958,76,5,1,1,1,1,1,0
1522,15.23,34.05524826049805,1.7873438174483287,76,4,0,1,1,1,1,0
1523,15.24,33.51457595825195,2.01714801199817,76,4,0,1,1,1,1,0
1524,15.25,33.43425750732422,1.889815872351208,76,4,0,1,1,1,1,0
1525,15.26,33.62479782104492,1.8035824437398176,76,4,0,1,1,1,1,0
1526,15.27,33.543800354003906,1.9805821119867917,76,4,0,1,1,1,1,0
1527,15.28,33.41975784301758,1.8609962740381933,76,4,0,1,1,1,1,0
1528,15.29,33.49197769165039,1.9113618192105264,76,4,0,1,1,1,1,0
1529,15.3,33.46012878417969,1.9014210380157353,76,4,0,1,1,1,1,0
1530,15.31,33.27180480957031,1.9296640955709468,76,4,0,1,1,1,1,0
1531,15.32,33.17995834350586,1.880480949082984,76,4,0,1,1,1,1,0
1532,15.33,33.34768295288086,1.7877342828203258,76,4,0,1,1,1,1,0
1533,15.34,33.4138298034668,2.0304234774353684,76,4,0,1,1,1,1,0
1534,15.35,33.721256256103516,1.8764338958923443,76,4,0,1,1,1,1,0
1535,15.36,33.3653450012207,1.961736280602833,76,4,0,1,1,1,1,0
1536,15.37,33.45561599731445,1.7739814006295214,76,4,0,1,1,1,1,0
1537,15.38,33.50373077392578,1.9326148879648393,76,4,0,1,1,1,1,0
1538,15.39,33.534515380859375,1.8890650864213723,76,4,0,1,1,1,1,0
1539,15.4,33.20734405517578,1.8436373235971124,76,4,0,1,1,1,1,0
1540,15.41,33.383663177490234,1.8341749925903226,76,4,0,1,1,1,1,0
1541,15.42,33.4558219909668,1.9097874660031147,76,4,0,1,1,1,1,0
1542,15.43,33.46516799926758,1.847941778944874,76,4,0,1,1,1,1,0
1543,15.44,33.42593765258789,2.1287796113466513,76,4,0,1,1,1,1,0
1544,15.45,33.731201171875,1.7840959780430552,76,4,0,1,1,1,1,0
1545,15.46,33.617305755615234,1.968015419756888,76,4,0,1,1,1,1,0
1546,15.47,33.645145416259766,2.0328553039145842,76,4,0,1,1,1,1,0
1547,15.48,33.62968063354492,1.8373036796969828,76,4,0,1,1,1,1,0
1548,15.49,33.788368225097656,1.8648879717625577,76,4,0,1,1,1,1,0
1549,15.5,33.67705154418945,1.8766740435425562,76,4,0,1,1,1,1,0
1550,15.51,33.63096237182617,1.9046021990851645,76,4,0,1,1,1,1,0
1551,15.52,33.7800178527832,1.6630387191448401,76,4,0,1,1,1,1,0
1552,15.53,33.681095123291016,1.9175222104627894,76,4,0,1,1,1,1,0
1553,15.54,33.99146270751953,2.1661232798450856,76,4,0,1,1,1,1,0
1554,15.55,33.599464416503906,1.760369622694247,76,4,0,1,1,1,1,0
1555,15.56,33.852176666259766,1.8745454144674087,76,4,0,1,1,1,1,0
1556,15.57,33.78398132324219,1.837850452871257,76,4,0,1,1,1,1,0
1557,15.58,33.842987060546875,1.950822313689827,76,4,0,1,1,1,1,0
1558,15.59,33.859771728515625,2.0471901743315915,76,4,0,1,1,1,1,0
1559,15.6,33.60509490966797,1.7945774076127456,76,4,0,1,1,1,1,0
1560,15.61,33.51848220825195,1.9389939419083342,76,4,0,1,1,1,1,0
1561,15.62,33.598670959472656,1.7701438241965644,76,4,0,1,1,1,1,0
1562,15.63,33.53207778930664,1.7577605278929977,76,4,0,1,1,1,1,0
1563,15.64,33.206233978271484,2.0575245444426353,76,4,0,1,1,1,1,0
1564,15.65,33.149845123291016,1.8108019263119595,76,4,0,1,1,1,1,0
1565,15.66,33.486717224121094,1.99273804816217,76,4,0,1,1,1,1,0
1566,15.67,33.50829315185547,1.8758751196719163,76,4,0,1,1,1,1,0
1567,15.68,33.422119140625,1.8290425949019435,76,4,0,1,1,1,1,0
1568,15.69,33.3232307434082,1.8698106157846472,76,4,0,1,1,1,1,0
1569,15.7,33.13475036621094,1.9364398726789627,76,4,0,1,1,1,1,0
1570,15.71,33.002620697021484,2.15060856709942,76,4,0,1,1,1,1,0
1571,15.72,33.31431198120117,1.9302599598435737,76,4,0,1,1,1,1,0
1572,15.73,33.2567024230957,1.9846669845478193,76,4,0,1,1,1,1,0
1573,15.74,33.225929260253906,1.8552388903701602,76,4,0,1,1,1,1,0
1574,15.75,33.0465202331543,1.9050698559412,76,4,0,1,1,1,1,0
1575,15.76,33.40364456176758,1.9110727239705836,76,4,0,1,1,1,1,0
1576,15.77,33.12870407104492,2.0285454688958326,76,4,0,1,1,1,1,0
1577,15.78,33.099666595458984,1.7442779944883717,76,4,0,1,1,1,1,0
1578,15.79,33.296730041503906,1.963540264857296,76,4,0,1,1,1,1,0
1579,15.8,32.99247741699219,1.9928117634096338,76,4,0,1,1,1,1,0
1580,15.81,33.2868537902832,1.9053104786427193,76,4,0,1,1,1,1,0
1581,15.82,33.125343322753906,1.8020544560171496,76,4,0,1,1,1,1,0
1582,15.83,33.11695098876953,1.7824147610429462,76,4,0,1,1,1,1,0
1583,15.84,33.62493133544922,2.1304679070140415,76,4,0,1,1,1,1,0
1584,15.85,33.55022430419922,2.130471344856549,76,4,0,1,1,1,1,0
1585,15.86,33.32268142700195,1.7564161771926685,76,4,0,1,1,1,1,0
1586,15.87,33.59757995605469,1.9834820471840144,76,4,0,1,1,1,1,0
1587,15.88,33.417572021484375,1.8885428366986525,76,4,0,1,1,1,1,0
1588,15.89,33.204261779785156,2.1192946718216277,76,4,0,1,1,1,1,0
1589,15.9,33.374473571777344,1.8514324074162543,76,4,0,1,1,1,1,0
1590,15.91,33.31328201293945,2.0074395940524887,76,4,0,1,1,1,1,0
1591,15.92,33.249088287353516,1.7992791050461654,76,4,0,1,1,1,1,0
1592,15.93,32.99342727661133,1.9015270168289187,76,4,0,1,1,1,1,0
1593,15.94,32.821781158447266,1.897523584835724,76,4,0,1,1,1,1,0
1594,15.95,32.783512115478516,1.7124265495231423,76,4,0,1,1,1,1,0
1595,15.96,32.806190490722656,1.8122115223717103,76,4,0,1,1,1,1,0
1596,15.97,33.12864685058594,1.89053300073635,76,4,0,1,1,1,1,0
1597,15.98,33.074501037597656,1.8144112212638916,76,4,0,1,1,1,1,0
1598,15.99,33.04104232788086,1.9766146971581702,76,4,0,1,1,1,1,0
1599,16.0,33.12352752685547,1.7628928070651957,76,4,0,1,1,1,1,0
1600,16.01,33.245121002197266,1.8682108033838625,76,4,0,1,1,1,1,0
1601,16.02,33.13213348388672,1.8827117387510761,76,4,0,1,1,1,1,0
1602,16.03,33.39929962158203,1.8128420575706097,76,4,0,1,1,1,1,0
1603,16.04,33.30693054199219,2.0908842152924314,76,4,0,1,1,1,1,0
1604,16.05,33.13618850708008,1.883904484301025,76,4,0,1,1,1,1,0
1605,16.06,32.98623275756836,1.9934584242710591,76,4,0,1,1,1,1,0
1606,16.07,33.36212921142578,1.839786595127146,76,4,0,1,1,1,1,0
1607,16.08,33.296260833740234,2.0756402232691906,76,4,0,1,1,1,1,0
1608,16.09,33.230194091796875,1.9157759104002512,76,4,0,1,1,1,1,0
1609,16.1,33.17234802246094,1.8856564030054888,76,4,0,1,1,1,1,0
1610,16.11,33.01823425292969,2.0054417971528813,76,4,0,1,1,1,1,0
1611,16.12,33.564170837402344,2.020934929868883,76,4,0,1,1,1,1,0
1612,16.13,33.48789978027344,1.9965256091719639,76,4,0,1,1,1,1,0
1613,16.14,33.15903854370117,1.6677241715456257,76,4,0,1,1,1,1,0
1614,16.15,33.39181137084961,1.7114610286421528,76,4,0,1,1,1,1,0
1615,16.16,33.30742263793945,1.8036887252502418,76,4,0,1,1,1,1,0
1616,16.17,33.263790130615234,1.813119374085305,76,4,0,1,1,1,1,0
1617,16.18,33.47837829589844,1.8971034447716837,76,4,0,1,1,1,1,0
1618,16.19,33.56151580810547,1.8037174941643974,76,4,0,1,1,1,1,0
1619,16.2,33.24739074707031,1.8706428467355762,76,4,0,1,1,1,1,0
1620,16.21,33.12851333618164,1.723481659894956,76,4,0,1,1,1,1,0
1621,16.22,32.9735107421875,1.807237593098176,76,4,0,1,1,1,1,0
1622,16.23,33.2567138671875,1.794240192919462,76,4,0,1,1,1,1,0
1623,16.24,32.96073532104492,1.8310152241666293,76,4,0,1,1,1,1,0
1624,16.25,32.95640182495117,1.7337854607622194,76,4,0,1,1,1,1,0
1625,16.26,33.234867095947266,1.8973128227241227,76,4,0,1,1,1,1,0
1626,16.27,33.239925384521484,1.8659350524680758,76,4,0,1,1,1,1,0
1627,16.28,33.447662353515625,1.8203604548784535,76,4,0,1,1,1,1,0
1628,16.29,33.2292594909668,1.8636798012930729,76,4,0,1,1,1,1,0
1629,16.3,33.26097106933594,1.8630366945130352,76,4,0,1,1,1,1,0
1630,16.31,33.10862731933594,1.640546941039988,76,4,0,1,1,1,1,0
1631,16.32,33.15403747558594,1.8626359993937864,76,4,0,1,1,1,1,0
1632,16.33,33.37193298339844,1.6954430393479125,76,4,0,1,1,1,1,0
1633,16.34,33.24236297607422,1.9394046727364302,76,4,0,1,1,1,1,0
1634,16.35,33.19902801513672,1.7310706196212948,76,4,0,1,1,1,1,0
1635,16.36,33.04132080078125,1.664270990829305,76,4,0,1,1,1,1,0
1636,16.37,32.917110443115234,1.9697983684094027,76,4,0,1,1,1,1,0
1637,16.38,33.002403259277344,1.6286790084326686,76,4,0,1,1,1,1,0
1638,16.39,32.918331146240234,1.7872903836004204,76,4,0,1,1,1,1,0
1639,16.4,33.10927963256836,1.8189541538673815,76,4,0,1,1,1,1,0
1640,16.41,33.30207443237305,1.7745115208724744,76,4,0,1,1,1,1,0
1641,16.42,33.20834732055664,1.8149312980189551,76,4,0,1,1,1,1,0
1642,16.43,33.0897216796875,1.7033498391271933,76,4,0,1,1,1,1,0
1643,16.44,33.50019454956055,1.8294819725077014,76,4,0,1,1,1,1,0
1644,16.45,33.359703063964844,1.805552205930911,76,4,0,1,1,1,1,0
1645,16.46,33.33195114135742,1.7756401975027867,76,4,0,1,1,1,1,0
1646,16.47,33.093833923339844,1.7211082933401496,76,4,0,1,1,1,1,0
1647,16.48,33.56525421142578,1.6968791211644503,76,4,0,1,1,1,1,0
1648,16.49,33.20460510253906,1.7936044369558564,76,4,0,1,1,1,1,0
1649,16.5,33.2220458984375,1.8590831441174163,76,4,0,1,1,1,1,0
1650,16.51,33.4510498046875,1.9576761233302753,76,4,0,1,1,1,1,0
1651,16.52,33.078922271728516,2.0228941506244076,76,4,0,1,1,1,1,0
1652,16.53,33.28511428833008,1.6806258643461907,76,4,0,1,1,1,1,0
1653,16.54,32.98780059814453,1.8047422221850424,76,4,0,1,1,1,1,0
1654,16.55,33.399131774902344,2.2544356979477853,76,4,0,1,1,1,1,0
1655,16.56,33.563106536865234,2.1163376105017493,76,4,0,1,1,1,1,0
1656,16.57,33.41713333129883,2.0324922170767667,76,4,0,1,1,1,1,0
1657,16.58,33.48267364501953,1.6708639301911457,76,4,0,1,1,1,1,0
1658,16.59,33.446754455566406,1.7927082642060177,76,4,0,1,1,1,1,0
1659,16.6,33.36594772338867,1.8765416822731158,76,4,0,1,1,1,1,0
1660,16.61,33.12556838989258,1.8957086257871465,76,4,0,1,1,1,1,0
1661,16.62,33.29597854614258,1.8673233827075544,76,4,0,1,1,1,1,0
1662,16.63,33.31272888183594,1.7649036811351269,76,4,0,1,1,1,1,0
1663,16.64,33.43552017211914,1.9692354529240716,76,4,0,1,1,1,1,0
1664,16.65,33.530941009521484,1.9257421831493409,76,4,0,1,1,1,1,0
1665,16.66,33.5466194152832,1.916824154877308,76,4,0,1,1,1,1,0
1666,16.67,33.425838470458984,1.9343485300889984,76,4,0,1,1,1,1,0
1667,16.68,33.622215270996094,1.905912615827521,76,4,0,1,1,1,1,0
1668,16.69,33.322044372558594,2.074920888840626,76,4,0,1,1,1,1,0
1669,16.7,33.1411247253418,1.833823565238682,76,4,0,1,1,1,1,0
1670,16.71,33.64970779418945,1.7681919730041284,76,4,0,1,1,1,1,0
1671,16.72,33.75913619995117,1.7749653643602268,76,4,0,1,1,1,1,0
1672,16.73,33.312217712402344,1.805384536322078,76,4,0,1,1,1,1,0
1673,16.74,33.55881881713867,1.7955757760633215,76,4,0,1,1,1,1,0
1674,16.75,33.614471435546875,1.7032901421526259,76,4,0,1,1,1,1,0
1675,16.76,33.46587371826172,1.8444528999828333,76,4,0,1,1,1,1,0
1676,16.77,33.38992691040039,1.9496935997903821,76,4,0,1,1,1,1,0
1677,16.78,33.285675048828125,1.8538857416644128,76,4,0,1,1,1,1,0
1678,16.79,33.3370246887207,1.7084777802737954,76,4,0,1,1,1,1,0
1679,16.8,33.43320846557617,1.7694409538344256,76,4,0,1,1,1,1,0
1680,16.81,33.46031951904297,1.7817110577271855,76,4,0,1,1,1,1,0
1681,16.82,33.645973205566406,1.826416829330602,76,4,0,1,1,1,1,0
1682,16.83,33.289005279541016,1.7479727882405285,76,4,0,1,1,1,1,0
1683,16.84,33.530696868896484,2.042771693716334,76,4,0,1,1,1,1,0
1684,16.85,33.40687942504883,2.0849204625033035,76,4,0,1,1,1,1,0
1685,16.86,33.639930725097656,2.006987161656916,76,4,0,1,1,1,1,0
1686,16.87,33.65760803222656,1.9817885764966678,76,4,0,1,1,1,1,0
1687,16.88,33.533103942871094,1.9988491012350365,76,4,0,1,1,1,1,0
1688,16.89,33.3323974609375,1.9045463266122589,76,4,0,1,1,1,1,0
1689,16.9,33.42060089111328,1.9457200886223025,76,4,0,1,1,1,1,0
1690,16.91,33.16675567626953,1.916825846477431,76,4,0,1,1,1,1,0
1691,16.92,33.114662170410156,1.815653436910479,76,4,0,1,1,1,1,0
1692,16.93,33.38143539428711,1.9618840158436652,76,4,0,1,1,1,1,0
1693,16.94,33.10687255859375,1.7465897750751143,76,4,0,1,1,1,1,0
1694,16.95,33.679954528808594,1.9467433328250805,76,4,0,1,1,1,1,0
1695,16.96,33.501895904541016,1.7083878887759691,76,4,0,1,1,1,1,0
1696,16.97,33.60417175292969,1.8524051171445353,76,4,0,1,1,1,1,0
1697,16.98,33.6264762878418,1.8614226169627082,76,4,0,1,1,1,1,0
1698,16.99,33.72500228881836,1.9513643204761497,76,4,0,1,1,1,1,0
1699,17.0,33.18337631225586,1.685255539537018,76,4,0,1,1,1,1,0
1700,17.01,33.3491325378418,1.8122675893311901,76,4,0,1,1,1,1,0
1701,17.02,32.85844421386719,1.8713870399074377,76,4,0,1,1,1,1,0
1702,17.03,33.13688278198242,1.7902278273589474,76,4,0,1,1,1,1,0
1703,17.04,32.831871032714844,1.7847424523887379,76,4,0,1,1,1,1,0
1704,17.05,33.23095703125,1.9830792144588592,76,4,0,1,1,1,1,0
1705,17.06,32.82904815673828,1.7301186563937405,76,4,0,1,1,1,1,0
1706,17.07,32.92367172241211,1.9538930240052548,76,4,0,1,1,1,1,0
1707,17.08,33.179534912109375,1.8280035199385696,76,4,0,1,1,1,1,0
1708,17.09,32.99382019042969,1.8781086380413834,76,4,0,1,1,1,1,0
1709,17.1,32.782073974609375,1.8034706564551857,76,4,0,1,1,1,1,0
1710,17.11,32.877159118652344,1.7803616240088416,76,4,0,1,1,1,1,0
1711,17.12,33.18382263183594,1.8536990400886635,76,4,0,1,1,1,1,0
1712,17.13,32.901065826416016,1.849242434894016,76,4,0,1,1,1,1,0
1713,17.14,32.95549011230469,1.9122290820677297,76,4,0,1,1,1,1,0
1714,17.15,33.08757019042969,1.8963888814814636,76,4,0,1,1,1,1,0
1715,17.16,32.93531799316406,1.9502307368012999,76,4,0,1,1,1,1,0
1716,17.17,33.264122009277344,1.9216942504287111,76,4,0,1,1,1,1,0
1717,17.18,33.31619644165039,1.9238741991639452,76,4,0,1,1,1,1,0
1718,17.19,33.290283203125,1.899993655557482,76,4,0,1,1,1,1,0
1719,17.2,33.35220718383789,1.7990574059938464,76,4,0,1,1,1,1,0
1720,17.21,33.509239196777344,2.035783933323541,76,4,0,1,1,1,1,0
1721,17.22,33.22265625,1.7714130773987362,76,4,0,1,1,1,1,0
1722,17.23,33.53029251098633,1.7460237961392404,76,4,0,1,1,1,1,0
1723,17.24,33.500091552734375,1.8163986273390593,76,4,0,1,1,1,1,0
1724,17.25,33.490867614746094,1.8146670184815172,76,4,0,1,1,1,1,0
1725,17.26,33.03099822998047,1.9103463670828063,76,4,0,1,1,1,1,0
1726,17.27,33.08854675292969,2.05338562159975,76,4,0,1,1,1,1,0
1727,17.28,33.01526641845703,1.7989669514238937,76,4,0,1,1,1,1,0
1728,17.29,33.109954833984375,1.77231465866076,76,4,0,1,1,1,1,0
1729,17.3,32.93113327026367,1.8209312806355038,76,4,0,1,1,1,1,0
1730,17.31,33.128910064697266,1.790948361268403,76,4,0,1,1,1,1,0
1731,17.32,33.260353088378906,1.8967603582357904,76,4,0,1,1,1,1,0
1732,17.33,33.188053131103516,1.9308318082080347,76,4,0,1,1,1,1,0
1733,17.34,33.01610565185547,1.7844063078779202,76,4,0,1,1,1,1,0
1734,17.35,33.10862731933594,2.0170526564971394,76,4,0,1,1,1,1,0
1735,17.36,32.88996505737305,2.054870625159333,76,4,0,1,1,1,1,0
1736,17.37,32.92555618286133,1.7506798153101717,76,4,0,1,1,1,1,0
1737,17.38,32.94837188720703,1.8233463033541855,76,4,0,1,1,1,1,0
1738,17.39,32.813720703125,1.728385266986756,76,4,0,1,1,1,1,0
1739,17.4,32.94902801513672,1.951428690728176,76,4,0,1,1,1,1,0
1740,17.41,32.719547271728516,1.866978399316713,76,4,0,1,1,1,1,0
1741,17.42,32.56791687011719,2.022499526210675,76,4,0,1,1,1,1,0
1742,17.43,32.9405517578125,1.9910068974236759,76,4,0,1,1,1,1,0
1743,17.44,33.038368225097656,1.7986916521615133,76,4,0,1,1,1,1,0
1744,17.45,32.97468566894531,2.109644833733218,76,4,0,1,1,1,1,0
1745,17.46,32.964900970458984,1.859275993630422,76,4,0,1,1,1,1,0
1746,17.47,32.98322296142578,2.0700258682786394,76,4,0,1,1,1,1,0
1747,17.48,33.161231994628906,2.0556791073581016,76,4,0,1,1,1,1,0
1748,17.49,33.11149597167969,2.0145963770998785,76,4,0,1,1,1,1,0
1749,17.5,33.304603576660156,2.322346955711504,76,5,1,1,1,1,1,0
1750,17.51,32.979026794433594,1.9694184264935068,76,4,0,1,1,1,1,0
1751,17.52,32.963157653808594,1.8756286462587675,76,4,0,1,1,1,1,0
1752,17.53,32.92972183227539,1.9579034810945637,76,4,0,1,1,1,1,0
1753,17.54,33.14686584472656,1.790580269311981,76,4,0,1,1,1,1,0
1754,17.55,33.4383659362793,1.7833094967614556,76,4,0,1,1,1,1,0
1755,17.56,33.308284759521484,1.8720283988071398,76,4,0,1,1,1,1,0
1756,17.57,33.39673614501953,1.871174414363576,76,4,0,1,1,1,1,0
1757,17.58,33.491920471191406,1.8446409303033868,76,4,0,1,1,1,1,0
1758,17.59,33.456207275390625,1.8856266184389945,76,4,0,1,1,1,1,0
1759,17.6,33.31449508666992,1.9216920866972966,76,4,0,1,1,1,1,0
1760,17.61,33.149658203125,2.3091778363020268,76,4,0,1,1,1,1,0
1761,17.62,32.993160247802734,1.8174159953815392,76,5,1,1,1,1,1,0
1762,17.63,33.24808120727539,2.2272437396741953,76,4,0,1,1,1,1,0
1763,17.64,33.253360748291016,1.910524018788478,76,4,0,1,1,1,1,0
1764,17.65,33.259193420410156,1.9306489120410466,76,4,0,1,1,1,1,0
1765,17.66,33.31613540649414,2.028917722791719,76,4,0,1,1,1,1,0
1766,17.67,33.27105712890625,1.9553499147694693,76,5,1,1,1,1,1,0
1767,17.68,33.354366302490234,2.02351545157159,76,4,0,1,1,1,1,0
1768,17.69,33.42625045776367,2.1276540777186264,76,4,0,1,1,1,1,0
1769,17.7,33.1656379699707,2.020836317479984,76,4,0,1,1,1,1,0
1770,17.71,32.850677490234375,1.8301866146540893,76,4,0,1,1,1,1,0
1771,17.72,33.05402374267578,2.081372467752595,76,4,0,1,1,1,1,0
1772,17.73,32.92356872558594,2.063973823856915,76,4,0,1,1,1,1,0
1773,17.74,32.768470764160156,1.9702285308824827,76,4,0,1,1,1,1,0
1774,17.75,32.81431579589844,2.148344513617521,76,4,0,1,1,1,1,0
1775,17.76,32.78120422363281,1.963698840143641,76,4,0,1,1,1,1,0
1776,17.77,32.61859893798828,1.9767124665249574,76,4,0,1,1,1,1,0
1777,17.78,32.923500061035156,2.06557907963517,76,4,0,1,1,1,1,0
1778,17.79,33.16898727416992,1.8092564997934826,76,4,0,1,1,1,1,0
1779,17.8,32.98050308227539,1.8127862188203048,76,4,0,1,1,1,1,0
1780,17.81,33.05276107788086,1.778313109627415,76,4,0,1,1,1,1,0
1781,17.82,33.35448455810547,1.8953079545144873,76,4,0,1,1,1,1,0
1782,17.83,33.554439544677734,1.904861150373474,76,4,0,1,1,1,1,0
1783,17.84,33.195640563964844,1.947356112336203,76,4,0,1,1,1,1,0
1784,17.85,33.24853515625,1.8687994545656157,76,4,0,1,1,1,1,0
1785,17.86,33.03678512573242,1.8539453219723299,76,4,0,1,1,1,1,0
1786,17.87,33.1845588684082,1.7795252700590685,76,4,0,1,1,1,1,0
1787,17.88,33.340919494628906,1.7991859053322938,76,4,0,1,1,1,1,0
1788,17.89,33.10464859008789,1.7669732468154613,76,4,0,1,1,1,1,0
1789,17.9,33.032081604003906,1.9174452426467543,76,4,0,1,1,1,1,0
1790,17.91,32.925514221191406,1.82112942707838,76,4,0,1,1,1,1,0
1791,17.92,33.471614837646484,1.8883313550347516,76,4,0,1,1,1,1,0
1792,17.93,33.337310791015625,2.115678462878551,76,4,0,1,1,1,1,0
1793,17.94,33.245201110839844,1.7628139135182812,76,4,0,1,1,1,1,0
1794,17.95,33.20285415649414,1.857228093536719,76,4,0,1,1,1,1,0
1795,17.96,33.23350524902344,1.8907674436275383,76,4,0,1,1,1,1,0
1796,17.97,32.90547180175781,2.2536433399808082,76,4,0,1,1,1,1,0
1797,17.98,32.95780944824219,1.778847836279807,76,4,0,1,1,1,1,0
1798,17.99,32.87297821044922,1.9323817713675184,76,4,0,1,1,1,1,0
1799,18.0,32.810691833496094,2.1217630361062074,76,4,0,1,1,1,1,0
1800,18.01,32.94736862182617,1.8640255384232973,76,4,0,1,1,1,1,0
1801,18.02,32.890316009521484,2.0045219738209186,76,4,0,1,1,1,1,0
1802,18.03,32.833587646484375,1.7263225529751887,76,4,0,1,1,1,1,0
1803,18.04,33.11726379394531,1.8394074074638005,76,4,0,1,1,1,1,0
1804,18.05,32.820011138916016,1.9727167472298361,76,4,0,1,1,1,1,0
1805,18.06,32.82601547241211,1.7059310796130216,76,4,0,1,1,1,1,0
1806,18.07,32.95333480834961,1.884806468146162,76,4,0,1,1,1,1,0
1807,18.08,32.82707977294922,2.0478296855314846,76,4,0,1,1,1,1,0
1808,18.09,32.8400993347168,1.7295937271780562,76,4,0,1,1,1,1,0
1809,18.1,32.662418365478516,1.8540228478170766,76,4,0,1,1,1,1,0
1810,18.11,33.14918899536133,1.8243322736404952,76,4,0,1,1,1,1,0
1811,18.12,32.983856201171875,1.921299742820757,76,4,0,1,1,1,1,0
1812,18.13,32.85764694213867,1.8983178588885559,76,4,0,1,1,1,1,0
1813,18.14,33.003047943115234,1.9351768046231237,76,4,0,1,1,1,1,0
1814,18.15,33.154937744140625,1.9166115544012023,76,4,0,1,1,1,1,0
1815,18.16,33.26236343383789,2.1244029686107755,76,4,0,1,1,1,1,0
1816,18.17,32.93867492675781,2.02269426429194,76,4,0,1,1,1,1,0
1817,18.18,32.87646484375,1.7587816390956672,76,4,0,1,1,1,1,0
1818,18.19,32.68460464477539,1.750571056382232,76,4,0,1,1,1,1,0
1819,18.2,32.52688980102539,1.920287171982977,76,4,0,1,1,1,1,0
1820,18.21,32.87164306640625,1.7311562042810746,76,4,0,1,1,1,1,0
1821,18.22,33.00764083862305,1.7711868565638138,76,4,0,1,1,1,1,0
1822,18.23,32.90288162231445,1.7118394704434514,76,4,0,1,1,1,1,0
1823,18.24,33.1563606262207,1.7497994670975068,76,4,0,1,1,1,1,0
1824,18.25,33.385189056396484,1.7751870852527678,76,4,0,1,1,1,1,0
1825,18.26,33.08979797363281,1.9845935049812478,76,4,0,1,1,1,1,0
1826,18.27,33.33549499511719,1.7783145254065582,76,4,0,1,1,1,1,0
1827,18.28,33.03622817993164,2.0037987787962233,76,4,0,1,1,1,1,0
1828,18.29,33.107460021972656,1.8072403582366,76,4,0,1,1,1,1,0
1829,18.3,33.29683303833008,1.892112266103877,76,4,0,1,1,1,1,0
1830,18.31,33.310359954833984,1.7144664822103408,76,4,0,1,1,1,1,0
1831,18.32,33.221126556396484,1.9300008388426095,76,4,0,1,1,1,1,0
1832,18.33,32.9079704284668,1.6820520928815026,76,4,0,1,1,1,1,0
1833,18.34,33.38043975830078,1.8635409492152162,76,4,0,1,1,1,1,0
1834,18.35,33.368900299072266,1.8862343718742707,76,4,0,1,1,1,1,0
1835,18.36,33.122745513916016,1.7353398991156535,76,4,0,1,1,1,1,0
1836,18.37,33.227718353271484,1.8577373335635168,76,4,0,1,1,1,1,0
1837,18.38,33.12602233886719,1.7971090812259702,76,4,0,1,1,1,1,0
1838,18.39,32.96877670288086,1.8267710389096754,76,4,0,1,1,1,1,0
1839,18.4,32.96425247192383,1.8417631533595615,76,4,0,1,1,1,1,0
1840,18.41,33.00350570678711,1.7827180439704617,76,4,0,1,1,1,1,0
1841,18.42,32.724021911621094,2.035484411525265,76,4,0,1,1,1,1,0
1842,18.43,32.95914840698242,1.7647705240278329,76,4,0,1,1,1,1,0
1843,18.44,32.86766052246094,1.8064880324090713,76,4,0,1,1,1,1,0
1844,18.45,32.88798522949219,2.0011471487399417,76,4,0,1,1,1,1,0
1845,18.46,32.49542236328125,1.7771885989982847,76,4,0,1,1,1,1,0
1846,18.47,32.647891998291016,1.6611154866692122,76,4,0,1,1,1,1,0
1847,18.48,32.610652923583984,1.915432284901307,76,4,0,1,1,1,1,0
1848,18.49,32.75233840942383,1.7272539427954419,76,4,0,1,1,1,1,0
1849,18.5,33.01069259643555,1.7931535239800909,76,4,0,1,1,1,1,0
1850,18.51,33.237266540527344,1.847106775296664,76,4,0,1,1,1,1,0
1851,18.52,33.12275695800781,1.9025736081038098,76,4,0,1,1,1,1,0
1852,18.53,33.140724182128906,1.8845390934190334,76,4,0,1,1,1,1,0
1853,18.54,32.841739654541016,1.8566113381761908,76,4,0,1,1,1,1,0
1854,18.55,32.90416717529297,2.0095037806240534,76,4,0,1,1,1,1,0
1855,18.56,32.85977554321289,1.768498838254979,76,4,0,1,1,1,1,0
1856,18.57,33.19841384887695,1.9494860906114728,76,4,0,1,1,1,1,0
1857,18.58,33.20407485961914,1.7750519272729566,76,4,0,1,1,1,1,0
1858,18.59,33.01079559326172,1.7393647895784665,76,4,0,1,1,1,1,0
1859,18.6,32.93214797973633,1.739280442284441,76,4,0,1,1,1,1,0
1860,18.61,32.852088928222656,1.8201974816256394,76,4,0,1,1,1,1,0
1861,18.62,33.00252914428711,1.8184880610399308,76,4,0,1,1,1,1,0
1862,18.63,32.7027473449707,1.7941267817084736,76,4,0,1,1,1,1,0
1863,18.64,32.790164947509766,1.8348837784026137,76,4,0,1,1,1,1,0
1864,18.65,33.163963317871094,1.7530873175181712,76,4,0,1,1,1,1,0
1865,18.66,32.86174392700195,1.8445867366116406,76,4,0,1,1,1,1,0
1866,18.67,33.313907623291016,1.7528585357341535,76,4,0,1,1,1,1,0
1867,18.68,33.08129119873047,1.8518625589253328,76,4,0,1,1,1,1,0
1868,18.69,32.7538948059082,1.9105247375928855,76,4,0,1,1,1,1,0
1869,18.7,32.96522903442383,1.7930387888051014,76,4,0,1,1,1,1,0
1870,18.71,33.19160461425781,1.8714959934315094,76,4,0,1,1,1,1,0
1871,18.72,32.820045471191406,1.813865963102283,76,4,0,1,1,1,1,0
1872,18.73,33.069766998291016,1.7349671110655966,76,4,0,1,1,1,1,0
1873,18.74,33.2126579284668,1.7616436011639791,76,4,0,1,1,1,1,0
1874,18.75,33.10232925415039,1.8764096572925846,76,4,0,1,1,1,1,0
1875,18.76,33.01762771606445,1.7929848225793281,76,4,0,1,1,1,1,0
1876,18.77,32.67263412475586,1.7441046967664193,76,4,0,1,1,1,1,0
1877,18.78,32.685096740722656,1.670779252677783,76,4,0,1,1,1,1,0
1878,18.79,33.218013763427734,1.7801990817767017,76,4,0,1,1,1,1,0
1879,18.8,33.145835876464844,1.7561584553075673,76,4,0,1,1,1,1,0
1880,18.81,32.985408782958984,1.827924222752319,76,4,0,1,1,1,1,0
1881,18.82,33.063350677490234,1.7836472595186317,76,4,0,1,1,1,1,0
1882,18.83,32.9013786315918,1.7286730869390166,76,4,0,1,1,1,1,0
1883,18.84,32.75783920288086,1.7874579364685108,76,4,0,1,1,1,1,0
1884,18.85,32.73479080200195,1.790254404758473,76,4,0,1,1,1,1,0
1885,18.86,32.89860916137695,2.007214426369534,76,4,0,1,1,1,1,0
1886,18.87,32.547019958496094,1.7976086927738046,76,4,0,1,1,1,1,0
1887,18.88,32.97636795043945,1.9040464001997282,76,4,0,1,1,1,1,0
1888,18.89,32.792015075683594,2.1489775365343453,76,4,0,1,1,1,1,0
1889,18.9,32.99754333496094,1.8870647166100427,76,4,0,1,1,1,1,0
1890,18.91,32.923824310302734,1.8032766620752694,76,4,0,1,1,1,1,0
1891,18.92,33.009315490722656,1.6879273384696316,76,4,0,1,1,1,1,0
1892,18.93,32.631919860839844,1.8135343122423653,76,4,0,1,1,1,1,0
1893,18.94,32.751976013183594,1.8785870327225376,76,4,0,1,1,1,1,0
1894,18.95,32.77287292480469,1.7360303333641647,76,4,0,1,1,1,1,0
1895,18.96,32.79444885253906,1.9418545178552922,76,4,0,1,1,1,1,0
1896,18.97,32.92845153808594,1.7914529702215565,76,4,0,1,1,1,1,0
1897,18.98,32.63999938964844,1.792369803968995,76,4,0,1,1,1,1,0
1898,18.99,32.72000503540039,2.172115696677016,76,4,0,1,1,1,1,0
1899,19.0,32.93149948120117,1.8174944917224032,76,4,0,1,1,1,1,0
1900,19.01,33.02111053466797,1.814195261386353,76,4,0,1,1,1,1,0
1901,19.02,32.90834045410156,1.9625729251631614,76,4,0,1,1,1,1,0
1902,19.03,32.757164001464844,1.7977208445716872,76,4,0,1,1,1,1,0
1903,19.04,32.633670806884766,1.7773555803281849,76,4,0,1,1,1,1,0
1904,19.05,32.646324157714844,1.923174561419443,76,4,0,1,1,1,1,0
1905,19.06,32.529693603515625,1.7445109629422069,76,4,0,1,1,1,1,0
1906,19.07,32.66519546508789,1.774540762796205,76,4,0,1,1,1,1,0
1907,19.08,32.665618896484375,1.7756408420020422,76,4,0,1,1,1,1,0
1908,19.09,32.76313400268555,1.7693504081204836,76,4,0,1,1,1,1,0
1909,19.1,32.83564758300781,1.816970382836362,76,4,0,1,1,1,1,0
1910,19.11,32.94961166381836,1.70188283257352,76,4,0,1,1,1,1,0
1911,19.12,32.96291732788086,1.9595902368865934,76,4,0,1,1,1,1,0
1912,19.13,32.904693603515625,1.870266243660608,76,4,0,1,1,1,1,0
1913,19.14,32.927154541015625,1.8217004097347549,76,4,0,1,1,1,1,0
1914,19.15,32.87134552001953,1.7867844282802539,76,4,0,1,1,1,1,0
1915,19.16,33.06489181518555,1.7315036999339217,76,4,0,1,1,1,1,0
1916,19.17,33.06001663208008,1.7667482927782832,76,4,0,1,1,1,1,0
1917,19.18,33.10728454589844,1.766943383102053,76,4,0,1,1,1,1,0
1918,19.19,33.18907165527344,1.7792688158145324,76,4,0,1,1,1,1,0
1919,19.2,33.097076416015625,1.8200554589932743,76,4,0,1,1,1,1,0
1920,19.21,33.05988311767578,1.8485909625362174,76,4,0,1,1,1,1,0
1921,19.22,32.86627197265625,1.798002360346425,76,4,0,1,1,1,1,0
1922,19.23,33.09880065917969,1.7548243551624092,76,4,0,1,1,1,1,0
1923,19.24,33.11088562011719,1.712453176040111,76,4,0,1,1,1,1,0
1924,19.25,33.123138427734375,1.6822305131916304,76,4,0,1,1,1,1,0
1925,19.26,33.146976470947266,1.736320115640909,76,4,0,1,1,1,1,0
1926,19.27,32.980106353759766,1.786312888611585,76,4,0,1,1,1,1,0
1927,19.28,33.20615005493164,1.7210775007778962,76,4,0,1,1,1,1,0
1928,19.29,32.87708282470703,1.8479431413788607,76,4,0,1,1,1,1,0
1929,19.3,32.682735443115234,1.6766031547248161,76,4,0,1,1,1,1,0
1930,19.31,32.84864807128906,1.8507561007684272,76,4,0,1,1,1,1,0
1931,19.32,33.212581634521484,1.693077155336838,76,4,0,1,1,1,1,0
1932,19.33,32.959922790527344,1.7525372650111786,76,4,0,1,1,1,1,0
1933,19.34,33.072669982910156,1.6954310019521674,76,4,0,1,1,1,1,0
1934,19.35,32.83142852783203,1.8215126500676893,76,4,0,1,1,1,1,0
1935,19.36,33.13466262817383,1.728875033263642,76,4,0,1,1,1,1,0
1936,19.37,33.131832122802734,1.7710145333746774,76,4,0,1,1,1,1,0
1937,19.38,33.13549041748047,1.7201777007179941,76,4,0,1,1,1,1,0
1938,19.39,33.49667739868164,1.7215399577279424,76,4,0,1,1,1,1,0
1939,19.4,33.15478515625,1.7858037512122655,76,4,0,1,1,1,1,0
1940,19.41,32.78260803222656,1.749088290519167,76,4,0,1,1,1,1,0
1941,19.42,33.39097213745117,1.7685634736380837,76,4,0,1,1,1,1,0
1942,19.43,32.95779800415039,1.98176851379376,76,4,0,1,1,1,1,0
1943,19.44,33.05158996582031,1.7069320730757205,76,4,0,1,1,1,1,0
1944,19.45,32.98025894165039,1.7639433276807512,76,4,0,1,1,1,1,0
1945,19.46,33.02568817138672,1.7942398527429815,76,4,0,1,1,1,1,0
1946,19.47,33.16633987426758,1.7991675804554375,76,4,0,1,1,1,1,0
1947,19.48,33.18144607543945,1.7436154015690533,76,4,0,1,1,1,1,0
1948,19.49,33.09648513793945,1.783956555475716,76,4,0,1,1,1,1,0
1949,19.5,33.214195251464844,1.7015563536603155,76,4,0,1,1,1,1,0
1950,19.51,33.1123046875,1.748428633246623,76,4,0,1,1,1,1,0
1951,19.52,33.11711883544922,1.8861094974255448,76,4,0,1,1,1,1,0
1952,19.53,32.644535064697266,1.7204061055432445,76,4,0,1,1,1,1,0
1953,19.54,33.02593994140625,1.9246809324926848,76,4,0,1,1,1,1,0
1954,19.55,33.17087936401367,1.6876292919268279,76,4,0,1,1,1,1,0
1955,19.56,32.914520263671875,1.8019122736179185,76,4,0,1,1,1,1,0
1956,19.57,33.33511734008789,1.9550462651980927,76,4,0,1,1,1,1,0
1957,19.58,33.22154998779297,1.8482692577838549,76,4,0,1,1,1,1,0
1958,19.59,33.19219970703125,1.7509139145415091,76,4,0,1,1,1,1,0
1959,19.6,33.2299919128418,1.8312049884224009,76,4,0,1,1,1,1,0
1960,19.61,33.206783294677734,1.7431596984411288,76,4,0,1,1,1,1,0
1961,19.62,33.103450775146484,1.8464571731899622,76,4,0,1,1,1,1,0
1962,19.63,32.76703643798828,1.8324339875870719,76,4,0,1,1,1,1,0
1963,19.64,33.144615173339844,1.771866767241414,76,4,0,1,1,1,1,0
1964,19.65,33.06629180908203,1.8190157800976896,76,4,0,1,1,1,1,0
1965,19.66,33.14287185668945,1.7993349601542428,76,4,0,1,1,1,1,0
1966,19.67,33.132816314697266,1.7578378904474208,76,4,0,1,1,1,1,0
1967,19.68,33.08830642700195,1.8162267502190874,76,4,0,1,1,1,1,0
1968,19.69,33.13459396362305,1.7776981223056383,76,4,0,1,1,1,1,0
1969,19.7,33.157325744628906,1.7696261546858272,76,4,0,1,1,1,1,0
1970,19.71,33.22782897949219,1.7964715588225992,76,4,0,1,1,1,1,0
1971,19.72,33.29570007324219,1.8457250073161653,76,4,0,1,1,1,1,0
1972,19.73,33.19741439819336,1.7731886475325285,76,4,0,1,1,1,1,0
1973,19.74,33.12773513793945,1.7075718099870216,76,4,0,1,1,1,1,0
1974,19.75,32.844173431396484,1.8235712833259659,76,4,0,1,1,1,1,0
1975,19.76,33.082889556884766,1.7039022031597346,76,4,0,1,1,1,1,0
1976,19.77,32.983909606933594,1.7037020435148456,76,4,0,1,1,1,1,0
1977,19.78,33.021507263183594,1.7192185077058966,76,4,0,1,1,1,1,0
1978,19.79,33.10177993774414,1.814114603623881,76,4,0,1,1,1,1,0
1979,19.8,33.2880859375,1.6850513765162354,76,4,0,1,1,1,1,0
1980,19.81,33.54039764404297,1.6670083071831086,76,4,0,1,1,1,1,0
1981,19.82,33.27888107299805,1.7728500541374015,76,4,0,1,1,1,1,0
1982,19.83,33.311981201171875,1.7129523301790137,76,4,0,1,1,1,1,0
1983,19.84,33.2301025390625,1.715431423365809,76,4,0,1,1,1,1,0
1984,19.85,33.35771179199219,1.7703409321364825,76,4,0,1,1,1,1,0
1985,19.86,33.17702102661133,1.696054333484072,76,4,0,1,1,1,1,0
1986,19.87,33.01626205444336,1.772255325977503,76,4,0,1,1,1,1,0
1987,19.88,32.952816009521484,1.7976921282348461,76,4,0,1,1,1,1,0
1988,19.89,32.931644439697266,1.7418681496882509,76,4,0,1,1,1,1,0
1989,19.9,33.07266616821289,1.6653543740153345,76,4,0,1,1,1,1,0
1990,19.91,33.262447357177734,1.8269635199240986,76,4,0,1,1,1,1,0
1991,19.92,33.12390899658203,1.6865671159264761,76,4,0,1,1,1,1,0
1992,19.93,33.08622360229492,1.806430244512169,76,4,0,1,1,1,1,0
1993,19.94,32.98861312866211,1.6891693051038346,76,4,0,1,1,1,1,0
1994,19.95,32.933414459228516,1.9465667329794654,76,4,0,1,1,1,1,0
1995,19.96,32.879356384277344,1.739941046583754,76,4,0,1,1,1,1,0
1996,19.97,33.15592575073242,1.669758505360695,76,4,0,1,1,1,1,0
1997,19.98,33.49885940551758,1.8466145649755832,76,4,0,1,1,1,1,0
1998,19.99,33.45219039916992,1.7740856065629236,76,4,0,1,1,1,1,0
1999,20.0,33.47295379638672,1.82619698345134,76,4,0,1,1,1,1,0
2000,20.01,33.62352752685547,1.7994681882480437,76,4,0,1,1,1,1,0
2001,20.02,33.46935272216797,1.7033462782758433,76,4,0,1,1,1,1,0
2002,20.03,33.47775650024414,1.8732024651926555,76,4,0,1,1,1,1,0
2003,20.04,32.90001678466797,1.8164215876403764,76,4,0,1,1,1,1,0
2004,20.05,33.42618942260742,1.9451951646395576,76,4,0,1,1,1,1,0
2005,20.06,33.0385627746582,1.7545633121631872,76,4,0,1,1,1,1,0
2006,20.07,33.00550079345703,1.8682063520348116,76,4,0,1,1,1,1,0
2007,20.08,32.846778869628906,1.7549989636305399,76,4,0,1,1,1,1,0
2008,20.09,33.00827407836914,1.774738392643058,76,4,0,1,1,1,1,0
2009,20.1,33.10151290893555,1.7617337201434913,76,4,0,1,1,1,1,0
2010,20.11,32.83810043334961,1.856583923104167,76,4,0,1,1,1,1,0
2011,20.12,32.90692138671875,1.6163535100462212,76,4,0,1,1,1,1,0
2012,20.13,32.543312072753906,1.77519443447546,76,4,0,1,1,1,1,0
2013,20.14,32.9337158203125,1.7825001489519188,76,4,0,1,1,1,1,0
2014,20.15,32.73026657104492,1.704640064004073,76,4,0,1,1,1,1,0
2015,20.16,32.72847366333008,1.6845452683857325,76,4,0,1,1,1,1,0
2016,20.17,32.914546966552734,1.8201928499798408,76,4,0,1,1,1,1,0
2017,20.18,33.02147674560547,1.7135676185077986,76,4,0,1,1,1,1,0
2018,20.19,32.996761322021484,1.7776956330945397,76,4,0,1,1,1,1,0
2019,20.2,32.8094367980957,1.763692048094805,76,4,0,1,1,1,1,0
2020,20.21,32.68239212036133,1.70064395960916,76,4,0,1,1,1,1,0
2021,20.22,33.06538391113281,1.8220096735521643,76,4,0,1,1,1,1,0
2022,20.23,32.70112228393555,1.8502150588959199,76,4,0,1,1,1,1,0
2023,20.24,32.624568939208984,1.7811540116042717,76,4,0,1,1,1,1,0
2024,20.25,32.50286102294922,1.8296991511639802,76,4,0,1,1,1,1,0
2025,20.26,32.80674362182617,1.7308433135588996,76,4,0,1,1,1,1,0
2026,20.27,32.807334899902344,1.8471924976434313,76,4,0,1,1,1,1,0
2027,20.28,32.81564712524414,1.8306530422021805,76,4,0,1,1,1,1,0
2028,20.29,32.743038177490234,1.7429880622861613,76,4,0,1,1,1,1,0
2029,20.3,33.00558090209961,1.8105800790880457,76,4,0,1,1,1,1,0
2030,20.31,32.89812469482422,1.8539180732489304,76,4,0,1,1,1,1,0
2031,20.32,32.878971099853516,1.7830306888878495,76,4,0,1,1,1,1,0
2032,20.33,33.079612731933594,2.0040248251725217,76,4,0,1,1,1,1,0
2033,20.34,33.02498245239258,1.8744050268657513,76,4,0,1,1,1,1,0
2034,20.35,32.91518020629883,1.6986501410427262,76,4,0,1,1,1,1,0
2035,20.36,33.03557205200195,1.7291883683797669,76,4,0,1,1,1,1,0
2036,20.37,33.04765319824219,1.7609635559211698,76,4,0,1,1,1,1,0
2037,20.38,32.903358459472656,1.8760324021337997,76,4,0,1,1,1,1,0
2038,20.39,33.1826286315918,1.8392143413251136,76,4,0,1,1,1,1,0
2039,20.4,33.07505798339844,1.8645588084630473,76,4,0,1,1,1,1,0
2040,20.41,33.16557693481445,1.6647238782525888,76,4,0,1,1,1,1,0
2041,20.42,33.302764892578125,1.74235778229038,76,4,0,1,1,1,1,0
2042,20.43,33.14630889892578,1.7254554514423333,76,4,0,1,1,1,1,0
2043,20.44,33.05514907836914,1.7304612240689223,76,4,0,1,1,1,1,0
2044,20.45,33.118228912353516,1.8365467971681146,76,4,0,1,1,1,1,0
2045,20.46,33.166412353515625,1.8120687896359178,76,4,0,1,1,1,1,0
2046,20.47,33.058326721191406,1.7368401786550296,76,5,1,1,1,1,1,0
2047,20.48,33.04499816894531,1.7312995263484645,76,4,0,1,1,1,1,0
2048,20.49,32.96531295776367,1.855289030770838,76,4,0,1,1,1,1,0
2049,20.5,33.078468322753906,1.733613886707914,76,4,0,1,1,1,1,0
2050,20.51,32.94292068481445,1.7155221243359864,76,4,0,1,1,1,1,0
2051,20.52,32.87409973144531,1.7733019565494015,76,4,0,1,1,1,1,0
2052,20.53,32.95966339111328,1.7718384069522866,76,4,0,1,1,1,1,0
2053,20.54,32.92145538330078,1.7923710596728835,76,4,0,1,1,1,1,0
2054,20.55,33.0150260925293,1.827738500827358,76,4,0,1,1,1,1,0
2055,20.56,32.868526458740234,1.7669505507242549,76,4,0,1,1,1,1,0
2056,20.57,32.618587493896484,1.781958918699678,76,4,0,1,1,1,1,0
2057,20.58,32.80447006225586,1.9347608780325216,76,4,0,1,1,1,1,0
2058,20.59,32.72508239746094,1.6051779998332847,76,4,0,1,1,1,1,0
2059,20.6,32.720130920410156,1.6675135384098512,76,4,0,1,1,1,1,0
2060,20.61,32.839046478271484,1.7347656980103197,76,4,0,1,1,1,1,0
2061,20.62,32.76128387451172,1.7004149641856663,76,4,0,1,1,1,1,0
2062,20.63,32.571044921875,1.6641441606446317,76,4,0,1,1,1,1,0
2063,20.64,32.964385986328125,1.7679361187907152,76,4,0,1,1,1,1,0
2064,20.65,32.770328521728516,1.7633464392172589,76,4,0,1,1,1,1,0
2065,20.66,32.6258430480957,1.748765018354717,76,4,0,1,1,1,1,0
2066,20.67,32.63932418823242,1.6008135939651926,76,4,0,1,1,1,1,0
2067,20.68,32.80524444580078,1.9363080112992865,76,4,0,1,1,1,1,0
2068,20.69,33.04646301269531,1.7491723175300038,76,4,0,1,1,1,1,0
2069,20.7,32.96519470214844,1.9091854519654894,76,4,0,1,1,1,1,0
2070,20.71,33.19656753540039,1.7049631780443284,76,4,0,1,1,1,1,0
2071,20.72,32.84553909301758,1.8380670993287254,76,4,0,1,1,1,1,0
2072,20.73,33.041297912597656,1.80759444247321,76,4,0,1,1,1,1,0
2073,20.74,32.924461364746094,1.8565803479512202,76,4,0,1,1,1,1,0
2074,20.75,32.8023567199707,1.7903626067239153,76,4,0,1,1,1,1,0
2075,20.76,32.77102279663086,1.8671355935540384,76,4,0,1,1,1,1,0
2076,20.77,32.82490921020508,1.6752604085755345,76,4,0,1,1,1,1,0
2077,20.78,32.99509048461914,1.9102075721740785,76,4,0,1,1,1,1,0
2078,20.79,32.97911071777344,1.7196231331588012,76,4,0,1,1,1,1,0
2079,20.8,33.041236877441406,1.7991674108310045,76,4,0,1,1,1,1,0
2080,20.81,33.219852447509766,1.684930661194112,76,4,0,1,1,1,1,0
2081,20.82,33.32267379760742,1.6901202214445459,76,4,0,1,1,1,1,0
2082,20.83,33.35859680175781,1.7578933262703464,76,4,0,1,1,1,1,0
2083,20.84,33.397762298583984,1.7346518509807107,76,4,0,1,1,1,1,0
2084,20.85,33.34166717529297,1.7702258174037644,76,4,0,1,1,1,1,0
2085,20.86,33.528785705566406,1.800472595065258,76,4,0,1,1,1,1,0
2086,20.87,33.303260803222656,1.644991093299097,76,4,0,1,1,1,1,0
2087,20.88,33.374656677246094,1.6775289655309222,76,4,0,1,1,1,1,0
2088,20.89,33.274967193603516,1.8526999695383806,76,4,0,1,1,1,1,0
2089,20.9,33.25102233886719,1.751400190580805,76,4,0,1,1,1,1,0
2090,20.91,32.97493362426758,1.8584110996265815,76,4,0,1,1,1,1,0
2091,20.92,33.05358123779297,1.8425552065918192,76,4,0,1,1,1,1,0
2092,20.93,33.026397705078125,1.7363474302982311,76,4,0,1,1,1,1,0
2093,20.94,33.21150588989258,1.7280590489911847,76,4,0,1,1,1,1,0
2094,20.95,32.840667724609375,1.710816904109717,76,4,0,1,1,1,1,0
2095,20.96,32.68827438354492,1.726381033667686,76,4,0,1,1,1,1,0
2096,20.97,32.864341735839844,1.7441544013819905,76,4,0,1,1,1,1,0
2097,20.98,32.832828521728516,1.7399705406488921,76,4,0,1,1,1,1,0
2098,20.99,32.93958282470703,1.7056368053096995,76,4,0,1,1,1,1,0
2099,21.0,32.858856201171875,1.684080399345236,76,4,0,1,1,1,1,0
2100,21.01,32.88664627075195,1.7221473711619415,76,4,0,1,1,1,1,0
2101,21.02,33.148441314697266,1.778448684717089,76,4,0,1,1,1,1,0
2102,21.03,33.16807556152344,1.8853376439337217,76,4,0,1,1,1,1,0
2103,21.04,32.84328079223633,1.7824955477695537,76,4,0,1,1,1,1,0
2104,21.05,32.78788757324219,1.7456781201065983,76,4,0,1,1,1,1,0
2105,21.06,32.74959182739258,1.6551695528871653,76,4,0,1,1,1,1,0
2106,21.07,32.86433410644531,1.7902262505337503,76,4,0,1,1,1,1,0
2107,21.08,32.85862350463867,1.8572328998287757,76,4,0,1,1,1,1,0
2108,21.09,32.62868118286133,1.8429888996193355,76,4,0,1,1,1,1,0
2109,21.1,32.801292419433594,1.7891368451433642,76,4,0,1,1,1,1,0
2110,21.11,32.85330581665039,1.7756979347626982,76,4,0,1,1,1,1,0
2111,21.12,32.90937805175781,1.7673170240591365,76,4,0,1,1,1,1,0
2112,21.13,33.016319274902344,1.7596061673502728,76,4,0,1,1,1,1,0
2113,21.14,32.91983413696289,1.6688070273607418,76,4,0,1,1,1,1,0
2114,21.15,32.99946975708008,1.758236253614397,76,4,0,1,1,1,1,0
2115,21.16,33.06446838378906,1.810273877928799,76,4,0,1,1,1,1,0
2116,21.17,32.97052764892578,1.7732428720315412,76,4,0,1,1,1,1,0
2117,21.18,32.837158203125,1.6984124990996101,76,4,0,1,1,1,1,0
2118,21.19,32.7459602355957,1.7937951178145282,76,4,0,1,1,1,1,0
2119,21.2,33.01483154296875,1.7797495950972988,76,4,0,1,1,1,1,0
2120,21.21,33.11264419555664,1.8094442873910719,76,4,0,1,1,1,1,0
2121,21.22,32.890628814697266,1.6949378510370894,76,4,0,1,1,1,1,0
2122,21.23,32.9527587890625,1.7584123455762906,76,4,0,1,1,1,1,0
2123,21.24,32.93240737915039,1.840270598877015,76,4,0,1,1,1,1,0
2124,21.25,33.19654846191406,1.6493663870632096,76,4,0,1,1,1,1,0
2125,21.26,33.1435661315918,1.733955741850195,76,4,0,1,1,1,1,0
2126,21.27,33.1201171875,1.700470410058007,76,4,0,1,1,1,1,0
2127,21.28,33.17250442504883,1.6761286407878837,76,4,0,1,1,1,1,0
2128,21.29,33.05943298339844,1.676750775778532,76,4,0,1,1,1,1,0
2129,21.3,32.794677734375,1.773835312110816,76,4,0,1,1,1,1,0
2130,21.31,32.95233917236328,1.8740622427231788,76,4,0,1,1,1,1,0
2131,21.32,33.03873825073242,1.7291839562621651,76,4,0,1,1,1,1,0
2132,21.33,32.848846435546875,1.8732066399360392,76,4,0,1,1,1,1,0
2133,21.34,33.20873260498047,1.7288710395553593,76,4,0,1,1,1,1,0
2134,21.35,32.87992858886719,1.8326197748809818,76,4,0,1,1,1,1,0
2135,21.36,33.242088317871094,1.7245579798465616,76,4,0,1,1,1,1,0
2136,21.37,33.01333236694336,1.7842362021541738,76,4,0,1,1,1,1,0
2137,21.38,33.07944869995117,1.7785693799595677,76,4,0,1,1,1,1,0
2138,21.39,32.97346496582031,1.865177680751413,76,4,0,1,1,1,1,0
2139,21.4,32.95022964477539,1.7679668288086394,76,4,0,1,1,1,1,0
2140,21.41,33.12004470825195,1.7503728772381364,76,4,0,1,1,1,1,0
2141,21.42,32.82966613769531,1.715724595821499,76,4,0,1,1,1,1,0
2142,21.43,33.07691192626953,1.8075913191244786,76,4,0,1,1,1,1,0
2143,21.44,33.306148529052734,1.76593096595824,76,4,0,1,1,1,1,0
2144,21.45,33.03424835205078,1.7451637291929307,76,4,0,1,1,1,1,0
2145,21.46,33.197879791259766,1.6467208126544002,76,4,0,1,1,1,1,0
2146,21.47,32.591251373291016,1.6602090901536521,76,4,0,1,1,1,1,0
2147,21.48,32.552955627441406,1.7918978606832983,76,4,0,1,1,1,1,0
2148,21.49,33.0379638671875,1.8314251704443643,76,4,0,1,1,1,1,0
2149,21.5,33.03912353515625,1.7781150404099675,76,4,0,1,1,1,1,0
2150,21.51,33.077754974365234,1.7772432809975784,76,4,0,1,1,1,1,0
2151,21.52,33.17673110961914,1.8173870864979138,76,4,0,1,1,1,1,0
2152,21.53,32.55051803588867,1.776682364924368,76,4,0,1,1,1,1,0
2153,21.54,32.717247009277344,1.839075944487779,76,4,0,1,1,1,1,0
2154,21.55,32.98797607421875,1.8328414311659547,76,4,0,1,1,1,1,0
2155,21.56,32.91163635253906,1.7835625253952279,76,4,0,1,1,1,1,0
2156,21.57,32.87361145019531,1.7035557726452168,76,4,0,1,1,1,1,0
2157,21.58,32.845340728759766,1.692871952640335,76,4,0,1,1,1,1,0
2158,21.59,33.160621643066406,1.7953821184649201,76,4,0,1,1,1,1,0
2159,21.6,33.33274459838867,1.6738566818668152,76,4,0,1,1,1,1,0
2160,21.61,33.27974319458008,1.6444181058957639,76,4,0,1,1,1,1,0
2161,21.62,33.08477020263672,1.69274918089743,76,4,0,1,1,1,1,0
2162,21.63,32.80586624145508,1.8003637293971197,76,4,0,1,1,1,1,0
2163,21.64,33.01112747192383,1.674335849558123,76,4,0,1,1,1,1,0
2164,21.65,33.002838134765625,1.8187391529145953,76,4,0,1,1,1,1,0
2165,21.66,33.04423141479492,1.7801648970185067,76,4,0,1,1,1,1,0
2166,21.67,33.364540100097656,1.7780023384990595,76,4,0,1,1,1,1,0
2167,21.68,33.420494079589844,1.7777782435961444,76,4,0,1,1,1,1,0
2168,21.69,33.20599365234375,1.7337506688824185,76,4,0,1,1,1,1,0
2169,21.7,33.10307312011719,1.8769389209996943,76,4,0,1,1,1,1,0
2170,21.71,33.29026412963867,1.77367122548062,76,4,0,1,1,1,1,0
2171,21.72,32.921085357666016,1.8076274754143493,76,4,0,1,1,1,1,0
2172,21.73,33.04031753540039,1.770903447512618,76,4,0,1,1,1,1,0
2173,21.74,32.95255661010742,1.750484481453928,76,4,0,1,1,1,1,0
2174,21.75,33.07450485229492,1.7757854930884527,76,4,0,1,1,1,1,0
2175,21.76,32.98942565917969,1.9072687859492397,76,4,0,1,1,1,1,0
2176,21.77,32.95376205444336,1.965628694322054,76,4,0,1,1,1,1,0
2177,21.78,32.776371002197266,1.8087024113618315,76,4,0,1,1,1,1,0
2178,21.79,32.812828063964844,1.7925959690437607,76,4,0,1,1,1,1,0
2179,21.8,33.10102844238281,1.868742042148742,76,4,0,1,1,1,1,0
2180,21.81,32.750755310058594,1.7129504817869903,76,4,0,1,1,1,1,0
2181,21.82,32.91699981689453,1.8817806487594082,76,4,0,1,1,1,1,0
2182,21.83,33.13194274902344,1.7548250507885643,76,4,0,1,1,1,1,0
2183,21.84,32.88071060180664,1.8506750370214318,76,4,0,1,1,1,1,0
2184,21.85,32.98649215698242,1.7681582249157772,76,4,0,1,1,1,1,0
2185,21.86,32.69208526611328,1.7414365297468082,76,4,0,1,1,1,1,0
2186,21.87,32.78447723388672,1.804797696854853,76,4,0,1,1,1,1,0
2187,21.88,32.793819427490234,1.7934596490693206,76,4,0,1,1,1,1,0
2188,21.89,32.890663146972656,1.799275140413677,76,4,0,1,1,1,1,0
2189,21.9,32.536075592041016,1.7142351051931368,76,4,0,1,1,1,1,0
2190,21.91,33.021026611328125,1.7523371966201484,76,4,0,1,1,1,1,0
2191,21.92,33.01161193847656,1.8853872873791926,76,4,0,1,1,1,1,0
2192,21.93,32.463375091552734,1.6686235367720432,76,4,0,1,1,1,1,0
2193,21.94,32.91266632080078,1.70241567888394,76,4,0,1,1,1,1,0
2194,21.95,33.208641052246094,1.7779485380730307,76,4,0,1,1,1,1,0
2195,21.96,33.33319091796875,1.9029988749407045,76,4,0,1,1,1,1,0
2196,21.97,33.37508773803711,1.7559638178081154,76,4,0,1,1,1,1,0
2197,21.98,33.41229248046875,1.6624361495767452,76,4,0,1,1,1,1,0
2198,21.99,33.26505661010742,1.693340062606851,76,4,0,1,1,1,1,0
2199,22.0,33.43067169189453,1.637010700768096,76,4,0,1,1,1,1,0
2200,22.01,33.44118881225586,1.8250784351874465,76,4,0,1,1,1,1,0
2201,22.02,33.5094108581543,1.710934455265648,76,4,0,1,1,1,1,0
2202,22.03,33.67811965942383,1.8627441746003814,76,4,0,1,1,1,1,0
2203,22.04,33.56571960449219,1.9135583830809317,76,4,0,1,1,1,1,0
2204,22.05,33.571346282958984,1.8157919593014986,76,4,0,1,1,1,1,0
2205,22.06,33.21156311035156,1.6769319439518584,76,4,0,1,1,1,1,0
2206,22.07,33.39490509033203,1.9000523321100835,76,4,0,1,1,1,1,0
2207,22.08,33.26911544799805,1.6996469611463356,76,4,0,1,1,1,1,0
2208,22.09,33.49289321899414,1.7259512430823774,76,4,0,1,1,1,1,0
2209,22.1,33.26707458496094,1.7874279668215587,76,4,0,1,1,1,1,0
2210,22.11,33.22627639770508,1.7619624536990313,76,4,0,1,1,1,1,0
2211,22.12,33.251365661621094,1.6273273635469097,76,4,0,1,1,1,1,0
2212,22.13,33.06985092163086,1.6217607645166654,76,4,0,1,1,1,1,0
2213,22.14,33.2913818359375,1.7174971783470794,76,4,0,1,1,1,1,0
2214,22.15,32.85451889038086,1.729510425247184,76,4,0,1,1,1,1,0
2215,22.16,33.073394775390625,1.7617581290708575,76,4,0,1,1,1,1,0
2216,22.17,33.32826614379883,1.6059241342098325,76,4,0,1,1,1,1,0
2217,22.18,33.11579132080078,1.715747324775979,76,4,0,1,1,1,1,0
2218,22.19,33.52621841430664,1.7799147287606631,76,4,0,1,1,1,1,0
2219,22.2,33.40407943725586,1.7431013648577771,76,4,0,1,1,1,1,0
2220,22.21,33.33528137207031,1.8340625116525988,76,4,0,1,1,1,1,0
2221,22.22,33.31861877441406,1.6243480794955563,76,4,0,1,1,1,1,0
2222,22.23,33.5784797668457,1.8043261712170626,76,4,0,1,1,1,1,0
2223,22.24,34.04991149902344,1.7360007943391784,76,4,0,1,1,1,1,0
2224,22.25,33.597259521484375,1.7909500439554673,76,4,0,1,1,1,1,0
2225,22.26,33.77317428588867,1.7585514939678348,76,4,0,1,1,1,1,0
2226,22.27,33.61299514770508,1.6367340607559324,76,4,0,1,1,1,1,0
2227,22.28,33.47489929199219,1.7880440878681139,76,4,0,1,1,1,1,0
2228,22.29,33.33735656738281,1.8049644487856467,76,4,0,1,1,1,1,0
2229,22.3,33.76947784423828,1.9767925492991465,76,4,0,1,1,1,1,0
2230,22.31,33.985595703125,1.850050715403985,76,4,0,1,1,1,1,0
2231,22.32,33.433433532714844,1.9686329330340662,76,4,0,1,1,1,1,0
2232,22.33,33.43678665161133,1.8000843418356287,76,4,0,1,1,1,1,0
2233,22.34,33.26774215698242,1.8214252584034099,76,4,0,1,1,1,1,0
2234,22.35,33.50447082519531,1.933002438784951,76,4,0,1,1,1,1,0
2235,22.36,33.61312484741211,1.8964506667123364,76,4,0,1,1,1,1,0
2236,22.37,33.4334831237793,1.9148098867736087,76,4,0,1,1,1,1,0
2237,22.38,33.43012237548828,1.9556624704340206,76,4,0,1,1,1,1,0
2238,22.39,33.38230514526367,1.7717229158267132,76,4,0,1,1,1,1,0
2239,22.4,33.51628875732422,1.930102807504515,76,4,0,1,1,1,1,0
2240,22.41,33.4409294128418,1.8980291484750131,76,4,0,1,1,1,1,0
2241,22.42,33.1451416015625,1.9369546438286065,76,4,0,1,1,1,1,0
2242,22.43,33.23936080932617,1.7962722001822717,76,4,0,1,1,1,1,0
2243,22.44,33.449527740478516,1.855748326800633,76,4,0,1,1,1,1,0
2244,22.45,33.418636322021484,1.8969956402486277,76,4,0,1,1,1,1,0
2245,22.46,33.18769073486328,1.876376574763843,76,4,0,1,1,1,1,0
2246,22.47,33.42354202270508,1.9938633499747236,76,4,0,1,1,1,1,0
2247,22.48,33.54749298095703,1.740833392452253,76,4,0,1,1,1,1,0
2248,22.49,33.242637634277344,1.8505718250675447,76,4,0,1,1,1,1,0
2249,22.5,33.535552978515625,1.9707114361272828,76,4,0,1,1,1,1,0
2250,22.51,33.047122955322266,1.8303577019327573,76,4,0,1,1,1,1,0
2251,22.52,33.21937561035156,1.9658293378046745,76,4,0,1,1,1,1,0
2252,22.53,33.104591369628906,1.917732124056653,76,4,0,1,1,1,1,0
2253,22.54,33.07204818725586,1.8889408837640433,76,4,0,1,1,1,1,0
2254,22.55,33.210540771484375,1.9416730922024543,76,4,0,1,1,1,1,0
2255,22.56,33.291473388671875,1.8090326495676714,76,4,0,1,1,1,1,0
2256,22.57,33.27147674560547,2.100548489831124,76,4,0,1,1,1,1,0
2257,22.58,33.54102325439453,2.0562308671626788,76,4,0,1,1,1,1,0
2258,22.59,33.88558578491211,2.2617215012442413,76,4,0,1,1,1,1,0
2259,22.6,33.81324005126953,2.0935598787047445,76,4,0,1,1,1,1,0
2260,22.61,33.478328704833984,2.1599298070244206,76,4,0,1,1,1,1,0
2261,22.62,33.41222381591797,1.7323103984010262,76,4,0,1,1,1,1,0
2262,22.63,33.15400695800781,1.855505511972973,76,4,0,1,1,1,1,0
2263,22.64,33.42112350463867,1.8629271029082424,76,4,0,1,1,1,1,0
2264,22.65,33.58808517456055,1.771413874186843,76,4,0,1,1,1,1,0
2265,22.66,33.502479553222656,1.896861740753442,76,4,0,1,1,1,1,0
2266,22.67,33.55255126953125,2.0333940787581133,76,4,0,1,1,1,1,0
2267,22.68,33.79576873779297,2.1312471927489756,76,4,0,1,1,1,1,0
2268,22.69,33.45494079589844,1.7696585167428103,76,4,0,1,1,1,1,0
2269,22.7,33.693565368652344,1.7758380057215626,76,4,0,1,1,1,1,0
2270,22.71,33.45555114746094,2.0393602587329513,76,4,0,1,1,1,1,0
2271,22.72,33.59185028076172,2.0527560551322064,76,4,0,1,1,1,1,0
2272,22.73,33.872406005859375,1.894915935499652,76,4,0,1,1,1,1,0
2273,22.74,33.62882614135742,1.7956893506808624,76,4,0,1,1,1,1,0
2274,22.75,33.92097091674805,1.9477895468118895,76,4,0,1,1,1,1,0
2275,22.76,33.731300354003906,1.9594135683895053,76,4,0,1,1,1,1,0
2276,22.77,33.67835998535156,2.035042581704777,76,4,0,1,1,1,1,0
2277,22.78,33.69373321533203,2.111237141753074,76,4,0,1,1,1,1,0
2278,22.79,33.47392272949219,2.0078356014721397,76,4,0,1,1,1,1,0
2279,22.8,33.80167007446289,2.142613025299972,76,4,0,1,1,1,1,0
2280,22.81,33.66737747192383,1.8036330895722854,76,4,0,1,1,1,1,0
2281,22.82,33.485233306884766,1.815318456214301,76,4,0,1,1,1,1,0
2282,22.83,33.47078323364258,1.9184400499837329,76,4,0,1,1,1,1,0
2283,22.84,33.5638427734375,1.9399765784100012,76,4,0,1,1,1,1,0
2284,22.85,33.9165153503418,1.9074859074669932,76,4,0,1,1,1,1,0
2285,22.86,33.90553665161133,1.8353210717150743,76,4,0,1,1,1,1,0
2286,22.87,33.914268493652344,1.6467254225652008,76,4,0,1,1,1,1,0
2287,22.88,33.49647521972656,2.0260990745192906,76,5,1,1,1,1,1,0
2288,22.89,33.718223571777344,1.9614796063434894,76,4,0,1,1,1,1,0
2289,22.9,33.540130615234375,1.8978355535287466,76,5,1,1,1,1,1,0
2290,22.91,33.52272033691406,1.8430928673758162,76,4,0,1,1,1,1,0
2291,22.92,33.8626594543457,1.909845801717668,76,5,1,1,1,1,1,0
2292,22.93,33.546852111816406,1.7474857767449123,76,5,1,1,1,1,1,0
2293,22.94,33.49046325683594,1.679377920240991,76,4,0,1,1,1,1,0
2294,22.95,33.53525161743164,1.8235087232536664,76,4,0,1,1,1,1,0
2295,22.96,33.41183090209961,1.7826654558138892,76,4,0,1,1,1,1,0
2296,22.97,33.690250396728516,1.7924561009764703,76,4,0,1,1,1,1,0
2297,22.98,33.5438232421875,1.7500826536084673,76,5,1,1,1,1,1,0
2298,22.99,33.51286697387695,2.0067404193419276,76,4,0,1,1,1,1,0
2299,23.0,33.72465133666992,1.8948888733105926,76,4,0,1,1,1,1,0
2300,23.01,33.63978576660156,1.7627508418468512,76,4,0,1,1,1,1,0
2301,23.02,33.451148986816406,1.7703076559806425,76,4,0,1,1,1,1,0
2302,23.03,33.42185974121094,1.9885634991279681,76,4,0,1,1,1,1,0
2303,23.04,33.61376953125,2.2113355427934978,76,4,0,1,1,1,1,0
2304,23.05,33.817752838134766,2.348681833233707,76,4,0,1,1,1,1,0
2305,23.06,33.556941986083984,2.3879058953066137,76,4,0,1,1,1,1,0
2306,23.07,33.28804397583008,2.4172065501599818,76,4,0,1,1,1,1,0
2307,23.08,33.791419982910156,1.9443776124840333,76,4,0,1,1,1,1,0
2308,23.09,33.886199951171875,2.1225928123883033,76,4,0,1,1,1,1,0
2309,23.1,33.713199615478516,1.973223233804646,76,4,0,1,1,1,1,0
2310,23.11,33.519432067871094,1.8501041098573283,76,4,0,1,1,1,1,0
2311,23.12,33.30485534667969,1.7759767339069363,76,4,0,1,1,1,1,0
2312,23.13,33.34526824951172,1.937959441029934,76,4,0,1,1,1,1,0
2313,23.14,33.92876434326172,1.8810132652280187,76,4,0,1,1,1,1,0
2314,23.15,33.888004302978516,2.361784398132459,76,4,0,1,1,1,1,0
2315,23.16,33.71919250488281,1.8714710182059922,76,4,0,1,1,1,1,0
2316,23.17,33.51537322998047,1.9854967140630693,76,4,0,1,1,1,1,0
2317,23.18,33.6164436340332,1.9739827200199405,76,4,0,1,1,1,1,0
2318,23.19,33.849693298339844,1.850511806320062,76,5,1,1,1,1,1,0
2319,23.2,33.81843566894531,1.8740584362852462,76,4,0,1,1,1,1,0
2320,23.21,33.74901580810547,1.8091398127832148,76,4,0,1,1,1,1,0
2321,23.22,33.665672302246094,1.959743253280222,76,4,0,1,1,1,1,0
2322,23.23,33.71369552612305,1.8187040984741458,76,4,0,1,1,1,1,0
2323,23.24,34.05887222290039,2.099857694619534,76,4,0,1,1,1,1,0
2324,23.25,33.76629638671875,1.8969701762655733,76,4,0,1,1,1,1,0
2325,23.26,33.614715576171875,2.2337881393061,76,4,0,1,1,1,1,0
2326,23.27,33.864994049072266,2.0439704396368596,76,4,0,1,1,1,1,0
2327,23.28,33.65286636352539,1.7807009527676925,76,4,0,1,1,1,1,0
2328,23.29,33.61103057861328,1.7187528071775122,76,4,0,1,1,1,1,0
2329,23.3,33.812896728515625,1.7876546290832833,76,4,0,1,1,1,1,0
2330,23.31,33.93910598754883,1.6141256756469715,76,4,0,1,1,1,1,0
2331,23.32,33.98798751831055,1.7604568166087948,76,4,0,1,1,1,1,0
2332,23.33,34.015899658203125,1.7201471576305598,76,4,0,1,1,1,1,0
2333,23.34,34.20650863647461,2.0753305305226375,76,4,0,1,1,1,1,0
2334,23.35,34.02720642089844,2.20812435320205,76,4,0,1,1,1,1,0
2335,23.36,33.758968353271484,2.1200472189554564,76,4,0,1,1,1,1,0
2336,23.37,33.537689208984375,1.9272800233991438,76,4,0,1,1,1,1,0
2337,23.38,33.49625015258789,1.9148357510165572,76,4,0,1,1,1,1,0
2338,23.39,33.58210754394531,2.007810574234174,76,4,0,1,1,1,1,0
2339,23.4,33.158477783203125,1.816729797295702,76,4,0,1,1,1,1,0
2340,23.41,33.08256530761719,2.0371826164373257,76,4,0,1,1,1,1,0
2341,23.42,33.305908203125,1.9763313638691933,76,4,0,1,1,1,1,0
2342,23.43,33.47222137451172,2.015862963641175,76,4,0,1,1,1,1,0
2343,23.44,33.43827819824219,2.3123400876465565,76,4,0,1,1,1,1,0
2344,23.45,33.60359573364258,1.9250988981988337,76,4,0,1,1,1,1,0
2345,23.46,33.93964767456055,2.1476921342025714,76,4,0,1,1,1,1,0
2346,23.47,33.78371810913086,2.059662505719041,76,4,0,1,1,1,1,0
2347,23.48,33.69662857055664,2.225379079019516,76,4,0,1,1,1,1,0
2348,23.49,33.56717300415039,1.9284447882116043,76,4,0,1,1,1,1,0
2349,23.5,33.47768020629883,1.971647071691865,76,4,0,1,1,1,1,0
2350,23.51,33.39341354370117,2.225221026812481,76,4,0,1,1,1,1,0
2351,23.52,33.19172668457031,1.894969656111508,76,4,0,1,1,1,1,0
2352,23.53,33.16817092895508,1.7835095985306115,76,4,0,1,1,1,1,0
2353,23.54,33.40768814086914,1.7424944472924417,76,4,0,1,1,1,1,0
2354,23.55,33.273990631103516,1.6950837178247382,76,4,0,1,1,1,1,0
2355,23.56,33.18659591674805,1.8617721950310608,76,4,0,1,1,1,1,0
2356,23.57,33.34107971191406,1.7742635655348578,76,4,0,1,1,1,1,0
2357,23.58,33.4800910949707,1.6985328401958828,76,4,0,1,1,1,1,0
2358,23.59,33.30412292480469,1.7948254683716935,76,4,0,1,1,1,1,0
2359,23.6,32.886383056640625,1.69602967623048,76,4,0,1,1,1,1,0
2360,23.61,33.08985137939453,1.6385952380810878,76,4,0,1,1,1,1,0
2361,23.62,33.20747756958008,1.7150468122663896,76,4,0,1,1,1,1,0
2362,23.63,33.325645446777344,1.6376524950663176,76,4,0,1,1,1,1,0
2363,23.64,33.01735305786133,1.648394969462788,76,4,0,1,1,1,1,0
2364,23.65,33.12248611450195,1.9192421506300883,76,4,0,1,1,1,1,0
2365,23.66,33.37065887451172,1.9424173949853472,76,4,0,1,1,1,1,0
2366,23.67,33.61249542236328,1.7412068305704917,76,4,0,1,1,1,1,0
2367,23.68,33.2032585144043,1.7995861807045663,76,4,0,1,1,1,1,0
2368,23.69,33.54381561279297,1.684336353775918,76,4,0,1,1,1,1,0
2369,23.7,33.303768157958984,2.1737977859036004,76,4,0,1,1,1,1,0
2370,23.71,33.12331008911133,1.906569417240603,76,4,0,1,1,1,1,0
2371,23.72,33.25448989868164,1.7942410008277003,76,4,0,1,1,1,1,0
2372,23.73,33.15434265136719,1.7692387865419954,76,4,0,1,1,1,1,0
2373,23.74,33.285614013671875,1.7543350925220305,76,4,0,1,1,1,1,0
2374,23.75,33.31902313232422,1.8097801867512588,76,4,0,1,1,1,1,0
2375,23.76,33.343040466308594,2.026326115928784,76,4,0,1,1,1,1,0
2376,23.77,33.40129852294922,1.891798284897471,76,4,0,1,1,1,1,0
2377,23.78,33.549522399902344,2.043745507662223,76,4,0,1,1,1,1,0
2378,23.79,33.671756744384766,1.9815614758523146,76,4,0,1,1,1,1,0
2379,23.8,33.54622268676758,1.869488767216825,76,4,0,1,1,1,1,0
2380,23.81,33.27463912963867,1.7264407055470288,76,4,0,1,1,1,1,0
2381,23.82,33.59267044067383,1.749995836538266,76,4,0,1,1,1,1,0
2382,23.83,33.55394744873047,1.9541750817819477,76,5,1,1,1,1,1,0
2383,23.84,33.52398681640625,2.0605360307785245,76,4,0,1,1,1,1,0
2384,23.85,33.26288604736328,1.821679316861097,76,4,0,1,1,1,1,0
2385,23.86,33.3493537902832,1.9286005328401936,76,4,0,1,1,1,1,0
2386,23.87,33.40566635131836,1.8192878570763134,76,4,0,1,1,1,1,0
2387,23.88,33.34295654296875,1.912222458992264,76,4,0,1,1,1,1,0
2388,23.89,33.31473159790039,2.1139519326283334,76,4,0,1,1,1,1,0
2389,23.9,33.28340148925781,2.117188382872997,76,4,0,1,1,1,1,0
2390,23.91,33.35605239868164,1.979651007680476,76,4,0,1,1,1,1,0
2391,23.92,33.2239990234375,1.894859113064376,76,4,0,1,1,1,1,0
2392,23.93,33.606414794921875,2.054705398132402,76,4,0,1,1,1,1,0
2393,23.94,33.78713607788086,1.9774016306468731,76,4,0,1,1,1,1,0
2394,23.95,33.591922760009766,2.145320941240098,76,4,0,1,1,1,1,0
2395,23.96,33.4988899230957,1.770140246854166,76,4,0,1,1,1,1,0
2396,23.97,33.4132194519043,1.9111780378381067,76,4,0,1,1,1,1,0
2397,23.98,33.433021545410156,1.8338204657608,76,4,0,1,1,1,1,0
2398,23.99,33.59883499145508,1.972965675763939,76,4,0,1,1,1,1,0
2399,24.0,33.67741394042969,1.9663689152451687,76,4,0,1,1,1,1,0
2400,24.01,33.68947219848633,1.9918330283813213,76,4,0,1,1,1,1,0
2401,24.02,33.75596618652344,1.8575759350578862,76,4,0,1,1,1,1,0
2402,24.03,33.613182067871094,1.8487565293915544,76,4,0,1,1,1,1,0
2403,24.04,33.892860412597656,1.8917181531119123,76,4,0,1,1,1,1,0
2404,24.05,33.490360260009766,2.0196544631254145,76,4,0,1,1,1,1,0
2405,24.06,33.65070724487305,1.9838611416386456,76,4,0,1,1,1,1,0
2406,24.07,33.420719146728516,1.9251993828144691,76,4,0,1,1,1,1,0
2407,24.08,33.44962692260742,1.8222467777765035,76,4,0,1,1,1,1,0
2408,24.09,33.51746368408203,1.9422088923473395,76,4,0,1,1,1,1,0
2409,24.1,33.15675735473633,2.104044255188659,76,4,0,1,1,1,1,0
2410,24.11,33.22891616821289,1.9294801792782463,76,4,0,1,1,1,1,0
2411,24.12,33.543479919433594,1.9835828627841352,76,4,0,1,1,1,1,0
2412,24.13,33.347591400146484,1.817744503657819,76,4,0,1,1,1,1,0
2413,24.14,33.138362884521484,2.019134528702192,76,4,0,1,1,1,1,0
2414,24.15,33.02998733520508,1.8880934376341425,76,4,0,1,1,1,1,0
2415,24.16,32.88037109375,1.7794378528832173,76,4,0,1,1,1,1,0
2416,24.17,32.86798095703125,1.9499745434795885,76,4,0,1,1,1,1,0
2417,24.18,33.022605895996094,1.8575523744916003,76,4,0,1,1,1,1,0
2418,24.19,32.93445587158203,1.861986734218592,76,4,0,1,1,1,1,0
2419,24.2,33.108680725097656,1.9185697195325875,76,4,0,1,1,1,1,0
2420,24.21,33.029239654541016,1.8619878405272945,76,4,0,1,1,1,1,0
2421,24.22,33.526824951171875,1.8752621374398388,76,4,0,1,1,1,1,0
2422,24.23,33.3864631652832,1.8315326688723677,76,4,0,1,1,1,1,0
2423,24.24,33.31159591674805,2.0205703051166726,76,4,0,1,1,1,1,0
2424,24.25,33.339111328125,2.041978487756873,76,4,0,1,1,1,1,0
2425,24.26,33.44449234008789,2.070190867600062,76,4,0,1,1,1,1,0
2426,24.27,33.07183837890625,1.9366479327601132,76,5,1,1,1,1,1,0
2427,24.28,33.30777359008789,2.0338393051971457,76,4,0,1,1,1,1,0
2428,24.29,33.47077178955078,1.8284965676439253,76,4,0,1,1,1,1,0
2429,24.3,33.592952728271484,1.9598206621032557,76,4,0,1,1,1,1,0
2430,24.31,33.46177673339844,2.019529168429924,76,4,0,1,1,1,1,0
2431,24.32,33.47736358642578,1.8857677282645788,76,4,0,1,1,1,1,0
2432,24.33,33.45102310180664,1.929485754581364,76,4,0,1,1,1,1,0
2433,24.34,33.37006378173828,2.0057403848932736,76,4,0,1,1,1,1,0
2434,24.35,33.09480667114258,1.8308997780360488,76,4,0,1,1,1,1,0
2435,24.36,33.205108642578125,1.783143672003102,76,4,0,1,1,1,1,0
2436,24.37,33.263912200927734,1.829394294273397,76,4,0,1,1,1,1,0
2437,24.38,33.5327033996582,1.8174145261100403,76,4,0,1,1,1,1,0
2438,24.39,33.53733825683594,1.837714070626112,76,4,0,1,1,1,1,0
2439,24.4,33.15339279174805,1.8089736777045289,76,4,0,1,1,1,1,0
2440,24.41,33.390594482421875,1.8305715258390454,76,4,0,1,1,1,1,0
2441,24.42,32.947288513183594,1.885762408058975,76,4,0,1,1,1,1,0
2442,24.43,33.12736511230469,1.7585745587791506,76,4,0,1,1,1,1,0
2443,24.44,33.35568618774414,1.8827906127179734,76,4,0,1,1,1,1,0
2444,24.45,33.328636169433594,1.8626363270750548,76,4,0,1,1,1,1,0
2445,24.46,33.034706115722656,1.8515396713785603,76,4,0,1,1,1,1,0
2446,24.47,33.31405258178711,1.9597959170874328,76,4,0,1,1,1,1,0
2447,24.48,32.87282943725586,1.7883527940391268,76,4,0,1,1,1,1,0
2448,24.49,33.21184158325195,1.8211008284955208,76,4,0,1,1,1,1,0
2449,24.5,33.369842529296875,1.854128418864056,76,4,0,1,1,1,1,0
2450,24.51,33.14385223388672,1.8363282887005488,76,4,0,1,1,1,1,0
2451,24.52,33.13730239868164,1.8900484868112948,76,4,0,1,1,1,1,0
2452,24.53,33.237850189208984,1.9566817825153013,76,4,0,1,1,1,1,0
2453,24.54,33.20268249511719,1.9930154697986469,76,4,0,1,1,1,1,0
2454,24.55,33.46208190917969,1.8599745783584918,76,4,0,1,1,1,1,0
2455,24.56,33.44588088989258,2.0648681243898253,76,4,0,1,1,1,1,0
2456,24.57,33.366153717041016,1.9364131741053168,76,4,0,1,1,1,1,0
2457,24.58,33.765045166015625,1.8711709690314904,76,4,0,1,1,1,1,0
2458,24.59,33.76121520996094,2.1539289428303294,76,4,0,1,1,1,1,0
2459,24.6,33.364131927490234,1.965374876963603,76,4,0,1,1,1,1,0
2460,24.61,33.429317474365234,1.8565836970913423,76,4,0,1,1,1,1,0
2461,24.62,33.321937561035156,1.9812612658648534,76,4,0,1,1,1,1,0
2462,24.63,32.72980499267578,1.9141843966376102,76,4,0,1,1,1,1,0
2463,24.64,33.340145111083984,1.9365475103416023,76,4,0,1,1,1,1,0
2464,24.65,33.55033874511719,1.9553263032419987,76,4,0,1,1,1,1,0
2465,24.66,33.443912506103516,1.9569894472234302,76,4,0,1,1,1,1,0
2466,24.67,33.590187072753906,1.853673722188201,76,4,0,1,1,1,1,0
2467,24.68,33.5819091796875,1.9152295883916879,76,4,0,1,1,1,1,0
2468,24.69,33.45011520385742,1.833763622406789,76,4,0,1,1,1,1,0
2469,24.7,33.49885559082031,1.78443186034453,76,4,0,1,1,1,1,0
2470,24.71,33.23799514770508,1.8044923536673745,76,4,0,1,1,1,1,0
2471,24.72,33.22966766357422,2.0561365820509154,76,4,0,1,1,1,1,0
2472,24.73,33.55909729003906,1.9974243967131338,76,4,0,1,1,1,1,0
2473,24.74,33.6976203918457,1.9753710218231828,76,4,0,1,1,1,1,0
2474,24.75,33.24753189086914,1.9337555629913834,76,4,0,1,1,1,1,0
2475,24.76,33.3530158996582,1.9504359566890812,76,4,0,1,1,1,1,0
2476,24.77,33.621681213378906,1.865099841353256,76,4,0,1,1,1,1,0
2477,24.78,33.35174560546875,1.9077727268615956,76,4,0,1,1,1,1,0
2478,24.79,33.740901947021484,1.7687562501760403,76,4,0,1,1,1,1,0
2479,24.8,33.75970458984375,1.9474307814617184,76,4,0,1,1,1,1,0
2480,24.81,33.44606018066406,1.7769866047514797,76,4,0,1,1,1,1,0
2481,24.82,33.34257125854492,1.941029721726341,76,4,0,1,1,1,1,0
2482,24.83,33.47158432006836,1.9611438138526496,76,4,0,1,1,1,1,0
2483,24.84,33.68318557739258,1.8987895547107065,76,4,0,1,1,1,1,0
2484,24.85,33.142333984375,1.8635698381094015,76,4,0,1,1,1,1,0
2485,24.86,33.50168991088867,1.8431463806038364,76,4,0,1,1,1,1,0
2486,24.87,33.378726959228516,1.8562581577326787,76,4,0,1,1,1,1,0
2487,24.88,33.24422836303711,1.9145762161394944,76,4,0,1,1,1,1,0
2488,24.89,32.89156723022461,1.9104484263412282,76,4,0,1,1,1,1,0
2489,24.9,33.205810546875,1.9308255453136531,76,4,0,1,1,1,1,0
2490,24.91,33.24463653564453,1.9176503108939813,76,4,0,1,1,1,1,0
2491,24.92,33.26890182495117,1.9797259617042007,76,4,0,1,1,1,1,0
2492,24.93,33.15650177001953,1.906569197149455,76,4,0,1,1,1,1,0
2493,24.94,32.99820327758789,1.818049677408313,76,4,0,1,1,1,1,0
2494,24.95,32.93618392944336,1.7743167036992635,76,4,0,1,1,1,1,0
2495,24.96,33.05956268310547,1.8911851386666567,76,4,0,1,1,1,1,0
2496,24.97,33.00563049316406,2.0041451505428585,76,4,0,1,1,1,1,0
2497,24.98,33.18340301513672,1.972408189858493,76,4,0,1,1,1,1,0
2498,24.99,33.457820892333984,1.86088598828134,76,4,0,1,1,1,1,0
2499,25.0,33.56443405151367,1.8920320468042877,76,4,0,1,1,1,1,0
2500,25.01,33.040645599365234,1.8853596432908575,76,4,0,1,1,1,1,0
2501,25.02,33.29888916015625,1.9507482632700175,76,4,0,1,1,1,1,0
2502,25.03,33.667049407958984,1.9269368656604653,76,4,0,1,1,1,1,0
2503,25.04,33.462005615234375,2.0386516677862025,76,4,0,1,1,1,1,0
2504,25.05,33.39577865600586,1.7004109709417417,76,5,1,1,1,1,1,0
2505,25.06,33.45481491088867,2.0599263772502674,76,4,0,1,1,1,1,0
2506,25.07,33.5141487121582,2.007830224729794,76,4,0,1,1,1,1,0
2507,25.08,33.97426223754883,2.062060442332083,76,4,0,1,1,1,1,0
2508,25.09,33.31495666503906,1.7978644830068125,76,4,0,1,1,1,1,0
2509,25.1,33.76262664794922,1.9505117595901533,76,4,0,1,1,1,1,0
2510,25.11,33.59577178955078,1.8694670504276123,76,4,0,1,1,1,1,0
2511,25.12,33.74453353881836,1.906041596574833,76,4,0,1,1,1,1,0
2512,25.13,33.63548278808594,2.041247758190864,76,4,0,1,1,1,1,0
2513,25.14,33.46124267578125,1.779691260501766,76,4,0,1,1,1,1,0
2514,25.15,33.204833984375,1.8881212033375905,76,4,0,1,1,1,1,0
2515,25.16,33.279090881347656,1.8468109266419577,76,4,0,1,1,1,1,0
2516,25.17,33.275569915771484,1.9060149525354575,76,4,0,1,1,1,1,0
2517,25.18,33.399723052978516,1.9294017508907992,76,5,1,1,1,1,1,0
2518,25.19,33.1036491394043,1.7397951693986138,76,4,0,1,1,1,1,0
2519,25.2,33.26860809326172,1.8230780544367862,76,4,0,1,1,1,1,0
2520,25.21,33.14262390136719,1.8947585696526346,76,4,0,1,1,1,1,0
2521,25.22,33.189056396484375,1.8943348963986455,76,5,1,1,1,1,1,0
2522,25.23,32.9802131652832,1.974510061797665,76,4,0,1,1,1,1,0
2523,25.24,33.157249450683594,1.7642041936221171,76,4,0,1,1,1,1,0
2524,25.25,32.899906158447266,1.8278422507930108,76,4,0,1,1,1,1,0
2525,25.26,33.227195739746094,1.754848425428393,76,4,0,1,1,1,1,0
2526,25.27,33.44464111328125,1.9091630278376335,76,4,0,1,1,1,1,0
2527,25.28,33.491119384765625,1.938247537243152,76,4,0,1,1,1,1,0
2528,25.29,33.36930465698242,1.868103169341728,76,4,0,1,1,1,1,0
2529,25.3,33.08121871948242,1.8264767208911723,76,4,0,1,1,1,1,0
2530,25.31,33.22080993652344,1.9483570920894182,76,4,0,1,1,1,1,0
2531,25.32,33.32173538208008,1.7840117356499765,76,4,0,1,1,1,1,0
2532,25.33,33.634342193603516,1.7589216691646115,76,4,0,1,1,1,1,0
2533,25.34,33.45307159423828,1.703200559177374,76,4,0,1,1,1,1,0
2534,25.35,33.38401794433594,1.8204099214527372,76,4,0,1,1,1,1,0
2535,25.36,33.62554168701172,1.8465348894778102,76,4,0,1,1,1,1,0
2536,25.37,33.69084930419922,1.8330564429019296,76,4,0,1,1,1,1,0
2537,25.38,33.467498779296875,1.9531226398520813,76,4,0,1,1,1,1,0
2538,25.39,33.7872200012207,1.7807323852191645,76,4,0,1,1,1,1,0
2539,25.4,33.793941497802734,1.8714721596758623,76,4,0,1,1,1,1,0
2540,25.41,33.68033218383789,2.014895747593896,76,4,0,1,1,1,1,0
2541,25.42,33.66878128051758,2.02381041146781,76,4,0,1,1,1,1,0
2542,25.43,33.72732162475586,1.913791978651867,76,4,0,1,1,1,1,0
2543,25.44,33.810726165771484,1.9121184395649153,76,4,0,1,1,1,1,0
2544,25.45,33.95814895629883,2.1255374026084444,76,4,0,1,1,1,1,0
2545,25.46,33.79005813598633,1.7978930692782211,76,4,0,1,1,1,1,0
2546,25.47,33.59248352050781,1.7954943668441967,76,4,0,1,1,1,1,0
2547,25.48,33.51557922363281,2.0542134679262305,76,4,0,1,1,1,1,0
2548,25.49,33.77729034423828,1.7615329854611466,76,4,0,1,1,1,1,0
2549,25.5,33.40586853027344,1.7729385922408833,76,4,0,1,1,1,1,0
2550,25.51,33.09638595581055,1.8604842763546496,76,4,0,1,1,1,1,0
2551,25.52,33.19934844970703,1.8997644475207116,76,4,0,1,1,1,1,0
2552,25.53,33.337467193603516,1.75160123713425,76,4,0,1,1,1,1,0
2553,25.54,33.17463302612305,1.8958392464506229,76,4,0,1,1,1,1,0
2554,25.55,33.35618209838867,1.7951567719040744,76,4,0,1,1,1,1,0
2555,25.56,33.60513687133789,1.9047828097950554,76,4,0,1,1,1,1,0
2556,25.57,33.46711730957031,1.8013905769980691,76,4,0,1,1,1,1,0
2557,25.58,33.37163162231445,1.9557406649430966,76,4,0,1,1,1,1,0
2558,25.59,33.41856384277344,1.9393045504214812,76,4,0,1,1,1,1,0
2559,25.6,33.18745040893555,1.7733012896959617,76,4,0,1,1,1,1,0
2560,25.61,33.62189483642578,1.9531310382801832,76,4,0,1,1,1,1,0
2561,25.62,33.120460510253906,1.99964297122773,76,4,0,1,1,1,1,0
2562,25.63,33.040950775146484,1.926393075195281,76,4,0,1,1,1,1,0
2563,25.64,33.47822952270508,1.9767871460189517,76,4,0,1,1,1,1,0
2564,25.65,33.466060638427734,1.8625230252721183,76,4,0,1,1,1,1,0
2565,25.66,33.30752944946289,1.9147837831077636,76,4,0,1,1,1,1,0
2566,25.67,33.63847351074219,1.821589483020677,76,4,0,1,1,1,1,0
2567,25.68,33.71888732910156,1.850754781633229,76,4,0,1,1,1,1,0
2568,25.69,33.66509246826172,1.7419804739690588,76,4,0,1,1,1,1,0
2569,25.7,33.49808883666992,1.9248142047785712,76,4,0,1,1,1,1,0
2570,25.71,33.496498107910156,2.0408550938745806,76,4,0,1,1,1,1,0
2571,25.72,33.344322204589844,1.7647889034366686,76,4,0,1,1,1,1,0
2572,25.73,33.034759521484375,1.9141047237117226,76,4,0,1,1,1,1,0
2573,25.74,33.261016845703125,1.8673505992452042,76,4,0,1,1,1,1,0
2574,25.75,33.169189453125,1.8335482150765234,76,4,0,1,1,1,1,0
2575,25.76,33.69287109375,1.920934093871331,76,4,0,1,1,1,1,0
2576,25.77,33.40653991699219,1.9692383005258138,76,4,0,1,1,1,1,0
2577,25.78,33.31332778930664,1.9816392644019099,76,4,0,1,1,1,1,0
2578,25.79,33.23345184326172,1.7037022898131926,76,4,0,1,1,1,1,0
2579,25.8,33.529449462890625,1.733578167184857,76,4,0,1,1,1,1,0
2580,25.81,33.453224182128906,1.7591425714561324,76,4,0,1,1,1,1,0
2581,25.82,33.580562591552734,1.815655012663676,76,4,0,1,1,1,1,0
2582,25.83,33.33877182006836,1.8690656520719469,76,4,0,1,1,1,1,0
2583,25.84,33.6697998046875,1.7889974102917092,76,4,0,1,1,1,1,0
2584,25.85,33.38920593261719,1.8392111472208428,76,4,0,1,1,1,1,0
2585,25.86,33.60778045654297,1.929408631332166,76,4,0,1,1,1,1,0
2586,25.87,33.61862564086914,1.7638823292990429,76,4,0,1,1,1,1,0
2587,25.88,33.92057800292969,1.8266344977201012,76,4,0,1,1,1,1,0
2588,25.89,33.65855026245117,1.8406754580830738,76,4,0,1,1,1,1,0
2589,25.9,33.40009689331055,1.8776575339903554,76,4,0,1,1,1,1,0
2590,25.91,33.22704315185547,1.73669377741252,76,4,0,1,1,1,1,0
2591,25.92,33.74046325683594,1.9477930133068369,76,4,0,1,1,1,1,0
2592,25.93,33.75870132446289,1.883136669774915,76,4,0,1,1,1,1,0
2593,25.94,34.10795593261719,2.02807725621716,76,4,0,1,1,1,1,0
2594,25.95,34.13017272949219,1.9348687273868377,76,4,0,1,1,1,1,0
2595,25.96,33.967002868652344,1.6987333619028544,76,4,0,1,1,1,1,0
2596,25.97,33.48688888549805,2.015465088739978,76,4,0,1,1,1,1,0
2597,25.98,33.60257339477539,1.8957580177670073,76,4,0,1,1,1,1,0
2598,25.99,33.491455078125,1.8894942011568385,76,4,0,1,1,1,1,0
2599,26.0,33.25843048095703,1.9290136150972472,76,4,0,1,1,1,1,0
2600,26.01,33.39535903930664,1.8421992692391838,76,4,0,1,1,1,1,0
2601,26.02,33.5230598449707,1.8961554555165818,76,4,0,1,1,1,1,0
2602,26.03,33.7744026184082,1.8659571987868155,76,4,0,1,1,1,1,0
2603,26.04,33.519893646240234,1.9672023485103585,76,4,0,1,1,1,1,0
2604,26.05,33.519920349121094,1.9644324673634725,76,4,0,1,1,1,1,0
2605,26.06,33.36187744140625,2.1314077569746703,76,4,0,1,1,1,1,0
2606,26.07,33.54506301879883,1.9084009781034388,76,4,0,1,1,1,1,0
2607,26.08,33.680503845214844,1.9593346638237852,76,4,0,1,1,1,1,0
2608,26.09,33.36486053466797,2.0212888583003745,76,4,0,1,1,1,1,0
2609,26.1,33.817623138427734,1.9888195167188893,76,4,0,1,1,1,1,0
2610,26.11,33.684974670410156,1.9441119161828808,76,4,0,1,1,1,1,0
2611,26.12,34.07048797607422,1.8854736769151053,76,4,0,1,1,1,1,0
2612,26.13,33.75061798095703,1.9960206016479114,76,4,0,1,1,1,1,0
2613,26.14,33.6373291015625,1.8556106286249203,76,4,0,1,1,1,1,0
2614,26.15,33.54825210571289,1.7769908123166918,76,4,0,1,1,1,1,0
2615,26.16,33.5096549987793,1.9021309332972958,76,4,0,1,1,1,1,0
2616,26.17,33.25829315185547,1.7822806434599205,76,4,0,1,1,1,1,0
2617,26.18,33.20554733276367,1.7930152312202396,76,4,0,1,1,1,1,0
2618,26.19,33.27836990356445,1.7265573255387368,76,4,0,1,1,1,1,0
2619,26.2,33.311248779296875,1.820440102488835,76,4,0,1,1,1,1,0
2620,26.21,33.528751373291016,1.6025943046427276,76,4,0,1,1,1,1,0
2621,26.22,33.1486930847168,1.7695481002589346,76,4,0,1,1,1,1,0
2622,26.23,33.47325897216797,1.7797200957979844,76,4,0,1,1,1,1,0
2623,26.24,33.55572509765625,1.7056615920836165,76,4,0,1,1,1,1,0
2624,26.25,33.659912109375,1.68317895847948,76,4,0,1,1,1,1,0
2625,26.26,33.42082595825195,1.8250799609991815,76,4,0,1,1,1,1,0
2626,26.27,33.20387268066406,1.7876849150190532,76,4,0,1,1,1,1,0
2627,26.28,33.34419250488281,1.963794474741162,76,4,0,1,1,1,1,0
2628,26.29,33.44541549682617,1.8772643895223662,76,4,0,1,1,1,1,0
2629,26.3,34.01200866699219,1.9306509471799618,76,4,0,1,1,1,1,0
2630,26.31,33.89769744873047,1.605554401049118,76,4,0,1,1,1,1,0
2631,26.32,33.4559440612793,1.828114850402487,76,4,0,1,1,1,1,0
2632,26.33,33.82146453857422,1.8266857365370168,76,4,0,1,1,1,1,0
2633,26.34,33.80633544921875,1.7158651384153114,76,4,0,1,1,1,1,0
2634,26.35,33.90684509277344,1.7450809300423684,76,4,0,1,1,1,1,0
2635,26.36,33.82719802856445,1.7588920157463432,76,4,0,1,1,1,1,0
2636,26.37,34.164894104003906,1.9889679253876418,76,4,0,1,1,1,1,0
2637,26.38,33.67081069946289,1.6862073734875815,76,4,0,1,1,1,1,0
2638,26.39,33.73149871826172,1.7633182663993716,76,4,0,1,1,1,1,0
2639,26.4,33.61496353149414,1.8627677309334563,76,4,0,1,1,1,1,0
2640,26.41,33.769989013671875,1.8844624383738287,76,4,0,1,1,1,1,0
2641,26.42,33.962894439697266,1.7961693239121395,76,4,0,1,1,1,1,0
2642,26.43,34.020137786865234,1.6159835664318758,76,4,0,1,1,1,1,0
2643,26.44,34.068843841552734,1.667397341577845,76,4,0,1,1,1,1,0
2644,26.45,33.87533950805664,1.7251682223914242,76,4,0,1,1,1,1,0
2645,26.46,34.20069122314453,1.7252563993801573,76,4,0,1,1,1,1,0
2646,26.47,33.764625549316406,1.914422339428668,76,4,0,1,1,1,1,0
2647,26.48,33.84242630004883,1.9561443692805134,76,4,0,1,1,1,1,0
2648,26.49,33.553382873535156,1.9149428300852493,76,4,0,1,1,1,1,0
2649,26.5,33.406253814697266,1.7124251683740002,76,4,0,1,1,1,1,0
2650,26.51,33.61518096923828,1.6882552328451186,76,4,0,1,1,1,1,0
2651,26.52,33.4968147277832,1.7358543223159155,76,4,0,1,1,1,1,0
2652,26.53,33.65046691894531,1.8621215026104865,76,4,0,1,1,1,1,0
2653,26.54,33.74348449707031,1.6420440905128242,76,4,0,1,1,1,1,0
2654,26.55,33.437896728515625,1.85639101997197,76,4,0,1,1,1,1,0
2655,26.56,33.45262908935547,2.0550871002287776,76,4,0,1,1,1,1,0
2656,26.57,33.424652099609375,1.6903868157000976,76,4,0,1,1,1,1,0
2657,26.58,33.43056106567383,2.009603138932274,76,4,0,1,1,1,1,0
2658,26.59,33.53702163696289,1.8536742778213553,76,4,0,1,1,1,1,0
2659,26.6,32.97604751586914,1.8927519431308732,76,4,0,1,1,1,1,0
2660,26.61,33.04460525512695,1.733521447665134,76,4,0,1,1,1,1,0
2661,26.62,33.22313690185547,1.748258932670698,76,4,0,1,1,1,1,0
2662,26.63,33.1352653503418,1.8985786518390317,76,4,0,1,1,1,1,0
2663,26.64,33.16349792480469,1.7681065413540389,76,4,0,1,1,1,1,0
2664,26.65,33.08226013183594,1.9844641127986336,76,4,0,1,1,1,1,0
2665,26.66,32.83781433105469,2.0959236931120966,76,4,0,1,1,1,1,0
2666,26.67,32.86404800415039,1.770565860624561,76,4,0,1,1,1,1,0
2667,26.68,32.73503112792969,1.9830735397607113,76,4,0,1,1,1,1,0
2668,26.69,33.12297821044922,2.0041216761049476,76,4,0,1,1,1,1,0
2669,26.7,33.11333465576172,1.8054078268591622,76,4,0,1,1,1,1,0
2670,26.71,33.233028411865234,1.9413619587613604,76,4,0,1,1,1,1,0
2671,26.72,33.16897964477539,1.7846007717564951,76,4,0,1,1,1,1,0
2672,26.73,33.29934310913086,1.8186280665556536,76,4,0,1,1,1,1,0
2673,26.74,33.223880767822266,1.7834239594936094,76,4,0,1,1,1,1,0
2674,26.75,33.165504455566406,1.7579811854892367,76,4,0,1,1,1,1,0
2675,26.76,33.37098693847656,1.7304977574277531,76,4,0,1,1,1,1,0
2676,26.77,32.90225601196289,1.7493422783990729,76,4,0,1,1,1,1,0
2677,26.78,32.86488342285156,1.8028016281185364,76,4,0,1,1,1,1,0
2678,26.79,32.717350006103516,1.998223204432874,76,4,0,1,1,1,1,0
2679,26.8,32.958396911621094,1.9026589165665317,76,4,0,1,1,1,1,0
2680,26.81,32.77431106567383,1.8476462085157213,76,4,0,1,1,1,1,0
2681,26.82,32.8350715637207,1.7300301098284319,76,4,0,1,1,1,1,0
2682,26.83,32.54756546020508,1.8181554699103775,76,4,0,1,1,1,1,0
2683,26.84,33.065853118896484,1.856043346890762,76,4,0,1,1,1,1,0
2684,26.85,33.138938903808594,1.868282306042397,76,4,0,1,1,1,1,0
2685,26.86,33.31746292114258,1.8704313806788537,76,4,0,1,1,1,1,0
2686,26.87,33.07453918457031,1.7838422124591848,76,4,0,1,1,1,1,0
2687,26.88,32.87333297729492,1.895393288100546,76,4,0,1,1,1,1,0
2688,26.89,33.10810470581055,1.9974720183565131,76,4,0,1,1,1,1,0
2689,26.9,33.66252136230469,1.6949594183416055,76,4,0,1,1,1,1,0
2690,26.91,33.04965591430664,2.048265702716132,76,4,0,1,1,1,1,0
2691,26.92,33.3551139831543,1.9647674842361584,76,4,0,1,1,1,1,0
2692,26.93,33.3624382019043,1.8278118789005415,76,4,0,1,1,1,1,0
2693,26.94,33.52269744873047,1.7780031323260934,76,4,0,1,1,1,1,0
2694,26.95,33.64557647705078,1.7634380287016889,76,4,0,1,1,1,1,0
2695,26.96,33.65497589111328,1.6767817453341372,76,4,0,1,1,1,1,0
2696,26.97,33.43461990356445,1.8950975901258547,76,4,0,1,1,1,1,0
2697,26.98,33.638336181640625,1.8070432431531847,76,4,0,1,1,1,1,0
2698,26.99,33.42437744140625,1.7728282724708349,76,4,0,1,1,1,1,0
2699,27.0,33.775814056396484,1.888837945131374,76,4,0,1,1,1,1,0
2700,27.01,33.769020080566406,1.8089507704844738,76,4,0,1,1,1,1,0
2701,27.02,33.84298324584961,1.8645387528154747,76,4,0,1,1,1,1,0
2702,27.03,33.38750457763672,2.1092389988021103,76,4,0,1,1,1,1,0
2703,27.04,33.43095016479492,1.9679656121375644,76,4,0,1,1,1,1,0
2704,27.05,33.32827377319336,1.806018257669189,76,4,0,1,1,1,1,0
2705,27.06,33.414520263671875,1.8350252562477174,76,4,0,1,1,1,1,0
2706,27.07,33.442138671875,1.7800234306679197,76,4,0,1,1,1,1,0
2707,27.08,33.248626708984375,1.7581202161270988,76,4,0,1,1,1,1,0
2708,27.09,33.26350784301758,1.6874533865837344,76,4,0,1,1,1,1,0
2709,27.1,33.25902557373047,1.785833000484989,76,4,0,1,1,1,1,0
2710,27.11,33.2839241027832,1.8517230267403813,76,4,0,1,1,1,1,0
2711,27.12,33.10837173461914,1.8098299635893798,76,4,0,1,1,1,1,0
2712,27.13,33.32087326049805,2.0796379691400237,76,4,0,1,1,1,1,0
2713,27.14,33.66921615600586,1.8023582015454929,76,4,0,1,1,1,1,0
2714,27.15,33.33236312866211,2.0090763881382157,76,4,0,1,1,1,1,0
2715,27.16,33.05609130859375,1.848512300866213,76,4,0,1,1,1,1,0
2716,27.17,33.06406784057617,1.733088365314638,76,4,0,1,1,1,1,0
2717,27.18,32.899715423583984,1.8692807010677004,76,4,0,1,1,1,1,0
2718,27.19,33.10664749145508,1.8420365093068958,76,4,0,1,1,1,1,0
2719,27.2,33.13127517700195,1.835786506431616,76,4,0,1,1,1,1,0
2720,27.21,33.33913040161133,1.6782777623496257,76,4,0,1,1,1,1,0
2721,27.22,33.346656799316406,1.8203567457104328,76,4,0,1,1,1,1,0
2722,27.23,33.17026901245117,1.7054333822358885,76,4,0,1,1,1,1,0
2723,27.24,33.069976806640625,1.8243912927078607,76,4,0,1,1,1,1,0
2724,27.25,33.09185028076172,1.7385889948828774,76,4,0,1,1,1,1,0
2725,27.26,33.14464569091797,1.8396469349689022,76,4,0,1,1,1,1,0
2726,27.27,32.93206024169922,1.8171146199403314,76,4,0,1,1,1,1,0
2727,27.28,33.21630096435547,1.8429835180194634,76,4,0,1,1,1,1,0
2728,27.29,33.157005310058594,1.859057776417458,76,4,0,1,1,1,1,0
2729,27.3,33.2428092956543,1.7826412047677798,76,4,0,1,1,1,1,0
2730,27.31,33.407989501953125,1.7071956398017738,76,4,0,1,1,1,1,0
2731,27.32,33.34737777709961,1.7578106927117356,76,4,0,1,1,1,1,0
2732,27.33,33.10990905761719,1.915542676246614,76,4,0,1,1,1,1,0
2733,27.34,33.2055778503418,1.8364375565686253,76,4,0,1,1,1,1,0
2734,27.35,33.45549011230469,1.9864003382309827,76,4,0,1,1,1,1,0
2735,27.36,33.40312194824219,1.8825762761901197,76,4,0,1,1,1,1,0
2736,27.37,32.95487976074219,1.8848894842809274,76,4,0,1,1,1,1,0
2737,27.38,33.04704284667969,2.0153395146710307,76,4,0,1,1,1,1,0
2738,27.39,33.228485107421875,2.002223608255391,76,4,0,1,1,1,1,0
2739,27.4,32.952030181884766,1.906359234996612,76,4,0,1,1,1,1,0
2740,27.41,32.837852478027344,1.9404587948477467,76,4,0,1,1,1,1,0
2741,27.42,33.0225944519043,1.864028874194295,76,4,0,1,1,1,1,0
2742,27.43,33.078983306884766,1.8560967333715725,76,4,0,1,1,1,1,0
2743,27.44,33.11075973510742,1.9207581994012983,76,4,0,1,1,1,1,0
2744,27.45,32.997589111328125,2.1197153051461672,76,4,0,1,1,1,1,0
2745,27.46,32.958377838134766,1.908220230060832,76,4,0,1,1,1,1,0
2746,27.47,33.07378005981445,1.9578021420250156,76,4,0,1,1,1,1,0
2747,27.48,32.81092071533203,2.0456992224810375,76,4,0,1,1,1,1,0
2748,27.49,32.92716979980469,1.7456829057370222,76,4,0,1,1,1,1,0
2749,27.5,32.809906005859375,1.8359190216824406,76,5,1,1,1,1,1,0
2750,27.51,33.142784118652344,1.7813215634722885,76,4,0,1,1,1,1,0
2751,27.52,33.01081085205078,1.961737641789908,76,4,0,1,1,1,1,0
2752,27.53,32.83208465576172,1.861313114783247,76,4,0,1,1,1,1,0
2753,27.54,32.95258331298828,1.799721530995113,76,4,0,1,1,1,1,0
2754,27.55,33.09425735473633,1.8195944281925447,76,4,0,1,1,1,1,0
2755,27.56,33.26115798950195,1.8672166168640636,76,4,0,1,1,1,1,0
2756,27.57,33.25636672973633,1.8471626917500927,76,4,0,1,1,1,1,0
2757,27.58,33.280277252197266,1.7056956150323868,76,4,0,1,1,1,1,0
2758,27.59,32.985694885253906,1.8392657689339955,76,4,0,1,1,1,1,0
2759,27.6,33.201412200927734,1.8312065924576524,76,4,0,1,1,1,1,0
2760,27.61,33.09859085083008,1.9221108015627946,76,4,0,1,1,1,1,0
2761,27.62,33.230140686035156,2.071620615633355,76,4,0,1,1,1,1,0
2762,27.63,33.00292205810547,2.038944176108794,76,4,0,1,1,1,1,0
2763,27.64,32.90102767944336,1.878829179164418,76,4,0,1,1,1,1,0
2764,27.65,33.14765548706055,1.9103366223713072,76,4,0,1,1,1,1,0
2765,27.66,32.987098693847656,1.8874343298872218,76,4,0,1,1,1,1,0
2766,27.67,32.9012451171875,1.9831569819365868,76,4,0,1,1,1,1,0
2767,27.68,32.775291442871094,1.9119899086472345,76,4,0,1,1,1,1,0
2768,27.69,32.523902893066406,1.921301698507716,76,4,0,1,1,1,1,0
2769,27.7,32.60961151123047,1.8245536195595324,76,4,0,1,1,1,1,0
2770,27.71,32.76449203491211,1.9743577841120155,76,4,0,1,1,1,1,0
2771,27.72,33.1020393371582,1.846213962876,76,4,0,1,1,1,1,0
2772,27.73,32.99989700317383,1.819366146841992,76,4,0,1,1,1,1,0
2773,27.74,32.85151672363281,1.83643618560272,76,4,0,1,1,1,1,0
2774,27.75,32.82789993286133,1.8612066395337963,76,4,0,1,1,1,1,0
2775,27.76,32.87157440185547,1.6962900344551977,76,4,0,1,1,1,1,0
2776,27.77,33.140933990478516,1.8816208665866554,76,4,0,1,1,1,1,0
2777,27.78,33.13422775268555,1.8133402795316502,76,4,0,1,1,1,1,0
2778,27.79,32.56061553955078,1.8006060779503827,76,4,0,1,1,1,1,0
2779,27.8,32.58341598510742,1.8057969634915503,76,4,0,1,1,1,1,0
2780,27.81,32.47134780883789,1.7970536663940373,76,4,0,1,1,1,1,0
2781,27.82,32.60853576660156,1.912229261604819,76,4,0,1,1,1,1,0
2782,27.83,32.807621002197266,1.8145254249279867,76,4,0,1,1,1,1,0
2783,27.84,32.73623275756836,1.7983027598758512,76,4,0,1,1,1,1,0
2784,27.85,32.791954040527344,1.829318018510899,76,4,0,1,1,1,1,0
2785,27.86,32.67238998413086,1.8006663619136705,76,4,0,1,1,1,1,0
2786,27.87,32.573604583740234,1.7701443629517537,76,4,0,1,1,1,1,0
2787,27.88,32.64742660522461,1.8890525808879817,76,4,0,1,1,1,1,0
2788,27.89,32.7567253112793,1.6800317370865534,76,4,0,1,1,1,1,0
2789,27.9,32.69032287597656,1.8223884412347922,76,4,0,1,1,1,1,0
2790,27.91,32.692527770996094,1.755931029546548,76,4,0,1,1,1,1,0
2791,27.92,33.04909896850586,1.712630946146824,76,4,0,1,1,1,1,0
2792,27.93,32.794002532958984,1.8173070531812325,76,4,0,1,1,1,1,0
2793,27.94,33.22752380371094,1.7616717141417624,76,5,1,1,1,1,1,0
2794,27.95,32.8200569152832,1.9584178307452844,76,4,0,1,1,1,1,0
2795,27.96,32.98123550415039,1.7693538792705177,76,4,0,1,1,1,1,0
2796,27.97,32.649620056152344,1.9397427142531207,76,5,1,1,1,1,1,0
2797,27.98,32.99653625488281,1.8902654875272338,76,4,0,1,1,1,1,0
2798,27.99,32.783329010009766,1.6998267437808945,76,4,0,1,1,1,1,0
2799,28.0,32.88080978393555,1.7530553458623477,76,4,0,1,1,1,1,0
2800,28.01,32.79671096801758,1.827921155002424,76,4,0,1,1,1,1,0
2801,28.02,33.12718963623047,1.8422520422823587,76,4,0,1,1,1,1,0
2802,28.03,32.83625030517578,1.7311880294842683,76,4,0,1,1,1,1,0
2803,28.04,32.88417053222656,1.73283393229578,76,4,0,1,1,1,1,0
2804,28.05,32.61222839355469,1.7220045943697024,76,4,0,1,1,1,1,0
2805,28.06,32.784332275390625,1.792824361024194,76,4,0,1,1,1,1,0
2806,28.07,32.734169006347656,1.7141733171250846,76,4,0,1,1,1,1,0
2807,28.08,33.17388916015625,1.7823015390956816,76,4,0,1,1,1,1,0
2808,28.09,33.157833099365234,1.872281540101404,76,4,0,1,1,1,1,0
2809,28.1,33.08685302734375,1.7209881787172756,76,4,0,1,1,1,1,0
2810,28.11,32.774864196777344,1.7555638742632882,76,4,0,1,1,1,1,0
2811,28.12,32.70327377319336,1.785183031982994,76,5,1,1,1,1,1,0
2812,28.13,33.26460647583008,1.7888842637862534,76,4,0,1,1,1,1,0
2813,28.14,32.90684509277344,1.6714681857617002,76,4,0,1,1,1,1,0
2814,28.15,32.56354522705078,1.979546330430146,76,4,0,1,1,1,1,0
2815,28.16,32.76313781738281,1.7303460135660453,76,4,0,1,1,1,1,0
2816,28.17,32.92057800292969,1.829591107158852,76,4,0,1,1,1,1,0
2817,28.18,32.92682647705078,1.66247307640456,76,4,0,1,1,1,1,0
2818,28.19,32.750732421875,1.7221474376285895,76,4,0,1,1,1,1,0
2819,28.2,32.79009246826172,1.7851915580582463,76,4,0,1,1,1,1,0
2820,28.21,33.258338928222656,1.861906159431442,76,4,0,1,1,1,1,0
2821,28.22,33.133419036865234,1.6593352869039917,76,4,0,1,1,1,1,0
2822,28.23,32.91925811767578,1.9214853652636974,76,4,0,1,1,1,1,0
2823,28.24,32.69392013549805,1.9846964552741013,76,4,0,1,1,1,1,0
2824,28.25,32.757659912109375,1.8206011054107771,76,4,0,1,1,1,1,0
2825,28.26,32.90802001953125,1.7692041959566935,76,4,0,1,1,1,1,0
2826,28.27,32.98545837402344,1.7945795333036285,76,4,0,1,1,1,1,0
2827,28.28,32.868080139160156,1.7396775729720264,76,4,0,1,1,1,1,0
2828,28.29,32.76945114135742,1.8640286900029932,76,4,0,1,1,1,1,0
2829,28.3,32.64240264892578,1.7964940093745312,76,4,0,1,1,1,1,0
2830,28.31,32.5838508605957,1.858867531035917,76,4,0,1,1,1,1,0
2831,28.32,32.9443244934082,1.8136690002087696,76,4,0,1,1,1,1,0
2832,28.33,33.16144943237305,1.941498683678814,76,4,0,1,1,1,1,0
2833,28.34,33.103702545166016,1.8416518815671774,76,4,0,1,1,1,1,0
2834,28.35,32.9841194152832,1.7295358623992423,76,4,0,1,1,1,1,0
2835,28.36,33.14980697631836,1.87843059372511,76,4,0,1,1,1,1,0
2836,28.37,33.060829162597656,1.7763420108021364,76,4,0,1,1,1,1,0
2837,28.38,33.323795318603516,1.8392058375369613,76,4,0,1,1,1,1,0
2838,28.39,33.264469146728516,1.794267795170889,76,4,0,1,1,1,1,0
2839,28.4,32.897850036621094,1.80513179816546,76,4,0,1,1,1,1,0
2840,28.41,33.27223205566406,1.8665520787333036,76,4,0,1,1,1,1,0
2841,28.42,33.26585388183594,2.0600984997998424,76,4,0,1,1,1,1,0
2842,28.43,33.04615020751953,1.6610884735688225,76,4,0,1,1,1,1,0
2843,28.44,33.06171417236328,1.8664650586602374,76,4,0,1,1,1,1,0
2844,28.45,32.78005599975586,1.7668355173520327,76,4,0,1,1,1,1,0
2845,28.46,32.79890060424805,1.773610862782922,76,4,0,1,1,1,1,0
2846,28.47,32.70012664794922,1.6968777723273882,76,4,0,1,1,1,1,0
2847,28.48,32.915992736816406,1.8398153386683023,76,4,0,1,1,1,1,0
2848,28.49,33.0229377746582,1.8799483401780277,76,4,0,1,1,1,1,0
2849,28.5,33.080963134765625,1.880981541335971,76,4,0,1,1,1,1,0
2850,28.51,33.03261184692383,1.7846533028894316,76,4,0,1,1,1,1,0
2851,28.52,32.91800308227539,1.9271491188305945,76,4,0,1,1,1,1,0
2852,28.53,32.914127349853516,1.8487292041896906,76,4,0,1,1,1,1,0
2853,28.54,33.10613250732422,1.886503649753965,76,4,0,1,1,1,1,0
2854,28.55,33.03672790527344,2.0084068870327276,76,4,0,1,1,1,1,0
2855,28.56,32.70714569091797,1.7086237860696354,76,4,0,1,1,1,1,0
2856,28.57,33.078887939453125,1.886638628121667,76,4,0,1,1,1,1,0
2857,28.58,32.85924530029297,1.7658151964768007,76,4,0,1,1,1,1,0
2858,28.59,32.963722229003906,1.8978383273559585,76,4,0,1,1,1,1,0
2859,28.6,32.93561553955078,1.8556149251706449,76,4,0,1,1,1,1,0
2860,28.61,32.42487716674805,1.7728430825347212,76,4,0,1,1,1,1,0
2861,28.62,32.82706832885742,1.824800887442522,76,4,0,1,1,1,1,0
2862,28.63,32.889305114746094,1.9614529374285685,76,4,0,1,1,1,1,0
2863,28.64,32.92385482788086,1.8260604829086782,76,4,0,1,1,1,1,0
2864,28.65,32.98973846435547,1.9137431717102804,76,4,0,1,1,1,1,0
2865,28.66,33.28910446166992,1.8009990056281449,76,4,0,1,1,1,1,0
2866,28.67,32.66366958618164,1.957548069858138,76,4,0,1,1,1,1,0
2867,28.68,33.01585006713867,1.776202946046387,76,4,0,1,1,1,1,0
2868,28.69,32.89141082763672,1.8402725888582192,76,4,0,1,1,1,1,0
2869,28.7,33.07307815551758,1.7486281889564992,76,4,0,1,1,1,1,0
2870,28.71,33.23884201049805,1.9274110972036929,76,4,0,1,1,1,1,0
2871,28.72,33.00466537475586,1.7753008039091707,76,4,0,1,1,1,1,0
2872,28.73,33.07732391357422,2.0300043604072444,76,4,0,1,1,1,1,0
2873,28.74,33.25180435180664,1.6585854131015276,76,4,0,1,1,1,1,0
2874,28.75,32.90254211425781,1.866409597866425,76,4,0,1,1,1,1,0
2875,28.76,32.85781478881836,1.986503406116258,76,4,0,1,1,1,1,0
2876,28.77,32.966087341308594,1.8615291413408894,76,4,0,1,1,1,1,0
2877,28.78,32.909942626953125,1.7410918710199683,76,4,0,1,1,1,1,0
2878,28.79,33.000732421875,1.8282515105486934,76,4,0,1,1,1,1,0
2879,28.8,33.13627243041992,1.8030501230255067,76,4,0,1,1,1,1,0
2880,28.81,33.00729751586914,1.720113997128482,76,4,0,1,1,1,1,0
2881,28.82,33.1936149597168,1.9053112194358504,76,4,0,1,1,1,1,0
2882,28.83,33.092166900634766,1.8031683676659662,76,4,0,1,1,1,1,0
2883,28.84,33.308807373046875,1.879735039241814,76,4,0,1,1,1,1,0
2884,28.85,33.1791877746582,1.7790695879154153,76,4,0,1,1,1,1,0
2885,28.86,33.287696838378906,1.9146233680893994,76,4,0,1,1,1,1,0
2886,28.87,33.572261810302734,1.7813755403957174,76,4,0,1,1,1,1,0
2887,28.88,33.42954635620117,1.8784588677701672,76,4,0,1,1,1,1,0
2888,28.89,33.10000991821289,1.9171590346252414,76,4,0,1,1,1,1,0
2889,28.9,33.29536056518555,1.6728729817512737,76,4,0,1,1,1,1,0
2890,28.91,33.17123794555664,1.8686368680259695,76,4,0,1,1,1,1,0
2891,28.92,33.04384231567383,1.906675660089413,76,4,0,1,1,1,1,0
2892,28.93,33.064613342285156,2.046458509635597,76,4,0,1,1,1,1,0
2893,28.94,33.438961029052734,1.8862906249588463,76,4,0,1,1,1,1,0
2894,28.95,33.232112884521484,2.0640772319246037,76,4,0,1,1,1,1,0
2895,28.96,33.14257049560547,1.7179338136680447,76,4,0,1,1,1,1,0
2896,28.97,33.588470458984375,1.8399171221789752,76,4,0,1,1,1,1,0
2897,28.98,33.36616897583008,1.8875925892749812,76,4,0,1,1,1,1,0
2898,28.99,33.21893310546875,1.897208850422495,76,4,0,1,1,1,1,0
2899,29.0,33.2530632019043,1.9052252088231214,76,4,0,1,1,1,1,0
2900,29.01,32.905426025390625,1.9279261421569462,76,4,0,1,1,1,1,0
2901,29.02,33.294464111328125,1.6921566726270694,76,4,0,1,1,1,1,0
2902,29.03,33.42927932739258,1.896548646417342,76,4,0,1,1,1,1,0
2903,29.04,32.99200439453125,1.9998277788536938,76,4,0,1,1,1,1,0
2904,29.05,33.061256408691406,1.9352251892764358,76,4,0,1,1,1,1,0
2905,29.06,33.283050537109375,1.8608605836617698,76,4,0,1,1,1,1,0
2906,29.07,33.278263092041016,1.7802830331802912,76,4,0,1,1,1,1,0
2907,29.08,33.23002243041992,1.8276184018706054,76,4,0,1,1,1,1,0
2908,29.09,33.100833892822266,1.732569576039875,76,4,0,1,1,1,1,0
2909,29.1,32.87372970581055,1.9561724951291468,76,4,0,1,1,1,1,0
2910,29.11,32.99288558959961,2.05975572193858,76,4,0,1,1,1,1,0
2911,29.12,33.07596206665039,1.8461319144803705,76,4,0,1,1,1,1,0
2912,29.13,33.112159729003906,1.8106883094412196,76,4,0,1,1,1,1,0
2913,29.14,33.186424255371094,1.9933132588262354,76,4,0,1,1,1,1,0
2914,29.15,33.0241813659668,1.9750709717959924,76,4,0,1,1,1,1,0
2915,29.16,33.42136001586914,1.7237739500476064,76,4,0,1,1,1,1,0
2916,29.17,33.16114807128906,1.811541931770944,76,4,0,1,1,1,1,0
2917,29.18,33.03468704223633,1.7951600231392677,76,4,0,1,1,1,1,0
2918,29.19,33.226680755615234,1.8109116600901753,76,4,0,1,1,1,1,0
2919,29.2,33.43885040283203,1.7260378551075586,76,4,0,1,1,1,1,0
2920,29.21,33.442771911621094,1.845911957438171,76,4,0,1,1,1,1,0
2921,29.22,33.1209831237793,1.6751682791407623,76,4,0,1,1,1,1,0
2922,29.23,33.0801887512207,1.6671559769630266,76,4,0,1,1,1,1,0
2923,29.24,33.465694427490234,1.842417661160674,76,4,0,1,1,1,1,0
2924,29.25,33.42499542236328,1.8365763183894863,76,4,0,1,1,1,1,0
2925,29.26,33.35837173461914,1.7669750386913936,76,4,0,1,1,1,1,0
2926,29.27,33.28962326049805,1.812293148895315,76,4,0,1,1,1,1,0
2927,29.28,33.1667366027832,1.9934638014929462,76,5,1,1,1,1,1,0
2928,29.29,33.533042907714844,1.6941358351802263,76,5,1,1,1,1,1,0
2929,29.3,33.09564208984375,1.7099978129106832,76,4,0,1,1,1,1,0
2930,29.31,33.477210998535156,1.7576407476881064,76,4,0,1,1,1,1,0
2931,29.32,33.16844940185547,1.8066805840193985,76,4,0,1,1,1,1,0
2932,29.33,32.92211151123047,1.823347621400682,76,4,0,1,1,1,1,0
2933,29.34,33.443077087402344,1.642440338681537,76,4,0,1,1,1,1,0
2934,29.35,33.12111282348633,1.781960074692698,76,4,0,1,1,1,1,0
2935,29.36,33.23741149902344,1.679196607054074,76,4,0,1,1,1,1,0
2936,29.37,33.09193801879883,1.864111587790274,76,4,0,1,1,1,1,0
2937,29.38,33.7200813293457,1.6506048677534524,76,4,0,1,1,1,1,0
2938,29.39,33.60354995727539,1.7931575021554562,76,4,0,1,1,1,1,0
2939,29.4,33.48051452636719,1.8489185533461363,76,4,0,1,1,1,1,0
2940,29.41,33.29060363769531,1.7979149716382596,76,4,0,1,1,1,1,0
2941,29.42,33.14205551147461,1.8518109043560405,76,4,0,1,1,1,1,0
2942,29.43,32.914939880371094,1.777669254194931,76,4,0,1,1,1,1,0
2943,29.44,32.97840881347656,1.8625471988447215,76,4,0,1,1,1,1,0
2944,29.45,33.2843132019043,1.8667886546125863,76,5,1,1,1,1,1,0
2945,29.46,33.19769287109375,1.7781710239991404,76,4,0,1,1,1,1,0
2946,29.47,33.14656066894531,1.9241867329176463,76,4,0,1,1,1,1,0
2947,29.48,33.05028533935547,1.8201668773939212,76,4,0,1,1,1,1,0
2948,29.49,33.44790267944336,1.7792688372628922,76,4,0,1,1,1,1,0
2949,29.5,33.17235565185547,1.8091135339087063,76,4,0,1,1,1,1,0
2950,29.51,33.23197555541992,1.8578002810336436,76,4,0,1,1,1,1,0
2951,29.52,33.17655563354492,1.9134751354894695,76,4,0,1,1,1,1,0
2952,29.53,33.056053161621094,1.8789586994113767,76,4,0,1,1,1,1,0
2953,29.54,33.037620544433594,1.814413618050743,76,4,0,1,1,1,1,0
2954,29.55,33.21768569946289,1.8620705833339006,76,4,0,1,1,1,1,0
2955,29.56,33.22551345825195,1.8787471541302587,76,4,0,1,1,1,1,0
2956,29.57,33.27832794189453,2.1094578333009006,76,4,0,1,1,1,1,0
2957,29.58,33.27275466918945,1.9466916484290446,76,4,0,1,1,1,1,0
2958,29.59,32.979896545410156,1.8156593827612557,76,4,0,1,1,1,1,0
2959,29.6,33.23735809326172,1.804825792862166,76,4,0,1,1,1,1,0
2960,29.61,33.34626388549805,1.7170276784300895,76,4,0,1,1,1,1,0
2961,29.62,33.28106689453125,1.7032331755002401,76,4,0,1,1,1,1,0
2962,29.63,33.261985778808594,1.6815167410480736,76,4,0,1,1,1,1,0
2963,29.64,33.49908447265625,1.7617349976837227,76,4,0,1,1,1,1,0
2964,29.65,33.6170654296875,1.9096308662127275,76,4,0,1,1,1,1,0
2965,29.66,33.20768356323242,1.7820787982481805,76,4,0,1,1,1,1,0
2966,29.67,33.16050338745117,1.8061593565153076,76,4,0,1,1,1,1,0
2967,29.68,33.062347412109375,1.868098391024773,76,4,0,1,1,1,1,0
2968,29.69,33.090789794921875,1.8184046567282441,76,4,0,1,1,1,1,0
2969,29.7,32.970455169677734,1.7419841529385849,76,4,0,1,1,1,1,0
2970,29.71,33.181819915771484,1.7408110348750598,76,4,0,1,1,1,1,0
2971,29.72,33.2138557434082,1.7653009900479595,76,4,0,1,1,1,1,0
2972,29.73,33.30269241333008,1.7630338953766118,76,4,0,1,1,1,1,0
2973,29.74,32.918495178222656,1.8560927462405572,76,4,0,1,1,1,1,0
2974,29.75,33.405311584472656,1.7983667059046244,76,4,0,1,1,1,1,0
2975,29.76,33.12791061401367,1.9651476653694793,76,4,0,1,1,1,1,0
2976,29.77,32.97404098510742,1.7585229189429787,76,4,0,1,1,1,1,0
2977,29.78,33.338260650634766,1.8002226424838341,76,4,0,1,1,1,1,0
2978,29.79,33.1751708984375,1.8584419361545141,76,4,0,1,1,1,1,0
2979,29.8,33.203773498535156,1.7991616225291898,76,4,0,1,1,1,1,0
2980,29.81,32.94078826904297,1.7246464092151501,76,4,0,1,1,1,1,0
2981,29.82,32.81617736816406,1.6357596888113,76,4,0,1,1,1,1,0
2982,29.83,33.08985137939453,1.8060460178622662,76,4,0,1,1,1,1,0
2983,29.84,33.0677604675293,1.7677956375165418,76,4,0,1,1,1,1,0
2984,29.85,33.114444732666016,1.7445350880309114,76,4,0,1,1,1,1,0
2985,29.86,32.80594253540039,1.744071204356396,76,4,0,1,1,1,1,0
2986,29.87,33.06727981567383,1.733464528233377,76,4,0,1,1,1,1,0
2987,29.88,33.08759307861328,1.7907267385644445,76,4,0,1,1,1,1,0
2988,29.89,33.18893814086914,1.7184564886144378,76,4,0,1,1,1,1,0
2989,29.9,33.294979095458984,1.760852637533591,76,4,0,1,1,1,1,0
2990,29.91,33.17192459106445,1.802387309162454,76,4,0,1,1,1,1,0
2991,29.92,32.9644775390625,1.7824947987418747,76,4,0,1,1,1,1,0
2992,29.93,33.115928649902344,1.7448182981699234,76,4,0,1,1,1,1,0
2993,29.94,33.17985153198242,1.690029759796565,76,4,0,1,1,1,1,0
2994,29.95,32.81668472290039,1.8105807743622175,76,4,0,1,1,1,1,0
2995,29.96,32.86861801147461,1.6922459160056833,76,4,0,1,1,1,1,0
2996,29.97,33.022010803222656,1.8293412128644684,76,4,0,1,1,1,1,0
2997,29.98,33.074058532714844,1.6993449989265006,76,4,0,1,1,1,1,0
2998,29.99,33.414588928222656,1.8596200674038297,76,4,0,1,1,1,1,0
2999,30.0,33.497982025146484,1.8312021553181577,76,4,0,1,1,1,1,0
3000,30.01,33.127925872802734,1.8068764930596157,76,4,0,1,1,1,1,0
3001,30.02,33.217247009277344,1.7405174196451685,76,4,0,1,1,1,1,0
3002,30.03,33.50927734375,1.7578130364665563,76,4,0,1,1,1,1,0
3003,30.04,33.30725860595703,1.8613168857886908,76,4,0,1,1,1,1,0
3004,30.05,33.332584381103516,1.9188779882443057,76,5,1,1,1,1,1,0
3005,30.06,33.29520797729492,1.7330296707233557,76,5,1,1,1,1,1,0
3006,30.07,33.18387222290039,1.872786992384931,76,5,1,1,1,1,1,0
3007,30.08,32.853206634521484,1.8154366792372147,76,4,0,1,1,1,1,0
3008,30.09,33.01506042480469,1.763008790085772,76,4,0,1,1,1,1,0
3009,30.1,33.47970199584961,1.8539399515961001,76,4,0,1,1,1,1,0
3010,30.11,32.89485168457031,2.070073367677513,76,4,0,1,1,1,1,0
3011,30.12,33.182762145996094,1.9085288712552129,76,5,1,1,1,1,1,0
3012,30.13,33.14122009277344,1.8628261261281969,76,4,0,1,1,1,1,0
3013,30.14,33.406253814697266,1.8126506234660962,76,4,0,1,1,1,1,0
3014,30.15,33.2420539855957,1.819284837665222,76,4,0,1,1,1,1,0
3015,30.16,33.20655059814453,1.987315049506162,76,4,0,1,1,1,1,0
3016,30.17,33.52317428588867,2.0460934181431765,76,5,1,1,1,1,1,0
3017,30.18,33.34135818481445,1.9367274661692295,76,4,0,1,1,1,1,0
3018,30.19,33.07984161376953,1.8929850633220087,76,4,0,1,1,1,1,0
3019,30.2,33.09830093383789,1.67053632153813,76,5,1,1,1,1,1,0
3020,30.21,33.102989196777344,1.7190968187026365,76,4,0,1,1,1,1,0
3021,30.22,33.3718376159668,1.9080067308771949,76,4,0,1,1,1,1,0
3022,30.23,33.12268829345703,2.0495114260702136,76,4,0,1,1,1,1,0
3023,30.24,33.0511360168457,2.021558587859665,76,4,0,1,1,1,1,0
3024,30.25,33.061031341552734,1.6485144494820716,76,5,1,1,1,1,1,0
3025,30.26,33.31861877441406,2.0051196831740112,76,4,0,1,1,1,1,0
3026,30.27,33.02081298828125,1.7897506727780432,76,4,0,1,1,1,1,0
3027,30.28,33.06491470336914,1.8000547943274408,76,4,0,1,1,1,1,0
3028,30.29,33.29116439819336,1.804137174284923,76,4,0,1,1,1,1,0
3029,30.3,33.237979888916016,1.9112813899376349,76,4,0,1,1,1,1,0
3030,30.31,33.02424240112305,1.8228812289203817,76,4,0,1,1,1,1,0
3031,30.32,33.270591735839844,1.8338262486966557,76,5,1,1,1,1,1,0
3032,30.33,33.004737854003906,1.8447213700178124,76,4,0,1,1,1,1,0
3033,30.34,32.96815872192383,1.8142498372401534,76,4,0,1,1,1,1,0
3034,30.35,33.281463623046875,1.8334130316809363,76,4,0,1,1,1,1,0
3035,30.36,33.02946853637695,1.7915968343772446,76,5,1,1,1,1,1,0
3036,30.37,33.19718551635742,1.7055793578865697,76,4,0,1,1,1,1,0
3037,30.38,33.45579147338867,1.9629324987771883,76,4,0,1,1,1,1,0
3038,30.39,33.5264892578125,1.789693175720287,76,4,0,1,1,1,1,0
3039,30.4,33.1834831237793,1.7538831098872327,76,4,0,1,1,1,1,0
3040,30.41,33.521331787109375,1.905489320567631,76,4,0,1,1,1,1,0
3041,30.42,33.479881286621094,1.6866810196289057,76,4,0,1,1,1,1,0
3042,30.43,33.593772888183594,1.9907034362140752,76,4,0,1,1,1,1,0
3043,30.44,33.38277053833008,1.8917212988874812,76,4,0,1,1,1,1,0
3044,30.45,33.40616226196289,1.8770766803889452,76,4,0,1,1,1,1,0
3045,30.46,33.407466888427734,1.8388314882208125,76,4,0,1,1,1,1,0
3046,30.47,33.43689727783203,1.6924224051444368,76,4,0,1,1,1,1,0
3047,30.48,33.6797981262207,1.8217304437523614,76,4,0,1,1,1,1,0
3048,30.49,33.51341247558594,1.783702492039051,76,4,0,1,1,1,1,0
3049,30.5,33.46885299682617,1.9409536664494516,76,4,0,1,1,1,1,0
3050,30.51,33.303226470947266,1.7109921687908594,76,4,0,1,1,1,1,0
3051,30.52,33.114158630371094,1.94380741381217,76,4,0,1,1,1,1,0
3052,30.53,33.24514389038086,1.7114603822595509,76,4,0,1,1,1,1,0
3053,30.54,33.055416107177734,1.731068261700339,76,4,0,1,1,1,1,0
3054,30.55,32.91802215576172,1.958929416447539,76,4,0,1,1,1,1,0
3055,30.56,32.862945556640625,1.9188255333986879,76,4,0,1,1,1,1,0
3056,30.57,33.14836502075195,1.7169986567349886,76,4,0,1,1,1,1,0
3057,30.58,33.27593994140625,1.6618978530404256,76,4,0,1,1,1,1,0
3058,30.59,33.065738677978516,1.7641777211094376,76,4,0,1,1,1,1,0
3059,30.6,32.97190475463867,1.7059279490221058,76,4,0,1,1,1,1,0
3060,30.61,32.984825134277344,1.7402590311128139,76,4,0,1,1,1,1,0
3061,30.62,33.50933074951172,1.901156270804606,76,4,0,1,1,1,1,0
3062,30.63,33.44947814941406,1.7966649503651129,76,4,0,1,1,1,1,0
3063,30.64,33.672264099121094,2.0195297162174195,76,4,0,1,1,1,1,0
3064,30.65,33.46773910522461,1.9609693473520395,76,4,0,1,1,1,1,0
3065,30.66,33.71939468383789,1.689731926063723,76,4,0,1,1,1,1,0
3066,30.67,33.20397186279297,1.8655312991868527,76,4,0,1,1,1,1,0
3067,30.68,33.558773040771484,1.8153522731788034,76,4,0,1,1,1,1,0
3068,30.69,33.32010269165039,1.6996743713921565,76,4,0,1,1,1,1,0
3069,30.7,33.5649299621582,1.8692831091282103,76,4,0,1,1,1,1,0
3070,30.71,33.68572998046875,1.8997375547989113,76,4,0,1,1,1,1,0
3071,30.72,33.536956787109375,1.768275307950113,76,4,0,1,1,1,1,0
3072,30.73,33.59220886230469,1.9200280362367523,76,4,0,1,1,1,1,0
3073,30.74,33.5224723815918,1.6922459160056833,76,4,0,1,1,1,1,0
3074,30.75,33.55177307128906,1.762496968160801,76,4,0,1,1,1,1,0
3075,30.76,33.934326171875,1.8539120443512744,76,4,0,1,1,1,1,0
3076,30.77,33.81992721557617,1.7104724539307203,76,4,0,1,1,1,1,0
3077,30.78,33.64030456542969,1.902021027079708,76,4,0,1,1,1,1,0
3078,30.79,33.573890686035156,1.895207636192585,76,4,0,1,1,1,1,0
3079,30.8,33.758026123046875,1.7793536043415974,76,4,0,1,1,1,1,0
3080,30.81,33.35506057739258,1.8472674571181296,76,4,0,1,1,1,1,0
3081,30.82,33.180564880371094,1.9486142419653543,76,4,0,1,1,1,1,0
3082,30.83,33.24236297607422,1.8630398887294675,76,4,0,1,1,1,1,0
3083,30.84,33.319190979003906,1.8127044250973434,76,4,0,1,1,1,1,0
3084,30.85,33.456478118896484,1.7417776817977846,76,4,0,1,1,1,1,0
3085,30.86,33.682777404785156,1.8090080350345068,76,4,0,1,1,1,1,0
3086,30.87,33.43770217895508,1.7987216037954172,76,4,0,1,1,1,1,0
3087,30.88,33.18149948120117,1.7870121541263893,76,4,0,1,1,1,1,0
3088,30.89,33.32938766479492,1.6683517499772753,76,4,0,1,1,1,1,0
3089,30.9,33.317230224609375,1.7482862135574222,76,4,0,1,1,1,1,0
3090,30.91,33.348106384277344,1.8254302713798565,76,4,0,1,1,1,1,0
3091,30.92,33.601837158203125,1.8034677797905854,76,4,0,1,1,1,1,0
3092,30.93,33.56288146972656,1.7054324427876961,76,4,0,1,1,1,1,0
3093,30.94,33.53800964355469,1.818734601462727,76,4,0,1,1,1,1,0
3094,30.95,33.597721099853516,1.9146526019582402,76,4,0,1,1,1,1,0
3095,30.96,33.34128189086914,1.7384997826203448,76,4,0,1,1,1,1,0
3096,30.97,33.505897521972656,1.8085631139548362,76,4,0,1,1,1,1,0
3097,30.98,33.60633087158203,1.729773220142141,76,4,0,1,1,1,1,0
3098,30.99,33.53346252441406,1.874832064425374,76,4,0,1,1,1,1,0
3099,31.0,33.31057357788086,1.798249460745145,76,4,0,1,1,1,1,0
3100,31.01,33.176509857177734,1.7236323260466697,76,4,0,1,1,1,1,0
3101,31.02,33.06776428222656,1.8514859886624533,76,4,0,1,1,1,1,0
3102,31.03,33.0224494934082,1.8218126697912311,76,4,0,1,1,1,1,0
3103,31.04,33.234291076660156,1.8283914569485331,76,4,0,1,1,1,1,0
3104,31.05,32.973670959472656,1.811906312724071,76,4,0,1,1,1,1,0
3105,31.06,33.052276611328125,1.8528061718590842,76,4,0,1,1,1,1,0
3106,31.07,33.30105972290039,1.7355389815998485,76,4,0,1,1,1,1,0
3107,31.08,33.3610954284668,1.6822014807748615,76,4,0,1,1,1,1,0
3108,31.09,33.35114288330078,1.839646561719705,76,4,0,1,1,1,1,0
3109,31.1,33.24858856201172,1.9330039386159332,76,4,0,1,1,1,1,0
3110,31.11,33.285465240478516,1.7714084258909184,76,4,0,1,1,1,1,0
3111,31.12,32.983760833740234,1.9699709879552556,76,4,0,1,1,1,1,0
3112,31.13,33.37898254394531,1.7474562130578895,76,4,0,1,1,1,1,0
3113,31.14,33.336551666259766,1.7971334342049,76,4,0,1,1,1,1,0
3114,31.15,33.58245849609375,1.8009679057059167,76,4,0,1,1,1,1,0
3115,31.16,33.296913146972656,1.75758120179833,76,4,0,1,1,1,1,0
3116,31.17,33.330345153808594,1.9109676039326244,76,4,0,1,1,1,1,0
3117,31.18,33.26618576049805,1.7599453362770683,76,4,0,1,1,1,1,0
3118,31.19,32.973854064941406,1.8096702157234166,76,4,0,1,1,1,1,0
3119,31.2,33.09064865112305,1.7841770521253377,76,4,0,1,1,1,1,0
3120,31.21,32.98066329956055,1.7313807372356456,76,4,0,1,1,1,1,0
3121,31.22,33.231651306152344,1.9699260709435713,76,4,0,1,1,1,1,0
3122,31.23,33.004310607910156,1.8717094588201502,76,4,0,1,1,1,1,0
3123,31.24,33.26121520996094,1.7617296926717345,76,4,0,1,1,1,1,0
3124,31.25,33.2319450378418,1.823924205009163,76,4,0,1,1,1,1,0
3125,31.26,33.20081329345703,1.902342545243031,76,4,0,1,1,1,1,0
3126,31.27,33.57304000854492,1.8458866567178875,76,4,0,1,1,1,1,0
3127,31.28,33.488372802734375,1.996523201724957,76,4,0,1,1,1,1,0
3128,31.29,33.42341613769531,1.9748923271923386,76,4,0,1,1,1,1,0
3129,31.3,33.54507064819336,2.115517065456531,76,4,0,1,1,1,1,0
3130,31.31,33.55239486694336,1.9215080227975145,76,4,0,1,1,1,1,0
3131,31.32,33.50431823730469,2.08023718802346,76,4,0,1,1,1,1,0
3132,31.33,33.4996452331543,1.8074844650931858,76,4,0,1,1,1,1,0
3133,31.34,33.633544921875,1.9414916299510363,76,4,0,1,1,1,1,0
3134,31.35,33.80824279785156,1.7297738376237268,76,4,0,1,1,1,1,0
3135,31.36,33.60226821899414,1.7498924632353727,76,4,0,1,1,1,1,0
3136,31.37,33.31187438964844,1.7984462033576727,76,4,0,1,1,1,1,0
3137,31.38,33.318077087402344,1.7835367679739182,76,4,0,1,1,1,1,0
3138,31.39,33.55974197387695,1.9217207763378559,76,4,0,1,1,1,1,0
3139,31.4,33.40047836303711,1.8051554300749049,76,4,0,1,1,1,1,0
3140,31.41,33.63199996948242,1.8927747632329825,76,4,0,1,1,1,1,0
3141,31.42,33.82720184326172,1.899286606829913,76,4,0,1,1,1,1,0
3142,31.43,33.62070846557617,1.9502060657101428,76,4,0,1,1,1,1,0
3143,31.44,33.73561096191406,1.8090343997911735,76,4,0,1,1,1,1,0
3144,31.45,33.56197738647461,1.9414648829539753,76,4,0,1,1,1,1,0
3145,31.46,33.68065643310547,1.9209881592127518,76,4,0,1,1,1,1,0
3146,31.47,33.502777099609375,1.8485956055633892,76,4,0,1,1,1,1,0
3147,31.48,33.18501663208008,1.8827935302818313,76,4,0,1,1,1,1,0
3148,31.49,33.34425735473633,1.7482841406764138,76,4,0,1,1,1,1,0
3149,31.5,33.477481842041016,1.711520864095925,76,4,0,1,1,1,1,0
3150,31.51,33.407875061035156,1.807789746037058,76,4,0,1,1,1,1,0
3151,31.52,33.38408279418945,1.8930890257969821,76,4,0,1,1,1,1,0
3152,31.53,33.26001739501953,1.913789805993745,76,4,0,1,1,1,1,0
3153,31.54,33.34907913208008,1.871519602674534,76,4,0,1,1,1,1,0
3154,31.55,33.46779251098633,1.958696958298596,76,4,0,1,1,1,1,0
3155,31.56,33.86541748046875,1.9633100624676605,76,4,0,1,1,1,1,0
3156,31.57,33.62977981567383,2.043965549874721,76,4,0,1,1,1,1,0
3157,31.58,33.47616195678711,1.985173362257466,76,4,0,1,1,1,1,0
3158,31.59,33.63383865356445,1.9043635901775706,76,4,0,1,1,1,1,0
3159,31.6,33.37804412841797,1.9671317847429395,76,4,0,1,1,1,1,0
3160,31.61,33.46227264404297,1.8233464288815142,76,4,0,1,1,1,1,0
3161,31.62,33.49850845336914,1.9264990960557635,76,4,0,1,1,1,1,0
3162,31.63,33.47273635864258,1.723110468395822,76,4,0,1,1,1,1,0
3163,31.64,33.6735725402832,1.812019537449907,76,4,0,1,1,1,1,0
3164,31.65,33.56407928466797,1.7981660935661368,76,4,0,1,1,1,1,0
3165,31.66,33.35938262939453,1.8999448957011091,76,4,0,1,1,1,1,0
3166,31.67,33.36000442504883,1.9141821247834112,76,4,0,1,1,1,1,0
3167,31.68,33.2235221862793,1.732803216028687,76,4,0,1,1,1,1,0
3168,31.69,33.44276809692383,1.9133486296327957,76,4,0,1,1,1,1,0
3169,31.7,33.48289489746094,1.9964441205840675,76,4,0,1,1,1,1,0
3170,31.71,33.79930114746094,1.8653392599789367,76,4,0,1,1,1,1,0
3171,31.72,33.99628448486328,1.9710701830969861,76,4,0,1,1,1,1,0
3172,31.73,33.71682357788086,1.7431572036823606,76,4,0,1,1,1,1,0
3173,31.74,34.101314544677734,1.8237030127887792,76,4,0,1,1,1,1,0
3174,31.75,33.874778747558594,1.7899186347148246,76,4,0,1,1,1,1,0
3175,31.76,33.933990478515625,1.8500564682111658,76,4,0,1,1,1,1,0
3176,31.77,33.72129440307617,1.8366560312701932,76,4,0,1,1,1,1,0
3177,31.78,33.7823371887207,1.8651279289035714,76,4,0,1,1,1,1,0
3178,31.79,33.918357849121094,1.891955433232173,76,4,0,1,1,1,1,0
3179,31.8,33.82719802856445,1.692011297493331,76,4,0,1,1,1,1,0
3180,31.81,33.62858581542969,1.7324524800054082,76,4,0,1,1,1,1,0
3181,31.82,33.245262145996094,1.8758718863224007,76,4,0,1,1,1,1,0
3182,31.83,33.14125061035156,1.7479731810650618,76,4,0,1,1,1,1,0
3183,31.84,33.50520706176758,1.8594920722100037,76,4,0,1,1,1,1,0
3184,31.85,33.66604995727539,1.8102486059287055,76,4,0,1,1,1,1,0
3185,31.86,33.39822769165039,1.9137865569723278,76,4,0,1,1,1,1,0
3186,31.87,33.73550796508789,1.7521717063407103,76,4,0,1,1,1,1,0
3187,31.88,33.312538146972656,1.8704514954979714,76,4,0,1,1,1,1,0
3188,31.89,33.74876022338867,1.7419523716825764,76,4,0,1,1,1,1,0
3189,31.9,33.63854217529297,1.764628731478405,76,4,0,1,1,1,1,0
3190,31.91,33.59563446044922,1.8732331600536969,76,4,0,1,1,1,1,0
3191,31.92,33.86756896972656,1.731355393272311,76,4,0,1,1,1,1,0
3192,31.93,33.4760856628418,1.8567128378627844,76,4,0,1,1,1,1,0
3193,31.94,33.39704895019531,1.7530264418839443,76,4,0,1,1,1,1,0
3194,31.95,33.247379302978516,1.8350766557337592,76,4,0,1,1,1,1,0
3195,31.96,33.51249694824219,1.950434313808641,76,4,0,1,1,1,1,0
3196,31.97,33.5793571472168,1.7555336643525354,76,4,0,1,1,1,1,0
3197,31.98,33.53329086303711,1.6812209388528658,76,4,0,1,1,1,1,0
3198,31.99,33.3508415222168,1.858765328095514,76,4,0,1,1,1,1,0
3199,32.0,33.6389274597168,1.785331760230224,76,4,0,1,1,1,1,0
3200,32.01,33.63689041137695,1.9902487901249464,76,4,0,1,1,1,1,0
3201,32.02,33.61055374145508,1.8637029978377606,76,4,0,1,1,1,1,0
3202,32.03,33.347110748291016,1.9746907500715831,76,4,0,1,1,1,1,0
3203,32.04,33.324249267578125,1.7237747688646017,76,4,0,1,1,1,1,0
3204,32.05,33.146060943603516,1.9543775842874551,76,4,0,1,1,1,1,0
3205,32.06,33.52898406982422,1.967128643202027,76,4,0,1,1,1,1,0
3206,32.07,33.75025177001953,1.8717352460889047,76,4,0,1,1,1,1,0
3207,32.08,33.6470832824707,2.1086011557990982,76,4,0,1,1,1,1,0
3208,32.09,33.19609832763672,1.9222159472782574,76,4,0,1,1,1,1,0
3209,32.1,33.44548034667969,1.831070257025328,76,4,0,1,1,1,1,0
3210,32.11,33.40330505371094,1.985969510410634,76,4,0,1,1,1,1,0
3211,32.12,33.4026985168457,1.7314436076735291,76,4,0,1,1,1,1,0
3212,32.13,33.480247497558594,1.9371608172459673,76,4,0,1,1,1,1,0
3213,32.14,33.40641784667969,1.7669472259807537,76,4,0,1,1,1,1,0
3214,32.15,33.568878173828125,1.9433476656547217,76,4,0,1,1,1,1,0
3215,32.16,33.284141540527344,1.837963428422585,76,4,0,1,1,1,1,0
3216,32.17,33.375492095947266,1.8469758682308328,76,4,0,1,1,1,1,0
3217,32.18,33.333709716796875,1.8704551869025423,76,4,0,1,1,1,1,0
3218,32.19,33.30202102661133,1.8862376683539919,76,4,0,1,1,1,1,0
3219,32.2,33.26150894165039,1.854754555817606,76,4,0,1,1,1,1,0
3220,32.21,33.302188873291016,1.9449177278916847,76,4,0,1,1,1,1,0
3221,32.22,33.55049514770508,1.8545620589016747,76,4,0,1,1,1,1,0
3222,32.23,33.701026916503906,1.883266298886228,76,4,0,1,1,1,1,0
3223,32.24,33.762081146240234,1.8815174666476173,76,4,0,1,1,1,1,0
3224,32.25,33.53999710083008,1.8526728260389242,76,4,0,1,1,1,1,0
3225,32.26,33.270294189453125,1.8392097783184447,76,4,0,1,1,1,1,0
3226,32.27,33.13823699951172,1.69596956413426,76,4,0,1,1,1,1,0
3227,32.28,33.03815841674805,1.7704480672053002,76,4,0,1,1,1,1,0
3228,32.29,33.121028900146484,1.94311373605789,76,4,0,1,1,1,1,0
3229,32.3,33.38505935668945,1.8061263812086177,76,4,0,1,1,1,1,0
3230,32.31,33.42721939086914,1.7745159922776648,76,4,0,1,1,1,1,0
3231,32.32,33.8088264465332,1.7387945941487861,76,4,0,1,1,1,1,0
3232,32.33,33.28156661987305,1.8352397419108004,76,4,0,1,1,1,1,0
3233,32.34,33.35044860839844,1.8309816547968616,76,4,0,1,1,1,1,0
3234,32.35,33.16212463378906,1.8689831985369705,76,4,0,1,1,1,1,0
3235,32.36,33.342872619628906,1.7222339529921222,76,5,1,1,1,1,1,0
3236,32.37,33.58845520019531,1.8633596780067945,76,4,0,1,1,1,1,0
3237,32.38,33.30193328857422,1.7328033921453239,76,4,0,1,1,1,1,0
3238,32.39,33.03722381591797,1.9737540834377074,76,4,0,1,1,1,1,0
3239,32.4,33.20191955566406,1.8976059642079832,76,4,0,1,1,1,1,0
3240,32.41,33.4856071472168,1.9941449574604782,76,4,0,1,1,1,1,0
3241,32.42,33.006587982177734,1.7316779943777416,76,4,0,1,1,1,1,0
3242,32.43,32.91519546508789,1.9317360962939316,76,5,1,1,1,1,1,0
3243,32.44,33.01154327392578,1.8992600889615385,76,4,0,1,1,1,1,0
3244,32.45,33.48986053466797,1.7321427965479952,76,4,0,1,1,1,1,0
3245,32.46,33.6635627746582,1.9181773037805925,76,4,0,1,1,1,1,0
3246,32.47,33.40220642089844,1.7718356942200824,76,4,0,1,1,1,1,0
3247,32.48,33.80125427246094,1.8451259348885036,76,4,0,1,1,1,1,0
3248,32.49,33.74132537841797,2.0281303838852835,76,4,0,1,1,1,1,0
3249,32.5,33.84067153930664,1.7501178183056283,76,4,0,1,1,1,1,0
3250,32.51,33.61363983154297,1.8594865742621767,76,4,0,1,1,1,1,0
3251,32.52,33.56671142578125,1.8260904452154272,76,4,0,1,1,1,1,0
3252,32.53,33.320064544677734,1.7576672752519888,76,4,0,1,1,1,1,0
3253,32.54,33.322486877441406,1.820053132511268,76,4,0,1,1,1,1,0
3254,32.55,33.141624450683594,1.941341537214757,76,5,1,1,1,1,1,0
3255,32.56,33.49547576904297,1.7090972016420163,76,4,0,1,1,1,1,0
3256,32.57,33.257572174072266,2.056477533153256,76,4,0,1,1,1,1,0
3257,32.58,33.55811309814453,1.9400573714216092,76,4,0,1,1,1,1,0
3258,32.59,33.55974578857422,1.9712941770384247,76,4,0,1,1,1,1,0
3259,32.6,33.34627914428711,1.8955176716844864,76,4,0,1,1,1,1,0
3260,32.61,33.6204833984375,1.8815462214608527,76,4,0,1,1,1,1,0
3261,32.62,33.605995178222656,1.9117798434446007,76,4,0,1,1,1,1,0
3262,32.63,33.715396881103516,1.8226371958406737,76,4,0,1,1,1,1,0
3263,32.64,33.69297790527344,2.060386074889267,76,4,0,1,1,1,1,0
3264,32.65,33.53688049316406,2.011568522913098,76,4,0,1,1,1,1,0
3265,32.66,33.65319061279297,1.946018136487945,76,4,0,1,1,1,1,0
3266,32.67,33.79497146606445,1.8788314125584913,76,4,0,1,1,1,1,0
3267,32.68,33.43426513671875,1.972131002939143,76,4,0,1,1,1,1,0
3268,32.69,33.958709716796875,1.7465442022534605,76,4,0,1,1,1,1,0
3269,32.7,33.298492431640625,1.8878799052188053,76,4,0,1,1,1,1,0
3270,32.71,33.28330993652344,2.1145734720456066,76,4,0,1,1,1,1,0
3271,32.72,33.576629638671875,1.949226492041192,76,4,0,1,1,1,1,0
3272,32.73,33.15496063232422,1.9407439844444279,76,4,0,1,1,1,1,0
3273,32.74,33.49626159667969,1.9213560910340686,76,4,0,1,1,1,1,0
3274,32.75,33.479652404785156,1.873659731757753,76,4,0,1,1,1,1,0
3275,32.76,33.500450134277344,1.8664131746303625,76,4,0,1,1,1,1,0
3276,32.77,33.4005126953125,1.7271076787052846,76,4,0,1,1,1,1,0
3277,32.78,33.246768951416016,1.835644900222596,76,4,0,1,1,1,1,0
3278,32.79,33.344520568847656,1.7466823305439376,76,4,0,1,1,1,1,0
3279,32.8,33.49530029296875,1.8758490639485352,76,4,0,1,1,1,1,0
3280,32.81,33.2963752746582,1.9275146673870827,76,4,0,1,1,1,1,0
3281,32.82,33.38050842285156,1.8348271551090547,76,4,0,1,1,1,1,0
3282,32.83,33.43076705932617,2.0137516382123977,76,4,0,1,1,1,1,0
3283,32.84,33.110469818115234,1.9626503973059246,76,4,0,1,1,1,1,0
3284,32.85,32.934471130371094,1.9420886187671647,76,4,0,1,1,1,1,0
3285,32.86,33.45320129394531,1.9897016683143118,76,4,0,1,1,1,1,0
3286,32.87,33.41693878173828,1.8786722730045016,76,4,0,1,1,1,1,0
3287,32.88,33.12983322143555,1.8484868912840264,76,4,0,1,1,1,1,0
3288,32.89,33.220890045166016,1.8759014190623011,76,4,0,1,1,1,1,0
3289,32.9,33.67045211791992,1.8400799452027266,76,4,0,1,1,1,1,0
3290,32.91,33.604915618896484,1.9870846065956875,76,4,0,1,1,1,1,0
3291,32.92,33.534889221191406,1.9047301270062056,76,4,0,1,1,1,1,0
3292,32.93,33.24136734008789,1.7226148778018349,76,4,0,1,1,1,1,0
3293,32.94,33.17829895019531,1.805263309475886,76,4,0,1,1,1,1,0
3294,32.95,33.36961364746094,1.8477277354730344,76,4,0,1,1,1,1,0
3295,32.96,33.28129196166992,1.9249197775285833,76,4,0,1,1,1,1,0
3296,32.97,33.1842041015625,1.8386409757832136,76,5,1,1,1,1,1,0
3297,32.98,33.26777648925781,1.707688601621687,76,4,0,1,1,1,1,0
3298,32.99,33.56220626831055,1.9474334650629166,76,4,0,1,1,1,1,0
3299,33.0,33.46513366699219,1.8331669046430459,76,4,0,1,1,1,1,0
3300,33.01,33.55311965942383,1.792733123817002,76,4,0,1,1,1,1,0
3301,33.02,33.454524993896484,1.8445012034120167,76,4,0,1,1,1,1,0
3302,33.03,33.39833068847656,1.888305087355011,76,4,0,1,1,1,1,0
3303,33.04,33.39288330078125,1.8038054053949888,76,4,0,1,1,1,1,0
3304,33.05,33.30458068847656,1.7507123968523568,76,4,0,1,1,1,1,0
3305,33.06,33.33384323120117,1.7754130756991198,76,4,0,1,1,1,1,0
3306,33.07,33.46461486816406,1.6929536098481441,76,4,0,1,1,1,1,0
3307,33.08,33.33154296875,1.8797023196703433,76,4,0,1,1,1,1,0
3308,33.09,33.618743896484375,1.9051508277705442,76,4,0,1,1,1,1,0
3309,33.1,33.02534103393555,1.8765405032293252,76,4,0,1,1,1,1,0
3310,33.11,33.39273452758789,1.9000264874720265,76,4,0,1,1,1,1,0
3311,33.12,33.04710006713867,1.7978043809194117,76,4,0,1,1,1,1,0
3312,33.13,33.246700286865234,1.8020574407992787,76,4,0,1,1,1,1,0
3313,33.14,33.350181579589844,1.7552507705006262,76,4,0,1,1,1,1,0
3314,33.15,33.49448013305664,1.6603932808781803,76,4,0,1,1,1,1,0
3315,33.16,33.32086944580078,1.9142855139571693,76,4,0,1,1,1,1,0
3316,33.17,33.22922134399414,1.6736149268077536,76,4,0,1,1,1,1,0
3317,33.18,33.50482940673828,1.7419831237025278,76,4,0,1,1,1,1,0
3318,33.19,33.421966552734375,1.8059094728356377,76,4,0,1,1,1,1,0
3319,33.2,33.32720947265625,1.936723999561673,76,5,1,1,1,1,1,0
3320,33.21,33.468955993652344,1.81317570749758,76,4,0,1,1,1,1,0
3321,33.22,33.552452087402344,1.6649933017117273,76,4,0,1,1,1,1,0
3322,33.23,33.78472137451172,1.7291916774700475,76,4,0,1,1,1,1,0
3323,33.24,33.62008285522461,1.944377416295843,76,4,0,1,1,1,1,0
3324,33.25,33.4010009765625,1.651367536333415,76,4,0,1,1,1,1,0
3325,33.26,33.51206588745117,1.9589794148755413,76,4,0,1,1,1,1,0
3326,33.27,33.55230712890625,1.8687444713130965,76,4,0,1,1,1,1,0
3327,33.28,33.41520309448242,1.7886897537651212,76,4,0,1,1,1,1,0
3328,33.29,33.311058044433594,1.6338271163626106,76,4,0,1,1,1,1,0
3329,33.3,33.313987731933594,1.7819100117030438,76,4,0,1,1,1,1,0
3330,33.31,33.3766975402832,1.9810404592803004,76,4,0,1,1,1,1,0
3331,33.32,33.310272216796875,2.006090167469666,76,4,0,1,1,1,1,0
3332,33.33,33.40472412109375,1.7024951306400282,76,4,0,1,1,1,1,0
3333,33.34,33.476318359375,1.8155435484914606,76,4,0,1,1,1,1,0
3334,33.35,33.72492599487305,1.9079802342353889,76,4,0,1,1,1,1,0
3335,33.36,33.67942428588867,1.7915624625311624,76,4,0,1,1,1,1,0
3336,33.37,33.301753997802734,1.8868971334639237,76,4,0,1,1,1,1,0
3337,33.38,33.305442810058594,1.7495699719297608,76,4,0,1,1,1,1,0
3338,33.39,33.35770034790039,1.908034806585324,76,4,0,1,1,1,1,0
3339,33.4,33.391090393066406,1.7178471483498896,76,4,0,1,1,1,1,0
3340,33.41,33.525150299072266,1.8476771214825867,76,4,0,1,1,1,1,0
3341,33.42,33.1945686340332,1.793874754077663,76,4,0,1,1,1,1,0
3342,33.43,33.252437591552734,1.7776680310331872,76,4,0,1,1,1,1,0
3343,33.44,33.52362823486328,1.6773760458462474,76,4,0,1,1,1,1,0
3344,33.45,33.35999298095703,1.9522543496990252,76,4,0,1,1,1,1,0
3345,33.46,33.30783462524414,1.8798706862481194,76,4,0,1,1,1,1,0
3346,33.47,33.395301818847656,1.7002704522044971,76,4,0,1,1,1,1,0
3347,33.48,33.20597839355469,1.7539167411867504,76,4,0,1,1,1,1,0
3348,33.49,33.20854568481445,1.8004993390469832,76,4,0,1,1,1,1,0
3349,33.5,33.25993728637695,1.8959392295519264,76,4,0,1,1,1,1,0
3350,33.51,33.10151290893555,1.897077881680458,76,4,0,1,1,1,1,0
3351,33.52,33.30458068847656,2.1355305911617015,76,4,0,1,1,1,1,0
3352,33.53,33.39775085449219,1.8386942866386475,76,4,0,1,1,1,1,0
3353,33.54,33.10511016845703,1.8335745182373382,76,5,1,1,1,1,1,0
3354,33.55,33.234066009521484,1.7543947920721426,76,5,1,1,1,1,1,0
3355,33.56,33.194156646728516,1.8056804331928509,76,4,0,1,1,1,1,0
3356,33.57,33.02170944213867,1.6442937811168865,76,4,0,1,1,1,1,0
3357,33.58,33.30101776123047,1.7883241619209165,76,4,0,1,1,1,1,0
3358,33.59,33.41387176513672,1.9517683045841316,76,4,0,1,1,1,1,0
3359,33.6,33.12766647338867,1.9109146324914057,76,4,0,1,1,1,1,0
3360,33.61,33.140037536621094,1.8223870178300672,76,4,0,1,1,1,1,0
3361,33.62,33.29684066772461,1.7299144736970462,76,4,0,1,1,1,1,0
3362,33.63,33.012996673583984,1.9052262700055989,76,4,0,1,1,1,1,0
3363,33.64,32.80915451049805,1.985016387184598,76,4,0,1,1,1,1,0
3364,33.65,32.98667907714844,1.7696359844199685,76,5,1,1,1,1,1,0
3365,33.66,33.16493606567383,1.7674283137501792,76,4,0,1,1,1,1,0
3366,33.67,33.30559539794922,1.873878182483558,76,4,0,1,1,1,1,0
3367,33.68,33.30621337890625,1.7543129504848505,76,4,0,1,1,1,1,0
3368,33.69,33.4999885559082,1.791036004691969,76,4,0,1,1,1,1,0
3369,33.7,33.30829620361328,1.82232724307469,76,4,0,1,1,1,1,0
3370,33.71,33.276668548583984,1.852216536321891,76,4,0,1,1,1,1,0
3371,33.72,33.17146301269531,1.816504704995804,76,4,0,1,1,1,1,0
3372,33.73,33.395687103271484,1.825213441677715,76,4,0,1,1,1,1,0
3373,33.74,33.411956787109375,1.8093676555324845,76,4,0,1,1,1,1,0
3374,33.75,33.48737335205078,1.8367878607495083,76,4,0,1,1,1,1,0
3375,33.76,33.39633560180664,1.7450225513866178,76,4,0,1,1,1,1,0
3376,33.77,33.65674591064453,1.6838639057946556,76,4,0,1,1,1,1,0
3377,33.78,33.3974723815918,1.8390475420256944,76,5,1,1,1,1,1,0
3378,33.79,33.70395278930664,1.9563516207074687,76,4,0,1,1,1,1,0
3379,33.8,33.10669708251953,1.7630070807262894,76,4,0,1,1,1,1,0
3380,33.81,33.102813720703125,1.8180514609168348,76,4,0,1,1,1,1,0
3381,33.82,32.979286193847656,1.79972358700853,76,4,0,1,1,1,1,0
3382,33.83,32.997276306152344,1.8074835575810295,76,4,0,1,1,1,1,0
3383,33.84,33.17128372192383,1.8591674524744515,76,5,1,1,1,1,1,0
3384,33.85,33.28731155395508,1.8476776582805383,76,4,0,1,1,1,1,0
3385,33.86,33.33864212036133,1.8910833307830477,76,4,0,1,1,1,1,0
3386,33.87,33.433589935302734,1.8114359214888829,76,4,0,1,1,1,1,0
3387,33.88,33.1475944519043,1.769688744206717,76,4,0,1,1,1,1,0
3388,33.89,33.56177520751953,1.8014222837261378,76,5,1,1,1,1,1,0
3389,33.9,33.733524322509766,1.756414960941218,76,4,0,1,1,1,1,0
3390,33.91,33.39678192138672,1.847615873149564,76,5,1,1,1,1,1,0
3391,33.92,33.09657669067383,1.9077491463570908,76,4,0,1,1,1,1,0
3392,33.93,32.99571228027344,1.9974001748553498,76,5,1,1,1,1,1,0
3393,33.94,32.93524169921875,1.7270174315857851,76,5,1,1,1,1,1,0
3394,33.95,33.24229431152344,1.8401112547738143,76,5,1,1,1,1,1,0
3395,33.96,33.140193939208984,1.9903283090929151,76,5,1,1,1,1,1,0
3396,33.97,33.2427864074707,1.6908279702131503,76,5,1,1,1,1,1,0
3397,33.98,33.46345520019531,1.8253792481247226,76,4,0,1,1,1,1,0
3398,33.99,33.24959945678711,1.7744021158289902,76,5,1,1,1,1,1,0
3399,34.0,33.367801666259766,1.8063238286501584,76,4,0,1,1,1,1,0
3400,34.01,33.45875930786133,1.8989184969744608,76,4,0,1,1,1,1,0
3401,34.02,33.333290100097656,1.8908413414223024,76,4,0,1,1,1,1,0
3402,34.03,33.31729507446289,1.9197350398796875,76,5,1,1,1,1,1,0
3403,34.04,33.34135437011719,2.0695172249093865,76,5,1,1,1,1,1,0
3404,34.05,33.3195915222168,1.7277172635525597,76,5,1,1,1,1,1,0
3405,34.06,33.55769348144531,1.8179364715331872,76,4,0,1,1,1,1,0
3406,34.07,33.601898193359375,1.8366787798818907,76,5,1,1,1,1,1,0
3407,34.08,33.64357376098633,1.8839591668545743,76,4,0,1,1,1,1,0
3408,34.09,33.350284576416016,1.9157510345480049,76,4,0,1,1,1,1,0
3409,34.1,33.372310638427734,1.8040215094566916,76,5,1,1,1,1,1,0
3410,34.11,33.292049407958984,1.8191213696139177,76,4,0,1,1,1,1,0
3411,34.12,33.24266815185547,2.011619507569052,76,4,0,1,1,1,1,0
3412,34.13,33.0567512512207,1.7432783510604608,76,4,0,1,1,1,1,0
3413,34.14,33.240623474121094,1.8793867523283427,76,5,1,1,1,1,1,0
3414,34.15,33.2235107421875,1.7632934896613979,76,4,0,1,1,1,1,0
3415,34.16,33.15948486328125,1.8402714902205577,76,4,0,1,1,1,1,0
3416,34.17,33.26384735107422,1.7976376438634423,76,4,0,1,1,1,1,0
3417,34.18,33.155128479003906,1.8599417983020525,76,5,1,1,1,1,1,0
3418,34.19,33.50043487548828,1.8887294264796863,76,4,0,1,1,1,1,0
3419,34.2,33.0754508972168,1.7197073354860009,76,5,1,1,1,1,1,0
3420,34.21,33.183982849121094,1.9195061223356678,76,4,0,1,1,1,1,0
3421,34.22,33.37812423706055,1.9920530408168025,76,5,1,1,1,1,1,0
3422,34.23,33.31159210205078,1.7853277646007657,76,5,1,1,1,1,1,0
3423,34.24,33.54745101928711,1.7712444590288778,76,5,1,1,1,1,1,0
3424,34.25,33.79484176635742,1.8266048158329713,76,4,0,1,1,1,1,0
3425,34.26,33.70676803588867,1.9515398802165607,76,4,0,1,1,1,1,0
3426,34.27,33.48271179199219,1.7077732583583665,76,4,0,1,1,1,1,0
3427,34.28,33.9061164855957,1.9279024322025247,76,4,0,1,1,1,1,0
3428,34.29,33.51432418823242,1.9199145051906228,76,4,0,1,1,1,1,0
3429,34.3,33.450965881347656,1.8311508554039955,76,5,1,1,1,1,1,0
3430,34.31,33.232723236083984,1.904365873752643,76,4,0,1,1,1,1,0
3431,34.32,33.29532241821289,1.8107739862319132,76,5,1,1,1,1,1,0
3432,34.33,33.314170837402344,1.7572933408920217,76,5,1,1,1,1,1,0
3433,34.34,33.140296936035156,1.8665985840718604,76,4,0,1,1,1,1,0
3434,34.35,33.02970886230469,1.9724879445541408,76,5,1,1,1,1,1,0
3435,34.36,33.30134582519531,1.9651435694791985,76,4,0,1,1,1,1,0
3436,34.37,33.430213928222656,1.8773392048947717,76,4,0,1,1,1,1,0
3437,34.38,33.30858612060547,1.9158506754047369,76,4,0,1,1,1,1,0
3438,34.39,33.303165435791016,1.661926758110204,76,5,1,1,1,1,1,0
3439,34.4,33.130592346191406,1.9826524942861443,76,4,0,1,1,1,1,0
3440,34.41,33.53485870361328,1.7726257813397677,76,5,1,1,1,1,1,0
3441,34.42,33.53251647949219,1.9100763563362448,76,4,0,1,1,1,1,0
3442,34.43,33.13283920288086,1.80521279390797,76,4,0,1,1,1,1,0
3443,34.44,33.287662506103516,2.0360017070410263,76,4,0,1,1,1,1,0
3444,34.45,33.460357666015625,1.7984725532558177,76,4,0,1,1,1,1,0
3445,34.46,33.357093811035156,1.9169201778346163,76,4,0,1,1,1,1,0
3446,34.47,33.32052230834961,1.848756591294533,76,4,0,1,1,1,1,0
3447,34.48,33.12385559082031,1.852271124628592,76,5,1,1,1,1,1,0
3448,34.49,33.1544189453125,1.7902534245821353,76,4,0,1,1,1,1,0
3449,34.5,33.195289611816406,1.8768535003948152,76,4,0,1,1,1,1,0
3450,34.51,33.22499465942383,1.9262906527086474,76,5,1,1,1,1,1,0
3451,34.52,33.40950393676758,1.8879072497317955,76,5,1,1,1,1,1,0
3452,34.53,33.274871826171875,1.7517397070767438,76,5,1,1,1,1,1,0
3453,34.54,33.28004837036133,1.8784583600803468,76,4,0,1,1,1,1,0
3454,34.55,33.280677795410156,1.7509686545613894,76,4,0,1,1,1,1,0
3455,34.56,33.28750228881836,1.9479711469577023,76,4,0,1,1,1,1,0
3456,34.57,33.60874938964844,1.9869035862963274,76,4,0,1,1,1,1,0
3457,34.58,33.67194747924805,1.9343991441349038,76,5,1,1,1,1,1,0
3458,34.59,33.169883728027344,1.8374071179483347,76,4,0,1,1,1,1,0
3459,34.6,33.56953048706055,1.9652263365447493,76,5,1,1,1,1,1,0
3460,34.61,33.05691146850586,1.8681797196990397,76,5,1,1,1,1,1,0
3461,34.62,33.25526809692383,1.8183780292454668,76,5,1,1,1,1,1,0
3462,34.63,33.36385726928711,1.9912289552134466,76,4,0,1,1,1,1,0
3463,34.64,33.53285217285156,1.8562550340659125,76,5,1,1,1,1,1,0
3464,34.65,33.591796875,1.7835930091331051,76,5,1,1,1,1,1,0
3465,34.66,33.48813247680664,1.8008073505118658,76,4,0,1,1,1,1,0
3466,34.67,33.36587905883789,1.757976346542348,76,4,0,1,1,1,1,0
3467,34.68,33.217586517333984,1.8541869009697498,76,4,0,1,1,1,1,0
3468,34.69,33.25063705444336,1.753278684363099,76,4,0,1,1,1,1,0
3469,34.7,33.608089447021484,2.007438985963384,76,5,1,1,1,1,1,0
3470,34.71,33.445587158203125,1.8661254972217323,76,5,1,1,1,1,1,0
3471,34.72,33.578392028808594,1.9236934573772404,76,5,1,1,1,1,1,0
3472,34.73,33.798160552978516,1.9420891294658127,76,4,0,1,1,1,1,0
3473,34.74,33.7386589050293,1.7980296290373428,76,5,1,1,1,1,1,0
3474,34.75,33.314117431640625,1.94615179011732,76,5,1,1,1,1,1,0
3475,34.76,33.739524841308594,1.798805963155989,76,5,1,1,1,1,1,0
3476,34.77,33.2819709777832,1.9185666774219572,76,5,1,1,1,1,1,0
3477,34.78,33.356666564941406,1.8130081537839535,76,5,1,1,1,1,1,0
3478,34.79,33.34220504760742,2.020912915153387,76,5,1,1,1,1,1,0
3479,34.8,33.412269592285156,2.1203095847118147,76,5,1,1,1,1,1,0
3480,34.81,33.59829330444336,1.7868704399727435,76,5,1,1,1,1,1,0
3481,34.82,33.4139289855957,1.7862531239389738,76,5,1,1,1,1,1,0
3482,34.83,33.45582962036133,1.933935147420753,76,5,1,1,1,1,1,0
3483,34.84,33.467411041259766,1.6913035928067373,76,5,1,1,1,1,1,0
3484,34.85,33.27924728393555,1.7315032152464374,76,5,1,1,1,1,1,0
3485,34.86,33.33701705932617,1.9703273141130317,76,4,0,1,1,1,1,0
3486,34.87,33.60460662841797,2.1512097093289784,76,4,0,1,1,1,1,0
3487,34.88,33.69672775268555,1.7996135313815582,76,4,0,1,1,1,1,0
3488,34.89,33.37684631347656,1.8352421530685985,76,5,1,1,1,1,1,0
3489,34.9,33.342430114746094,1.8316706568224406,76,5,1,1,1,1,1,0
3490,34.91,33.28940200805664,1.8660122641681156,76,5,1,1,1,1,1,0
3491,34.92,33.479469299316406,1.81573293384808,76,5,1,1,1,1,1,0
3492,34.93,33.434539794921875,1.9270191951620346,76,5,1,1,1,1,1,0
3493,34.94,33.11112976074219,1.8075930918357128,76,5,1,1,1,1,1,0
3494,34.95,33.137454986572266,1.7481996127424286,76,5,1,1,1,1,1,0
3495,34.96,33.380916595458984,1.7614205869528277,76,5,1,1,1,1,1,0
3496,34.97,33.29726028442383,1.9536874057464828,76,5,1,1,1,1,1,0
3497,34.98,33.032752990722656,1.9219527050204142,76,5,1,1,1,1,1,0
3498,34.99,33.468101501464844,1.899157026712275,76,5,1,1,1,1,1,0
3499,35.0,33.41603469848633,1.901789195038579,76,5,1,1,1,1,1,0
3500,35.01,33.688716888427734,1.7994735515910056,76,5,1,1,1,1,1,0
3501,35.02,33.26759719848633,1.7801402690484345,76,5,1,1,1,1,1,0
3502,35.03,33.34223175048828,1.748999853711642,76,5,1,1,1,1,1,0
3503,35.04,33.23426818847656,1.8714668599981545,76,5,1,1,1,1,1,0
3504,35.05,33.42625427246094,1.824004491736575,76,5,1,1,1,1,1,0
3505,35.06,33.29266357421875,1.8102153258192066,76,4,0,1,1,1,1,0
3506,35.07,33.438114166259766,1.7762361117757586,76,5,1,1,1,1,1,0
3507,35.08,33.49956130981445,1.9359797541989705,76,5,1,1,1,1,1,0
3508,35.09,33.54205322265625,1.8527323218194485,76,4,0,1,1,1,1,0
3509,35.1,33.484012603759766,1.725601523964102,76,5,1,1,1,1,1,0
3510,35.11,33.51288604736328,1.9419078435952892,76,5,1,1,1,1,1,0
3511,35.12,33.420806884765625,1.904991844341171,76,5,1,1,1,1,1,0
3512,35.13,33.47560501098633,1.8395069738939547,76,5,1,1,1,1,1,0
3513,35.14,33.359256744384766,1.883634328558962,76,5,1,1,1,1,1,0
3514,35.15,33.2558479309082,1.7947430261512163,76,5,1,1,1,1,1,0
3515,35.16,33.19242858886719,1.8851733067937368,76,5,1,1,1,1,1,0
3516,35.17,33.61478805541992,1.7762050937107021,76,5,1,1,1,1,1,0
3517,35.18,33.58076858520508,1.8745948553249603,76,5,1,1,1,1,1,0
3518,35.19,33.60124206542969,1.7609937593326623,76,5,1,1,1,1,1,0
3519,35.2,33.69776153564453,1.985872792270652,76,5,1,1,1,1,1,0
3520,35.21,33.76970291137695,1.6837094544267408,76,5,1,1,1,1,1,0
3521,35.22,33.599056243896484,1.7813502438915776,76,5,1,1,1,1,1,0
3522,35.23,33.46172332763672,1.6518423737399932,76,5,1,1,1,1,1,0
3523,35.24,33.619258880615234,2.063131398979872,76,5,1,1,1,1,1,0
3524,35.25,33.827152252197266,1.8788288137030604,76,5,1,1,1,1,1,0
3525,35.26,33.57099914550781,1.9483873078054297,76,5,1,1,1,1,1,0
3526,35.27,33.90359115600586,2.0132549686637637,76,5,1,1,1,1,1,0
3527,35.28,33.589595794677734,1.8288237947314412,76,5,1,1,1,1,1,0
3528,35.29,33.47098922729492,2.102434718966026,76,5,1,1,1,1,1,0
3529,35.3,33.336463928222656,1.9260810182873684,76,5,1,1,1,1,1,0
3530,35.31,33.64535140991211,1.8931676487733493,76,5,1,1,1,1,1,0
3531,35.32,33.23300552368164,1.9252291892233526,76,5,1,1,1,1,1,0
3532,35.33,33.07770919799805,1.7593501920212493,76,5,1,1,1,1,1,0
3533,35.34,33.203495025634766,1.9275163693925634,76,5,1,1,1,1,1,0
3534,35.35,33.012123107910156,1.9127450041589076,76,5,1,1,1,1,1,0
3535,35.36,33.14599609375,1.9094304506994015,76,5,1,1,1,1,1,0
3536,35.37,33.25743103027344,1.8416594626677434,76,5,1,1,1,1,1,0
3537,35.38,33.41606521606445,1.8299171170569515,76,5,1,1,1,1,1,0
3538,35.39,33.457672119140625,1.751826437728309,76,5,1,1,1,1,1,0
3539,35.4,33.243953704833984,1.7238616230055712,76,5,1,1,1,1,1,0
3540,35.41,33.40040588378906,1.898020606723904,76,5,1,1,1,1,1,0
3541,35.42,33.438331604003906,1.8543713728593045,76,5,1,1,1,1,1,0
3542,35.43,33.38402557373047,1.8422802089867514,76,5,1,1,1,1,1,0
3543,35.44,33.15819549560547,1.757524887933817,76,5,1,1,1,1,1,0
3544,35.45,33.16609573364258,1.7448828488008616,76,5,1,1,1,1,1,0
3545,35.46,33.18071365356445,1.8051336366869375,76,5,1,1,1,1,1,0
3546,35.47,33.22706604003906,1.7509769986684858,76,5,1,1,1,1,1,0
3547,35.48,33.19712448120117,1.7172338821014401,76,5,1,1,1,1,1,0
3548,35.49,33.31934356689453,1.8876973539348532,76,5,1,1,1,1,1,0
3549,35.5,33.86566162109375,1.9888199770554644,76,5,1,1,1,1,1,0
3550,35.51,33.32527542114258,1.8024731053936824,76,5,1,1,1,1,1,0
3551,35.52,33.035762786865234,2.0045455196828965,76,5,1,1,1,1,1,0
3552,35.53,33.242698669433594,2.0170729166993264,76,5,1,1,1,1,1,0
3553,35.54,33.290489196777344,1.9583169273668561,76,5,1,1,1,1,1,0
3554,35.55,33.30094909667969,1.9797002515466202,76,5,1,1,1,1,1,0
3555,35.56,33.39894104003906,1.7970231138026134,76,5,1,1,1,1,1,0
3556,35.57,33.43949508666992,1.9192174985887258,76,5,1,1,1,1,1,0
3557,35.58,33.35539627075195,1.7874279668215587,76,5,1,1,1,1,1,0
3558,35.59,33.526580810546875,1.7520789182919816,76,5,1,1,1,1,1,0
3559,35.6,33.71318054199219,1.7986124412778797,76,5,1,1,1,1,1,0
3560,35.61,33.48821258544922,1.9266822871540847,76,5,1,1,1,1,1,0
3561,35.62,33.49677276611328,1.877071315223258,76,5,1,1,1,1,1,0
3562,35.63,33.60805892944336,1.8015043355816747,76,5,1,1,1,1,1,0
3563,35.64,33.16162109375,1.9869849670007012,76,5,1,1,1,1,1,0
3564,35.65,33.25938034057617,1.8582026553085738,76,5,1,1,1,1,1,0
3565,35.66,33.476741790771484,1.8326490887529174,76,5,1,1,1,1,1,0
3566,35.67,33.100643157958984,1.9750689244877095,76,5,1,1,1,1,1,0
3567,35.68,33.102474212646484,2.005720067280996,76,5,1,1,1,1,1,0
3568,35.69,33.42401123046875,1.9493024789537463,76,5,1,1,1,1,1,0
3569,35.7,33.12910842895508,1.8911636306684874,76,5,1,1,1,1,1,0
3570,35.71,33.142879486083984,2.0658664088385943,76,5,1,1,1,1,1,0
3571,35.72,32.921695709228516,1.8984458284967405,76,5,1,1,1,1,1,0
3572,35.73,32.96931838989258,1.93997026637404,76,5,1,1,1,1,1,0
3573,35.74,33.32743453979492,2.014869028389392,76,5,1,1,1,1,1,0
3574,35.75,33.042762756347656,1.9846891514428857,76,5,1,1,1,1,1,0
3575,35.76,33.21639633178711,1.8669241593239616,76,5,1,1,1,1,1,0
3576,35.77,33.17525863647461,1.9151230830844634,76,5,1,1,1,1,1,0
3577,35.78,33.411521911621094,1.9572650169246884,76,5,1,1,1,1,1,0
3578,35.79,33.288536071777344,1.687634129153484,76,5,1,1,1,1,1,0
3579,35.8,33.47254943847656,1.8467805362347052,76,5,1,1,1,1,1,0
3580,35.81,33.18217086791992,2.0152224888895165,76,5,1,1,1,1,1,0
3581,35.82,33.35720443725586,1.8847267272559822,76,5,1,1,1,1,1,0
3582,35.83,33.45839309692383,1.8539176205654113,76,5,1,1,1,1,1,0
3583,35.84,33.57526779174805,1.8468611719281374,76,5,1,1,1,1,1,0
3584,35.85,33.2250862121582,1.9633675462329625,76,5,1,1,1,1,1,0
3585,35.86,33.18796920776367,1.7879037356824456,76,5,1,1,1,1,1,0
3586,35.87,33.1982536315918,1.8512955421393378,76,5,1,1,1,1,1,0
3587,35.88,33.48448944091797,1.8903439454069808,76,5,1,1,1,1,1,0
3588,35.89,33.45090103149414,1.711461608155622,76,5,1,1,1,1,1,0
3589,35.9,33.64115905761719,1.839862830826102,76,5,1,1,1,1,1,0
3590,35.91,33.67207717895508,1.7937102250610537,76,5,1,1,1,1,1,0
3591,35.92,33.35791015625,1.9878121361592263,76,5,1,1,1,1,1,0
3592,35.93,33.49523162841797,1.8050188176695425,76,5,1,1,1,1,1,0
3593,35.94,33.42098617553711,1.7319654873774657,76,5,1,1,1,1,1,0
3594,35.95,33.673583984375,1.7980495991181262,76,5,1,1,1,1,1,0
3595,35.96,33.685890197753906,1.705809784499262,76,5,1,1,1,1,1,0
3596,35.97,33.58848190307617,1.9231773383790827,76,5,1,1,1,1,1,0
3597,35.98,33.66500473022461,1.9226590967575665,76,5,1,1,1,1,1,0
3598,35.99,34.01780700683594,1.7766796166494279,76,5,1,1,1,1,1,0
3599,36.0,34.2181510925293,1.8267690968686887,76,5,1,1,1,1,1,0
3600,36.01,33.865325927734375,1.844830823136329,76,5,1,1,1,1,1,0
3601,36.02,33.714576721191406,1.86133572599957,76,5,1,1,1,1,1,0
3602,36.03,33.64847946166992,1.9259274665592216,76,5,1,1,1,1,1,0
3603,36.04,33.64324951171875,1.9710208977995842,76,5,1,1,1,1,1,0
3604,36.05,33.651885986328125,1.8517571471151753,76,5,1,1,1,1,1,0
3605,36.06,33.38297653198242,1.979549047581073,76,5,1,1,1,1,1,0
3606,36.07,33.59772491455078,1.7258076757901397,76,5,1,1,1,1,1,0
3607,36.08,33.54861831665039,1.7147842298257616,76,5,1,1,1,1,1,0
3608,36.09,33.57345962524414,1.8653151839513424,76,5,1,1,1,1,1,0
3609,36.1,33.49024200439453,1.8522430892507944,76,5,1,1,1,1,1,0
3610,36.11,33.49232864379883,1.6956710189387145,76,5,1,1,1,1,1,0
3611,36.12,33.214481353759766,1.7126308793235896,76,5,1,1,1,1,1,0
3612,36.13,33.60535430908203,1.7882640805125627,76,5,1,1,1,1,1,0
3613,36.14,33.839111328125,1.9716776850493536,76,5,1,1,1,1,1,0
3614,36.15,33.721229553222656,1.739254687060207,76,5,1,1,1,1,1,0
3615,36.16,33.2957649230957,1.8355660578387505,76,5,1,1,1,1,1,0
3616,36.17,33.852264404296875,1.7702550654727545,76,5,1,1,1,1,1,0
3617,36.18,33.58638000488281,1.9019981975774247,76,5,1,1,1,1,1,0
3618,36.19,33.188323974609375,1.8356988175994076,76,5,1,1,1,1,1,0
3619,36.2,33.61695861816406,1.6623162474140394,76,5,1,1,1,1,1,0
3620,36.21,33.24732971191406,1.7491148605569597,76,5,1,1,1,1,1,0
3621,36.22,33.39345932006836,1.7390260597144855,76,5,1,1,1,1,1,0
3622,36.23,33.540706634521484,1.7609645090704262,76,5,1,1,1,1,1,0
3623,36.24,32.9277229309082,1.7180177879313039,76,5,1,1,1,1,1,0
3624,36.25,33.116050720214844,1.8146311706285931,76,5,1,1,1,1,1,0
3625,36.26,32.92934799194336,1.8966283528641457,76,5,1,1,1,1,1,0
3626,36.27,33.360923767089844,1.7468238983082853,76,5,1,1,1,1,1,0
3627,36.28,32.97140121459961,1.7102360755480484,76,5,1,1,1,1,1,0
3628,36.29,33.07975769042969,1.6640042014168244,76,5,1,1,1,1,1,0
3629,36.3,33.39293670654297,1.8277070836484974,76,5,1,1,1,1,1,0
3630,36.31,33.114349365234375,1.7419515833137593,76,5,1,1,1,1,1,0
3631,36.32,33.10600280761719,1.7643382150804696,76,5,1,1,1,1,1,0
3632,36.33,33.27762985229492,1.726211839570723,76,5,1,1,1,1,1,0
3633,36.34,33.30657958984375,1.8705611968839784,76,5,1,1,1,1,1,0
3634,36.35,32.932044982910156,1.6928692710967468,76,5,1,1,1,1,1,0
3635,36.36,33.064823150634766,1.8557481829084623,76,5,1,1,1,1,1,0
3636,36.37,33.1275634765625,1.8116617909684078,76,5,1,1,1,1,1,0
3637,36.38,33.10136032104492,1.7345310687807691,76,5,1,1,1,1,1,0
3638,36.39,33.27867889404297,1.7489677201058587,76,5,1,1,1,1,1,0
3639,36.4,33.51074981689453,1.8087820661642555,76,5,1,1,1,1,1,0
3640,36.41,33.30889129638672,1.7453346049712477,76,5,1,1,1,1,1,0
3641,36.42,32.968177795410156,1.7859752454986986,76,5,1,1,1,1,1,0
3642,36.43,33.285282135009766,1.658128088342686,76,5,1,1,1,1,1,0
3643,36.44,33.06503677368164,1.8146616790137364,76,5,1,1,1,1,1,0
3644,36.45,33.3532600402832,1.7904443344949519,76,5,1,1,1,1,1,0
3645,36.46,33.5538215637207,1.7819972005767444,76,5,1,1,1,1,1,0
3646,36.47,33.13821792602539,1.7775795782831005,76,5,1,1,1,1,1,0
3647,36.48,33.37965774536133,1.7755265650317302,76,5,1,1,1,1,1,0
3648,36.49,33.16725158691406,1.7836467462295846,76,5,1,1,1,1,1,0
3649,36.5,33.09746551513672,1.7813766967713949,76,5,1,1,1,1,1,0
3650,36.51,33.291439056396484,1.6670373753703065,76,5,1,1,1,1,1,0
3651,36.52,33.47791290283203,1.7747968040583362,76,5,1,1,1,1,1,0
3652,36.53,33.32094192504883,1.8420387873065747,76,5,1,1,1,1,1,0
3653,36.54,32.97747802734375,1.7960506184711182,76,5,1,1,1,1,1,0
3654,36.55,33.10182571411133,1.6849036902943624,76,5,1,1,1,1,1,0
3655,36.56,33.336280822753906,1.7575279917423323,76,5,1,1,1,1,1,0
3656,36.57,33.14400863647461,1.7445909465572875,76,5,1,1,1,1,1,0
3657,36.58,33.24544143676758,1.7235099526906807,76,5,1,1,1,1,1,0
3658,36.59,33.352256774902344,1.8371152929232677,76,5,1,1,1,1,1,0
3659,36.6,33.357757568359375,1.8775754374533014,76,5,1,1,1,1,1,0
3660,36.61,32.9218864440918,1.7946027727441045,76,5,1,1,1,1,1,0
3661,36.62,33.044795989990234,1.8146895802661782,76,5,1,1,1,1,1,0
3662,36.63,33.33283615112305,1.912091880188074,76,5,1,1,1,1,1,0
3663,36.64,33.527671813964844,1.9040481031442598,76,5,1,1,1,1,1,0
3664,36.65,33.415767669677734,1.9492052722189146,76,5,1,1,1,1,1,0
3665,36.66,33.45661926269531,1.8202728402353636,76,5,1,1,1,1,1,0
3666,36.67,33.2584228515625,1.9804287794985176,76,4,0,1,1,1,1,0
3667,36.68,33.36566925048828,1.8484563427039695,76,5,1,1,1,1,1,0
3668,36.69,33.24159622192383,1.947257104110285,76,5,1,1,1,1,1,0
3669,36.7,33.028648376464844,1.9926382126512894,76,5,1,1,1,1,1,0
3670,36.71,32.96433639526367,1.9182537649451832,76,5,1,1,1,1,1,0
3671,36.72,33.07106399536133,1.9152792935615655,76,5,1,1,1,1,1,0
3672,36.73,33.195579528808594,1.7487474085236894,76,5,1,1,1,1,1,0
3673,36.74,32.89727020263672,1.7071038930856581,76,5,1,1,1,1,1,0
3674,36.75,32.98462677001953,1.665442327908727,76,5,1,1,1,1,1,0
3675,36.76,33.10990524291992,1.8594027932675248,76,5,1,1,1,1,1,0
3676,36.77,33.35514831542969,1.7800261737760839,76,5,1,1,1,1,1,0
3677,36.78,33.16566848754883,1.9080344467141443,76,5,1,1,1,1,1,0
3678,36.79,33.49708938598633,2.015864420746597,76,5,1,1,1,1,1,0
3679,36.8,33.33941650390625,1.777724007232457,76,5,1,1,1,1,1,0
3680,36.81,33.02157974243164,1.8089806787804044,76,5,1,1,1,1,1,0
3681,36.82,33.440547943115234,1.84881188011418,76,5,1,1,1,1,1,0
3682,36.83,33.511383056640625,1.9508720114934315,76,5,1,1,1,1,1,0
3683,36.84,33.552345275878906,1.8708867554212343,76,5,1,1,1,1,1,0
3684,36.85,33.217384338378906,1.867833975437683,76,5,1,1,1,1,1,0
3685,36.86,33.038692474365234,1.7706792728458236,76,5,1,1,1,1,1,0
3686,36.87,32.937705993652344,1.9902018965098962,76,5,1,1,1,1,1,0
3687,36.88,33.377296447753906,1.7490015331426039,76,5,1,1,1,1,1,0
3688,36.89,33.299442291259766,1.779750431013758,76,5,1,1,1,1,1,0
3689,36.9,33.23820877075195,1.7168021348814626,76,5,1,1,1,1,1,0
3690,36.91,33.16451644897461,1.852052761771586,76,5,1,1,1,1,1,0
3691,36.92,32.994747161865234,1.8054637670432085,76,5,1,1,1,1,1,0
3692,36.93,32.96117401123047,1.8028812474139002,76,5,1,1,1,1,1,0
3693,36.94,33.02002716064453,1.786846374112524,76,5,1,1,1,1,1,0
3694,36.95,32.961421966552734,1.7340712624668402,76,5,1,1,1,1,1,0
3695,36.96,33.17407989501953,1.8529457871775468,76,5,1,1,1,1,1,0
3696,36.97,33.65439224243164,1.7744034487410019,76,5,1,1,1,1,1,0
3697,36.98,33.40937042236328,1.7800565894985365,76,5,1,1,1,1,1,0
3698,36.99,33.21717071533203,1.8487292248203864,76,5,1,1,1,1,1,0
3699,37.0,33.04236602783203,1.840052739938739,76,5,1,1,1,1,1,0
3700,37.01,33.19982147216797,1.8245567347875067,76,5,1,1,1,1,1,0
3701,37.02,33.5177116394043,1.8832145131449367,76,5,1,1,1,1,1,0
3702,37.03,33.461544036865234,1.7796910675859283,76,5,1,1,1,1,1,0
3703,37.04,33.317848205566406,1.8988435474401033,76,5,1,1,1,1,1,0
3704,37.05,33.13495635986328,1.7948267861164857,76,5,1,1,1,1,1,0
3705,37.06,33.2748908996582,1.8488384200442907,76,5,1,1,1,1,1,0
3706,37.07,33.066680908203125,1.8364358116969872,76,5,1,1,1,1,1,0
3707,37.08,32.82392120361328,1.8777144909727665,76,5,1,1,1,1,1,0
3708,37.09,33.05046081542969,1.8992076747630133,76,5,1,1,1,1,1,0
3709,37.1,33.33394241333008,1.8417920524572524,76,5,1,1,1,1,1,0
3710,37.11,33.287105560302734,1.7020865231050137,76,5,1,1,1,1,1,0
3711,37.12,33.32135772705078,1.8202761723532468,76,5,1,1,1,1,1,0
3712,37.13,33.374629974365234,1.8345070083720807,76,5,1,1,1,1,1,0
3713,37.14,33.12503433227539,1.8215969591588557,76,5,1,1,1,1,1,0
3714,37.15,33.30864334106445,1.806299219438401,76,5,1,1,1,1,1,0
3715,37.16,33.44035720825195,1.7858527011118606,76,5,1,1,1,1,1,0
3716,37.17,33.3326416015625,1.7873167485560628,76,5,1,1,1,1,1,0
3717,37.18,33.61952209472656,1.887034954256654,76,5,1,1,1,1,1,0
3718,37.19,33.59992218017578,1.7655014259543573,76,5,1,1,1,1,1,0
3719,37.2,33.66781234741211,1.7640271012139612,76,5,1,1,1,1,1,0
3720,37.21,33.512752532958984,1.7565045229281109,76,5,1,1,1,1,1,0
3721,37.22,33.71507263183594,1.8701316338398535,76,5,1,1,1,1,1,0
3722,37.23,33.52326583862305,1.83450299509648,76,5,1,1,1,1,1,0
3723,37.24,33.67936706542969,1.8830588029516802,76,5,1,1,1,1,1,0
3724,37.25,33.27413558959961,1.8186000788966716,76,5,1,1,1,1,1,0
3725,37.26,33.512203216552734,1.8249872218792733,76,5,1,1,1,1,1,0
3726,37.27,33.29571533203125,1.914286968684042,76,5,1,1,1,1,1,0
3727,37.28,33.12944412231445,2.024154074978902,76,5,1,1,1,1,1,0
3728,37.29,33.22407913208008,1.967362645174394,76,5,1,1,1,1,1,0
3729,37.3,33.338645935058594,1.9771217480243315,76,5,1,1,1,1,1,0
3730,37.31,33.33766174316406,1.965528180529056,76,5,1,1,1,1,1,0
3731,37.32,33.20900344848633,1.9808569415958333,76,5,1,1,1,1,1,0
3732,37.33,33.651710510253906,1.8687432873459284,76,5,1,1,1,1,1,0
3733,37.34,33.404117584228516,1.8915609850642983,76,5,1,1,1,1,1,0
3734,37.35,33.55941390991211,1.967055458734689,76,5,1,1,1,1,1,0
3735,37.36,33.32881546020508,1.753569967073092,76,5,1,1,1,1,1,0
3736,37.37,33.508399963378906,1.896786569161896,76,5,1,1,1,1,1,0
3737,37.38,33.30457305908203,1.7289876721308668,76,5,1,1,1,1,1,0
3738,37.39,33.49858474731445,1.8177491625203361,76,5,1,1,1,1,1,0
3739,37.4,32.9464225769043,1.7728175566768136,76,5,1,1,1,1,1,0
3740,37.41,33.332645416259766,1.8423381561494576,76,5,1,1,1,1,1,0
3741,37.42,33.2619743347168,1.976462678138076,76,5,1,1,1,1,1,0
3742,37.43,33.7580451965332,1.8768349175956174,76,5,1,1,1,1,1,0
3743,37.44,33.72675704956055,1.8011406035544812,76,5,1,1,1,1,1,0
3744,37.45,33.63020324707031,1.8761646773389244,76,5,1,1,1,1,1,0
3745,37.46,33.797176361083984,1.8130890922071152,76,5,1,1,1,1,1,0
3746,37.47,33.63323211669922,1.9116737844965814,76,5,1,1,1,1,1,0
3747,37.48,33.55079650878906,1.7815164497147893,76,5,1,1,1,1,1,0
3748,37.49,33.5326042175293,1.8122362617950083,76,5,1,1,1,1,1,0
3749,37.5,33.19975280761719,1.8530773635676456,76,5,1,1,1,1,1,0
3750,37.51,33.474334716796875,1.9441244740852521,76,5,1,1,1,1,1,0
3751,37.52,33.374874114990234,1.916348657037427,76,5,1,1,1,1,1,0
3752,37.53,33.43801498413086,1.7508277051781556,76,5,1,1,1,1,1,0
3753,37.54,33.433815002441406,1.729190618571272,76,5,1,1,1,1,1,0
3754,37.55,33.35137939453125,1.9341916902180927,76,5,1,1,1,1,1,0
3755,37.56,33.63604736328125,1.8714962991817572,76,5,1,1,1,1,1,0
3756,37.57,33.284942626953125,1.8701338368278841,76,5,1,1,1,1,1,0
3757,37.58,33.59029769897461,1.718401156901057,76,5,1,1,1,1,1,0
3758,37.59,33.360836029052734,1.7669436637645146,76,5,1,1,1,1,1,0
3759,37.6,33.42194747924805,1.844450128592597,76,5,1,1,1,1,1,0
3760,37.61,33.54706954956055,1.9184396522909728,76,5,1,1,1,1,1,0
3761,37.62,33.684722900390625,1.8522731429034607,76,5,1,1,1,1,1,0
3762,37.63,33.27570343017578,1.8708315480459445,76,5,1,1,1,1,1,0
3763,37.64,33.287235260009766,1.723339879057654,76,5,1,1,1,1,1,0
3764,37.65,33.19489288330078,1.8361124758788807,76,5,1,1,1,1,1,0
3765,37.66,33.06672668457031,1.7963834798203142,76,5,1,1,1,1,1,0
3766,37.67,33.49863815307617,1.7902840074745852,76,5,1,1,1,1,1,0
3767,37.68,33.75228500366211,1.8727793539477755,76,5,1,1,1,1,1,0
3768,37.69,33.43174362182617,1.7368358957744758,76,5,1,1,1,1,1,0
3769,37.7,33.542823791503906,1.8361374749818244,76,5,1,1,1,1,1,0
3770,37.71,33.58941650390625,1.8750229279234185,76,5,1,1,1,1,1,0
3771,37.72,33.568965911865234,1.9723343116023448,76,5,1,1,1,1,1,0
3772,37.73,33.557830810546875,2.0400006911354724,76,5,1,1,1,1,1,0
3773,37.74,33.6532096862793,1.692277819255569,76,5,1,1,1,1,1,0
3774,37.75,33.65736389160156,1.8905553028286954,76,5,1,1,1,1,1,0
3775,37.76,33.46424102783203,1.8164299880916583,76,5,1,1,1,1,1,0
3776,37.77,33.426448822021484,1.7530312727580368,76,5,1,1,1,1,1,0
3777,37.78,33.5306510925293,1.8336842622595955,76,5,1,1,1,1,1,0
3778,37.79,33.615421295166016,1.754250877896911,76,5,1,1,1,1,1,0
3779,37.8,33.681583404541016,1.6366116928803114,76,5,1,1,1,1,1,0
3780,37.81,33.75761032104492,1.7839590359507635,76,5,1,1,1,1,1,0
3781,37.82,33.74143600463867,1.9050457213517948,76,5,1,1,1,1,1,0
3782,37.83,33.42810821533203,1.8545629022369827,76,5,1,1,1,1,1,0
3783,37.84,33.54161834716797,1.740516258036501,76,5,1,1,1,1,1,0
3784,37.85,33.46908950805664,1.8138110391800957,76,5,1,1,1,1,1,0
3785,37.86,33.34032440185547,1.9016081194502217,76,5,1,1,1,1,1,0
3786,37.87,33.355865478515625,1.8721674975621811,76,5,1,1,1,1,1,0
3787,37.88,33.355594635009766,2.1066344523505776,76,5,1,1,1,1,1,0
3788,37.89,33.50542449951172,1.8269661716813475,76,5,1,1,1,1,1,0
3789,37.9,33.636314392089844,2.0676808310700796,76,5,1,1,1,1,1,0
3790,37.91,33.3131217956543,1.9067545430907036,76,5,1,1,1,1,1,0
3791,37.92,33.03675079345703,1.8206056102896848,76,5,1,1,1,1,1,0
3792,37.93,33.24549102783203,1.8614492844896704,76,5,1,1,1,1,1,0
3793,37.94,33.014888763427734,1.873950344217177,76,5,1,1,1,1,1,0
3794,37.95,33.396827697753906,1.7967466886949641,76,5,1,1,1,1,1,0
3795,37.96,33.529788970947266,1.9184859536966148,76,5,1,1,1,1,1,0
3796,37.97,33.359901428222656,1.7894392232687277,76,5,1,1,1,1,1,0
3797,37.98,33.44715881347656,1.7404303226878413,76,5,1,1,1,1,1,0
3798,37.99,33.30937957763672,1.798775143428315,76,5,1,1,1,1,1,0
3799,38.0,33.39838409423828,1.862820781354677,76,5,1,1,1,1,1,0
3800,38.01,33.219112396240234,1.8761168028217616,76,5,1,1,1,1,1,0
3801,38.02,33.39847946166992,1.939742910910071,76,5,1,1,1,1,1,0
3802,38.03,33.53091049194336,1.9326671264550663,76,5,1,1,1,1,1,0
3803,38.04,33.256771087646484,1.744570561356274,76,5,1,1,1,1,1,0
3804,38.05,32.9426155090332,2.0782230798069037,76,5,1,1,1,1,1,0
3805,38.06,33.01591491699219,1.795466316028624,76,5,1,1,1,1,1,0
3806,38.07,33.00517272949219,1.8498909145891913,76,5,1,1,1,1,1,0
3807,38.08,33.243736267089844,1.7329173826389168,76,5,1,1,1,1,1,0
3808,38.09,33.1820182800293,1.9405939125137501,76,5,1,1,1,1,1,0
3809,38.1,33.412052154541016,1.780958400278481,76,5,1,1,1,1,1,0
3810,38.11,33.275753021240234,1.7909750557716746,76,5,1,1,1,1,1,0
3811,38.12,33.293617248535156,1.9819957061947966,76,5,1,1,1,1,1,0
3812,38.13,33.31028366088867,1.8164262709015748,76,5,1,1,1,1,1,0
3813,38.14,32.921478271484375,1.9110464694601392,76,5,1,1,1,1,1,0
3814,38.15,33.30674362182617,1.8437463651983135,76,5,1,1,1,1,1,0
3815,38.16,33.132808685302734,2.0323595677490376,76,5,1,1,1,1,1,0
3816,38.17,33.296390533447266,1.7978854733622,76,5,1,1,1,1,1,0
3817,38.18,33.174251556396484,1.721457905906315,76,5,1,1,1,1,1,0
3818,38.19,33.362510681152344,2.2451073649396327,76,5,1,1,1,1,1,0
3819,38.2,33.3747673034668,1.8699743650610197,76,5,1,1,1,1,1,0
3820,38.21,33.19266891479492,1.8262795305848127,76,5,1,1,1,1,1,0
3821,38.22,33.173885345458984,1.7986135653538284,76,5,1,1,1,1,1,0
3822,38.23,33.03482437133789,1.6822895289118918,76,5,1,1,1,1,1,0
3823,38.24,33.013153076171875,1.945616193515992,76,5,1,1,1,1,1,0
3824,38.25,33.196617126464844,1.961735191654718,76,5,1,1,1,1,1,0
3825,38.26,33.285831451416016,1.9375005300238664,76,5,1,1,1,1,1,0
3826,38.27,33.19401931762695,1.6761291870027142,76,5,1,1,1,1,1,0
3827,38.28,33.04132080078125,1.9989028530624924,76,5,1,1,1,1,1,0
3828,38.29,33.07329559326172,1.9060455592891188,76,5,1,1,1,1,1,0
3829,38.3,33.201271057128906,1.9660589929863044,76,4,0,1,1,1,1,0
3830,38.31,33.231040954589844,1.9310938006047116,76,4,0,1,1,1,1,0
3831,38.32,32.935089111328125,1.8245801569252118,76,4,0,1,1,1,1,0
3832,38.33,33.09257888793945,1.921148082487517,76,5,1,1,1,1,1,0
3833,38.34,33.39012908935547,1.8692527371415142,76,5,1,1,1,1,1,0
3834,38.35,33.16712188720703,1.8822928119502642,76,5,1,1,1,1,1,0
3835,38.36,33.17045974731445,1.9399229242888627,76,5,1,1,1,1,1,0
3836,38.37,33.01183319091797,1.9246825180820641,76,5,1,1,1,1,1,0
3837,38.38,33.203163146972656,1.8672125513220128,76,4,0,1,1,1,1,0
3838,38.39,33.25383758544922,1.8990030656782428,76,4,0,1,1,1,1,0
3839,38.4,32.944091796875,1.9254862183708943,76,4,0,1,1,1,1,0
3840,38.41,32.91704559326172,1.8866299539309475,76,4,0,1,1,1,1,0
3841,38.42,33.11491012573242,1.8804759384966312,76,4,0,1,1,1,1,0
3842,38.43,33.300941467285156,1.7607148409460414,76,4,0,1,1,1,1,0
3843,38.44,33.33272171020508,1.9541788688057566,76,5,1,1,1,1,1,0
3844,38.45,33.38931655883789,1.9436574410281402,76,4,0,1,1,1,1,0
3845,38.46,32.82801055908203,1.9834272619984479,76,4,0,1,1,1,1,0
3846,38.47,33.17097854614258,1.9136895794276958,76,4,0,1,1,1,1,0
3847,38.48,33.07598876953125,1.8402697904430765,76,4,0,1,1,1,1,0
3848,38.49,33.0515022277832,1.837223019030809,76,5,1,1,1,1,1,0
3849,38.5,33.04629898071289,1.912825511485413,76,5,1,1,1,1,1,0
3850,38.51,33.39429473876953,1.9217946153299008,76,5,1,1,1,1,1,0
3851,38.52,33.204559326171875,1.7978335410416488,76,5,1,1,1,1,1,0
3852,38.53,33.22486114501953,1.9242635896770217,76,5,1,1,1,1,1,0
3853,38.54,33.30730056762695,1.8461553935046349,76,5,1,1,1,1,1,0
3854,38.55,33.422752380371094,1.8267734194760565,76,5,1,1,1,1,1,0
3855,38.56,33.27716064453125,1.8465384634170965,76,4,0,1,1,1,1,0
3856,38.57,32.74592208862305,1.87779589073231,76,4,0,1,1,1,1,0
3857,38.58,32.9764518737793,1.9591062843736389,76,4,0,1,1,1,1,0
3858,38.59,33.13544845581055,1.7910064144093336,76,4,0,1,1,1,1,0
3859,38.6,33.29507064819336,1.9402305725652411,76,4,0,1,1,1,1,0
3860,38.61,33.367679595947266,1.960538087283392,76,4,0,1,1,1,1,0
3861,38.62,33.03395080566406,1.8214271851981696,76,4,0,1,1,1,1,0
3862,38.63,33.45417785644531,1.6981179552226962,76,4,0,1,1,1,1,0
3863,38.64,33.42499923706055,1.8448306784044524,76,5,1,1,1,1,1,0
3864,38.65,33.31733322143555,1.7695738241653842,76,5,1,1,1,1,1,0
3865,38.66,32.91364669799805,1.8258130513134103,76,4,0,1,1,1,1,0
3866,38.67,33.078834533691406,1.6959299477009195,76,5,1,1,1,1,1,0
3867,38.68,33.27246856689453,1.9337577329519766,76,4,0,1,1,1,1,0
3868,38.69,33.28789138793945,1.8934587524929607,76,5,1,1,1,1,1,0
3869,38.7,33.31907653808594,1.7417813611914685,76,4,0,1,1,1,1,0
3870,38.71,32.832820892333984,1.7907317233530888,76,5,1,1,1,1,1,0
3871,38.72,33.01530456542969,1.8787769868480784,76,4,0,1,1,1,1,0
3872,38.73,33.03590393066406,1.8895501351207846,76,5,1,1,1,1,1,0
3873,38.74,32.943904876708984,1.8867128493777503,76,4,0,1,1,1,1,0
3874,38.75,33.09324264526367,1.8500243990591227,76,5,1,1,1,1,1,0
3875,38.76,32.79964828491211,1.6477269786503561,76,5,1,1,1,1,1,0
3876,38.77,32.940738677978516,1.7661553113351,76,5,1,1,1,1,1,0
3877,38.78,33.17289352416992,1.862713634563483,76,5,1,1,1,1,1,0
3878,38.79,33.18722152709961,1.7764028605135134,76,5,1,1,1,1,1,0
3879,38.8,33.44204330444336,1.808648490671138,76,4,0,1,1,1,1,0
3880,38.81,33.131065368652344,1.837556477007174,76,5,1,1,1,1,1,0
3881,38.82,33.11271286010742,1.8135853532486104,76,5,1,1,1,1,1,0
3882,38.83,33.417137145996094,1.7704817501114964,76,4,0,1,1,1,1,0
3883,38.84,33.57863235473633,1.8116864326158528,76,4,0,1,1,1,1,0
3884,38.85,33.624847412109375,1.8618826536605213,76,4,0,1,1,1,1,0
3885,38.86,33.5671501159668,1.884357999962759,76,4,0,1,1,1,1,0
3886,38.87,32.99872589111328,1.7943244228151427,76,5,1,1,1,1,1,0
3887,38.88,33.50105667114258,1.6913283415280305,76,5,1,1,1,1,1,0
3888,38.89,33.381927490234375,1.9239044226666733,76,5,1,1,1,1,1,0
3889,38.9,33.441741943359375,1.7020852007984868,76,4,0,1,1,1,1,0
3890,38.91,33.105506896972656,1.9561455003440067,76,5,1,1,1,1,1,0
3891,38.92,32.957950592041016,1.7825212346404098,76,4,0,1,1,1,1,0
3892,38.93,33.35330581665039,1.916065331291038,76,5,1,1,1,1,1,0
3893,38.94,33.479576110839844,1.7878190966116276,76,5,1,1,1,1,1,0
3894,38.95,33.30597686767578,1.6469110518199235,76,5,1,1,1,1,1,0
3895,38.96,33.21973419189453,1.8006689041079218,76,5,1,1,1,1,1,0
3896,38.97,32.925148010253906,1.8437440065467017,76,5,1,1,1,1,1,0
3897,38.98,33.510459899902344,1.9821968483743302,76,5,1,1,1,1,1,0
3898,38.99,33.27667236328125,1.6711077268038828,76,5,1,1,1,1,1,0
3899,39.0,32.72128677368164,1.8328650180017854,76,5,1,1,1,1,1,0
3900,39.01,33.366031646728516,1.8653664236673695,76,5,1,1,1,1,1,0
3901,39.02,32.99272537231445,1.6747816192922693,76,5,1,1,1,1,1,0
3902,39.03,32.924095153808594,1.872028276544141,76,5,1,1,1,1,1,0
3903,39.04,33.11496353149414,1.827042900573785,76,5,1,1,1,1,1,0
3904,39.05,33.23583221435547,1.8827091047236901,76,5,1,1,1,1,1,0
3905,39.06,33.10094451904297,1.8747279034432645,76,5,1,1,1,1,1,0
3906,39.07,32.966243743896484,1.7496888874929102,76,5,1,1,1,1,1,0
3907,39.08,32.9416389465332,1.7935757397851755,76,5,1,1,1,1,1,0
3908,39.09,32.79877853393555,1.9110206138105499,76,5,1,1,1,1,1,0
3909,39.1,33.10769271850586,1.8651822620403016,76,5,1,1,1,1,1,0
3910,39.11,33.22990798950195,1.8171918907520501,76,5,1,1,1,1,1,0
3911,39.12,33.23465347290039,1.8609930968166517,76,5,1,1,1,1,1,0
3912,39.13,33.35969543457031,1.9358736416931197,76,5,1,1,1,1,1,0
3913,39.14,33.221561431884766,1.7902826437857573,76,5,1,1,1,1,1,0
3914,39.15,33.32175064086914,1.7672834750980042,76,5,1,1,1,1,1,0
3915,39.16,33.310646057128906,1.9173641334871296,76,5,1,1,1,1,1,0
3916,39.17,33.64106750488281,2.1287110167143197,76,5,1,1,1,1,1,0
3917,39.18,33.34723663330078,1.7991629370940474,76,5,1,1,1,1,1,0
3918,39.19,33.364986419677734,1.9360015721613189,76,5,1,1,1,1,1,0
3919,39.2,32.934688568115234,1.896996042444655,76,5,1,1,1,1,1,0
3920,39.21,33.2590217590332,1.766069413964876,76,5,1,1,1,1,1,0
3921,39.22,33.05950164794922,1.7164483292393757,76,5,1,1,1,1,1,0
3922,39.23,33.118370056152344,1.9652435788580749,76,5,1,1,1,1,1,0
3923,39.24,33.44013214111328,1.7819701146982752,76,5,1,1,1,1,1,0
3924,39.25,32.99732971191406,1.7300012621587528,76,5,1,1,1,1,1,0
3925,39.26,33.261287689208984,1.7810416733338528,76,5,1,1,1,1,1,0
3926,39.27,32.943058013916016,1.8647472662474414,76,5,1,1,1,1,1,0
3927,39.28,32.98128128051758,1.728203003166927,76,5,1,1,1,1,1,0
3928,39.29,33.10247802734375,1.7658141811434507,76,5,1,1,1,1,1,0
3929,39.3,33.08347702026367,1.8725908489142766,76,5,1,1,1,1,1,0
3930,39.31,33.02773666381836,1.878747763270575,76,5,1,1,1,1,1,0
3931,39.32,33.09008026123047,1.906016653724989,76,5,1,1,1,1,1,0
3932,39.33,33.178565979003906,1.798805772298228,76,5,1,1,1,1,1,0
3933,39.34,33.17953872680664,1.773051852695871,76,5,1,1,1,1,1,0
3934,39.35,33.12981414794922,1.928756917574419,76,5,1,1,1,1,1,0
3935,39.36,32.724647521972656,1.7830885077538998,76,5,1,1,1,1,1,0
3936,39.37,32.9516487121582,1.7053195902362077,76,5,1,1,1,1,1,0
3937,39.38,33.277347564697266,1.725657995367265,76,5,1,1,1,1,1,0
3938,39.39,32.8262825012207,1.972030917285349,76,5,1,1,1,1,1,0
3939,39.4,32.77519226074219,1.6458730218819986,76,5,1,1,1,1,1,0
3940,39.41,32.78163528442383,1.6746907391141967,76,5,1,1,1,1,1,0
3941,39.42,32.97511291503906,1.7970225194247524,76,5,1,1,1,1,1,0
3942,39.43,32.676605224609375,1.850027203335328,76,5,1,1,1,1,1,0
3943,39.44,32.98626708984375,1.7601432395311407,76,5,1,1,1,1,1,0
3944,39.45,32.696868896484375,1.8479162376634075,76,5,1,1,1,1,1,0
3945,39.46,32.691802978515625,1.8135870149325617,76,5,1,1,1,1,1,0
3946,39.47,32.67181396484375,1.8304936528041456,76,5,1,1,1,1,1,0
3947,39.48,32.54294204711914,1.781848707809979,76,5,1,1,1,1,1,0
3948,39.49,32.24966812133789,1.748859509090775,76,5,1,1,1,1,1,0
3949,39.5,32.6644287109375,1.8863155859730827,76,5,1,1,1,1,1,0
3950,39.51,32.91521072387695,1.7860835572097946,76,5,1,1,1,1,1,0
3951,39.52,33.020450592041016,1.738792356394267,76,5,1,1,1,1,1,0
3952,39.53,32.790184020996094,1.7166817411995183,76,5,1,1,1,1,1,0
3953,39.54,33.01896667480469,1.9470201175820925,76,5,1,1,1,1,1,0
3954,39.55,33.115848541259766,1.9445068864045165,76,5,1,1,1,1,1,0
3955,39.56,32.79560089111328,1.9349960540097164,76,5,1,1,1,1,1,0
3956,39.57,32.843544006347656,1.930001056265458,76,5,1,1,1,1,1,0
3957,39.58,32.81110763549805,1.7188696602572555,76,5,1,1,1,1,1,0
3958,39.59,33.06736373901367,1.684784390838329,76,5,1,1,1,1,1,0
3959,39.6,33.0389518737793,1.747315089496285,76,5,1,1,1,1,1,0
3960,39.61,33.07395553588867,2.0177205933511635,76,5,1,1,1,1,1,0
3961,39.62,32.961360931396484,1.8039412003654944,76,5,1,1,1,1,1,0
3962,39.63,32.98832321166992,1.8525924638983258,76,5,1,1,1,1,1,0
3963,39.64,33.22639465332031,1.6868317615043347,76,5,1,1,1,1,1,0
3964,39.65,32.98239517211914,1.8116251256042104,76,5,1,1,1,1,1,0
3965,39.66,33.1429443359375,1.8063739119050466,76,5,1,1,1,1,1,0
3966,39.67,33.244590759277344,1.7546779760993299,76,5,1,1,1,1,1,0
3967,39.68,32.90140914916992,1.895174781175618,76,5,1,1,1,1,1,0
3968,39.69,32.915672302246094,1.9013963254565869,76,5,1,1,1,1,1,0
3969,39.7,32.99222946166992,1.7983584968200315,76,5,1,1,1,1,1,0
3970,39.71,33.04685592651367,1.7694328908278996,76,5,1,1,1,1,1,0
3971,39.72,32.98381042480469,1.8373099499587981,76,5,1,1,1,1,1,0
3972,39.73,33.15384292602539,1.8059923347007458,76,5,1,1,1,1,1,0
3973,39.74,33.323829650878906,1.7974723132572186,76,5,1,1,1,1,1,0
3974,39.75,33.38506317138672,1.7684453095492905,76,5,1,1,1,1,1,0
3975,39.76,33.46577453613281,1.7614203703950218,76,5,1,1,1,1,1,0
3976,39.77,33.349308013916016,1.9573981364566908,76,5,1,1,1,1,1,0
3977,39.78,33.34310531616211,1.880982311987586,76,5,1,1,1,1,1,0
3978,39.79,33.396583557128906,1.914525078037539,76,5,1,1,1,1,1,0
3979,39.8,33.21005630493164,1.7647101162617806,76,5,1,1,1,1,1,0
3980,39.81,33.14695358276367,1.903001019834188,76,5,1,1,1,1,1,0
3981,39.82,33.21120834350586,1.7836481791667476,76,5,1,1,1,1,1,0
3982,39.83,32.95167541503906,1.9052821425536506,76,5,1,1,1,1,1,0
3983,39.84,33.10459899902344,1.8236510207983554,76,5,1,1,1,1,1,0
3984,39.85,32.814178466796875,1.8760087480223167,76,5,1,1,1,1,1,0
3985,39.86,33.075340270996094,1.7935716774606463,76,5,1,1,1,1,1,0
3986,39.87,32.9841194152832,1.9520808279234012,76,5,1,1,1,1,1,0
3987,39.88,33.00236892700195,1.7228423395584425,76,5,1,1,1,1,1,0
3988,39.89,33.445343017578125,1.846781031976527,76,5,1,1,1,1,1,0
3989,39.9,33.37796401977539,1.76388379991541,76,5,1,1,1,1,1,0
3990,39.91,33.150325775146484,1.8312063008164288,76,5,1,1,1,1,1,0
3991,39.92,33.23987579345703,1.9313714652292335,76,5,1,1,1,1,1,0
3992,39.93,33.07785415649414,1.8368713648850903,76,5,1,1,1,1,1,0
3993,39.94,33.100650787353516,1.9450731145173217,76,5,1,1,1,1,1,0
3994,39.95,33.31351852416992,1.9416274812726266,76,5,1,1,1,1,1,0
3995,39.96,33.35773849487305,1.8411710172454034,76,5,1,1,1,1,1,0
3996,39.97,33.4324836730957,1.7219718683844498,76,5,1,1,1,1,1,0
3997,39.98,33.25638198852539,1.874170185851985,76,5,1,1,1,1,1,0
3998,39.99,33.50847625732422,1.8485135596984463,76,5,1,1,1,1,1,0
3999,40.0,33.60848617553711,1.776850596075893,76,5,1,1,1,1,1,0
4000,40.01,33.23200988769531,1.7885490043349064,76,5,1,1,1,1,1,0
4001,40.02,33.330352783203125,1.8357275212385078,76,5,1,1,1,1,1,0
4002,40.03,33.37015151977539,1.8986845381657502,76,5,1,1,1,1,1,0
4003,40.04,33.09585189819336,1.700738320188357,76,5,1,1,1,1,1,0
4004,40.05,33.01791763305664,1.8657199245348397,76,5,1,1,1,1,1,0
4005,40.06,33.29765319824219,1.6885784549447929,76,5,1,1,1,1,1,0
4006,40.07,33.35050964355469,2.073471923001549,76,5,1,1,1,1,1,0
4007,40.08,33.1836051940918,1.990727222162306,76,5,1,1,1,1,1,0
4008,40.09,33.33175277709961,1.888624900859006,76,5,1,1,1,1,1,0
4009,40.1,33.26603317260742,1.8781948952464613,76,5,1,1,1,1,1,0
4010,40.11,33.04890823364258,1.904227263961871,76,5,1,1,1,1,1,0
4011,40.12,33.467628479003906,1.8299165959037433,76,5,1,1,1,1,1,0
4012,40.13,33.34331130981445,1.8581950595714367,76,5,1,1,1,1,1,0
4013,40.14,33.33713150024414,1.886503953064172,76,5,1,1,1,1,1,0
4014,40.15,33.282371520996094,1.7637982461026969,76,5,1,1,1,1,1,0
4015,40.16,33.2154655456543,1.817960398638154,76,5,1,1,1,1,1,0
4016,40.17,33.23683166503906,1.736692217874452,76,5,1,1,1,1,1,0
4017,40.18,33.404518127441406,1.9637479206972093,76,5,1,1,1,1,1,0
4018,40.19,33.27042007446289,1.7774412971239817,76,5,1,1,1,1,1,0
4019,40.2,33.32793426513672,1.791899116709788,76,5,1,1,1,1,1,0
4020,40.21,33.268001556396484,1.7320807002730052,76,5,1,1,1,1,1,0
4021,40.22,33.40119934082031,1.834582527772443,76,5,1,1,1,1,1,0
4022,40.23,33.64710998535156,1.7968003508637342,76,5,1,1,1,1,1,0
4023,40.24,33.47064208984375,1.740716085302014,76,5,1,1,1,1,1,0
4024,40.25,33.81212615966797,1.8477302954933061,76,5,1,1,1,1,1,0
4025,40.26,33.77276611328125,1.8439651117626121,76,5,1,1,1,1,1,0
4026,40.27,33.319679260253906,1.7634330749241052,76,5,1,1,1,1,1,0
4027,40.28,33.30007553100586,1.9196624928125217,76,5,1,1,1,1,1,0
4028,40.29,33.098148345947266,1.8151882828544015,76,5,1,1,1,1,1,0
4029,40.3,33.94574737548828,1.8624182578004023,76,5,1,1,1,1,1,0
4030,40.31,33.63670349121094,1.7898329613201085,76,4,0,1,1,1,1,0
4031,40.32,33.659881591796875,1.8839838752833293,76,4,0,1,1,1,1,0
4032,40.33,33.69276809692383,1.8429572663532385,76,4,0,1,1,1,1,0
4033,40.34,33.30815887451172,1.8677527542435577,76,4,0,1,1,1,1,0
4034,40.35,33.49875259399414,1.748083149082244,76,4,0,1,1,1,1,0
4035,40.36,33.91259765625,1.8720039197470035,76,4,0,1,1,1,1,0
4036,40.37,33.77188491821289,1.8893946240345778,76,4,0,1,1,1,1,0
4037,40.38,33.82488250732422,1.9713452744668394,76,4,0,1,1,1,1,0
4038,40.39,33.97344970703125,1.942833626278274,76,4,0,1,1,1,1,0
4039,40.4,33.592342376708984,1.7625561315383098,76,4,0,1,1,1,1,0
4040,40.41,33.98841857910156,1.8874317428696687,76,5,1,1,1,1,1,0
4041,40.42,33.835716247558594,1.8488372233335262,76,5,1,1,1,1,1,0
4042,40.43,33.7547721862793,2.2222939326027737,76,4,0,1,1,1,1,0
4043,40.44,33.73942947387695,1.823730545621638,76,4,0,1,1,1,1,0
4044,40.45,33.42879104614258,1.9466833006052868,76,4,0,1,1,1,1,0
4045,40.46,33.96680450439453,1.7874320644512578,76,4,0,1,1,1,1,0
4046,40.47,33.62405014038086,1.8571228014063752,76,4,0,1,1,1,1,0
4047,40.48,33.588890075683594,1.8856843462046653,76,4,0,1,1,1,1,0
4048,40.49,33.75206756591797,2.0376962608896325,76,5,1,1,1,1,1,0
4049,40.5,33.78482437133789,1.8717373045148753,76,4,0,1,1,1,1,0
4050,40.51,33.68669128417969,1.9405706128893272,76,4,0,1,1,1,1,0
4051,40.52,33.869083404541016,1.8422285963479388,76,4,0,1,1,1,1,0
4052,40.53,33.77521896362305,1.7646787875315995,76,4,0,1,1,1,1,0
4053,40.54,33.57176971435547,1.7902509741450394,76,4,0,1,1,1,1,0
4054,40.55,33.61320114135742,1.792786693343794,76,5,1,1,1,1,1,0
4055,40.56,33.660369873046875,1.8006910057408996,76,4,0,1,1,1,1,0
4056,40.57,33.701114654541016,1.985973909086424,76,4,0,1,1,1,1,0
4057,40.58,33.56912612915039,1.7549070641298228,76,4,0,1,1,1,1,0
4058,40.59,33.76112365722656,1.8775767377527746,76,4,0,1,1,1,1,0
4059,40.6,33.81596755981445,2.011784992849693,76,4,0,1,1,1,1,0
4060,40.61,33.771148681640625,1.7087444126265354,76,5,1,1,1,1,1,0
4061,40.62,33.608272552490234,1.7879029249186962,76,5,1,1,1,1,1,0
4062,40.63,33.52231979370117,1.817417611586823,76,5,1,1,1,1,1,0
4063,40.64,33.6931266784668,1.7939851405053096,76,5,1,1,1,1,1,0
4064,40.65,33.751468658447266,1.670954630414658,76,5,1,1,1,1,1,0
4065,40.66,33.61811447143555,1.7984712381863346,76,4,0,1,1,1,1,0
4066,40.67,33.30390548706055,1.694933394753742,76,5,1,1,1,1,1,0
4067,40.68,33.44505310058594,1.7545638991866526,76,5,1,1,1,1,1,0
4068,40.69,33.46609115600586,1.6824068285775775,76,5,1,1,1,1,1,0
4069,40.7,33.30978012084961,1.796221559186269,76,5,1,1,1,1,1,0
4070,40.71,33.41660690307617,1.752567700707074,76,4,0,1,1,1,1,0
4071,40.72,33.6281852722168,1.99017879430746,76,5,1,1,1,1,1,0
4072,40.73,33.69597625732422,1.8304327464682848,76,4,0,1,1,1,1,0
4073,40.74,33.604454040527344,1.8767528257348778,76,4,0,1,1,1,1,0
4074,40.75,33.46625518798828,1.8211013312318909,76,4,0,1,1,1,1,0
4075,40.76,33.5801887512207,2.087512381696982,76,4,0,1,1,1,1,0
4076,40.77,33.5531120300293,1.789133028607839,76,5,1,1,1,1,1,0
4077,40.78,33.786556243896484,1.6944932640461143,76,4,0,1,1,1,1,0
4078,40.79,33.37725830078125,1.9433184119500806,76,4,0,1,1,1,1,0
4079,40.8,33.605560302734375,1.8638930975959338,76,4,0,1,1,1,1,0
4080,40.81,33.73707580566406,1.7443384974960912,76,4,0,1,1,1,1,0
4081,40.82,33.553096771240234,1.9225513759989303,76,4,0,1,1,1,1,0
4082,40.83,33.23902893066406,1.8988693679952449,76,4,0,1,1,1,1,0
4083,40.84,33.075462341308594,2.005794123211988,76,4,0,1,1,1,1,0
4084,40.85,33.40333938598633,1.7728481606186004,76,4,0,1,1,1,1,0
4085,40.86,33.66770935058594,1.8988445920951542,76,4,0,1,1,1,1,0
4086,40.87,33.21737289428711,1.79293338660265,76,4,0,1,1,1,1,0
4087,40.88,33.6943473815918,1.6995622138582276,76,5,1,1,1,1,1,0
4088,40.89,33.59239959716797,1.7399721630134355,76,4,0,1,1,1,1,0
4089,40.9,33.28662109375,1.7819640136297241,76,4,0,1,1,1,1,0
4090,40.91,33.57316589355469,1.9306479833866883,76,4,0,1,1,1,1,0
4091,40.92,33.83967208862305,1.7840931342813395,76,4,0,1,1,1,1,0
4092,40.93,33.44643783569336,1.8798635230375211,76,4,0,1,1,1,1,0
4093,40.94,33.54104232788086,1.8118758632117133,76,4,0,1,1,1,1,0
4094,40.95,33.65205764770508,1.7750238542722794,76,5,1,1,1,1,1,0
4095,40.96,33.738590240478516,1.9394326676311293,76,4,0,1,1,1,1,0
4096,40.97,33.57444763183594,1.7212175398095582,76,4,0,1,1,1,1,0
4097,40.98,33.64907455444336,1.7470238556756892,76,4,0,1,1,1,1,0
4098,40.99,33.380367279052734,1.8752333066172548,76,4,0,1,1,1,1,0
4099,41.0,33.787071228027344,1.9568586391593399,76,4,0,1,1,1,1,0
4100,41.01,33.57590866088867,1.8145243737720431,76,4,0,1,1,1,1,0
4101,41.02,33.635765075683594,1.9651451806577356,76,4,0,1,1,1,1,0
4102,41.03,33.47662353515625,1.8348842357779986,76,4,0,1,1,1,1,0
4103,41.04,33.534873962402344,1.7963284036300406,76,4,0,1,1,1,1,0
4104,41.05,33.466087341308594,1.7549899213485753,76,4,0,1,1,1,1,0
4105,41.06,33.81695556640625,1.7877915228164964,76,4,0,1,1,1,1,0
4106,41.07,33.88521957397461,1.8604548679547384,76,4,0,1,1,1,1,0
4107,41.08,33.972816467285156,1.7831431157778195,76,4,0,1,1,1,1,0
4108,41.09,33.71321105957031,1.8691195237856186,76,4,0,1,1,1,1,0
4109,41.1,33.87760925292969,1.8271839416484856,76,4,0,1,1,1,1,0
4110,41.11,33.48634338378906,1.9059945125354774,76,4,0,1,1,1,1,0
4111,41.12,33.420066833496094,1.9896433348720222,76,4,0,1,1,1,1,0
4112,41.13,33.47020721435547,1.7521683100190377,76,4,0,1,1,1,1,0
4113,41.14,33.60434341430664,2.086960191571371,76,4,0,1,1,1,1,0
4114,41.15,33.6263427734375,1.9716510960273121,76,4,0,1,1,1,1,0
4115,41.16,33.399269104003906,1.7651403242955839,76,4,0,1,1,1,1,0
4116,41.17,33.652427673339844,1.8447223832835706,76,5,1,1,1,1,1,0
4117,41.18,33.09313201904297,1.7774978599088278,76,5,1,1,1,1,1,0
4118,41.19,33.46913146972656,1.9311413591102016,76,5,1,1,1,1,1,0
4119,41.2,33.582252502441406,1.64057901256704,76,5,1,1,1,1,1,0
4120,41.21,33.612064361572266,1.7903101152773728,76,4,0,1,1,1,1,0
4121,41.22,33.69750213623047,1.8779529716985874,76,4,0,1,1,1,1,0
4122,41.23,33.672672271728516,1.8269141890447131,76,4,0,1,1,1,1,0
4123,41.24,33.74595642089844,1.7549369805152586,76,4,0,1,1,1,1,0
4124,41.25,33.61044692993164,1.8324591825982524,76,4,0,1,1,1,1,0
4125,41.26,33.3715705871582,1.8039412638143957,76,4,0,1,1,1,1,0
4126,41.27,33.3183708190918,1.9617576565592663,76,4,0,1,1,1,1,0
4127,41.28,33.61159896850586,1.8694045570529818,76,4,0,1,1,1,1,0
4128,41.29,33.670047760009766,1.7947470645691768,76,4,0,1,1,1,1,0
4129,41.3,33.69482421875,1.7979466123578487,76,4,0,1,1,1,1,0
4130,41.31,33.495201110839844,1.84567210622203,76,4,0,1,1,1,1,0
4131,41.32,33.34378433227539,1.7613083761969395,76,4,0,1,1,1,1,0
4132,41.33,33.220970153808594,1.6566815632229228,76,4,0,1,1,1,1,0
4133,41.34,33.806884765625,1.901075791025697,76,4,0,1,1,1,1,0
4134,41.35,33.763999938964844,1.8113210807755071,76,4,0,1,1,1,1,0
4135,41.36,33.62940979003906,1.8854467422295635,76,5,1,1,1,1,1,0
4136,41.37,33.68339157104492,1.8304641585303836,76,4,0,1,1,1,1,0
4137,41.38,33.68797302246094,1.9452778783998226,76,5,1,1,1,1,1,0
4138,41.39,33.699668884277344,1.9935940255549305,76,4,0,1,1,1,1,0
4139,41.4,33.70960235595703,1.747859561372075,76,4,0,1,1,1,1,0
4140,41.41,33.65562438964844,1.8800260720610984,76,4,0,1,1,1,1,0
4141,41.42,33.57786178588867,1.7205538261738174,76,4,0,1,1,1,1,0
4142,41.43,33.605926513671875,1.9580390509559504,76,5,1,1,1,1,1,0
4143,41.44,33.676998138427734,1.7403988199322253,76,5,1,1,1,1,1,0
4144,41.45,33.31139373779297,1.7775792134618005,76,5,1,1,1,1,1,0
4145,41.46,33.44955062866211,1.7635503202529554,76,5,1,1,1,1,1,0
4146,41.47,33.34096145629883,1.917656756068136,76,5,1,1,1,1,1,0
4147,41.48,33.24798583984375,1.8358944351747406,76,4,0,1,1,1,1,0
4148,41.49,33.129459381103516,1.8312038843445984,76,5,1,1,1,1,1,0
4149,41.5,33.09076690673828,1.771242779146446,76,5,1,1,1,1,1,0
4150,41.51,33.1069221496582,1.808809720674512,76,5,1,1,1,1,1,0
4151,41.52,33.030311584472656,1.8293974012463945,76,5,1,1,1,1,1,0
4152,41.53,33.323707580566406,1.9226472319689645,76,5,1,1,1,1,1,0
4153,41.54,33.52060317993164,1.8120427427020207,76,5,1,1,1,1,1,0
4154,41.55,33.21334457397461,1.8371175770291455,76,5,1,1,1,1,1,0
4155,41.56,33.04420471191406,1.8415753884969006,76,5,1,1,1,1,1,0
4156,41.57,33.21452713012695,1.8440707621218573,76,4,0,1,1,1,1,0
4157,41.58,32.91697692871094,1.8293490118161697,76,5,1,1,1,1,1,0
4158,41.59,33.00829315185547,1.8380742178907894,76,5,1,1,1,1,1,0
4159,41.6,32.957069396972656,1.8325118198014623,76,4,0,1,1,1,1,0
4160,41.61,33.10673904418945,1.770198292806319,76,5,1,1,1,1,1,0
4161,41.62,33.23612594604492,1.8411681373420221,76,5,1,1,1,1,1,0
4162,41.63,33.14722442626953,1.715251341443379,76,4,0,1,1,1,1,0
4163,41.64,33.02965545654297,1.8007239534691386,76,4,0,1,1,1,1,0
4164,41.65,32.973487854003906,1.8162902331922754,76,5,1,1,1,1,1,0
4165,41.66,32.95248794555664,1.8655045264160826,76,5,1,1,1,1,1,0
4166,41.67,33.098060607910156,1.9464325002818947,76,4,0,1,1,1,1,0
4167,41.68,33.0662956237793,1.8019982618203463,76,4,0,1,1,1,1,0
4168,41.69,33.40349578857422,1.807869082350686,76,4,0,1,1,1,1,0
4169,41.7,33.54597854614258,1.8643497624178071,76,5,1,1,1,1,1,0
4170,41.71,32.93656921386719,1.8288296143184546,76,4,0,1,1,1,1,0
4171,41.72,33.308311462402344,1.745680960897646,76,4,0,1,1,1,1,0
4172,41.73,33.69579315185547,1.979244369282646,76,5,1,1,1,1,1,0
4173,41.74,33.729305267333984,1.7903608382553429,76,4,0,1,1,1,1,0
4174,41.75,33.44508743286133,1.8869031176176483,76,5,1,1,1,1,1,0
4175,41.76,33.344993591308594,1.8608126434149583,76,4,0,1,1,1,1,0
4176,41.77,33.4979248046875,1.7289863924616975,76,4,0,1,1,1,1,0
4177,41.78,33.514556884765625,1.984972464055164,76,4,0,1,1,1,1,0
4178,41.79,33.366180419921875,1.8562592674594651,76,4,0,1,1,1,1,0
4179,41.8,33.187782287597656,1.7704542510357582,76,4,0,1,1,1,1,0
4180,41.81,33.26604461669922,1.84727282624168,76,4,0,1,1,1,1,0
4181,41.82,32.984840393066406,1.8545615652476413,76,4,0,1,1,1,1,0
4182,41.83,33.30887985229492,1.8091128169881763,76,4,0,1,1,1,1,0
4183,41.84,33.22285079956055,1.7334931642294333,76,4,0,1,1,1,1,0
4184,41.85,33.269447326660156,1.8218155803194513,76,4,0,1,1,1,1,0
4185,41.86,32.99568557739258,1.7749641608273588,76,4,0,1,1,1,1,0
4186,41.87,33.24080276489258,1.9025499431058797,76,4,0,1,1,1,1,0
4187,41.88,33.297481536865234,1.872907927938754,76,4,0,1,1,1,1,0
4188,41.89,33.106117248535156,1.7918102594200478,76,5,1,1,1,1,1,0
4189,41.9,33.155670166015625,1.8391283508297196,76,5,1,1,1,1,1,0
4190,41.91,33.3056526184082,1.9230358989261966,76,4,0,1,1,1,1,0
4191,41.92,33.36326599121094,1.9249396400420056,76,5,1,1,1,1,1,0
4192,41.93,33.164451599121094,1.952155648523099,76,4,0,1,1,1,1,0
4193,41.94,33.412086486816406,1.7893584942189331,76,5,1,1,1,1,1,0
4194,41.95,33.28792953491211,1.8451278162586682,76,5,1,1,1,1,1,0
4195,41.96,33.308021545410156,1.823213334589062,76,5,1,1,1,1,1,0
4196,41.97,33.21007537841797,1.8522388054909082,76,4,0,1,1,1,1,0
4197,41.98,33.31684494018555,1.7608497345695684,76,4,0,1,1,1,1,0
4198,41.99,33.7401237487793,1.701825101523322,76,4,0,1,1,1,1,0
4199,42.0,33.45907211303711,1.9148117196069339,76,4,0,1,1,1,1,0
4200,42.01,33.34199142456055,1.9292246115834115,76,5,1,1,1,1,1,0
4201,42.02,33.14973831176758,1.7545638339687442,76,5,1,1,1,1,1,0
4202,42.03,33.081321716308594,1.7966624449787862,76,5,1,1,1,1,1,0
4203,42.04,32.873538970947266,1.902000764774678,76,5,1,1,1,1,1,0
4204,42.05,32.991268157958984,1.7604835834315395,76,5,1,1,1,1,1,0
4205,42.06,33.09036636352539,1.8896865108500833,76,4,0,1,1,1,1,0
4206,42.07,33.2113151550293,1.7304597470893806,76,4,0,1,1,1,1,0
4207,42.08,33.11040496826172,1.7487737874142057,76,4,0,1,1,1,1,0
4208,42.09,33.42998123168945,1.7713777540035753,76,4,0,1,1,1,1,0
4209,42.1,33.472320556640625,1.8072352501276103,76,4,0,1,1,1,1,0
4210,42.11,33.52177810668945,1.9197201707870355,76,4,0,1,1,1,1,0
4211,42.12,32.96116256713867,1.7439606552588474,76,4,0,1,1,1,1,0
4212,42.13,33.08333206176758,1.7201387748885955,76,4,0,1,1,1,1,0
4213,42.14,33.22304916381836,1.8320999096024468,76,4,0,1,1,1,1,0
4214,42.15,33.42090606689453,1.935715171491047,76,4,0,1,1,1,1,0
4215,42.16,33.247737884521484,1.709534286529019,76,4,0,1,1,1,1,0
4216,42.17,33.324012756347656,1.8318601657594502,76,4,0,1,1,1,1,0
4217,42.18,33.43523406982422,1.8188156835614888,76,4,0,1,1,1,1,0
4218,42.19,33.27875900268555,1.7653567965620292,76,4,0,1,1,1,1,0
4219,42.2,33.57086944580078,1.7959393819318845,76,4,0,1,1,1,1,0
4220,42.21,33.467586517333984,1.9524617209755544,76,4,0,1,1,1,1,0
4221,42.22,33.627384185791016,1.9206466777921813,76,4,0,1,1,1,1,0
4222,42.23,33.755149841308594,1.9642265541039678,76,4,0,1,1,1,1,0
4223,42.24,33.78229904174805,1.821075434454857,76,4,0,1,1,1,1,0
4224,42.25,33.88722610473633,1.8625303575860843,76,4,0,1,1,1,1,0
4225,42.26,33.940345764160156,1.8297846049346285,76,4,0,1,1,1,1,0
4226,42.27,33.7547492980957,1.8568218922930562,76,5,1,1,1,1,1,0
4227,42.28,33.731380462646484,1.802553945467611,76,4,0,1,1,1,1,0
4228,42.29,33.724884033203125,1.78764935831489,76,5,1,1,1,1,1,0
4229,42.3,33.90218734741211,1.766834049192514,76,5,1,1,1,1,1,0
4230,42.31,34.118961334228516,1.7531961379202459,76,5,1,1,1,1,1,0
4231,42.32,33.89096450805664,1.6488482150956512,76,4,0,1,1,1,1,0
4232,42.33,33.78912353515625,1.771161608397645,76,5,1,1,1,1,1,0
4233,42.34,33.76154708862305,1.9423918194481673,76,4,0,1,1,1,1,0
4234,42.35,33.80335998535156,1.9304380712306373,76,5,1,1,1,1,1,0
4235,42.36,33.806304931640625,1.7535380912363976,76,4,0,1,1,1,1,0
4236,42.37,33.65473937988281,1.942630175698347,76,5,1,1,1,1,1,0
4237,42.38,33.61634826660156,1.9071984449002661,76,4,0,1,1,1,1,0
4238,42.39,33.66572189331055,2.024450863828544,76,4,0,1,1,1,1,0
4239,42.4,33.71298599243164,1.859200697600447,76,4,0,1,1,1,1,0
4240,42.41,33.82497024536133,1.811298561264493,76,4,0,1,1,1,1,0
4241,42.42,33.5146598815918,1.9844349077586303,76,4,0,1,1,1,1,0
4242,42.43,33.9052734375,1.8261188611980526,76,4,0,1,1,1,1,0
4243,42.44,33.494232177734375,2.0539486210111244,76,4,0,1,1,1,1,0
4244,42.45,33.598175048828125,1.798722791436127,76,4,0,1,1,1,1,0
4245,42.46,33.69381332397461,1.9836621297422956,76,5,1,1,1,1,1,0
4246,42.47,33.46138000488281,1.78498929402945,76,4,0,1,1,1,1,0
4247,42.48,33.540199279785156,1.8619900941219834,76,4,0,1,1,1,1,0
4248,42.49,33.562110900878906,1.9486896850584945,76,4,0,1,1,1,1,0
4249,42.5,33.370689392089844,1.817527008915571,76,4,0,1,1,1,1,0
4250,42.51,33.84645080566406,1.8020574831293048,76,4,0,1,1,1,1,0
4251,42.52,33.67976760864258,1.9596389142107173,76,4,0,1,1,1,1,0
4252,42.53,33.86248779296875,2.026946477819298,76,4,0,1,1,1,1,0
4253,42.54,33.74039077758789,1.8224697793964266,76,4,0,1,1,1,1,0
4254,42.55,33.98355484008789,1.8135043317928843,76,4,0,1,1,1,1,0
4255,42.56,33.80653762817383,1.7880973711952313,76,4,0,1,1,1,1,0
4256,42.57,33.945499420166016,1.8224723539645369,76,4,0,1,1,1,1,0
4257,42.58,33.51140594482422,1.9091600306749321,76,4,0,1,1,1,1,0
4258,42.59,33.73415756225586,2.018833953909164,76,4,0,1,1,1,1,0
4259,42.6,34.01936721801758,1.892506337332899,76,4,0,1,1,1,1,0
4260,42.61,33.94472122192383,1.79960727816152,76,4,0,1,1,1,1,0
4261,42.62,33.822017669677734,1.9723114256221084,76,4,0,1,1,1,1,0
4262,42.63,33.47051239013672,1.9642052438626711,76,4,0,1,1,1,1,0
4263,42.64,33.69844436645508,2.0504137833015093,76,4,0,1,1,1,1,0
4264,42.65,33.700592041015625,1.873682295768982,76,4,0,1,1,1,1,0
4265,42.66,33.706703186035156,1.8281405222715328,76,4,0,1,1,1,1,0
4266,42.67,33.528106689453125,2.0178730393164366,76,4,0,1,1,1,1,0
4267,42.68,33.302398681640625,1.984589583782117,76,4,0,1,1,1,1,0
4268,42.69,33.4249267578125,2.057764678288637,76,4,0,1,1,1,1,0
4269,42.7,33.17945098876953,2.0632257527067948,76,4,0,1,1,1,1,0
4270,42.71,33.322364807128906,1.925981787860486,76,4,0,1,1,1,1,0
4271,42.72,33.5733757019043,1.8393998585441282,76,4,0,1,1,1,1,0
4272,42.73,33.347412109375,2.053631867759451,76,4,0,1,1,1,1,0
4273,42.74,33.4398307800293,1.8548601674687786,76,4,0,1,1,1,1,0
4274,42.75,33.2169303894043,1.9171043041487614,76,4,0,1,1,1,1,0
4275,42.76,33.286407470703125,1.8734217226372223,76,4,0,1,1,1,1,0
4276,42.77,33.26260757446289,1.8827125492188133,76,4,0,1,1,1,1,0
4277,42.78,33.47948455810547,1.9347630862921952,76,4,0,1,1,1,1,0
4278,42.79,33.12221908569336,1.8468931514199287,76,4,0,1,1,1,1,0
4279,42.8,33.35231018066406,2.0322603083983832,76,4,0,1,1,1,1,0
4280,42.81,33.61471176147461,1.9524601774765105,76,4,0,1,1,1,1,0
4281,42.82,33.41919708251953,1.8581137249929083,76,5,1,1,1,1,1,0
4282,42.83,33.6091194152832,1.8725922545255922,76,5,1,1,1,1,1,0
4283,42.84,33.4718017578125,1.8018901446227416,76,4,0,1,1,1,1,0
4284,42.85,33.408546447753906,1.8515165284785666,76,4,0,1,1,1,1,0
4285,42.86,33.726566314697266,1.7986086872480367,76,4,0,1,1,1,1,0
4286,42.87,33.82840347290039,1.7483986055069072,76,4,0,1,1,1,1,0
4287,42.88,33.31019973754883,1.9023386550352626,76,5,1,1,1,1,1,0
4288,42.89,33.48700714111328,1.8582240726456771,76,5,1,1,1,1,1,0
4289,42.9,33.54667663574219,1.8717652313219524,76,4,0,1,1,1,1,0
4290,42.91,33.155120849609375,1.7702823952504567,76,4,0,1,1,1,1,0
4291,42.92,33.4722900390625,1.951692433229171,76,4,0,1,1,1,1,0
4292,42.93,33.12455368041992,1.8149939015200056,76,5,1,1,1,1,1,0
4293,42.94,33.509010314941406,1.9173170290397037,76,5,1,1,1,1,1,0
4294,42.95,33.17518615722656,1.8972887905259044,76,4,0,1,1,1,1,0
4295,42.96,33.28437423706055,1.8881475139793467,76,4,0,1,1,1,1,0
4296,42.97,33.38534927368164,1.8509960351241697,76,4,0,1,1,1,1,0
4297,42.98,33.032386779785156,1.8734233923394776,76,4,0,1,1,1,1,0
4298,42.99,33.09697341918945,1.905515191211403,76,5,1,1,1,1,1,0
4299,43.0,33.269203186035156,2.061184361559918,76,5,1,1,1,1,1,0
4300,43.01,33.21510314941406,1.8333588390090143,76,5,1,1,1,1,1,0
4301,43.02,33.23196792602539,1.8534849411353604,76,5,1,1,1,1,1,0
4302,43.03,33.55093765258789,1.7229642068153044,76,5,1,1,1,1,1,0
4303,43.04,33.63488006591797,1.8864772555085054,76,5,1,1,1,1,1,0
4304,43.05,33.47898483276367,1.798333248301085,76,5,1,1,1,1,1,0
4305,43.06,33.55787658691406,1.8560953563698457,76,5,1,1,1,1,1,0
4306,43.07,33.30654525756836,1.9570616826562128,76,5,1,1,1,1,1,0
4307,43.08,33.34815216064453,1.8436083292729049,76,5,1,1,1,1,1,0
4308,43.09,33.13362121582031,1.8194516875617297,76,5,1,1,1,1,1,0
4309,43.1,33.40419387817383,1.847162443928444,76,5,1,1,1,1,1,0
4310,43.11,33.25145721435547,1.8542418015847624,76,4,0,1,1,1,1,0
4311,43.12,33.11843490600586,1.8783238296318683,76,4,0,1,1,1,1,0
4312,43.13,33.382789611816406,1.869041032160329,76,4,0,1,1,1,1,0
4313,43.14,33.16120910644531,1.9633929262507694,76,5,1,1,1,1,1,0
4314,43.15,33.21126937866211,1.7937968191017601,76,5,1,1,1,1,1,0
4315,43.16,33.15211486816406,2.0316246649736933,76,5,1,1,1,1,1,0
4316,43.17,33.077301025390625,2.182221167584936,76,5,1,1,1,1,1,0
4317,43.18,33.24267578125,1.9089246892547116,76,5,1,1,1,1,1,0
4318,43.19,32.97243881225586,1.8426849371850587,76,5,1,1,1,1,1,0
4319,43.2,33.057044982910156,1.870966637618533,76,4,0,1,1,1,1,0
4320,43.21,32.94563293457031,1.7701147682367053,76,5,1,1,1,1,1,0
4321,43.22,32.96266555786133,1.7995525973962379,76,5,1,1,1,1,1,0
4322,43.23,33.007015228271484,1.859190889985005,76,5,1,1,1,1,1,0
4323,43.24,33.23377990722656,1.6471483425526408,76,5,1,1,1,1,1,0
4324,43.25,33.104576110839844,1.7797504095793786,76,4,0,1,1,1,1,0
4325,43.26,33.39131546020508,1.733233860591325,76,4,0,1,1,1,1,0
4326,43.27,33.75825119018555,1.8028308555359716,76,4,0,1,1,1,1,0
4327,43.28,33.46400451660156,1.7820515851656507,76,5,1,1,1,1,1,0
4328,43.29,33.3532600402832,1.7316137004855583,76,5,1,1,1,1,1,0
4329,43.3,33.31633377075195,1.8140566170705803,76,4,0,1,1,1,1,0
4330,43.31,33.178985595703125,1.6685883006718187,76,5,1,1,1,1,1,0
4331,43.32,33.378631591796875,1.7836472595186317,76,4,0,1,1,1,1,0
4332,43.33,32.992156982421875,1.8028021571222348,76,5,1,1,1,1,1,0
4333,43.34,32.882808685302734,1.8490475280278587,76,4,0,1,1,1,1,0
4334,43.35,32.99186706542969,1.7860084006371921,76,5,1,1,1,1,1,0
4335,43.36,33.07614517211914,1.7764287428354624,76,5,1,1,1,1,1,0
4336,43.37,33.162506103515625,1.7031148688079334,76,4,0,1,1,1,1,0
4337,43.38,33.374935150146484,1.6231158228446332,76,4,0,1,1,1,1,0
4338,43.39,33.060482025146484,1.8633825100301478,76,4,0,1,1,1,1,0
4339,43.4,33.175758361816406,1.8483488378884079,76,4,0,1,1,1,1,0
4340,43.41,33.4109001159668,1.9961993046365263,76,5,1,1,1,1,1,0
4341,43.42,33.26941680908203,1.8309292861276927,76,4,0,1,1,1,1,0
4342,43.43,33.21253204345703,1.7650208720022893,76,5,1,1,1,1,1,0
4343,43.44,33.316429138183594,1.8912969452599886,76,5,1,1,1,1,1,0
4344,43.45,33.01255798339844,1.904808089235854,76,5,1,1,1,1,1,0
4345,43.46,33.223331451416016,1.7334649243414635,76,5,1,1,1,1,1,0
4346,43.47,33.406192779541016,1.737672725299013,76,5,1,1,1,1,1,0
4347,43.48,33.3365364074707,1.8236492427820996,76,4,0,1,1,1,1,0
4348,43.49,33.50194549560547,1.984184284329675,76,5,1,1,1,1,1,0
4349,43.5,33.327693939208984,1.7839572611301389,76,4,0,1,1,1,1,0
4350,43.51,33.602516174316406,1.9913048335685364,76,4,0,1,1,1,1,0
4351,43.52,33.5159797668457,1.8212313123459432,76,4,0,1,1,1,1,0
4352,43.53,33.25950622558594,1.8107722798281858,76,4,0,1,1,1,1,0
4353,43.54,33.22967529296875,1.8536719729575255,76,4,0,1,1,1,1,0
4354,43.55,33.27463912963867,1.7898049922875947,76,4,0,1,1,1,1,0
4355,43.56,33.517704010009766,1.7029946051143874,76,4,0,1,1,1,1,0
4356,43.57,33.36239242553711,1.88398306535864,76,4,0,1,1,1,1,0
4357,43.58,33.120765686035156,1.8123184134263035,76,4,0,1,1,1,1,0
4358,43.59,33.33736801147461,2.0617665880630276,76,4,0,1,1,1,1,0
4359,43.6,33.79575729370117,2.0072624238940127,76,4,0,1,1,1,1,0
4360,43.61,33.42351150512695,1.9854763237890682,76,4,0,1,1,1,1,0
4361,43.62,33.3953857421875,2.023363770073596,76,5,1,1,1,1,1,0
4362,43.63,33.43993377685547,1.953280322731034,76,5,1,1,1,1,1,0
4363,43.64,33.221744537353516,1.9179373008604308,76,5,1,1,1,1,1,0
4364,43.65,33.44708251953125,1.9033916341993873,76,5,1,1,1,1,1,0
4365,43.66,33.302825927734375,1.7388776268051043,76,4,0,1,1,1,1,0
4366,43.67,33.648807525634766,1.7852153043507069,76,4,0,1,1,1,1,0
4367,43.68,33.2452278137207,1.7658107678542416,76,5,1,1,1,1,1,0
4368,43.69,33.57188415527344,1.819287521583329,76,4,0,1,1,1,1,0
4369,43.7,33.84467315673828,1.8348300241939681,76,4,0,1,1,1,1,0
4370,43.71,33.63225173950195,1.932099849045844,76,4,0,1,1,1,1,0
4371,43.72,33.58099365234375,1.9180423571410539,76,4,0,1,1,1,1,0
4372,43.73,33.44507598876953,1.84211971339284,76,5,1,1,1,1,1,0
4373,43.74,32.993743896484375,1.8696012387997212,76,5,1,1,1,1,1,0
4374,43.75,33.52130889892578,1.6723973410159165,76,4,0,1,1,1,1,0
4375,43.76,33.544151306152344,1.7192440305620547,76,4,0,1,1,1,1,0
4376,43.77,33.484947204589844,1.8265270034074852,76,4,0,1,1,1,1,0
4377,43.78,33.57349395751953,1.948357933985067,76,4,0,1,1,1,1,0
4378,43.79,33.701454162597656,1.9103445699034916,76,4,0,1,1,1,1,0
4379,43.8,33.9148063659668,1.6388416237350936,76,4,0,1,1,1,1,0
4380,43.81,33.78487014770508,1.882661963970448,76,5,1,1,1,1,1,0
4381,43.82,33.76628494262695,1.8395894421867303,76,4,0,1,1,1,1,0
4382,43.83,33.830726623535156,1.7990249578503876,76,4,0,1,1,1,1,0
4383,43.84,33.9540901184082,1.8143321920518827,76,4,0,1,1,1,1,0
4384,43.85,33.566925048828125,1.8279254331544588,76,5,1,1,1,1,1,0
4385,43.86,33.64585494995117,1.921538382777402,76,4,0,1,1,1,1,0
4386,43.87,33.89522933959961,1.773726295493546,76,4,0,1,1,1,1,0
4387,43.88,33.3359375,1.7390491421930154,76,5,1,1,1,1,1,0
4388,43.89,33.50636672973633,1.8300264133597168,76,4,0,1,1,1,1,0
4389,43.9,33.64560317993164,1.9085343078858015,76,4,0,1,1,1,1,0
4390,43.91,33.555824279785156,1.8441494891410164,76,4,0,1,1,1,1,0
4391,43.92,33.2933464050293,1.8847048217264384,76,4,0,1,1,1,1,0
4392,43.93,33.2809944152832,1.7483712391225679,76,4,0,1,1,1,1,0
4393,43.94,33.316322326660156,1.7332629405711335,76,4,0,1,1,1,1,0
4394,43.95,33.2119255065918,1.9280103288529593,76,4,0,1,1,1,1,0
4395,43.96,33.81178283691406,1.7638571279382926,76,4,0,1,1,1,1,0
4396,43.97,33.49042892456055,1.787003465974725,76,4,0,1,1,1,1,0
4397,43.98,33.64864730834961,1.7793838600501968,76,4,0,1,1,1,1,0
4398,43.99,33.29378890991211,1.9686834019660855,76,4,0,1,1,1,1,0
4399,44.0,33.228397369384766,1.7712734533833763,76,4,0,1,1,1,1,0
4400,44.01,33.11728286743164,2.203337256370619,76,4,0,1,1,1,1,0
4401,44.02,33.28268051147461,1.7305792924658883,76,4,0,1,1,1,1,0
4402,44.03,33.26877212524414,1.909238231603104,76,4,0,1,1,1,1,0
4403,44.04,33.50923538208008,1.8890751225795677,76,4,0,1,1,1,1,0
4404,44.05,33.61790466308594,1.9075878598183234,76,4,0,1,1,1,1,0
4405,44.06,33.23641586303711,1.7839838891842306,76,4,0,1,1,1,1,0
4406,44.07,33.485198974609375,1.9725390497413458,76,4,0,1,1,1,1,0
4407,44.08,33.42761993408203,1.7337502728354188,76,4,0,1,1,1,1,0
4408,44.09,33.369693756103516,1.75297000345623,76,4,0,1,1,1,1,0
4409,44.1,33.2221565246582,1.819700927479505,76,4,0,1,1,1,1,0
4410,44.11,33.28041458129883,1.8448558074971562,76,4,0,1,1,1,1,0
4411,44.12,33.17897033691406,1.8700274966256014,76,5,1,1,1,1,1,0
4412,44.13,33.3768196105957,1.7178469706956774,76,4,0,1,1,1,1,0
4413,44.14,33.12082290649414,1.7006425688909794,76,4,0,1,1,1,1,0
4414,44.15,33.228294372558594,1.9325361722695775,76,4,0,1,1,1,1,0
4415,44.16,33.04961395263672,1.9311362824317655,76,4,0,1,1,1,1,0
4416,44.17,33.29392623901367,1.779828831021672,76,4,0,1,1,1,1,0
4417,44.18,33.106407165527344,1.7415199402532895,76,4,0,1,1,1,1,0
4418,44.19,32.965965270996094,1.8106881619762463,76,4,0,1,1,1,1,0
4419,44.2,33.07046127319336,1.803221352157843,76,4,0,1,1,1,1,0
4420,44.21,33.14626693725586,1.744533448034336,76,5,1,1,1,1,1,0
4421,44.22,33.3513069152832,1.7766555844975882,76,4,0,1,1,1,1,0
4422,44.23,33.33218002319336,1.8334117208744691,76,4,0,1,1,1,1,0
4423,44.24,33.24995422363281,1.8060739888443684,76,5,1,1,1,1,1,0
4424,44.25,33.344017028808594,1.841579137782989,76,4,0,1,1,1,1,0
4425,44.26,33.67694091796875,1.7641141143358074,76,4,0,1,1,1,1,0
4426,44.27,33.593910217285156,1.7339254854646124,76,4,0,1,1,1,1,0
4427,44.28,33.92871856689453,1.8944361066692803,76,4,0,1,1,1,1,0
4428,44.29,33.5068244934082,1.713652207407476,76,4,0,1,1,1,1,0
4429,44.3,33.58617401123047,1.6923647345692008,76,4,0,1,1,1,1,0
4430,44.31,33.389068603515625,1.8860029859987717,76,4,0,1,1,1,1,0
4431,44.32,33.651268005371094,1.7027919865134244,76,4,0,1,1,1,1,0
4432,44.33,33.156497955322266,1.9601554357468425,76,4,0,1,1,1,1,0
4433,44.34,33.133846282958984,2.1196666325924762,76,4,0,1,1,1,1,0
4434,44.35,33.167625427246094,1.7846520417674623,76,4,0,1,1,1,1,0
4435,44.36,33.34379577636719,1.7922857801929237,76,4,0,1,1,1,1,0
4436,44.37,33.6613883972168,1.783871600814533,76,5,1,1,1,1,1,0
4437,44.38,33.66370391845703,1.8224454300743966,76,5,1,1,1,1,1,0
4438,44.39,33.6452751159668,1.9339371002032928,76,4,0,1,1,1,1,0
4439,44.4,33.40985870361328,2.019035752805652,76,4,0,1,1,1,1,0
4440,44.41,33.59610366821289,1.7744271674201055,76,4,0,1,1,1,1,0
4441,44.42,33.535884857177734,1.7654737412746286,76,4,0,1,1,1,1,0
4442,44.43,33.23418045043945,1.8245831675653696,76,4,0,1,1,1,1,0
4443,44.44,33.26227951049805,1.8238993940584691,76,4,0,1,1,1,1,0
4444,44.45,33.17516326904297,1.7692345820987072,76,4,0,1,1,1,1,0
4445,44.46,33.39381790161133,1.7557036177817493,76,4,0,1,1,1,1,0
4446,44.47,33.306671142578125,1.8076234024609574,76,4,0,1,1,1,1,0
4447,44.48,33.434486389160156,1.8742980741853987,76,4,0,1,1,1,1,0
4448,44.49,33.79460144042969,1.7408613813312903,76,4,0,1,1,1,1,0
4449,44.5,33.529296875,1.924109199011472,76,5,1,1,1,1,1,0
4450,44.51,33.59046173095703,1.936517819032692,76,4,0,1,1,1,1,0
4451,44.52,33.29051971435547,1.890395979803572,76,5,1,1,1,1,1,0
4452,44.53,33.315303802490234,1.8077603455785756,76,4,0,1,1,1,1,0
4453,44.54,33.320796966552734,1.7368345340359035,76,4,0,1,1,1,1,0
4454,44.55,33.47233581542969,1.9654016867542146,76,4,0,1,1,1,1,0
4455,44.56,33.271060943603516,1.8955205294123154,76,4,0,1,1,1,1,0
4456,44.57,33.20535659790039,1.703905986721194,76,4,0,1,1,1,1,0
4457,44.58,33.66976547241211,1.7427257935597866,76,4,0,1,1,1,1,0
4458,44.59,33.625572204589844,1.6782708751859738,76,5,1,1,1,1,1,0
4459,44.6,33.36320877075195,1.8860820257149278,76,5,1,1,1,1,1,0
4460,44.61,33.3027458190918,1.7889354536708995,76,5,1,1,1,1,1,0
4461,44.62,33.25669860839844,1.9891985911888383,76,5,1,1,1,1,1,0
4462,44.63,33.25494384765625,1.886952639006977,76,4,0,1,1,1,1,0
4463,44.64,33.17386245727539,1.7311826969801252,76,5,1,1,1,1,1,0
4464,44.65,33.42133331298828,1.908321303597627,76,5,1,1,1,1,1,0
4465,44.66,33.53799819946289,1.9943186831465158,76,4,0,1,1,1,1,0
4466,44.67,33.4289665222168,1.667366929821926,76,4,0,1,1,1,1,0
4467,44.68,33.532379150390625,1.8864485556477075,76,5,1,1,1,1,1,0
4468,44.69,33.47846984863281,1.868264985599647,76,5,1,1,1,1,1,0
4469,44.7,33.099056243896484,1.7729668918946209,76,4,0,1,1,1,1,0
4470,44.71,33.44181442260742,1.8124240353231622,76,5,1,1,1,1,1,0
4471,44.72,33.383209228515625,1.6923656136479908,76,4,0,1,1,1,1,0
4472,44.73,33.236610412597656,1.817967281174594,76,4,0,1,1,1,1,0
4473,44.74,33.27022933959961,1.8166454723299843,76,4,0,1,1,1,1,0
4474,44.75,33.13113784790039,1.7851882245568624,76,4,0,1,1,1,1,0
4475,44.76,33.39965057373047,1.854319664749719,76,4,0,1,1,1,1,0
4476,44.77,33.49325180053711,1.9231715464400962,76,4,0,1,1,1,1,0
4477,44.78,33.39623260498047,1.761905240626094,76,4,0,1,1,1,1,0
4478,44.79,33.472442626953125,1.9071197802807685,76,5,1,1,1,1,1,0
4479,44.8,33.56321716308594,1.8188717356870443,76,4,0,1,1,1,1,0
4480,44.81,33.30111312866211,1.7641141575969082,76,4,0,1,1,1,1,0
4481,44.82,33.525577545166016,1.7530250492039292,76,4,0,1,1,1,1,0
4482,44.83,33.27972412109375,1.8348288183387265,76,5,1,1,1,1,1,0
4483,44.84,33.53562545776367,1.8045473920940207,76,4,0,1,1,1,1,0
4484,44.85,33.746124267578125,1.704288232528983,76,4,0,1,1,1,1,0
4485,44.86,33.72760009765625,1.7984722138758316,76,5,1,1,1,1,1,0
4486,44.87,33.735443115234375,1.786250475823009,76,5,1,1,1,1,1,0
4487,44.88,33.734588623046875,1.6691602128239582,76,5,1,1,1,1,1,0
4488,44.89,33.51783752441406,1.7519364469413057,76,5,1,1,1,1,1,0
4489,44.9,33.39316940307617,1.8184052021675037,76,5,1,1,1,1,1,0
4490,44.91,33.427425384521484,1.6732609261785694,76,5,1,1,1,1,1,0
4491,44.92,33.2585334777832,1.870698956929297,76,5,1,1,1,1,1,0
4492,44.93,33.32451248168945,1.8942025810353234,76,5,1,1,1,1,1,0
4493,44.94,33.68584060668945,1.9451982631509162,76,5,1,1,1,1,1,0
4494,44.95,33.719886779785156,1.7672038277807103,76,5,1,1,1,1,1,0
4495,44.96,33.57358169555664,1.9753782056142402,76,5,1,1,1,1,1,0
4496,44.97,33.18675994873047,1.785444362694989,76,5,1,1,1,1,1,0
4497,44.98,33.09380340576172,1.7853039343373984,76,5,1,1,1,1,1,0
4498,44.99,33.28001022338867,1.8335199974575886,76,5,1,1,1,1,1,0
4499,45.0,33.22734069824219,1.7435008196263206,76,5,1,1,1,1,1,0
4500,45.01,33.062744140625,1.7374998226046485,76,5,1,1,1,1,1,0
4501,45.02,33.23754119873047,1.7302304205952306,76,5,1,1,1,1,1,0
4502,45.03,33.355987548828125,1.8306546675594149,76,4,0,1,1,1,1,0
4503,45.04,33.52707290649414,1.8559649599758896,76,4,0,1,1,1,1,0
4504,45.05,33.576576232910156,1.928732525593018,76,4,0,1,1,1,1,0
4505,45.06,33.76275634765625,1.750713813161951,76,4,0,1,1,1,1,0
4506,45.07,33.72809600830078,1.768532277867032,76,4,0,1,1,1,1,0
4507,45.08,34.09238815307617,1.788883133584526,76,4,0,1,1,1,1,0
4508,45.09,33.83272171020508,1.875549430409416,76,4,0,1,1,1,1,0
4509,45.1,33.46488952636719,1.9328205769627014,76,4,0,1,1,1,1,0
4510,45.11,33.380367279052734,1.8636834447070918,76,4,0,1,1,1,1,0
4511,45.12,33.45616149902344,1.9275665493415364,76,4,0,1,1,1,1,0
4512,45.13,33.44627380371094,1.8897143742728264,76,4,0,1,1,1,1,0
4513,45.14,33.39863204956055,1.745852419709651,76,4,0,1,1,1,1,0
4514,45.15,33.47089767456055,1.8318310475006758,76,4,0,1,1,1,1,0
4515,45.16,33.55345916748047,1.7001768733770533,76,5,1,1,1,1,1,0
4516,45.17,33.16016387939453,1.8527308393668813,76,5,1,1,1,1,1,0
4517,45.18,33.295475006103516,1.6688646662736673,76,4,0,1,1,1,1,0
4518,45.19,33.41695785522461,2.0894768318470196,76,5,1,1,1,1,1,0
4519,45.2,33.286800384521484,1.8067357035858416,76,4,0,1,1,1,1,0
4520,45.21,33.333778381347656,1.7375316853065854,76,4,0,1,1,1,1,0
4521,45.22,33.38120651245117,1.6924220445069011,76,5,1,1,1,1,1,0
4522,45.23,33.092350006103516,1.7695546968464702,76,4,0,1,1,1,1,0
4523,45.24,33.08342742919922,1.859808000074033,76,5,1,1,1,1,1,0
4524,45.25,33.35945129394531,1.941267380606199,76,4,0,1,1,1,1,0
4525,45.26,33.13516616821289,1.7706504842070219,76,4,0,1,1,1,1,0
4526,45.27,33.119842529296875,1.8330841682146826,76,5,1,1,1,1,1,0
4527,45.28,33.42068099975586,1.8005254894180671,76,4,0,1,1,1,1,0
4528,45.29,33.31608200073242,1.642589473989029,76,4,0,1,1,1,1,0
4529,45.3,33.464141845703125,1.7290445183092469,76,4,0,1,1,1,1,0
4530,45.31,33.100955963134766,1.8491606859121072,76,5,1,1,1,1,1,0
4531,45.32,33.23224639892578,1.7182532289925159,76,5,1,1,1,1,1,0
4532,45.33,33.138763427734375,1.8662759158569406,76,4,0,1,1,1,1,0
4533,45.34,33.37924575805664,1.8023577994086712,76,5,1,1,1,1,1,0
4534,45.35,33.2556266784668,1.7449597329556346,76,5,1,1,1,1,1,0
4535,45.36,33.3934326171875,1.8628507053083507,76,4,0,1,1,1,1,0
4536,45.37,33.28562927246094,1.93419366246073,76,4,0,1,1,1,1,0
4537,45.38,33.011783599853516,1.90688448713562,76,5,1,1,1,1,1,0
4538,45.39,33.13833236694336,1.88695213360243,76,5,1,1,1,1,1,0
4539,45.4,33.286598205566406,1.779921329784781,76,5,1,1,1,1,1,0
4540,45.41,33.21260070800781,1.6081361869735484,76,4,0,1,1,1,1,0
4541,45.42,33.40901565551758,1.8099704702215842,76,4,0,1,1,1,1,0
4542,45.43,33.28117370605469,1.845365422995827,76,5,1,1,1,1,1,0
4543,45.44,33.08552169799805,1.7382769592723102,76,4,0,1,1,1,1,0
4544,45.45,33.37428665161133,1.8252134416817014,76,5,1,1,1,1,1,0
4545,45.46,33.25224304199219,1.7879058692997032,76,4,0,1,1,1,1,0
4546,45.47,33.409236907958984,1.7474845761205307,76,4,0,1,1,1,1,0
4547,45.48,33.45044708251953,1.7644591620933585,76,5,1,1,1,1,1,0
4548,45.49,33.1597785949707,1.8370076643378406,76,4,0,1,1,1,1,0
4549,45.5,33.303340911865234,1.8123200131243578,76,4,0,1,1,1,1,0
4550,45.51,33.351993560791016,1.8598370084863889,76,4,0,1,1,1,1,0
4551,45.52,33.24113845825195,1.7655913696421517,76,5,1,1,1,1,1,0
4552,45.53,33.42695999145508,1.8104430542669665,76,4,0,1,1,1,1,0
4553,45.54,33.2144660949707,1.9517448842737015,76,4,0,1,1,1,1,0
4554,45.55,33.52518081665039,1.7448805751247163,76,4,0,1,1,1,1,0
4555,45.56,32.993778228759766,1.7154043093684286,76,4,0,1,1,1,1,0
4556,45.57,33.29761505126953,1.9240065756396807,76,4,0,1,1,1,1,0
4557,45.58,33.24517822265625,1.933342586280701,76,4,0,1,1,1,1,0
4558,45.59,33.15715408325195,1.89298482150692,76,4,0,1,1,1,1,0
4559,45.6,33.49286651611328,1.7340700745536246,76,4,0,1,1,1,1,0
4560,45.61,33.18995666503906,1.820382045028889,76,4,0,1,1,1,1,0
4561,45.62,33.38087463378906,1.9781075305662505,76,4,0,1,1,1,1,0
4562,45.63,33.59435272216797,1.8262851702933043,76,4,0,1,1,1,1,0
4563,45.64,33.33026123046875,1.7145277257231988,76,4,0,1,1,1,1,0
4564,45.65,33.54747772216797,1.7157531054583781,76,4,0,1,1,1,1,0
4565,45.66,33.491600036621094,1.76448186861082,76,4,0,1,1,1,1,0
4566,45.67,33.048770904541016,1.832430240407509,76,4,0,1,1,1,1,0
4567,45.68,32.94784927368164,1.7975839005933452,76,4,0,1,1,1,1,0
4568,45.69,33.01559829711914,1.8451593916424212,76,4,0,1,1,1,1,0
4569,45.7,33.28654479980469,1.754706939838568,76,4,0,1,1,1,1,0
4570,45.71,33.15247344970703,1.9967235873397624,76,4,0,1,1,1,1,0
4571,45.72,33.06325149536133,1.956046020413443,76,4,0,1,1,1,1,0
4572,45.73,32.81309127807617,1.7894421864442365,76,4,0,1,1,1,1,0
4573,45.74,32.99869918823242,1.8806674462396096,76,4,0,1,1,1,1,0
4574,45.75,33.362037658691406,1.7074284175800716,76,4,0,1,1,1,1,0
4575,45.76,33.34861373901367,1.8519724139177685,76,4,0,1,1,1,1,0
4576,45.77,33.55234146118164,1.8310907000656023,76,4,0,1,1,1,1,0
4577,45.78,33.446533203125,1.7953252267203899,76,4,0,1,1,1,1,0
4578,45.79,33.37871170043945,1.7282679536655479,76,4,0,1,1,1,1,0
4579,45.8,33.56314468383789,1.7397434764675956,76,4,0,1,1,1,1,0
4580,45.81,33.17351531982422,1.7471715528451424,76,4,0,1,1,1,1,0
4581,45.82,33.53597640991211,1.8553971614485436,76,4,0,1,1,1,1,0
4582,45.83,33.45848083496094,2.0585665943420004,76,4,0,1,1,1,1,0
4583,45.84,33.58660888671875,1.9438881260911633,76,4,0,1,1,1,1,0
4584,45.85,33.31943130493164,1.7129484552349703,76,4,0,1,1,1,1,0
4585,45.86,33.21913528442383,1.728757863502617,76,4,0,1,1,1,1,0
4586,45.87,33.100364685058594,1.7780311582834163,76,4,0,1,1,1,1,0
4587,45.88,33.24732208251953,1.6724561334897672,76,4,0,1,1,1,1,0
4588,45.89,33.24300003051758,1.918049357890226,76,4,0,1,1,1,1,0
4589,45.9,33.261573791503906,1.794684966351471,76,5,1,1,1,1,1,0
4590,45.91,33.242698669433594,1.695227119286438,76,4,0,1,1,1,1,0
4591,45.92,33.31484603881836,1.714467505710505,76,4,0,1,1,1,1,0
4592,45.93,33.24979019165039,1.9013714821674659,76,4,0,1,1,1,1,0
4593,45.94,33.15083312988281,1.8861077580549017,76,5,1,1,1,1,1,0
4594,45.95,33.001319885253906,1.876005962241271,76,5,1,1,1,1,1,0
4595,45.96,32.926414489746094,1.8756301105979463,76,4,0,1,1,1,1,0
4596,45.97,33.25262451171875,1.7640858024131287,76,5,1,1,1,1,1,0
4597,45.98,33.043212890625,1.814746705765437,76,4,0,1,1,1,1,0
4598,45.99,33.13029861450195,1.8522154447687567,76,4,0,1,1,1,1,0
4599,46.0,33.01250076293945,1.70613654506523,76,5,1,1,1,1,1,0
4600,46.01,33.109134674072266,2.0421999158430584,76,4,0,1,1,1,1,0
4601,46.02,33.00519561767578,1.8024740365967031,76,4,0,1,1,1,1,0
4602,46.03,33.086700439453125,1.8254573811168475,76,4,0,1,1,1,1,0
4603,46.04,32.88972854614258,1.6985040864337222,76,4,0,1,1,1,1,0
4604,46.05,33.07829666137695,1.9776239430091143,76,4,0,1,1,1,1,0
4605,46.06,33.07243347167969,1.7459920665739836,76,4,0,1,1,1,1,0
4606,46.07,33.210567474365234,1.6966468745995056,76,4,0,1,1,1,1,0
4607,46.08,33.46095657348633,1.6815466473572773,76,5,1,1,1,1,1,0
4608,46.09,33.12392807006836,1.7513706929744721,76,4,0,1,1,1,1,0
4609,46.1,32.96792984008789,1.7414898371922658,76,4,0,1,1,1,1,0
4610,46.11,33.22673034667969,1.7799448677710192,76,4,0,1,1,1,1,0
4611,46.12,33.42876434326172,1.9054162911808383,76,4,0,1,1,1,1,0
4612,46.13,33.31727600097656,1.703785711695207,76,4,0,1,1,1,1,0
4613,46.14,33.36467742919922,1.9053084765022215,76,4,0,1,1,1,1,0
4614,46.15,33.31617736816406,1.9637711395760042,76,4,0,1,1,1,1,0
4615,46.16,33.40192794799805,1.973174040962985,76,4,0,1,1,1,1,0
4616,46.17,33.6528434753418,1.9846682146838874,76,4,0,1,1,1,1,0
4617,46.18,33.58304977416992,2.085785531100384,76,4,0,1,1,1,1,0
4618,46.19,33.32215118408203,1.8832156474890176,76,5,1,1,1,1,1,0
4619,46.2,33.32181167602539,1.664538722954142,76,4,0,1,1,1,1,0
4620,46.21,33.407527923583984,1.7371510010691316,76,4,0,1,1,1,1,0
4621,46.22,33.444786071777344,1.7397401655201465,76,4,0,1,1,1,1,0
4622,46.23,33.594024658203125,1.776599510217814,76,4,0,1,1,1,1,0
4623,46.24,33.80405807495117,1.9138666417711632,76,4,0,1,1,1,1,0
4624,46.25,33.30997848510742,1.8904455307824946,76,4,0,1,1,1,1,0
4625,46.26,33.2248649597168,1.873391458472952,76,4,0,1,1,1,1,0
4626,46.27,33.414371490478516,1.8915321808248629,76,4,0,1,1,1,1,0
4627,46.28,33.482906341552734,1.8676495669276754,76,4,0,1,1,1,1,0
4628,46.29,33.764366149902344,1.966184784821754,76,4,0,1,1,1,1,0
4629,46.3,33.293941497802734,1.9451978905438658,76,4,0,1,1,1,1,0
4630,46.31,33.191986083984375,1.8210725227476945,76,4,0,1,1,1,1,0
4631,46.32,33.55186080932617,1.8423072364237438,76,4,0,1,1,1,1,0
4632,46.33,33.6546516418457,1.8269687190406934,76,5,1,1,1,1,1,0
4633,46.34,33.63733673095703,1.7940500696743544,76,4,0,1,1,1,1,0
4634,46.35,33.33259201049805,1.7371246433085323,76,4,0,1,1,1,1,0
4635,46.36,33.3903694152832,1.9670769514194215,76,5,1,1,1,1,1,0
4636,46.37,33.41122817993164,1.7368938248250356,76,4,0,1,1,1,1,0
4637,46.38,33.27056121826172,1.87994247593035,76,4,0,1,1,1,1,0
4638,46.39,33.66638946533203,1.8960225428925466,76,5,1,1,1,1,1,0
4639,46.4,33.57347869873047,1.94437502275941,76,5,1,1,1,1,1,0
4640,46.41,33.44892883300781,1.8417642096820952,76,4,0,1,1,1,1,0
4641,46.42,33.225379943847656,1.7924882636802546,76,5,1,1,1,1,1,0
4642,46.43,33.45176315307617,1.87781255446277,76,4,0,1,1,1,1,0
4643,46.44,33.27916717529297,1.8702139143612875,76,4,0,1,1,1,1,0
4644,46.45,32.968074798583984,1.7893615641203136,76,4,0,1,1,1,1,0
4645,46.46,33.339752197265625,1.8731255091427084,76,4,0,1,1,1,1,0
4646,46.47,32.90121078491211,1.752173556897027,76,4,0,1,1,1,1,0
4647,46.48,33.50831604003906,1.692043317889776,76,4,0,1,1,1,1,0
4648,46.49,33.3117561340332,1.779045716701522,76,5,1,1,1,1,1,0
4649,46.5,33.215206146240234,1.8069079979584084,76,4,0,1,1,1,1,0
4650,46.51,33.20964813232422,1.8432833335924392,76,4,0,1,1,1,1,0
4651,46.52,33.197845458984375,1.6926327782632407,76,4,0,1,1,1,1,0
4652,46.53,33.233089447021484,1.791619047924394,76,4,0,1,1,1,1,0
4653,46.54,32.969703674316406,1.783842618770029,76,5,1,1,1,1,1,0
4654,46.55,33.34041213989258,1.8397810797462137,76,4,0,1,1,1,1,0
4655,46.56,33.262725830078125,1.8130089743700415,76,5,1,1,1,1,1,0
4656,46.57,33.02811050415039,1.6835656610206502,76,4,0,1,1,1,1,0
4657,46.58,33.084476470947266,1.9122208231721654,76,4,0,1,1,1,1,0
4658,46.59,33.32335662841797,1.7666873912517904,76,4,0,1,1,1,1,0
4659,46.6,33.33888244628906,1.82356741333802,76,4,0,1,1,1,1,0
4660,46.61,33.55240249633789,1.76328873019226,76,4,0,1,1,1,1,0
4661,46.62,33.569122314453125,1.8159621760665938,76,5,1,1,1,1,1,0
4662,46.63,33.75672912597656,1.9138178167932105,76,5,1,1,1,1,1,0
4663,46.64,33.72611999511719,1.7173508385370908,76,4,0,1,1,1,1,0
4664,46.65,33.68960189819336,1.8385028470297826,76,4,0,1,1,1,1,0
4665,46.66,33.53339385986328,1.7687053389693084,76,4,0,1,1,1,1,0
4666,46.67,33.508270263671875,1.6847840738509792,76,4,0,1,1,1,1,0
4667,46.68,33.336029052734375,1.7640329831769341,76,4,0,1,1,1,1,0
4668,46.69,33.8410758972168,1.8439406532192026,76,5,1,1,1,1,1,0
4669,46.7,33.1956672668457,1.7643691606839722,76,5,1,1,1,1,1,0
4670,46.71,33.15204620361328,1.795464085169893,76,5,1,1,1,1,1,0
4671,46.72,33.41865158081055,1.7811251138386506,76,4,0,1,1,1,1,0
4672,46.73,33.596134185791016,1.7490896863379126,76,4,0,1,1,1,1,0
4673,46.74,33.5930061340332,1.7634314525068409,76,4,0,1,1,1,1,0
4674,46.75,33.27109909057617,1.829753890035777,76,5,1,1,1,1,1,0
4675,46.76,33.39547348022461,1.7514521928843274,76,5,1,1,1,1,1,0
4676,46.77,33.46231460571289,1.8134528677977497,76,4,0,1,1,1,1,0
4677,46.78,33.32373046875,1.7650490392528368,76,5,1,1,1,1,1,0
4678,46.79,33.71257400512695,1.8089791604775298,76,4,0,1,1,1,1,0
4679,46.8,33.565826416015625,1.786503066550177,76,4,0,1,1,1,1,0
4680,46.81,33.38249969482422,1.8865066829001236,76,4,0,1,1,1,1,0
4681,46.82,32.977699279785156,1.7533944113331563,76,5,1,1,1,1,1,0
4682,46.83,33.32794952392578,1.678184093721848,76,4,0,1,1,1,1,0
4683,46.84,33.4666633605957,2.003702921288028,76,5,1,1,1,1,1,0
4684,46.85,33.119319915771484,1.7920380277740762,76,5,1,1,1,1,1,0
4685,46.86,33.20244216918945,1.7747700811533649,76,4,0,1,1,1,1,0
4686,46.87,33.26334762573242,1.7657568552129808,76,4,0,1,1,1,1,0
4687,46.88,33.059478759765625,1.7399735880654017,76,5,1,1,1,1,1,0
4688,46.89,33.146141052246094,1.7383653271534145,76,4,0,1,1,1,1,0
4689,46.9,33.3339958190918,1.9099231357072097,76,4,0,1,1,1,1,0
4690,46.91,33.260066986083984,1.7283804113818633,76,5,1,1,1,1,1,0
4691,46.92,32.91630554199219,1.7189874596348096,76,5,1,1,1,1,1,0
4692,46.93,33.2528190612793,1.7198268962966266,76,5,1,1,1,1,1,0
4693,46.94,33.216224670410156,1.8664928191004322,76,5,1,1,1,1,1,0
4694,46.95,32.943023681640625,1.763436146692743,76,5,1,1,1,1,1,0
4695,46.96,32.903358459472656,1.7955774969007445,76,5,1,1,1,1,1,0
4696,46.97,33.11006164550781,1.8784282583009289,76,5,1,1,1,1,1,0
4697,46.98,33.079959869384766,1.7604809182054832,76,5,1,1,1,1,1,0
4698,46.99,32.76396560668945,1.828142233326614,76,5,1,1,1,1,1,0
4699,47.0,32.90931701660156,1.7507419491374532,76,5,1,1,1,1,1,0
4700,47.01,32.75928497314453,1.7527659581556647,76,4,0,1,1,1,1,0
4701,47.02,32.77914047241211,1.700974179464732,76,5,1,1,1,1,1,0
4702,47.03,32.92088317871094,1.7648218513485197,76,4,0,1,1,1,1,0
4703,47.04,33.21319580078125,1.8627193277868612,76,5,1,1,1,1,1,0
4704,47.05,33.19386672973633,1.8254566497214024,76,5,1,1,1,1,1,0
4705,47.06,33.2044792175293,1.8057133321304641,76,4,0,1,1,1,1,0
4706,47.07,33.14424514770508,1.748168708221597,76,4,0,1,1,1,1,0
4707,47.08,32.72713851928711,1.848616184972769,76,4,0,1,1,1,1,0
4708,47.09,33.12681198120117,1.7048720272147022,76,5,1,1,1,1,1,0
4709,47.1,32.88212203979492,1.8944673837794337,76,4,0,1,1,1,1,0
4710,47.11,33.264522552490234,1.9022638803521106,76,4,0,1,1,1,1,0
4711,47.12,33.227210998535156,1.7404863348773327,76,4,0,1,1,1,1,0
4712,47.13,33.3725471496582,1.8553132985978704,76,4,0,1,1,1,1,0
4713,47.14,33.34636688232422,1.7680216449819937,76,4,0,1,1,1,1,0
4714,47.15,33.358768463134766,1.7690119857646973,76,4,0,1,1,1,1,0
4715,47.16,33.823604583740234,1.8913993466919572,76,4,0,1,1,1,1,0
4716,47.17,33.98720932006836,1.7702554318034442,76,4,0,1,1,1,1,0
4717,47.18,33.94189453125,1.7686767985801184,76,4,0,1,1,1,1,0
4718,47.19,33.61349105834961,1.7868705894114647,76,4,0,1,1,1,1,0
4719,47.2,33.656150817871094,1.8455646252616797,76,4,0,1,1,1,1,0
4720,47.21,33.66154098510742,1.8228252791474497,76,5,1,1,1,1,1,0
4721,47.22,33.267356872558594,1.7207259487085973,76,5,1,1,1,1,1,0
4722,47.23,33.271183013916016,1.7768233243941922,76,4,0,1,1,1,1,0
4723,47.24,33.27463150024414,1.7922886109597143,76,4,0,1,1,1,1,0
4724,47.25,33.325923919677734,1.770139126243706,76,5,1,1,1,1,1,0
4725,47.26,33.28926467895508,1.7561874815138805,76,5,1,1,1,1,1,0
4726,47.27,33.357139587402344,1.8288211248124355,76,4,0,1,1,1,1,0
4727,47.28,33.54477310180664,1.784768961853467,76,4,0,1,1,1,1,0
4728,47.29,33.535892486572266,1.9022374039879923,76,4,0,1,1,1,1,0
4729,47.3,33.4047737121582,1.8081258050909466,76,4,0,1,1,1,1,0
4730,47.31,33.212276458740234,1.7709868702646334,76,4,0,1,1,1,1,0
4731,47.32,33.246116638183594,1.784323427009268,76,4,0,1,1,1,1,0
4732,47.33,33.5108528137207,1.8061275006121593,76,4,0,1,1,1,1,0
4733,47.34,33.471649169921875,1.6508765492160473,76,4,0,1,1,1,1,0
4734,47.35,33.6667594909668,1.976719433160431,76,5,1,1,1,1,1,0
4735,47.36,33.52652359008789,1.7102327966936886,76,4,0,1,1,1,1,0
4736,47.37,33.35601806640625,1.7506880518221446,76,5,1,1,1,1,1,0
4737,47.38,33.30915832519531,1.7698932956248536,76,4,0,1,1,1,1,0
4738,47.39,33.48268508911133,1.793382759606567,76,4,0,1,1,1,1,0
4739,47.4,33.237125396728516,1.9004207843931609,76,4,0,1,1,1,1,0
4740,47.41,33.497398376464844,1.6590656804032053,76,4,0,1,1,1,1,0
4741,47.42,33.556549072265625,1.8270475357139961,76,4,0,1,1,1,1,0
4742,47.43,33.27239990234375,1.8512128534945282,76,4,0,1,1,1,1,0
4743,47.44,33.498600006103516,1.6806557638011868,76,4,0,1,1,1,1,0
4744,47.45,33.434261322021484,1.8271599265618015,76,4,0,1,1,1,1,0
4745,47.46,33.801055908203125,1.7900262815869648,76,5,1,1,1,1,1,0
4746,47.47,33.30799865722656,1.8158450166245774,76,4,0,1,1,1,1,0
4747,47.48,33.164302825927734,1.9088486337851593,76,4,0,1,1,1,1,0
4748,47.49,33.53352737426758,1.8201350570736265,76,4,0,1,1,1,1,0
4749,47.5,33.758941650390625,1.9175499479137834,76,4,0,1,1,1,1,0
4750,47.51,33.293731689453125,1.8531304443720062,76,4,0,1,1,1,1,0
4751,47.52,33.95180130004883,1.8501102954944526,76,4,0,1,1,1,1,0
4752,47.53,33.56913375854492,1.7141160445259813,76,4,0,1,1,1,1,0
4753,47.54,33.87721633911133,1.964632456340926,76,4,0,1,1,1,1,0
4754,47.55,33.46019744873047,1.7076906567545351,76,4,0,1,1,1,1,0
4755,47.56,33.27196502685547,1.807708549237879,76,4,0,1,1,1,1,0
4756,47.57,33.5681037902832,1.6650246045091082,76,4,0,1,1,1,1,0
4757,47.58,33.51446533203125,1.8174147569939245,76,4,0,1,1,1,1,0
4758,47.59,33.450382232666016,1.917414240918861,76,4,0,1,1,1,1,0
4759,47.6,33.078773498535156,1.7518862445460535,76,4,0,1,1,1,1,0
4760,47.61,33.391761779785156,2.042081795405551,76,4,0,1,1,1,1,0
4761,47.62,33.74307632446289,1.7868957010265933,76,4,0,1,1,1,1,0
4762,47.63,33.648040771484375,1.7906996356045426,76,4,0,1,1,1,1,0
4763,47.64,33.37474060058594,1.847539193406027,76,4,0,1,1,1,1,0
4764,47.65,33.74867248535156,1.745220157764981,76,4,0,1,1,1,1,0
4765,47.66,33.61073303222656,1.730026515702981,76,4,0,1,1,1,1,0
4766,47.67,33.50898742675781,1.8968917511113474,76,4,0,1,1,1,1,0
4767,47.68,33.2572135925293,1.6979417211112195,76,4,0,1,1,1,1,0
4768,47.69,33.51953125,1.8492177367209186,76,4,0,1,1,1,1,0
4769,47.7,33.58064651489258,1.8619898892530489,76,4,0,1,1,1,1,0
4770,47.71,33.627933502197266,1.7939094643810287,76,4,0,1,1,1,1,0
4771,47.72,33.562225341796875,1.7878241748495152,76,4,0,1,1,1,1,0
4772,47.73,33.449462890625,1.7217706189700184,76,4,0,1,1,1,1,0
4773,47.74,33.180904388427734,1.8744062886528914,76,4,0,1,1,1,1,0
4774,47.75,33.47846603393555,1.9129567182148794,76,4,0,1,1,1,1,0
4775,47.76,33.70924758911133,1.662794496547406,76,4,0,1,1,1,1,0
4776,47.77,33.665245056152344,1.7534804945051456,76,4,0,1,1,1,1,0
4777,47.78,33.608421325683594,1.667753524610579,76,4,0,1,1,1,1,0
4778,47.79,33.730873107910156,1.7256894356565804,76,5,1,1,1,1,1,0
4779,47.8,33.484962463378906,1.6346846782192845,76,4,0,1,1,1,1,0
4780,47.81,33.5312614440918,1.8908706403680793,76,4,0,1,1,1,1,0
4781,47.82,33.29956817626953,1.8142763150541452,76,4,0,1,1,1,1,0
4782,47.83,33.535308837890625,1.8741094165982872,76,4,0,1,1,1,1,0
4783,47.84,33.35533905029297,1.8402755945633185,76,5,1,1,1,1,1,0
4784,47.85,33.645469665527344,1.7393685179361258,76,4,0,1,1,1,1,0
4785,47.86,33.538150787353516,1.8398641992347047,76,5,1,1,1,1,1,0
4786,47.87,33.61042404174805,1.8249642439201816,76,5,1,1,1,1,1,0
4787,47.88,33.2602424621582,1.9089551894202121,76,4,0,1,1,1,1,0
4788,47.89,33.312110900878906,1.8695986679184913,76,4,0,1,1,1,1,0
4789,47.9,33.53212356567383,1.761136494344037,76,4,0,1,1,1,1,0
4790,47.91,33.274658203125,1.8439360812160563,76,4,0,1,1,1,1,0
4791,47.92,33.340065002441406,1.8012490834163963,76,4,0,1,1,1,1,0
4792,47.93,33.34632110595703,1.7400036515863955,76,4,0,1,1,1,1,0
4793,47.94,33.563724517822266,1.8833234710964,76,4,0,1,1,1,1,0
4794,47.95,33.30072784423828,1.9146529207371816,76,5,1,1,1,1,1,0
4795,47.96,33.3693962097168,1.8409240210360271,76,4,0,1,1,1,1,0
4796,47.97,33.41517639160156,1.760480441508274,76,4,0,1,1,1,1,0
4797,47.98,33.153953552246094,1.858307619382718,76,4,0,1,1,1,1,0
4798,47.99,33.34413528442383,1.9032068627214977,76,4,0,1,1,1,1,0
4799,48.0,33.429256439208984,1.7517413185454989,76,4,0,1,1,1,1,0
4800,48.01,33.49296951293945,1.8263343719494392,76,4,0,1,1,1,1,0
4801,48.02,33.63270950317383,1.8152907117268782,76,4,0,1,1,1,1,0
4802,48.03,33.73793029785156,1.8313366895360685,76,5,1,1,1,1,1,0
4803,48.04,33.32853317260742,1.8272642104150376,76,4,0,1,1,1,1,0
4804,48.05,33.3627815246582,1.8775811871964145,76,4,0,1,1,1,1,0
4805,48.06,33.203224182128906,1.8878600973302064,76,5,1,1,1,1,1,0
4806,48.07,33.25389862060547,1.7686457989244302,76,5,1,1,1,1,1,0
4807,48.08,33.53363800048828,1.702532532959331,76,4,0,1,1,1,1,0
4808,48.09,33.52647399902344,1.6905596629175956,76,4,0,1,1,1,1,0
4809,48.1,33.80217742919922,1.8111054474879786,76,4,0,1,1,1,1,0
4810,48.11,33.8433952331543,1.6077943257773077,76,4,0,1,1,1,1,0
4811,48.12,33.806724548339844,2.003546731578355,76,4,0,1,1,1,1,0
4812,48.13,33.61567306518555,1.9994460452665939,76,4,0,1,1,1,1,0
4813,48.14,33.71821594238281,1.6623781500929282,76,4,0,1,1,1,1,0
4814,48.15,34.06336975097656,1.7184008017071648,76,4,0,1,1,1,1,0
4815,48.16,33.779075622558594,1.7848809586771575,76,4,0,1,1,1,1,0
4816,48.17,33.434417724609375,1.7947973646006796,76,4,0,1,1,1,1,0
4817,48.18,33.638431549072266,1.8321828153952298,76,4,0,1,1,1,1,0
4818,48.19,33.39104461669922,1.992865716361355,76,4,0,1,1,1,1,0
4819,48.2,33.483360290527344,1.8827611069944485,76,4,0,1,1,1,1,0
4820,48.21,33.47869110107422,1.908558118535312,76,5,1,1,1,1,1,0
4821,48.22,33.780025482177734,1.8635963725640818,76,4,0,1,1,1,1,0
4822,48.23,33.3347053527832,1.655111091325989,76,5,1,1,1,1,1,0
4823,48.24,33.517845153808594,1.72655582312906,76,5,1,1,1,1,1,0
4824,48.25,33.46154022216797,1.8362484161641626,76,4,0,1,1,1,1,0
4825,48.26,33.63827896118164,1.748746056060544,76,4,0,1,1,1,1,0
4826,48.27,33.68190002441406,1.7993861071377066,76,4,0,1,1,1,1,0
4827,48.28,33.631038665771484,1.9868836904379792,76,4,0,1,1,1,1,0
4828,48.29,33.6290283203125,1.8854438287597484,76,4,0,1,1,1,1,0
4829,48.3,33.580406188964844,1.7963871110810465,76,4,0,1,1,1,1,0
4830,48.31,33.571651458740234,1.7863104754639492,76,4,0,1,1,1,1,0
4831,48.32,33.33339309692383,1.7852173343292153,76,4,0,1,1,1,1,0
4832,48.33,33.675594329833984,1.7624118664958335,76,4,0,1,1,1,1,0
4833,48.34,33.69208526611328,1.850432257389694,76,4,0,1,1,1,1,0
4834,48.35,33.69961929321289,1.7986092599001802,76,4,0,1,1,1,1,0
4835,48.36,33.6934814453125,1.7641141359601713,76,4,0,1,1,1,1,0
4836,48.37,33.773860931396484,1.7982510093171553,76,4,0,1,1,1,1,0
4837,48.38,33.809932708740234,1.7955749899930296,76,4,0,1,1,1,1,0
4838,48.39,33.912391662597656,1.8096937883718993,76,4,0,1,1,1,1,0
4839,48.4,33.556846618652344,1.8020537574533264,76,4,0,1,1,1,1,0
4840,48.41,33.63547134399414,1.8156559791230367,76,4,0,1,1,1,1,0
4841,48.42,33.78955841064453,1.666194953902474,76,4,0,1,1,1,1,0
4842,48.43,33.87567138671875,1.8051628897406595,76,4,0,1,1,1,1,0
4843,48.44,34.082820892333984,1.9540769851885784,76,4,0,1,1,1,1,0
4844,48.45,33.97690200805664,1.7067181653037429,76,4,0,1,1,1,1,0
4845,48.46,33.755531311035156,1.7714120221951997,76,4,0,1,1,1,1,0
4846,48.47,33.596073150634766,2.0280315006400245,76,4,0,1,1,1,1,0
4847,48.48,33.364830017089844,1.841358823346083,76,4,0,1,1,1,1,0
4848,48.49,33.872840881347656,1.780422529161668,76,5,1,1,1,1,1,0
4849,48.5,33.81720733642578,2.0782923679974843,76,4,0,1,1,1,1,0
4850,48.51,33.68013381958008,1.8540755723626552,76,5,1,1,1,1,1,0
4851,48.52,33.56198501586914,1.7782620859058473,76,4,0,1,1,1,1,0
4852,48.53,33.46664047241211,2.034258588476775,76,4,0,1,1,1,1,0
4853,48.54,33.4830436706543,1.8298927417461155,76,4,0,1,1,1,1,0
4854,48.55,33.470130920410156,1.8840695192895451,76,4,0,1,1,1,1,0
4855,48.56,33.51739501953125,1.8136458788616687,76,4,0,1,1,1,1,0
4856,48.57,33.57004928588867,1.7891038972446542,76,4,0,1,1,1,1,0
4857,48.58,33.6811408996582,1.6802949828120974,76,4,0,1,1,1,1,0
4858,48.59,33.44053649902344,1.8244448526572756,76,4,0,1,1,1,1,0
4859,48.6,33.57189178466797,1.9196350044909172,76,4,0,1,1,1,1,0
4860,48.61,33.52806091308594,1.9066998340615688,76,4,0,1,1,1,1,0
4861,48.62,33.480648040771484,1.804712264793964,76,4,0,1,1,1,1,0
4862,48.63,33.54167175292969,1.9055934015942342,76,4,0,1,1,1,1,0
4863,48.64,33.93534469604492,1.8325163370385906,76,4,0,1,1,1,1,0
4864,48.65,33.31999969482422,1.8279218854197221,76,4,0,1,1,1,1,0
4865,48.66,33.5863151550293,1.877603947877754,76,4,0,1,1,1,1,0
4866,48.67,33.767391204833984,1.7936548540992543,76,4,0,1,1,1,1,0
4867,48.68,33.600425720214844,1.9387056221004315,76,4,0,1,1,1,1,0
4868,48.69,33.50740432739258,1.8377113721106142,76,4,0,1,1,1,1,0
4869,48.7,33.095558166503906,1.8625482638535473,76,4,0,1,1,1,1,0
4870,48.71,33.20945358276367,1.7018523646188763,76,4,0,1,1,1,1,0
4871,48.72,33.203182220458984,1.851972702288828,76,4,0,1,1,1,1,0
4872,48.73,33.889183044433594,1.7653034318988121,76,4,0,1,1,1,1,0
4873,48.74,33.80213165283203,1.8074854148198707,76,4,0,1,1,1,1,0
4874,48.75,33.28887176513672,1.8552398156545193,76,4,0,1,1,1,1,0
4875,48.76,33.064048767089844,1.7165333984464255,76,4,0,1,1,1,1,0
4876,48.77,33.111351013183594,1.8153268407399947,76,4,0,1,1,1,1,0
4877,48.78,33.143760681152344,1.8340701657307559,76,4,0,1,1,1,1,0
4878,48.79,33.311485290527344,1.8623403235556195,76,4,0,1,1,1,1,0
4879,48.8,33.24423599243164,1.8188760980440082,76,4,0,1,1,1,1,0
4880,48.81,32.90711212158203,1.834861132287959,76,4,0,1,1,1,1,0
4881,48.82,33.138370513916016,1.880557401291833,76,4,0,1,1,1,1,0
4882,48.83,33.36546325683594,1.8931979997919768,76,4,0,1,1,1,1,0
4883,48.84,33.040401458740234,1.9106806252382078,76,4,0,1,1,1,1,0
4884,48.85,32.74363708496094,1.8667627785807324,76,4,0,1,1,1,1,0
4885,48.86,33.02798843383789,1.7957139565959581,76,4,0,1,1,1,1,0
4886,48.87,33.372737884521484,1.8844101591619973,76,4,0,1,1,1,1,0
4887,48.88,32.96539306640625,1.7985842906143668,76,4,0,1,1,1,1,0
4888,48.89,32.960365295410156,1.8767487198556303,76,4,0,1,1,1,1,0
4889,48.9,33.16969299316406,1.745512588554227,76,4,0,1,1,1,1,0
4890,48.91,33.16786575317383,1.7548229204274108,76,4,0,1,1,1,1,0
4891,48.92,33.294776916503906,1.815184458037706,76,4,0,1,1,1,1,0
4892,48.93,33.15337371826172,1.796243800487204,76,4,0,1,1,1,1,0
4893,48.94,33.324100494384766,1.8072064316729426,76,4,0,1,1,1,1,0
4894,48.95,33.61465835571289,1.835456073025575,76,4,0,1,1,1,1,0
4895,48.96,33.30192184448242,2.0639273115293744,76,4,0,1,1,1,1,0
4896,48.97,33.199832916259766,1.9631153797097232,76,4,0,1,1,1,1,0
4897,48.98,33.24924087524414,1.7894400546628542,76,4,0,1,1,1,1,0
4898,48.99,33.36076354980469,1.8010546591239707,76,4,0,1,1,1,1,0
4899,49.0,33.249488830566406,1.92135382764849,76,4,0,1,1,1,1,0
4900,49.01,33.45070266723633,1.7098817590361637,76,4,0,1,1,1,1,0
4901,49.02,33.33511734008789,1.7455380110485952,76,4,0,1,1,1,1,0
4902,49.03,33.60630416870117,1.8021402257667571,76,4,0,1,1,1,1,0
4903,49.04,33.620296478271484,1.878749814017252,76,4,0,1,1,1,1,0
4904,49.05,33.53510665893555,1.7809540092996266,76,4,0,1,1,1,1,0
4905,49.06,33.43782043457031,1.7732988588459329,76,4,0,1,1,1,1,0
4906,49.07,33.14091110229492,1.7733043658787864,76,4,0,1,1,1,1,0
4907,49.08,33.559844970703125,1.7618451027025883,76,4,0,1,1,1,1,0
4908,49.09,33.86465835571289,1.7659263216001735,76,4,0,1,1,1,1,0
4909,49.1,33.7169189453125,1.787680860643442,76,4,0,1,1,1,1,0
4910,49.11,33.67379379272461,1.7199076729856009,76,4,0,1,1,1,1,0
4911,49.12,33.50659942626953,1.7049659524267602,76,4,0,1,1,1,1,0
4912,49.13,33.41178512573242,1.715750126179707,76,5,1,1,1,1,1,0
4913,49.14,33.17488479614258,1.8523763218441853,76,4,0,1,1,1,1,0
4914,49.15,33.05073928833008,1.8271295433471475,76,4,0,1,1,1,1,0
4915,49.16,33.42113494873047,1.7005273346722427,76,4,0,1,1,1,1,0
4916,49.17,33.54213333129883,1.8414408772475834,76,4,0,1,1,1,1,0
4917,49.18,33.2872428894043,1.9087662000329197,76,4,0,1,1,1,1,0
4918,49.19,33.29298782348633,1.7435896884992343,76,4,0,1,1,1,1,0
4919,49.2,33.19515609741211,1.6030303905784107,76,4,0,1,1,1,1,0
4920,49.21,33.21916198730469,1.8241993976524145,76,4,0,1,1,1,1,0
4921,49.22,33.34540939331055,1.8442072948317856,76,4,0,1,1,1,1,0
4922,49.23,33.59173583984375,1.7464557458254173,76,5,1,1,1,1,1,0
4923,49.24,33.4467887878418,1.867860551421611,76,4,0,1,1,1,1,0
4924,49.25,33.50324630737305,1.8455600159532943,76,4,0,1,1,1,1,0
4925,49.26,33.224159240722656,1.8116000198609827,76,4,0,1,1,1,1,0
4926,49.27,33.466617584228516,1.813338070662359,76,4,0,1,1,1,1,0
4927,49.28,33.4567756652832,1.783394285688137,76,4,0,1,1,1,1,0
4928,49.29,33.192108154296875,1.780141554792303,76,5,1,1,1,1,1,0
4929,49.3,33.012935638427734,1.7578386282800225,76,4,0,1,1,1,1,0
4930,49.31,33.212135314941406,1.8613190787144698,76,4,0,1,1,1,1,0
4931,49.32,33.53745651245117,1.890528924800489,76,5,1,1,1,1,1,0
4932,49.33,33.74100875854492,1.7700266492388095,76,4,0,1,1,1,1,0
4933,49.34,33.526851654052734,1.7014429301165472,76,4,0,1,1,1,1,0
4934,49.35,33.757198333740234,1.9350453894374562,76,4,0,1,1,1,1,0
4935,49.36,33.804344177246094,1.8542422336040856,76,5,1,1,1,1,1,0
4936,49.37,33.453643798828125,1.7053211337209002,76,4,0,1,1,1,1,0
4937,49.38,33.79719924926758,1.7824970244307792,76,4,0,1,1,1,1,0
4938,49.39,33.69702911376953,1.834013246915133,76,4,0,1,1,1,1,0
4939,49.4,33.268341064453125,1.7708153246675586,76,4,0,1,1,1,1,0
4940,49.41,33.58872985839844,1.7784533392571769,76,4,0,1,1,1,1,0
4941,49.42,33.630523681640625,1.8135332394768595,76,4,0,1,1,1,1,0
4942,49.43,33.5106086730957,1.6992630202593806,76,4,0,1,1,1,1,0
4943,49.44,33.63294219970703,1.8482710327674854,76,4,0,1,1,1,1,0
4944,49.45,33.62235641479492,1.9482535138322308,76,4,0,1,1,1,1,0
4945,49.46,33.63503646850586,1.8283897044142468,76,4,0,1,1,1,1,0
4946,49.47,33.36753845214844,1.810059531915932,76,4,0,1,1,1,1,0
4947,49.48,33.23062515258789,2.029404694417523,76,4,0,1,1,1,1,0
4948,49.49,33.56840896606445,1.9161660308291133,76,4,0,1,1,1,1,0
4949,49.5,33.53727340698242,1.8575285671956545,76,4,0,1,1,1,1,0
4950,49.51,33.60499572753906,1.7303501802321588,76,4,0,1,1,1,1,0
4951,49.52,33.93287658691406,1.8043550356660625,76,4,0,1,1,1,1,0
4952,49.53,33.854698181152344,1.9115175986728823,76,4,0,1,1,1,1,0
4953,49.54,33.8187141418457,1.765360729326705,76,4,0,1,1,1,1,0
4954,49.55,33.550724029541016,1.8298107120209068,76,4,0,1,1,1,1,0
4955,49.56,33.55353927612305,1.7755528683476183,76,4,0,1,1,1,1,0
4956,49.57,33.692848205566406,1.813890722014754,76,4,0,1,1,1,1,0
4957,49.58,34.049381256103516,1.8621753703660595,76,4,0,1,1,1,1,0
4958,49.59,33.791683197021484,1.8909181817056895,76,4,0,1,1,1,1,0
4959,49.6,33.944881439208984,1.844612696247072,76,4,0,1,1,1,1,0
4960,49.61,34.06392288208008,1.7800557322869717,76,4,0,1,1,1,1,0
4961,49.62,33.573944091796875,1.840026985473184,76,5,1,1,1,1,1,0
4962,49.63,33.5080451965332,1.783560172708468,76,4,0,1,1,1,1,0
4963,49.64,33.56633758544922,1.8055723463240703,76,4,0,1,1,1,1,0
4964,49.65,33.71010208129883,1.8033843154014815,76,4,0,1,1,1,1,0
4965,49.66,33.700218200683594,1.9264507298639433,76,4,0,1,1,1,1,0
4966,49.67,33.64789962768555,1.7007632232034926,76,5,1,1,1,1,1,0
4967,49.68,33.490020751953125,1.8072150438320314,76,4,0,1,1,1,1,0
4968,49.69,33.63570022583008,1.6525715019256941,76,4,0,1,1,1,1,0
4969,49.7,33.688514709472656,1.7289630432650946,76,4,0,1,1,1,1,0
4970,49.71,33.630218505859375,1.8243069036541724,76,4,0,1,1,1,1,0
4971,49.72,33.7415771484375,1.7709340199134354,76,4,0,1,1,1,1,0
4972,49.73,33.67056655883789,1.81287127040194,76,4,0,1,1,1,1,0
4973,49.74,33.43767547607422,1.7705671533293565,76,5,1,1,1,1,1,0
4974,49.75,33.57007598876953,1.8207142294124838,76,4,0,1,1,1,1,0
4975,49.76,33.76633834838867,1.7565340211882383,76,4,0,1,1,1,1,0
4976,49.77,33.631080627441406,1.7866757747624924,76,4,0,1,1,1,1,0
4977,49.78,33.635780334472656,1.7886585251126268,76,4,0,1,1,1,1,0
4978,49.79,33.73601150512695,1.6947844988938108,76,4,0,1,1,1,1,0
4979,49.8,34.107391357421875,1.82211004411459,76,4,0,1,1,1,1,0
4980,49.81,33.76287841796875,1.9703285144831655,76,4,0,1,1,1,1,0
4981,49.82,33.53448486328125,1.766180717476634,76,4,0,1,1,1,1,0
4982,49.83,33.67535400390625,1.8418763859825849,76,4,0,1,1,1,1,0
4983,49.84,33.51651382446289,1.763684088600422,76,4,0,1,1,1,1,0
4984,49.85,33.686370849609375,1.7675935841914738,76,4,0,1,1,1,1,0
4985,49.86,33.350467681884766,1.8980512217948449,76,4,0,1,1,1,1,0
4986,49.87,33.40153121948242,1.7579830299301538,76,4,0,1,1,1,1,0
4987,49.88,33.477012634277344,1.9025237113330913,76,4,0,1,1,1,1,0
4988,49.89,33.60062789916992,1.7269940778535067,76,4,0,1,1,1,1,0
4989,49.9,33.756492614746094,1.8169774580718894,76,4,0,1,1,1,1,0
4990,49.91,33.89006042480469,1.79566140913349,76,4,0,1,1,1,1,0
4991,49.92,33.85916519165039,1.8422520215751779,76,5,1,1,1,1,1,0
4992,49.93,33.92483139038086,2.030098130434888,76,4,0,1,1,1,1,0
4993,49.94,33.674888610839844,1.8790679650410835,76,4,0,1,1,1,1,0
4994,49.95,33.766361236572266,1.735686952766979,76,4,0,1,1,1,1,0
4995,49.96,33.714786529541016,1.8202743700753008,76,4,0,1,1,1,1,0
4996,49.97,33.59600830078125,1.843719089890495,76,4,0,1,1,1,1,0
4997,49.98,33.211971282958984,1.8574483329866784,76,4,0,1,1,1,1,0
4998,49.99,33.31023406982422,1.780816697061403,76,4,0,1,1,1,1,0
4999,50.0,33.27002716064453,1.865342286637812,76,4,0,1,1,1,1,0
5000,50.01,33.32230758666992,1.789411887629387,76,4,0,1,1,1,1,0
5001,50.02,33.272029876708984,1.8570141344017723,76,5,1,1,1,1,1,0
5002,50.03,33.234840393066406,1.7420724860553907,76,4,0,1,1,1,1,0
5003,50.04,33.139068603515625,1.800805846513746,76,4,0,1,1,1,1,0
5004,50.05,33.18077087402344,1.7944891931271396,76,4,0,1,1,1,1,0
5005,50.06,33.33328628540039,1.7248804589539222,76,4,0,1,1,1,1,0
5006,50.07,33.286495208740234,1.785584160458753,76,5,1,1,1,1,1,0
5007,50.08,33.194454193115234,1.7614724017299266,76,5,1,1,1,1,1,0
5008,50.09,33.43352127075195,1.878833402317337,76,4,0,1,1,1,1,0
5009,50.1,33.357337951660156,1.8289645942038457,76,4,0,1,1,1,1,0
5010,50.11,33.58437728881836,1.7727105002554453,76,4,0,1,1,1,1,0
5011,50.12,33.14921951293945,1.8416573913296441,76,4,0,1,1,1,1,0
5012,50.13,33.35520553588867,1.9286272802272328,76,5,1,1,1,1,1,0
5013,50.14,33.407413482666016,1.795798584700647,76,4,0,1,1,1,1,0
5014,50.15,33.81060791015625,1.7639405379232487,76,4,0,1,1,1,1,0
5015,50.16,33.52973937988281,1.804714949233992,76,4,0,1,1,1,1,0
5016,50.17,33.691986083984375,1.8661225944791755,76,4,0,1,1,1,1,0
5017,50.18,33.37440490722656,1.7647940911641957,76,4,0,1,1,1,1,0
5018,50.19,33.138282775878906,1.7178184958052296,76,4,0,1,1,1,1,0
5019,50.2,33.375465393066406,1.827457119590144,76,3,0,0,1,1,1,0
5020,50.21,33.082977294921875,1.7948243419192533,76,4,0,1,1,1,1,0
5021,50.22,33.33020782470703,1.8674321647702032,76,4,0,1,1,1,1,0
5022,50.23,33.555904388427734,1.9042325325673395,76,4,0,1,1,1,1,0
5023,50.24,33.15610885620117,1.7947097135631376,76,4,0,1,1,1,1,0
5024,50.25,33.12199401855469,1.8986578712482947,76,4,0,1,1,1,1,0
5025,50.26,32.94759750366211,1.9112503081838492,76,3,0,0,1,1,1,0
5026,50.27,33.47141647338867,1.8249442130294222,76,4,0,1,1,1,1,0
5027,50.28,33.36468505859375,1.8063490077210917,76,4,0,1,1,1,1,0
5028,50.29,32.993202209472656,1.8272907919182828,76,4,0,1,1,1,1,0
5029,50.3,33.4107551574707,1.7716115513939386,76,4,0,1,1,1,1,0
5030,50.31,33.77628707885742,1.8635762042232942,76,4,0,1,1,1,1,0
5031,50.32,33.398799896240234,1.8351555815012126,76,4,0,1,1,1,1,0
5032,50.33,33.62643814086914,1.8172778276923256,76,4,0,1,1,1,1,0
5033,50.34,33.57123947143555,1.9150707843436556,76,4,0,1,1,1,1,0
5034,50.35,33.3422966003418,1.6560491706603864,76,4,0,1,1,1,1,0
5035,50.36,33.32472610473633,1.8678593260514602,76,4,0,1,1,1,1,0
5036,50.37,33.154537200927734,1.7044016905362371,76,4,0,1,1,1,1,0
5037,50.38,33.48418426513672,1.72760317284887,76,4,0,1,1,1,1,0
5038,50.39,33.15003204345703,1.751399036198402,76,4,0,1,1,1,1,0
5039,50.4,33.6756477355957,1.7505716447444304,76,4,0,1,1,1,1,0
5040,50.41,33.88218307495117,1.779128328840138,76,4,0,1,1,1,1,0
5041,50.42,34.00468444824219,1.8889655472365932,76,4,0,1,1,1,1,0
5042,50.43,33.900123596191406,1.749146031879054,76,4,0,1,1,1,1,0
5043,50.44,33.46495056152344,1.6819337932262084,76,4,0,1,1,1,1,0
5044,50.45,33.57046890258789,1.8430378623409411,76,4,0,1,1,1,1,0
5045,50.46,33.66207504272461,1.9216135389679148,76,4,0,1,1,1,1,0
5046,50.47,33.535247802734375,1.8263329934034018,76,4,0,1,1,1,1,0
5047,50.48,33.24073791503906,1.7047313167514042,76,4,0,1,1,1,1,0
5048,50.49,33.38376235961914,1.778791402201755,76,4,0,1,1,1,1,0
5049,50.5,33.550880432128906,1.7634646637364217,76,4,0,1,1,1,1,0
5050,50.51,33.510860443115234,1.8996350004102918,76,5,1,1,1,1,1,0
5051,50.52,33.43239974975586,1.7456796934654797,76,5,1,1,1,1,1,0
5052,50.53,33.59943771362305,1.9327170345147515,76,5,1,1,1,1,1,0
5053,50.54,33.40105438232422,1.7957158472473966,76,5,1,1,1,1,1,0
5054,50.55,33.67346954345703,1.7349913248996518,76,5,1,1,1,1,1,0
5055,50.56,33.726539611816406,1.9057011200746403,76,5,1,1,1,1,1,0
5056,50.57,33.38093948364258,2.009300113123984,76,5,1,1,1,1,1,0
5057,50.58,33.41519546508789,2.162632290544133,76,4,0,1,1,1,1,0
5058,50.59,33.34186553955078,1.9958436984119028,76,5,1,1,1,1,1,0
5059,50.6,33.408607482910156,1.6853820485510573,76,5,1,1,1,1,1,0
5060,50.61,33.374996185302734,1.9245984435025083,76,5,1,1,1,1,1,0
5061,50.62,33.43069839477539,1.8317762457468447,76,4,0,1,1,1,1,0
5062,50.63,33.582523345947266,1.82266646098508,76,4,0,1,1,1,1,0
5063,50.64,33.891536712646484,1.9829554946886896,76,4,0,1,1,1,1,0
5064,50.65,33.42488098144531,2.00808057550468,76,4,0,1,1,1,1,0
5065,50.66,33.5871696472168,2.0191812037983583,76,4,0,1,1,1,1,0
5066,50.67,33.292964935302734,2.307057689464491,76,4,0,1,1,1,1,0
5067,50.68,33.55421829223633,1.9037321229900992,76,4,0,1,1,1,1,0
5068,50.69,33.29474639892578,1.7807002672539807,76,5,1,1,1,1,1,0
5069,50.7,33.16596221923828,1.9322008382538651,76,5,1,1,1,1,1,0
5070,50.71,33.46013259887695,1.8259540202644997,76,5,1,1,1,1,1,0
5071,50.72,33.47251892089844,1.7588641402824114,76,5,1,1,1,1,1,0
5072,50.73,33.414424896240234,1.988592528434265,76,5,1,1,1,1,1,0
5073,50.74,33.348419189453125,1.8392988137852382,76,5,1,1,1,1,1,0
5074,50.75,33.242401123046875,1.9416977538369227,76,5,1,1,1,1,1,0
5075,50.76,33.21868896484375,1.8633836359786122,76,5,1,1,1,1,1,0
5076,50.77,33.126792907714844,1.7639176946643573,76,4,0,1,1,1,1,0
5077,50.78,33.35862350463867,1.9371635150744047,76,4,0,1,1,1,1,0
5078,50.79,33.23992919921875,1.7864486039369327,76,5,1,1,1,1,1,0
5079,50.8,33.43577575683594,1.7403771800716914,76,4,0,1,1,1,1,0
5080,50.81,33.19775390625,1.8640005654272078,76,4,0,1,1,1,1,0
5081,50.82,33.38669204711914,1.8886253048183785,76,4,0,1,1,1,1,0
5082,50.83,33.34431838989258,1.778537737688931,76,4,0,1,1,1,1,0
5083,50.84,33.60441970825195,1.9720031530317594,76,4,0,1,1,1,1,0
5084,50.85,33.43070983886719,1.944661442730848,76,5,1,1,1,1,1,0
5085,50.86,33.54832458496094,1.7686432754122163,76,5,1,1,1,1,1,0
5086,50.87,33.510494232177734,1.6418639053785744,76,4,0,1,1,1,1,0
5087,50.88,33.522377014160156,1.6857974203757713,76,5,1,1,1,1,1,0
5088,50.89,33.381221771240234,1.754621873427586,76,4,0,1,1,1,1,0
5089,50.9,33.26447677612305,1.7293101854983575,76,4,0,1,1,1,1,0
5090,50.91,33.53543472290039,1.8075666427509156,76,4,0,1,1,1,1,0
5091,50.92,33.09407043457031,1.7603744334045555,76,4,0,1,1,1,1,0
5092,50.93,32.790672302246094,1.806269477927531,76,4,0,1,1,1,1,0
5093,50.94,33.14515686035156,1.9403906006368323,76,4,0,1,1,1,1,0
5094,50.95,32.597530364990234,1.8812217979001298,76,4,0,1,1,1,1,0
5095,50.96,33.0732307434082,1.6727539645194636,76,4,0,1,1,1,1,0
5096,50.97,33.08314895629883,1.9717242066409444,76,4,0,1,1,1,1,0
5097,50.98,33.21634292602539,1.868533382459445,76,4,0,1,1,1,1,0
5098,50.99,33.205162048339844,1.8610244645104757,76,5,1,1,1,1,1,0
5099,51.0,33.51919174194336,1.8930635294127995,76,5,1,1,1,1,1,0
5100,51.01,33.184139251708984,1.8219496770256107,76,4,0,1,1,1,1,0
5101,51.02,32.994651794433594,1.7521372360131662,76,5,1,1,1,1,1,0
5102,51.03,32.80359649658203,1.7989168740054153,76,5,1,1,1,1,1,0
5103,51.04,33.16633605957031,1.7267878025766537,76,4,0,1,1,1,1,0
5104,51.05,33.32908630371094,1.6607549628265605,76,4,0,1,1,1,1,0
5105,51.06,33.68871307373047,1.8269377897664165,76,5,1,1,1,1,1,0
5106,51.07,33.19174575805664,1.885788306581686,76,4,0,1,1,1,1,0
5107,51.08,33.141746520996094,1.9310367586523545,76,4,0,1,1,1,1,0
5108,51.09,33.3675422668457,1.7262950354925646,76,4,0,1,1,1,1,0
5109,51.1,33.7382926940918,1.844451576331753,76,4,0,1,1,1,1,0
5110,51.11,33.37430191040039,1.8295363008633665,76,4,0,1,1,1,1,0
5111,51.12,33.324676513671875,1.6973795515238508,76,5,1,1,1,1,1,0
5112,51.13,33.42741775512695,1.7713257767394421,76,4,0,1,1,1,1,0
5113,51.14,33.63084411621094,1.79549683137573,76,5,1,1,1,1,1,0
5114,51.15,33.4091682434082,1.7943207661278235,76,4,0,1,1,1,1,0
5115,51.16,33.18920135498047,1.9075143508102206,76,5,1,1,1,1,1,0
5116,51.17,33.14494323730469,1.955525760449236,76,4,0,1,1,1,1,0
5117,51.18,33.30545425415039,1.8052707475403127,76,4,0,1,1,1,1,0
5118,51.19,33.43173599243164,1.9082182309771163,76,4,0,1,1,1,1,0
5119,51.2,33.00598907470703,1.9076702844859952,76,4,0,1,1,1,1,0
5120,51.21,33.06400680541992,1.7824991859129284,76,4,0,1,1,1,1,0
5121,51.22,32.981143951416016,1.8074017560578652,76,4,0,1,1,1,1,0
5122,51.23,33.17622756958008,1.8633846595725045,76,4,0,1,1,1,1,0
5123,51.24,33.16718292236328,1.76883804889977,76,4,0,1,1,1,1,0
5124,51.25,32.84236526489258,1.8160394538935953,76,4,0,1,1,1,1,0
5125,51.26,33.2875862121582,1.7910100991672202,76,4,0,1,1,1,1,0
5126,51.27,33.357337951660156,1.7858886994080272,76,4,0,1,1,1,1,0
5127,51.28,33.12002944946289,1.6379567243526463,76,5,1,1,1,1,1,0
5128,51.29,33.21025848388672,1.9401293524679246,76,4,0,1,1,1,1,0
5129,51.3,33.31410217285156,1.8813060266130166,76,5,1,1,1,1,1,0
5130,51.31,33.21207046508789,1.8097801235151043,76,5,1,1,1,1,1,0
5131,51.32,32.980690002441406,1.8704273425157483,76,5,1,1,1,1,1,0
5132,51.33,33.19779968261719,1.8765104723305817,76,5,1,1,1,1,1,0
5133,51.34,33.48656463623047,1.8320200817561347,76,5,1,1,1,1,1,0
5134,51.35,33.26252365112305,1.869253573852846,76,5,1,1,1,1,1,0
5135,51.36,33.21610641479492,1.8314441515067328,76,5,1,1,1,1,1,0
5136,51.37,32.957550048828125,1.8051588112304897,76,5,1,1,1,1,1,0
5137,51.38,33.443443298339844,1.780619784693715,76,5,1,1,1,1,1,0
5138,51.39,33.339778900146484,1.7509710946130002,76,5,1,1,1,1,1,0
5139,51.4,33.428855895996094,1.7735817775866052,76,5,1,1,1,1,1,0
5140,51.41,33.11262893676758,1.8024710101841175,76,5,1,1,1,1,1,0
5141,51.42,33.52933883666992,1.6954362669047145,76,5,1,1,1,1,1,0
5142,51.43,33.48822021484375,1.8284727992847882,76,5,1,1,1,1,1,0
5143,51.44,33.233360290527344,1.7242054338378106,76,5,1,1,1,1,1,0
5144,51.45,33.05927276611328,1.78675523728722,76,4,0,1,1,1,1,0
5145,51.46,33.258209228515625,1.7976353308188668,76,5,1,1,1,1,1,0
5146,51.47,33.39909362792969,1.7780004290077231,76,4,0,1,1,1,1,0
5147,51.48,33.25061798095703,1.9195031015942734,76,4,0,1,1,1,1,0
5148,51.49,33.186973571777344,1.8657205583712342,76,4,0,1,1,1,1,0
5149,51.5,33.26032638549805,1.7537938925625223,76,4,0,1,1,1,1,0
5150,51.51,33.35758972167969,2.037179114790904,76,4,0,1,1,1,1,0
5151,51.52,33.02934265136719,1.722815120759659,76,4,0,1,1,1,1,0
5152,51.53,33.50580596923828,1.9635400705837525,76,4,0,1,1,1,1,0
5153,51.54,33.33341598510742,1.8243068200106878,76,5,1,1,1,1,1,0
5154,51.55,33.33645248413086,1.7240917302575214,76,4,0,1,1,1,1,0
5155,51.56,33.10856628417969,1.8663894190428942,76,4,0,1,1,1,1,0
5156,51.57,33.15458679199219,1.8023845789131525,76,4,0,1,1,1,1,0
5157,51.58,33.067901611328125,1.7958588813485765,76,4,0,1,1,1,1,0
5158,51.59,32.760353088378906,1.7983058145084088,76,5,1,1,1,1,1,0
5159,51.6,32.8002815246582,1.875260571092109,76,4,0,1,1,1,1,0
5160,51.61,33.088436126708984,1.9635936233363374,76,4,0,1,1,1,1,0
5161,51.62,33.222434997558594,1.9070404323063093,76,4,0,1,1,1,1,0
5162,51.63,32.93077087402344,1.6494204036156408,76,4,0,1,1,1,1,0
5163,51.64,33.185455322265625,1.8569291119901645,76,5,1,1,1,1,1,0
5164,51.65,32.984920501708984,1.7437030394882613,76,4,0,1,1,1,1,0
5165,51.66,32.97804641723633,1.8157611757853351,76,4,0,1,1,1,1,0
5166,51.67,32.94611740112305,1.9928367110095737,76,4,0,1,1,1,1,0
5167,51.68,33.231327056884766,1.8144132185858193,76,4,0,1,1,1,1,0
5168,51.69,33.322235107421875,1.78014084762532,76,4,0,1,1,1,1,0
5169,51.7,32.88365173339844,1.7943814525886956,76,4,0,1,1,1,1,0
5170,51.71,33.32560729980469,1.890527169321351,76,4,0,1,1,1,1,0
5171,51.72,33.20375442504883,1.8149636509375344,76,4,0,1,1,1,1,0
5172,51.73,33.041866302490234,1.9715521275850616,76,4,0,1,1,1,1,0
5173,51.74,33.04607009887695,1.7951346233885501,76,4,0,1,1,1,1,0
5174,51.75,33.07783126831055,1.8198059951223469,76,4,0,1,1,1,1,0
5175,51.76,32.703758239746094,1.7698897608754551,76,4,0,1,1,1,1,0
5176,51.77,33.023719787597656,1.9267799768339762,76,4,0,1,1,1,1,0
5177,51.78,33.145755767822266,1.7907232875569192,76,5,1,1,1,1,1,0
5178,51.79,32.71046447753906,1.766153497023988,76,4,0,1,1,1,1,0
5179,51.8,32.84381103515625,1.7077154360476638,76,4,0,1,1,1,1,0
5180,51.81,33.16752243041992,1.8979224417073128,76,4,0,1,1,1,1,0
5181,51.82,33.62116241455078,2.0082061095866033,76,4,0,1,1,1,1,0
5182,51.83,33.63082504272461,1.8521921455519104,76,4,0,1,1,1,1,0
5183,51.84,33.631900787353516,1.860133943558454,76,4,0,1,1,1,1,0
5184,51.85,33.42531204223633,1.8702123641792605,76,4,0,1,1,1,1,0
5185,51.86,33.21572494506836,1.9277414268219857,76,4,0,1,1,1,1,0
5186,51.87,33.39704132080078,2.081756848274645,76,4,0,1,1,1,1,0
5187,51.88,33.221031188964844,1.8337364690375608,76,4,0,1,1,1,1,0
5188,51.89,33.3080940246582,2.0273128158792972,76,4,0,1,1,1,1,0
5189,51.9,33.325260162353516,1.7713534991688755,76,4,0,1,1,1,1,0
5190,51.91,33.47858428955078,1.881941451133602,76,5,1,1,1,1,1,0
5191,51.92,33.66019821166992,1.8516516674939587,76,4,0,1,1,1,1,0
5192,51.93,33.6087646484375,1.861852058509766,76,4,0,1,1,1,1,0
5193,51.94,33.53916549682617,1.795247205974787,76,4,0,1,1,1,1,0
5194,51.95,33.29937744140625,1.9518966395120259,76,4,0,1,1,1,1,0
5195,51.96,33.20295715332031,1.9830799069532719,76,4,0,1,1,1,1,0
5196,51.97,33.40134811401367,1.8549916903181032,76,4,0,1,1,1,1,0
5197,51.98,33.04289627075195,1.8854393776459866,76,4,0,1,1,1,1,0
5198,51.99,32.92128372192383,1.8687450837100161,76,4,0,1,1,1,1,0
5199,52.0,32.99406814575195,2.020966778543093,76,4,0,1,1,1,1,0
5200,52.01,33.11856460571289,1.8640562411511203,76,4,0,1,1,1,1,0
5201,52.02,33.28571319580078,1.9462795741905194,76,4,0,1,1,1,1,0
5202,52.03,33.226932525634766,2.038455216680564,76,4,0,1,1,1,1,0
5203,52.04,32.96986770629883,1.8392936080370934,76,4,0,1,1,1,1,0
5204,52.05,32.738826751708984,1.6665517830499503,76,4,0,1,1,1,1,0
5205,52.06,32.939353942871094,1.7524235058740103,76,4,0,1,1,1,1,0
5206,52.07,33.051002502441406,1.9751964407680693,76,4,0,1,1,1,1,0
5207,52.08,33.377471923828125,1.9091641068013343,76,5,1,1,1,1,1,0
5208,52.09,33.24612045288086,1.9156686190438763,76,5,1,1,1,1,1,0
5209,52.1,33.08131790161133,1.8784286644531074,76,4,0,1,1,1,1,0
5210,52.11,32.90032958984375,2.0003012498986363,76,5,1,1,1,1,1,0
5211,52.12,32.88129806518555,1.8964694394735624,76,4,0,1,1,1,1,0
5212,52.13,32.948883056640625,1.8527763327521332,76,4,0,1,1,1,1,0
5213,52.14,33.054351806640625,1.9536097929636342,76,4,0,1,1,1,1,0
5214,52.15,33.05503463745117,2.0811784912374907,76,4,0,1,1,1,1,0
5215,52.16,33.46209716796875,1.762359473296107,76,4,0,1,1,1,1,0
5216,52.17,33.288360595703125,1.867061390884872,76,4,0,1,1,1,1,0
5217,52.18,33.28299331665039,1.8005569783100488,76,4,0,1,1,1,1,0
5218,52.19,33.24771499633789,1.8008080283754533,76,4,0,1,1,1,1,0
5219,52.2,33.226417541503906,1.8345053240441234,76,4,0,1,1,1,1,0
5220,52.21,33.33891296386719,1.9260639403459814,76,4,0,1,1,1,1,0
5221,52.22,33.42746353149414,1.8258699750544118,76,4,0,1,1,1,1,0
5222,52.23,33.41526412963867,1.932586912741584,76,4,0,1,1,1,1,0
5223,52.24,33.14512634277344,2.057401667270985,76,4,0,1,1,1,1,0
5224,52.25,33.14452362060547,1.7958018560085505,76,4,0,1,1,1,1,0
5225,52.26,33.261348724365234,1.8171932552479237,76,4,0,1,1,1,1,0
5226,52.27,33.18145751953125,1.8239813341044673,76,4,0,1,1,1,1,0
5227,52.28,32.876861572265625,1.9546083312685913,76,4,0,1,1,1,1,0
5228,52.29,33.07338333129883,1.8420658389950646,76,4,0,1,1,1,1,0
5229,52.3,32.97257614135742,1.935307560420296,76,4,0,1,1,1,1,0
5230,52.31,33.13204574584961,1.8080389478816143,76,4,0,1,1,1,1,0
5231,52.32,33.239967346191406,1.8792027670139724,76,4,0,1,1,1,1,0
5232,52.33,33.2506217956543,1.9034956695937928,76,4,0,1,1,1,1,0
5233,52.34,33.30756378173828,1.9538159074989698,76,4,0,1,1,1,1,0
5234,52.35,33.222572326660156,1.9297146743421916,76,4,0,1,1,1,1,0
5235,52.36,33.254798889160156,1.7355651436451374,76,4,0,1,1,1,1,0
5236,52.37,33.42099380493164,2.016832798872934,76,4,0,1,1,1,1,0
5237,52.38,33.217742919921875,1.737612714666798,76,5,1,1,1,1,1,0
5238,52.39,33.39603042602539,1.9115172594142302,76,4,0,1,1,1,1,0
5239,52.4,33.15116882324219,1.8325367639469803,76,4,0,1,1,1,1,0
5240,52.41,33.330753326416016,1.9495899555771574,76,4,0,1,1,1,1,0
5241,52.42,33.3626823425293,1.928028814111161,76,4,0,1,1,1,1,0
5242,52.43,33.29119110107422,1.8949937982442744,76,4,0,1,1,1,1,0
5243,52.44,33.099002838134766,1.8912436245829227,76,4,0,1,1,1,1,0
5244,52.45,33.18690490722656,1.8492420842183426,76,4,0,1,1,1,1,0
5245,52.46,33.496002197265625,1.9822692621388323,76,4,0,1,1,1,1,0
5246,52.47,33.013816833496094,1.8506468950233659,76,4,0,1,1,1,1,0
5247,52.48,33.50279998779297,1.9215863763211547,76,4,0,1,1,1,1,0
5248,52.49,33.03243637084961,1.9610232426498784,76,4,0,1,1,1,1,0
5249,52.5,32.83821105957031,1.791897690386942,76,4,0,1,1,1,1,0
5250,52.51,32.73248291015625,1.9108360410103937,76,4,0,1,1,1,1,0
5251,52.52,33.1806755065918,1.7821632390334363,76,4,0,1,1,1,1,0
5252,52.53,33.35785675048828,1.8195054767922567,76,4,0,1,1,1,1,0
5253,52.54,33.189659118652344,1.8608578777118152,76,4,0,1,1,1,1,0
5254,52.55,33.2054443359375,1.8811422903520796,76,4,0,1,1,1,1,0
5255,52.56,33.02588653564453,1.9437615585743213,76,5,1,1,1,1,1,0
5256,52.57,33.02560806274414,1.8703442759605429,76,4,0,1,1,1,1,0
5257,52.58,33.01515579223633,1.9202088449079544,76,5,1,1,1,1,1,0
5258,52.59,33.2215576171875,1.868583186535501,76,5,1,1,1,1,1,0
5259,52.6,33.08000183105469,1.8726974713235387,76,5,1,1,1,1,1,0
5260,52.61,32.899539947509766,1.8707504366038112,76,5,1,1,1,1,1,0
5261,52.62,32.97172164916992,1.9615866089913723,76,4,0,1,1,1,1,0
5262,52.63,33.13755798339844,1.9202095203539757,76,5,1,1,1,1,1,0
5263,52.64,33.07719802856445,1.9341371655957247,76,5,1,1,1,1,1,0
5264,52.65,32.94672393798828,1.861909355579559,76,5,1,1,1,1,1,0
5265,52.66,33.131771087646484,1.8153203264436955,76,4,0,1,1,1,1,0
5266,52.67,32.95927810668945,1.8214555273296775,76,5,1,1,1,1,1,0
5267,52.68,32.84656524658203,1.8885148953988276,76,5,1,1,1,1,1,0
5268,52.69,33.16002655029297,1.6836298185355294,76,4,0,1,1,1,1,0
5269,52.7,33.33576583862305,1.7952440611282383,76,5,1,1,1,1,1,0
5270,52.71,33.265621185302734,1.7877390198897256,76,4,0,1,1,1,1,0
5271,52.72,32.93129348754883,1.6555971129917615,76,5,1,1,1,1,1,0
5272,52.73,33.19217300415039,1.8224732958807381,76,4,0,1,1,1,1,0
5273,52.74,33.318931579589844,1.7178454606680154,76,4,0,1,1,1,1,0
5274,52.75,33.34980773925781,1.6507879810209705,76,5,1,1,1,1,1,0
5275,52.76,33.2276725769043,1.8072382263371864,76,4,0,1,1,1,1,0
5276,52.77,33.21944046020508,1.9722577227471334,76,4,0,1,1,1,1,0
5277,52.78,33.20186233520508,1.7624116284063223,76,4,0,1,1,1,1,0
5278,52.79,33.14894485473633,1.9469227185281566,76,4,0,1,1,1,1,0
5279,52.8,33.30309295654297,1.8583871391123825,76,4,0,1,1,1,1,0
5280,52.81,33.10517883300781,1.8772590655352168,76,4,0,1,1,1,1,0
5281,52.82,33.32783126831055,1.8316660958459927,76,4,0,1,1,1,1,0
5282,52.83,33.19310760498047,1.9150465367513347,76,4,0,1,1,1,1,0
5283,52.84,33.33189392089844,1.7515136677149212,76,4,0,1,1,1,1,0
5284,52.85,33.325496673583984,1.7804756977646585,76,4,0,1,1,1,1,0
5285,52.86,33.452213287353516,1.761986296553653,76,4,0,1,1,1,1,0
5286,52.87,33.53506851196289,2.074103477847267,76,4,0,1,1,1,1,0
5287,52.88,33.27863693237305,1.8415473974402297,76,4,0,1,1,1,1,0
5288,52.89,33.539424896240234,1.8497586166059612,76,4,0,1,1,1,1,0
5289,52.9,33.28110122680664,1.8525633832270014,76,4,0,1,1,1,1,0
5290,52.91,33.61753845214844,1.8604086601396435,76,4,0,1,1,1,1,0
5291,52.92,33.660240173339844,1.8221142521624367,76,5,1,1,1,1,1,0
5292,52.93,33.6729736328125,1.9127172568691342,76,5,1,1,1,1,1,0
5293,52.94,33.50297164916992,1.9111724490597266,76,4,0,1,1,1,1,0
5294,52.95,33.72185134887695,1.8580078260557804,76,4,0,1,1,1,1,0
5295,52.96,33.70167541503906,1.8350495217975515,76,5,1,1,1,1,1,0
5296,52.97,33.748538970947266,1.9615055164328368,76,5,1,1,1,1,1,0
5297,52.98,33.59236526489258,1.7245586434361806,76,4,0,1,1,1,1,0
5298,52.99,33.708717346191406,1.8867449216950711,76,4,0,1,1,1,1,0
5299,53.0,33.76918029785156,1.7304645527658316,76,4,0,1,1,1,1,0
5300,53.01,33.67613983154297,1.7234243646141783,76,4,0,1,1,1,1,0
5301,53.02,33.51522445678711,2.111893900406553,76,5,1,1,1,1,1,0
5302,53.03,33.221473693847656,1.7847395241551791,76,4,0,1,1,1,1,0
5303,53.04,33.341060638427734,1.7273419028850046,76,4,0,1,1,1,1,0
5304,53.05,33.330326080322266,1.9162732545323777,76,4,0,1,1,1,1,0
5305,53.06,33.38485336303711,1.75208275022335,76,4,0,1,1,1,1,0
5306,53.07,33.380767822265625,1.8098855141595602,76,5,1,1,1,1,1,0
5307,53.08,33.24808120727539,1.8877739180347508,76,4,0,1,1,1,1,0
5308,53.09,33.29347610473633,1.6803279529375368,76,4,0,1,1,1,1,0
5309,53.1,33.29874038696289,1.9431440333001322,76,4,0,1,1,1,1,0
5310,53.11,33.167964935302734,1.8616950738491875,76,4,0,1,1,1,1,0
5311,53.12,33.29579162597656,1.850026502269625,76,4,0,1,1,1,1,0
5312,53.13,33.33979415893555,1.7152825054505312,76,5,1,1,1,1,1,0
5313,53.14,33.356136322021484,1.7114632352638182,76,4,0,1,1,1,1,0
5314,53.15,33.601016998291016,1.8357011450259513,76,4,0,1,1,1,1,0
5315,53.16,33.30073928833008,1.7790969752600314,76,4,0,1,1,1,1,0
5316,53.17,33.319244384765625,1.9249904816675945,76,4,0,1,1,1,1,0
5317,53.18,33.33002853393555,1.847187128278516,76,4,0,1,1,1,1,0
5318,53.19,33.055416107177734,1.712102749602837,76,5,1,1,1,1,1,0
5319,53.2,33.088191986083984,1.8400273379090415,76,4,0,1,1,1,1,0
5320,53.21,32.91972732543945,1.884967619524728,76,4,0,1,1,1,1,0
5321,53.22,33.14222717285156,1.8552903466899704,76,4,0,1,1,1,1,0
5322,53.23,32.8023796081543,1.6748723350987755,76,4,0,1,1,1,1,0
5323,53.24,33.262786865234375,1.8027181963669905,76,4,0,1,1,1,1,0
5324,53.25,33.40917205810547,1.9011880994784187,76,4,0,1,1,1,1,0
5325,53.26,33.38086700439453,1.8167566589097124,76,5,1,1,1,1,1,0
5326,53.27,33.41831588745117,1.9208305660532639,76,5,1,1,1,1,1,0
5327,53.28,33.336483001708984,1.9399489453077667,76,4,0,1,1,1,1,0
5328,53.29,33.32907485961914,1.6679585699457822,76,4,0,1,1,1,1,0
5329,53.3,33.251197814941406,1.8294512316798208,76,4,0,1,1,1,1,0
5330,53.31,33.07044219970703,1.9869834503121704,76,4,0,1,1,1,1,0
5331,53.32,33.38381576538086,1.6528759393439965,76,4,0,1,1,1,1,0
5332,53.33,33.30534362792969,1.8681037206870033,76,5,1,1,1,1,1,0
5333,53.34,33.26203155517578,1.754396183664824,76,5,1,1,1,1,1,0
5334,53.35,33.20433044433594,2.099571419715197,76,4,0,1,1,1,1,0
5335,53.36,33.269630432128906,1.7501150283194864,76,4,0,1,1,1,1,0
5336,53.37,33.43160629272461,1.7362902959201503,76,4,0,1,1,1,1,0
5337,53.38,33.269474029541016,1.743671661481656,76,4,0,1,1,1,1,0
5338,53.39,33.067073822021484,1.926395114837826,76,4,0,1,1,1,1,0
5339,53.4,33.128990173339844,1.734762289601367,76,4,0,1,1,1,1,0
5340,53.41,32.92860412597656,1.7642599699619763,76,5,1,1,1,1,1,0
5341,53.42,33.29146957397461,1.9022054926066576,76,5,1,1,1,1,1,0
5342,53.43,33.347965240478516,1.781407474886851,76,4,0,1,1,1,1,0
5343,53.44,33.20945358276367,1.9339327606897123,76,4,0,1,1,1,1,0
5344,53.45,33.1137580871582,1.8829988675330198,76,4,0,1,1,1,1,0
5345,53.46,33.52731704711914,1.9557345013019676,76,4,0,1,1,1,1,0
5346,53.47,33.53452682495117,1.7856098883505025,76,4,0,1,1,1,1,0
5347,53.48,33.70353698730469,1.9755279523011429,76,5,1,1,1,1,1,0
5348,53.49,33.43156814575195,1.91703044369379,76,4,0,1,1,1,1,0
5349,53.5,33.118492126464844,1.8157378079634992,76,4,0,1,1,1,1,0
5350,53.51,33.218711853027344,1.714003874985928,76,4,0,1,1,1,1,0
5351,53.52,33.075828552246094,1.7696317593634374,76,5,1,1,1,1,1,0
5352,53.53,33.07075500488281,1.7644013813543202,76,5,1,1,1,1,1,0
5353,53.54,33.136112213134766,1.881538578045302,76,4,0,1,1,1,1,0
5354,53.55,33.12538146972656,1.9171089205269842,76,4,0,1,1,1,1,0
5355,53.56,33.44330978393555,1.8659562379404027,76,4,0,1,1,1,1,0
5356,53.57,33.48208236694336,1.7929615834239723,76,5,1,1,1,1,1,0
5357,53.58,33.014713287353516,1.9063573540150813,76,4,0,1,1,1,1,0
5358,53.59,33.169593811035156,1.7958002840736482,76,4,0,1,1,1,1,0
5359,53.6,33.34187698364258,1.7326574424158587,76,4,0,1,1,1,1,0
5360,53.61,33.50827407836914,1.7677343836397625,76,4,0,1,1,1,1,0
5361,53.62,33.42469787597656,1.8849151721779431,76,4,0,1,1,1,1,0
5362,53.63,33.292850494384766,1.7982540852595361,76,5,1,1,1,1,1,0
5363,53.64,33.344451904296875,1.8585166061255491,76,5,1,1,1,1,1,0
5364,53.65,33.4112663269043,1.8200288766141788,76,5,1,1,1,1,1,0
5365,53.66,33.365421295166016,1.8022434808773309,76,4,0,1,1,1,1,0
5366,53.67,33.416316986083984,1.8059055227471792,76,4,0,1,1,1,1,0
5367,53.68,33.558902740478516,1.8166155012226068,76,5,1,1,1,1,1,0
5368,53.69,33.677146911621094,2.079951972410732,76,4,0,1,1,1,1,0
5369,53.7,33.679935455322266,1.9067252881487213,76,4,0,1,1,1,1,0
5370,53.71,33.785423278808594,1.7889407632985905,76,5,1,1,1,1,1,0
5371,53.72,33.76282501220703,1.7576376440911254,76,4,0,1,1,1,1,0
5372,53.73,33.444435119628906,1.7533086285249826,76,4,0,1,1,1,1,0
5373,53.74,33.277503967285156,1.9199227905647194,76,5,1,1,1,1,1,0
5374,53.75,33.4323844909668,1.843122428619003,76,5,1,1,1,1,1,0
5375,53.76,33.282466888427734,1.7885459970216757,76,4,0,1,1,1,1,0
5376,53.77,33.92469787597656,1.820141575104699,76,4,0,1,1,1,1,0
5377,53.78,33.35941696166992,1.8468576192610024,76,4,0,1,1,1,1,0
5378,53.79,33.526947021484375,1.903204437459192,76,4,0,1,1,1,1,0
5379,53.8,33.88338851928711,1.8637063546509633,76,4,0,1,1,1,1,0
5380,53.81,34.02566146850586,1.8043020210293188,76,5,1,1,1,1,1,0
5381,53.82,33.64602279663086,1.881995197515137,76,5,1,1,1,1,1,0
5382,53.83,33.633949279785156,1.7582071744473033,76,5,1,1,1,1,1,0
5383,53.84,33.47971725463867,1.773610260563176,76,4,0,1,1,1,1,0
5384,53.85,33.80928039550781,2.029626460547779,76,4,0,1,1,1,1,0
5385,53.86,33.428958892822266,2.076655230953154,76,4,0,1,1,1,1,0
5386,53.87,33.549835205078125,1.7369202080386617,76,4,0,1,1,1,1,0
5387,53.88,33.784393310546875,1.7766862082217965,76,5,1,1,1,1,1,0
5388,53.89,33.53347396850586,1.6301502181997545,76,4,0,1,1,1,1,0
5389,53.9,33.47196578979492,1.8331908618508819,76,4,0,1,1,1,1,0
5390,53.91,33.42823791503906,1.921745435960989,76,4,0,1,1,1,1,0
5391,53.92,33.308021545410156,2.0125880327616583,76,4,0,1,1,1,1,0
5392,53.93,33.33344268798828,1.7769966943164968,76,5,1,1,1,1,1,0
5393,53.94,33.441715240478516,1.721654516719098,76,5,1,1,1,1,1,0
5394,53.95,33.494049072265625,1.9535847740145118,76,4,0,1,1,1,1,0
5395,53.96,33.473026275634766,1.9246286754453543,76,4,0,1,1,1,1,0
5396,53.97,33.49949264526367,1.8553719283985253,76,4,0,1,1,1,1,0
5397,53.98,33.978660583496094,1.9360017692058067,76,4,0,1,1,1,1,0
5398,53.99,33.669002532958984,1.8307695248957057,76,5,1,1,1,1,1,0
5399,54.0,33.74971008300781,2.1872837637311853,76,5,1,1,1,1,1,0
5400,54.01,33.61176681518555,1.8955971598794676,76,5,1,1,1,1,1,0
5401,54.02,33.27885437011719,1.7971324577845111,76,4,0,1,1,1,1,0
5402,54.03,33.746463775634766,1.8113820611124587,76,4,0,1,1,1,1,0
5403,54.04,33.68608856201172,1.7262961182739909,76,4,0,1,1,1,1,0
5404,54.05,33.17935562133789,1.8912454802585006,76,5,1,1,1,1,1,0
5405,54.06,33.567832946777344,1.8273742290197046,76,4,0,1,1,1,1,0
5406,54.07,33.171146392822266,2.0157871770498574,76,5,1,1,1,1,1,0
5407,54.08,33.305416107177734,1.8999757809401019,76,5,1,1,1,1,1,0
5408,54.09,33.31999206542969,1.8195900885148133,76,4,0,1,1,1,1,0
5409,54.1,33.29365921020508,1.7745171316258195,76,4,0,1,1,1,1,0
5410,54.11,33.1983528137207,1.7471691948235426,76,4,0,1,1,1,1,0
5411,54.12,33.32963562011719,1.9470468666326546,76,5,1,1,1,1,1,0
5412,54.13,33.30028533935547,1.637861332063277,76,4,0,1,1,1,1,0
5413,54.14,33.048744201660156,1.9972225343163408,76,4,0,1,1,1,1,0
5414,54.15,33.01323318481445,1.879282803199591,76,5,1,1,1,1,1,0
5415,54.16,33.25254440307617,1.8439373017959055,76,4,0,1,1,1,1,0
5416,54.17,33.27641677856445,1.8621513968294638,76,4,0,1,1,1,1,0
5417,54.18,33.05510330200195,1.8547506480522824,76,4,0,1,1,1,1,0
5418,54.19,33.189666748046875,1.740029023034717,76,4,0,1,1,1,1,0
5419,54.2,33.36060333251953,1.8353730448831445,76,4,0,1,1,1,1,0
5420,54.21,33.48666000366211,2.1887176333539937,76,4,0,1,1,1,1,0
5421,54.22,33.556095123291016,2.1276491651266958,76,4,0,1,1,1,1,0
5422,54.23,33.50412368774414,1.9792208693451667,76,4,0,1,1,1,1,0
5423,54.24,33.349788665771484,1.9152278356271626,76,4,0,1,1,1,1,0
5424,54.25,33.394447326660156,2.1515112280873696,76,4,0,1,1,1,1,0
5425,54.26,33.427734375,1.7866708854145856,76,4,0,1,1,1,1,0
5426,54.27,33.75734329223633,2.0739074603157936,76,4,0,1,1,1,1,0
5427,54.28,33.61995315551758,1.8838818199872358,76,4,0,1,1,1,1,0
5428,54.29,33.59708786010742,1.9144191512491127,76,4,0,1,1,1,1,0
5429,54.3,33.23715591430664,1.87768573843367,76,4,0,1,1,1,1,0
5430,54.31,33.398765563964844,1.7918377926583555,76,4,0,1,1,1,1,0
5431,54.32,33.03114700317383,1.8582224713912103,76,4,0,1,1,1,1,0
5432,54.33,33.242008209228516,1.9054140689231311,76,4,0,1,1,1,1,0
5433,54.34,33.16653823852539,2.0119922955779597,76,4,0,1,1,1,1,0
5434,54.35,33.08732223510742,1.7853531329545478,76,4,0,1,1,1,1,0
5435,54.36,33.07378005981445,1.9444538673639025,76,4,0,1,1,1,1,0
5436,54.37,33.53624725341797,1.880162408189111,76,4,0,1,1,1,1,0
5437,54.38,33.16166305541992,1.910968102974242,76,4,0,1,1,1,1,0
5438,54.39,33.35560989379883,1.8596000610662446,76,4,0,1,1,1,1,0
5439,54.4,33.24221420288086,1.8248010128737775,76,4,0,1,1,1,1,0
5440,54.41,33.624847412109375,1.8966016972597097,76,4,0,1,1,1,1,0
5441,54.42,33.39451599121094,1.8769340025765822,76,4,0,1,1,1,1,0
5442,54.43,33.14725875854492,1.9071210804431913,76,4,0,1,1,1,1,0
5443,54.44,33.33513641357422,1.7847380279748797,76,4,0,1,1,1,1,0
5444,54.45,33.207881927490234,1.8927504718680244,76,4,0,1,1,1,1,0
5445,54.46,33.5134391784668,2.0615746340917953,76,4,0,1,1,1,1,0
5446,54.47,33.36699295043945,1.8570158804803543,76,4,0,1,1,1,1,0
5447,54.48,33.62804412841797,1.878034564240339,76,4,0,1,1,1,1,0
5448,54.49,33.881595611572266,1.6806563766392482,76,4,0,1,1,1,1,0
5449,54.5,33.74531936645508,1.8809058567759642,76,4,0,1,1,1,1,0
5450,54.51,33.773399353027344,1.9646348834419063,76,4,0,1,1,1,1,0
5451,54.52,33.70839309692383,1.8182138922084528,76,4,0,1,1,1,1,0
5452,54.53,33.523704528808594,1.975525442032088,76,4,0,1,1,1,1,0
5453,54.54,33.72821807861328,1.7600600397174766,76,4,0,1,1,1,1,0
5454,54.55,33.438026428222656,1.8370061068966312,76,4,0,1,1,1,1,0
5455,54.56,33.4307746887207,2.060703011710604,76,4,0,1,1,1,1,0
5456,54.57,33.41981887817383,1.90376010143276,76,4,0,1,1,1,1,0
5457,54.58,33.811065673828125,1.7262978860822962,76,4,0,1,1,1,1,0
5458,54.59,33.80607986450195,1.8331980201575042,76,4,0,1,1,1,1,0
5459,54.6,33.71323013305664,1.8824949615568107,76,4,0,1,1,1,1,0
5460,54.61,33.627742767333984,1.8835361833772968,76,4,0,1,1,1,1,0
5461,54.62,33.721397399902344,1.6369176303746042,76,4,0,1,1,1,1,0
5462,54.63,33.83414840698242,1.9039688675852524,76,4,0,1,1,1,1,0
5463,54.64,33.6925163269043,1.8796038271094584,76,4,0,1,1,1,1,0
5464,54.65,33.72514724731445,1.7971078076094016,76,4,0,1,1,1,1,0
5465,54.66,33.61930847167969,1.790029925731737,76,4,0,1,1,1,1,0
5466,54.67,33.49852752685547,1.847511457894876,76,4,0,1,1,1,1,0
5467,54.68,33.44062423706055,1.901734724289352,76,4,0,1,1,1,1,0
5468,54.69,33.33049011230469,1.863866137573068,76,4,0,1,1,1,1,0
5469,54.7,33.1961555480957,1.8915374041431794,76,4,0,1,1,1,1,0
5470,54.71,33.26531982421875,1.8133150292421163,76,4,0,1,1,1,1,0
5471,54.72,33.43590545654297,1.7695829428287142,76,4,0,1,1,1,1,0
5472,54.73,33.406227111816406,2.0023493761842253,76,4,0,1,1,1,1,0
5473,54.74,33.295677185058594,1.8958896209544194,76,4,0,1,1,1,1,0
5474,54.75,33.20726776123047,1.753906105588991,76,4,0,1,1,1,1,0
5475,54.76,33.14228820800781,1.7854400895830285,76,4,0,1,1,1,1,0
5476,54.77,33.1754150390625,2.003052026147805,76,5,1,1,1,1,1,0
5477,54.78,33.637386322021484,1.9365199071013481,76,4,0,1,1,1,1,0
5478,54.79,33.22999954223633,1.8284943562208462,76,4,0,1,1,1,1,0
5479,54.8,33.28588104248047,1.8688480472493587,76,4,0,1,1,1,1,0
5480,54.81,33.88269805908203,1.8968907858237236,76,4,0,1,1,1,1,0
5481,54.82,33.63401412963867,1.801499634712411,76,4,0,1,1,1,1,0
5482,54.83,33.23807144165039,1.799388269548782,76,4,0,1,1,1,1,0
5483,54.84,33.50104522705078,1.8271557092521924,76,4,0,1,1,1,1,0
5484,54.85,33.41813659667969,1.8773632486411413,76,4,0,1,1,1,1,0
5485,54.86,33.66737365722656,1.9845389619263543,76,4,0,1,1,1,1,0
5486,54.87,33.388519287109375,1.879494836187046,76,4,0,1,1,1,1,0
5487,54.88,33.55467224121094,1.955145366758912,76,4,0,1,1,1,1,0
5488,54.89,33.387332916259766,1.9553255814049857,76,4,0,1,1,1,1,0
5489,54.9,33.423728942871094,1.9058855296448414,76,4,0,1,1,1,1,0
5490,54.91,33.262062072753906,1.9103128338895439,76,4,0,1,1,1,1,0
5491,54.92,33.49821853637695,1.8504611447918087,76,4,0,1,1,1,1,0
5492,54.93,33.57893371582031,1.8864266701007772,76,5,1,1,1,1,1,0
5493,54.94,33.4477653503418,1.6630700587363285,76,4,0,1,1,1,1,0
5494,54.95,33.39875411987305,1.854992862497406,76,5,1,1,1,1,1,0
5495,54.96,33.420623779296875,1.881197012628369,76,4,0,1,1,1,1,0
5496,54.97,33.5650749206543,1.9679665231748902,76,4,0,1,1,1,1,0
5497,54.98,33.62668228149414,1.813339164576661,76,5,1,1,1,1,1,0
5498,54.99,33.55634307861328,1.722120407207434,76,5,1,1,1,1,1,0
5499,55.0,33.94521713256836,1.7020875316456632,76,5,1,1,1,1,1,0
5500,55.01,34.08475875854492,1.8261960643489672,76,5,1,1,1,1,1,0
5501,55.02,33.488563537597656,2.005520257214493,76,5,1,1,1,1,1,0
5502,55.03,33.90812301635742,1.951560546879278,76,5,1,1,1,1,1,0
5503,55.04,34.03528594970703,2.048265702716132,76,5,1,1,1,1,1,0
5504,55.05,34.22727966308594,1.9999491769103717,76,5,1,1,1,1,1,0
5505,55.06,33.82532501220703,1.9475087971968548,76,5,1,1,1,1,1,0
5506,55.07,34.04277038574219,1.9501268277171195,76,4,0,1,1,1,1,0
5507,55.08,33.79982376098633,2.2447714891986976,76,4,0,1,1,1,1,0
5508,55.09,33.95467758178711,1.9482832416637244,76,4,0,1,1,1,1,0
5509,55.1,33.57893753051758,1.846106058863741,76,5,1,1,1,1,1,0
5510,55.11,33.92420959472656,2.1029753179700403,76,4,0,1,1,1,1,0
5511,55.12,34.167381286621094,1.9606601864451227,76,4,0,1,1,1,1,0
5512,55.13,34.03261947631836,1.9591095166669847,76,4,0,1,1,1,1,0
5513,55.14,33.80384826660156,2.1700677437505194,76,4,0,1,1,1,1,0
5514,55.15,33.71906661987305,1.8854691044688003,76,5,1,1,1,1,1,0
5515,55.16,33.93170166015625,2.0661545289187173,76,4,0,1,1,1,1,0
5516,55.17,33.94417190551758,1.7838717932741905,76,5,1,1,1,1,1,0
5517,55.18,34.123104095458984,2.089905291881836,76,4,0,1,1,1,1,0
5518,55.19,33.775821685791016,2.1773874058050744,76,5,1,1,1,1,1,0
5519,55.2,33.70862579345703,2.272990623376395,76,5,1,1,1,1,1,0
5520,55.21,34.00288772583008,1.8923809293252534,76,4,0,1,1,1,1,0
5521,55.22,34.17557907104492,1.9428082525708632,76,4,0,1,1,1,1,0
5522,55.23,34.066436767578125,1.9629326348159524,76,4,0,1,1,1,1,0
5523,55.24,34.181968688964844,1.9157522093725192,76,4,0,1,1,1,1,0
5524,55.25,34.626007080078125,2.121723759742389,76,4,0,1,1,1,1,0
5525,55.26,34.079437255859375,1.9587987963631688,76,4,0,1,1,1,1,0
5526,55.27,34.085365295410156,1.9725346791174811,76,4,0,1,1,1,1,0
5527,55.28,34.72471618652344,1.9569615280502701,76,4,0,1,1,1,1,0
5528,55.29,34.19657897949219,1.982575168802533,76,4,0,1,1,1,1,0
5529,55.3,34.064945220947266,1.9031840875322634,76,4,0,1,1,1,1,0
5530,55.31,34.24910354614258,1.8777126219327505,76,4,0,1,1,1,1,0
5531,55.32,33.73699188232422,1.8774970555382469,76,4,0,1,1,1,1,0
5532,55.33,34.16777801513672,2.1834597349633236,76,4,0,1,1,1,1,0
5533,55.34,34.18518829345703,1.8635680777051584,76,4,0,1,1,1,1,0
5534,55.35,34.1561279296875,1.9390979360688045,76,4,0,1,1,1,1,0
5535,55.36,34.06193161010742,1.9220321518628545,76,4,0,1,1,1,1,0
5536,55.37,34.14454650878906,1.7730475712287974,76,4,0,1,1,1,1,0
5537,55.38,34.266475677490234,1.79413092781426,76,4,0,1,1,1,1,0
5538,55.39,34.35410690307617,1.909348621449343,76,4,0,1,1,1,1,0
5539,55.4,34.043209075927734,1.901078439734256,76,4,0,1,1,1,1,0
5540,55.41,34.254337310791016,1.8193709273535859,76,4,0,1,1,1,1,0
5541,55.42,33.89365768432617,1.8738979752992413,76,4,0,1,1,1,1,0
5542,55.43,34.0086784362793,1.7405756206545957,76,4,0,1,1,1,1,0
5543,55.44,33.9420280456543,2.0036486509031364,76,4,0,1,1,1,1,0
5544,55.45,34.1687126159668,1.9570881190315872,76,4,0,1,1,1,1,0
5545,55.46,34.19232177734375,1.9319960902751514,76,4,0,1,1,1,1,0
5546,55.47,34.03915786743164,1.932383528310179,76,5,1,1,1,1,1,0
5547,55.48,34.134429931640625,2.176374198267209,76,4,0,1,1,1,1,0
5548,55.49,33.848270416259766,2.1392537008239327,76,5,1,1,1,1,1,0
5549,55.5,33.84678649902344,2.001848600932812,76,4,0,1,1,1,1,0
5550,55.51,33.84031677246094,1.9177327605906833,76,4,0,1,1,1,1,0
5551,55.52,34.007720947265625,1.989825505419159,76,4,0,1,1,1,1,0
5552,55.53,34.16943359375,2.0110911604543382,76,4,0,1,1,1,1,0
5553,55.54,34.36570358276367,1.753084749849585,76,5,1,1,1,1,1,0
5554,55.55,34.01840591430664,1.808811534375696,76,5,1,1,1,1,1,0
5555,55.56,33.600624084472656,1.8071545350186937,76,4,0,1,1,1,1,0
5556,55.57,33.92967224121094,1.8269673827221975,76,5,1,1,1,1,1,0
5557,55.58,33.86787796020508,2.038527596866411,76,4,0,1,1,1,1,0
5558,55.59,34.001216888427734,1.8187372861888194,76,4,0,1,1,1,1,0
5559,55.6,34.16814041137695,1.9278510737614523,76,4,0,1,1,1,1,0
5560,55.61,33.642845153808594,1.9129777618313395,76,4,0,1,1,1,1,0
5561,55.62,33.99189376831055,1.9377796192872563,76,4,0,1,1,1,1,0
5562,55.63,33.94862747192383,1.783284056559993,76,4,0,1,1,1,1,0
5563,55.64,33.63596725463867,1.7903057259350483,76,5,1,1,1,1,1,0
5564,55.65,33.59123611450195,1.766265507959736,76,4,0,1,1,1,1,0
5565,55.66,33.71841812133789,1.8969969875576154,76,5,1,1,1,1,1,0
5566,55.67,33.770347595214844,1.8661461899268965,76,4,0,1,1,1,1,0
5567,55.68,33.840782165527344,1.8905292879962303,76,4,0,1,1,1,1,0
5568,55.69,33.87403869628906,1.9401537781192706,76,4,0,1,1,1,1,0
5569,55.7,34.12758255004883,1.9208863024696172,76,4,0,1,1,1,1,0
5570,55.71,33.90028762817383,1.8949641805679285,76,4,0,1,1,1,1,0
5571,55.72,33.902313232421875,1.7601682123147577,76,4,0,1,1,1,1,0
5572,55.73,33.61705780029297,1.779602672519916,76,4,0,1,1,1,1,0
5573,55.74,33.80924606323242,1.8535131017912525,76,4,0,1,1,1,1,0
5574,55.75,33.43032455444336,1.7772469728136517,76,4,0,1,1,1,1,0
5575,55.76,33.619205474853516,1.818629450946132,76,4,0,1,1,1,1,0
5576,55.77,33.7891960144043,1.7739767988520274,76,4,0,1,1,1,1,0
5577,55.78,33.668724060058594,1.794127610926342,76,4,0,1,1,1,1,0
5578,55.79,33.76203155517578,1.7569574161556507,76,4,0,1,1,1,1,0
5579,55.8,33.861480712890625,1.7440456729880085,76,5,1,1,1,1,1,0
5580,55.81,33.70798873901367,1.8063215056174602,76,5,1,1,1,1,1,0
5581,55.82,33.675296783447266,1.7435025262300667,76,4,0,1,1,1,1,0
5582,55.83,33.797542572021484,1.8471854761646094,76,4,0,1,1,1,1,0
5583,55.84,33.709495544433594,1.7448504644579608,76,4,0,1,1,1,1,0
5584,55.85,33.80525588989258,1.8670059273690205,76,4,0,1,1,1,1,0
5585,55.86,33.9854621887207,1.8339864508503918,76,4,0,1,1,1,1,0
5586,55.87,33.90803527832031,1.8394027204965773,76,4,0,1,1,1,1,0
5587,55.88,34.04853820800781,1.790362159290262,76,4,0,1,1,1,1,0
5588,55.89,33.66189193725586,1.78566219752214,76,4,0,1,1,1,1,0
5589,55.9,33.95716857910156,2.1395342025806796,76,4,0,1,1,1,1,0
5590,55.91,33.533355712890625,2.094774004790361,76,4,0,1,1,1,1,0
5591,55.92,33.65849685668945,1.9265243479505154,76,4,0,1,1,1,1,0
5592,55.93,33.89033889770508,1.8030530003524186,76,4,0,1,1,1,1,0
5593,55.94,33.960201263427734,1.8512711598335612,76,4,0,1,1,1,1,0
5594,55.95,33.76878356933594,1.663640520156452,76,4,0,1,1,1,1,0
5595,55.96,33.66255187988281,1.828742363706676,76,5,1,1,1,1,1,0
5596,55.97,34.058807373046875,1.8442083083760474,76,4,0,1,1,1,1,0
5597,55.98,33.98283386230469,1.8453468951895144,76,4,0,1,1,1,1,0
5598,55.99,33.7053337097168,1.747969492876614,76,4,0,1,1,1,1,0
5599,56.0,33.58564376831055,2.077039015181047,76,4,0,1,1,1,1,0
5600,56.01,33.949466705322266,1.923045499918507,76,4,0,1,1,1,1,0
5601,56.02,33.90137481689453,1.9354596584180852,76,4,0,1,1,1,1,0
5602,56.03,33.65485382080078,1.9070631614486002,76,5,1,1,1,1,1,0
5603,56.04,33.78731155395508,1.7296843250753546,76,5,1,1,1,1,1,0
5604,56.05,33.84620666503906,1.831340168167817,76,5,1,1,1,1,1,0
5605,56.06,33.90184020996094,1.7817408880202346,76,5,1,1,1,1,1,0
5606,56.07,33.80434036254883,1.8618569758040282,76,5,1,1,1,1,1,0
5607,56.08,33.96989059448242,1.9660366160341018,76,5,1,1,1,1,1,0
5608,56.09,33.95808410644531,2.042060625131031,76,5,1,1,1,1,1,0
5609,56.1,33.84313201904297,1.944043555759101,76,5,1,1,1,1,1,0
5610,56.11,33.92634582519531,2.076224201923391,76,4,0,1,1,1,1,0
5611,56.12,33.826053619384766,1.9128510236555618,76,4,0,1,1,1,1,0
5612,56.13,33.993408203125,2.0027973326733566,76,5,1,1,1,1,1,0
5613,56.14,33.645751953125,1.8245838365958413,76,5,1,1,1,1,1,0
5614,56.15,33.75751876831055,1.8007204368817962,76,5,1,1,1,1,1,0
5615,56.16,33.553070068359375,1.9673576425729715,76,5,1,1,1,1,1,0
5616,56.17,33.46011734008789,1.9285526347269961,76,4,0,1,1,1,1,0
5617,56.18,33.56764221191406,1.8064564990685101,76,5,1,1,1,1,1,0
5618,56.19,33.84126663208008,1.8321027621363526,76,5,1,1,1,1,1,0
5619,56.2,34.04568099975586,1.722005258943291,76,5,1,1,1,1,1,0
5620,56.21,33.918975830078125,1.9155146309205937,76,4,0,1,1,1,1,0
5621,56.22,33.86803436279297,1.9021558268327077,76,5,1,1,1,1,1,0
5622,56.23,34.04753494262695,1.9763335835870084,76,4,0,1,1,1,1,0
5623,56.24,33.79289245605469,1.83254101051072,76,5,1,1,1,1,1,0
5624,56.25,33.89656448364258,2.074679302391971,76,5,1,1,1,1,1,0
5625,56.26,33.675506591796875,2.0378673783038916,76,5,1,1,1,1,1,0
5626,56.27,34.004520416259766,1.7728207843343604,76,4,0,1,1,1,1,0
5627,56.28,33.859405517578125,2.0498740850794555,76,4,0,1,1,1,1,0
5628,56.29,33.51813888549805,1.8583308624652783,76,4,0,1,1,1,1,0
5629,56.3,33.40098571777344,1.7545663124963684,76,4,0,1,1,1,1,0
5630,56.31,33.582420349121094,1.8932503788653474,76,5,1,1,1,1,1,0
5631,56.32,33.628143310546875,1.7162154189909904,76,5,1,1,1,1,1,0
5632,56.33,34.0234260559082,1.8402712829337908,76,4,0,1,1,1,1,0
5633,56.34,34.25575256347656,1.9188819840868974,76,5,1,1,1,1,1,0
5634,56.35,33.82794952392578,1.8419801680103638,76,5,1,1,1,1,1,0
5635,56.36,33.886566162109375,1.7744315100460861,76,4,0,1,1,1,1,0
5636,56.37,33.89008712768555,1.884807257477372,76,5,1,1,1,1,1,0
5637,56.38,33.85154724121094,1.92231695963562,76,5,1,1,1,1,1,0
5638,56.39,33.734989166259766,1.893013200604558,76,4,0,1,1,1,1,0
5639,56.4,33.52336502075195,1.8747800863875266,76,5,1,1,1,1,1,0
5640,56.41,33.43849563598633,1.7452204856295215,76,4,0,1,1,1,1,0
5641,56.42,33.61517333984375,1.8793085474343494,76,5,1,1,1,1,1,0
5642,56.43,33.462181091308594,1.8351302987804312,76,4,0,1,1,1,1,0
5643,56.44,33.700347900390625,1.7969689275734533,76,4,0,1,1,1,1,0
5644,56.45,33.777496337890625,1.7289565345192486,76,4,0,1,1,1,1,0
5645,56.46,33.8131103515625,1.758496881534255,76,4,0,1,1,1,1,0
5646,56.47,33.47243118286133,1.8738705077827293,76,4,0,1,1,1,1,0
5647,56.48,33.71444320678711,1.7721729100573385,76,4,0,1,1,1,1,0
5648,56.49,33.698421478271484,2.121958713775031,76,5,1,1,1,1,1,0
5649,56.5,33.67011260986328,2.008035732061878,76,4,0,1,1,1,1,0
5650,56.51,33.64370346069336,1.8505409810706321,76,4,0,1,1,1,1,0
5651,56.52,33.777957916259766,1.9211907644219697,76,4,0,1,1,1,1,0
5652,56.53,33.669368743896484,1.9876899776342225,76,4,0,1,1,1,1,0
5653,56.54,33.86941146850586,1.849703005484785,76,4,0,1,1,1,1,0
5654,56.55,33.65245056152344,1.879065305612189,76,4,0,1,1,1,1,0
5655,56.56,33.615234375,1.789692919940742,76,4,0,1,1,1,1,0
5656,56.57,33.61367416381836,2.064847594177605,76,4,0,1,1,1,1,0
5657,56.58,33.81584167480469,1.9202897147376408,76,4,0,1,1,1,1,0
5658,56.59,33.779991149902344,2.08405582191393,76,4,0,1,1,1,1,0
5659,56.6,33.62718200683594,2.1409644597239055,76,4,0,1,1,1,1,0
5660,56.61,33.529029846191406,1.825457067659415,76,4,0,1,1,1,1,0
5661,56.62,33.36440658569336,1.8643235660745543,76,5,1,1,1,1,1,0
5662,56.63,33.6805534362793,1.8679666473901289,76,5,1,1,1,1,1,0
5663,56.64,33.19914245605469,1.9010520672566382,76,4,0,1,1,1,1,0
5664,56.65,33.27191162109375,2.148344566888091,76,4,0,1,1,1,1,0
5665,56.66,33.34886932373047,1.8938560483381044,76,4,0,1,1,1,1,0
5666,56.67,33.48870849609375,1.8045812418035334,76,4,0,1,1,1,1,0
5667,56.68,33.524173736572266,2.1487935862607146,76,4,0,1,1,1,1,0
5668,56.69,33.57545852661133,1.9604833030395086,76,4,0,1,1,1,1,0
5669,56.7,33.25578308105469,2.0238102983707136,76,4,0,1,1,1,1,0
5670,56.71,33.5164909362793,1.961532320768776,76,4,0,1,1,1,1,0
5671,56.72,33.48247146606445,1.8693604886403337,76,4,0,1,1,1,1,0
5672,56.73,33.692100524902344,1.8221094788482677,76,4,0,1,1,1,1,0
5673,56.74,33.767295837402344,1.9125363383126313,76,4,0,1,1,1,1,0
5674,56.75,33.64930725097656,1.738992842412176,76,5,1,1,1,1,1,0
5675,56.76,33.54240798950195,2.1734301571653734,76,5,1,1,1,1,1,0
5676,56.77,33.91579818725586,1.9758769438625012,76,4,0,1,1,1,1,0
5677,56.78,33.844791412353516,1.8204706602134535,76,4,0,1,1,1,1,0
5678,56.79,33.775028228759766,1.956270096652803,76,4,0,1,1,1,1,0
5679,56.8,33.81112289428711,1.8032509323959263,76,4,0,1,1,1,1,0
5680,56.81,34.074615478515625,1.749771926408119,76,4,0,1,1,1,1,0
5681,56.82,33.64137649536133,1.9658322291475228,76,4,0,1,1,1,1,0
5682,56.83,33.785865783691406,1.9251213348612053,76,4,0,1,1,1,1,0
5683,56.84,33.695526123046875,1.7917876437261897,76,4,0,1,1,1,1,0
5684,56.85,33.9630012512207,2.0844913438559463,76,4,0,1,1,1,1,0
5685,56.86,33.79909896850586,1.845860900999329,76,4,0,1,1,1,1,0
5686,56.87,33.8254280090332,2.1945843946667174,76,5,1,1,1,1,1,0
5687,56.88,33.90563201904297,1.9981497842918226,76,4,0,1,1,1,1,0
5688,56.89,34.03538131713867,1.8666825325632581,76,5,1,1,1,1,1,0
5689,56.9,33.89909362792969,2.213234808855966,76,5,1,1,1,1,1,0
5690,56.91,33.59860610961914,1.824006394896427,76,4,0,1,1,1,1,0
5691,56.92,33.68756103515625,1.9588539977354253,76,4,0,1,1,1,1,0
5692,56.93,33.870941162109375,1.9659845850868443,76,4,0,1,1,1,1,0
5693,56.94,33.722721099853516,1.9764114427874993,76,5,1,1,1,1,1,0
5694,56.95,33.7647590637207,1.7807901716015222,76,4,0,1,1,1,1,0
5695,56.96,33.910614013671875,1.9490776603823123,76,4,0,1,1,1,1,0
5696,56.97,33.55921936035156,1.748744703592192,76,4,0,1,1,1,1,0
5697,56.98,33.72962951660156,1.818214206914598,76,4,0,1,1,1,1,0
5698,56.99,33.31056594848633,1.714203566085041,76,4,0,1,1,1,1,0
5699,57.0,33.553802490234375,1.7336663124884344,76,4,0,1,1,1,1,0
5700,57.01,33.57752990722656,1.9941139047038137,76,4,0,1,1,1,1,0
5701,57.02,33.382083892822266,1.7885500494361524,76,4,0,1,1,1,1,0
5702,57.03,33.4613037109375,1.8067066660293278,76,4,0,1,1,1,1,0
5703,57.04,33.47544860839844,1.8077041599434291,76,4,0,1,1,1,1,0
5704,57.05,33.33484649658203,1.8552364229638627,76,4,0,1,1,1,1,0
5705,57.06,33.3588981628418,1.8813048708208475,76,4,0,1,1,1,1,0
5706,57.07,33.229862213134766,1.9986470200901503,76,4,0,1,1,1,1,0
5707,57.08,33.13055419921875,1.8359707493692843,76,4,0,1,1,1,1,0
5708,57.09,33.48116683959961,1.751142776116676,76,4,0,1,1,1,1,0
5709,57.1,33.427066802978516,1.985626941909577,76,5,1,1,1,1,1,0
5710,57.11,33.740089416503906,1.951540407985736,76,4,0,1,1,1,1,0
5711,57.12,33.574378967285156,1.726906298847353,76,4,0,1,1,1,1,0
5712,57.13,33.520103454589844,1.921378829502404,76,4,0,1,1,1,1,0
5713,57.14,33.242942810058594,1.7186922247081973,76,4,0,1,1,1,1,0
5714,57.15,33.77724075317383,1.6979378793122448,76,4,0,1,1,1,1,0
5715,57.16,33.54519271850586,1.7926500533804108,76,4,0,1,1,1,1,0
5716,57.17,33.166412353515625,1.7450451829282052,76,4,0,1,1,1,1,0
5717,57.18,33.263004302978516,1.8617454296815286,76,4,0,1,1,1,1,0
5718,57.19,32.95413589477539,1.7417513502608364,76,5,1,1,1,1,1,0
5719,57.2,33.093997955322266,1.950024928007853,76,4,0,1,1,1,1,0
5720,57.21,33.33576965332031,1.8660612156287761,76,4,0,1,1,1,1,0
5721,57.22,33.41984176635742,1.9618628551557844,76,4,0,1,1,1,1,0
5722,57.23,33.39090347290039,1.9759792478806646,76,4,0,1,1,1,1,0
5723,57.24,33.27033615112305,1.8173064024672825,76,4,0,1,1,1,1,0
5724,57.25,33.36149978637695,1.887241911978306,76,4,0,1,1,1,1,0
5725,57.26,33.312076568603516,1.9305437513886745,76,4,0,1,1,1,1,0
5726,57.27,33.62937927246094,1.840354090090714,76,4,0,1,1,1,1,0
5727,57.28,33.55336380004883,1.9343734034241746,76,5,1,1,1,1,1,0
5728,57.29,33.448143005371094,1.895518999922555,76,4,0,1,1,1,1,0
5729,57.3,33.43263244628906,1.991030641437858,76,5,1,1,1,1,1,0
5730,57.31,33.293338775634766,2.0030239681791406,76,4,0,1,1,1,1,0
5731,57.32,33.57619094848633,1.7587521134581765,76,4,0,1,1,1,1,0
5732,57.33,33.32097625732422,1.7786241267315481,76,5,1,1,1,1,1,0
5733,57.34,33.20768356323242,1.9008123303666635,76,4,0,1,1,1,1,0
5734,57.35,33.3519172668457,1.7133338268246507,76,4,0,1,1,1,1,0
5735,57.36,33.25538635253906,2.0239544450069773,76,4,0,1,1,1,1,0
5736,57.37,33.159889221191406,1.9064890058943282,76,4,0,1,1,1,1,0
5737,57.38,33.46403503417969,1.936465369238898,76,4,0,1,1,1,1,0
5738,57.39,33.274234771728516,1.738105126262512,76,4,0,1,1,1,1,0
5739,57.4,33.176673889160156,1.8126256792418995,76,5,1,1,1,1,1,0
5740,57.41,33.43703079223633,1.740491901895503,76,4,0,1,1,1,1,0
5741,57.42,33.18037033081055,1.8463708588888832,76,4,0,1,1,1,1,0
5742,57.43,33.145015716552734,1.883612511572341,76,4,0,1,1,1,1,0
5743,57.44,33.29861831665039,2.0131078577934667,76,4,0,1,1,1,1,0
5744,57.45,33.45524978637695,1.86078112863961,76,4,0,1,1,1,1,0
5745,57.46,33.40081787109375,1.8168643743532757,76,4,0,1,1,1,1,0
5746,57.47,33.451683044433594,1.8401075646868466,76,4,0,1,1,1,1,0
5747,57.48,33.57944107055664,1.8981299406946095,76,4,0,1,1,1,1,0
5748,57.49,33.5655403137207,1.998321787369162,76,4,0,1,1,1,1,0
5749,57.5,33.58536148071289,1.871735959404514,76,4,0,1,1,1,1,0
5750,57.51,33.61991882324219,2.1127047792822378,76,4,0,1,1,1,1,0
5751,57.52,33.5372314453125,2.043158780599742,76,5,1,1,1,1,1,0
5752,57.53,33.27120590209961,1.963290316118004,76,4,0,1,1,1,1,0
5753,57.54,33.603633880615234,1.9531525279355244,76,4,0,1,1,1,1,0
5754,57.55,33.4321403503418,2.016410308352426,76,4,0,1,1,1,1,0
5755,57.56,33.580265045166016,1.971118093081906,76,4,0,1,1,1,1,0
5756,57.57,33.61341857910156,1.7076911035229592,76,4,0,1,1,1,1,0
5757,57.58,33.338035583496094,1.9193729187273036,76,4,0,1,1,1,1,0
5758,57.59,33.40201950073242,1.9277425943354187,76,4,0,1,1,1,1,0
5759,57.6,33.26460647583008,2.0559662059004524,76,4,0,1,1,1,1,0
5760,57.61,33.13566207885742,1.7669190674041355,76,4,0,1,1,1,1,0
5761,57.62,33.227230072021484,1.8441542467677612,76,4,0,1,1,1,1,0
5762,57.63,33.20877456665039,1.7917878779163303,76,4,0,1,1,1,1,0
5763,57.64,33.358150482177734,2.0247721632942626,76,4,0,1,1,1,1,0
5764,57.65,33.436214447021484,1.897627097640153,76,4,0,1,1,1,1,0
5765,57.66,33.35569381713867,1.8415996920309887,76,4,0,1,1,1,1,0
5766,57.67,33.733985900878906,2.062959307584931,76,4,0,1,1,1,1,0
5767,57.68,33.54838943481445,1.8993923733529865,76,4,0,1,1,1,1,0
5768,57.69,33.40679168701172,1.7583248333266133,76,4,0,1,1,1,1,0
5769,57.7,33.40944290161133,2.0204206304464725,76,4,0,1,1,1,1,0
5770,57.71,33.662193298339844,1.926266229501132,76,4,0,1,1,1,1,0
5771,57.72,33.32942581176758,1.7760085721584051,76,4,0,1,1,1,1,0
5772,57.73,33.399227142333984,1.8398042044083593,76,5,1,1,1,1,1,0
5773,57.74,33.41407012939453,1.940953627133601,76,4,0,1,1,1,1,0
5774,57.75,33.58241271972656,1.97534705094636,76,4,0,1,1,1,1,0
5775,57.76,33.388427734375,1.9456136446467176,76,4,0,1,1,1,1,0
5776,57.77,33.36753845214844,1.8347250268342945,76,4,0,1,1,1,1,0
5777,57.78,33.43405532836914,1.8223624790075894,76,4,0,1,1,1,1,0
5778,57.79,33.24488830566406,1.8556354061763771,76,4,0,1,1,1,1,0
5779,57.8,33.479515075683594,1.9930597707496112,76,4,0,1,1,1,1,0
5780,57.81,33.450340270996094,1.9256688124881247,76,4,0,1,1,1,1,0
5781,57.82,33.57684326171875,1.7930381505553992,76,4,0,1,1,1,1,0
5782,57.83,33.791748046875,1.8493541369600934,76,4,0,1,1,1,1,0
5783,57.84,33.67504119873047,1.7872917068966525,76,4,0,1,1,1,1,0
5784,57.85,33.78920364379883,1.8595727721132131,76,4,0,1,1,1,1,0
5785,57.86,33.623416900634766,1.8437729366630669,76,4,0,1,1,1,1,0
5786,57.87,33.59758377075195,1.7295934184030368,76,4,0,1,1,1,1,0
5787,57.88,33.949344635009766,2.053316291807005,76,4,0,1,1,1,1,0
5788,57.89,33.50044250488281,1.695700090702597,76,4,0,1,1,1,1,0
5789,57.9,33.432037353515625,1.7424686301090966,76,4,0,1,1,1,1,0
5790,57.91,33.37717819213867,1.7590084794326861,76,4,0,1,1,1,1,0
5791,57.92,33.43487548828125,2.005341547845904,76,4,0,1,1,1,1,0
5792,57.93,33.311317443847656,1.778678378551113,76,4,0,1,1,1,1,0
5793,57.94,33.35629653930664,1.9024474601193153,76,4,0,1,1,1,1,0
5794,57.95,33.19148254394531,1.833194253726215,76,4,0,1,1,1,1,0
5795,57.96,33.778282165527344,1.6978187318048796,76,4,0,1,1,1,1,0
5796,57.97,33.77241897583008,1.8567171523920374,76,4,0,1,1,1,1,0
5797,57.98,33.632049560546875,1.8444216434256155,76,5,1,1,1,1,1,0
5798,57.99,33.555023193359375,1.842550858896912,76,5,1,1,1,1,1,0
5799,58.0,33.6722412109375,1.8655524483510548,76,5,1,1,1,1,1,0
5800,58.01,33.59077453613281,1.8374967182168358,76,4,0,1,1,1,1,0
5801,58.02,33.7331657409668,1.714789680067792,76,5,1,1,1,1,1,0
5802,58.03,33.80290985107422,1.8841713417076755,76,4,0,1,1,1,1,0
5803,58.04,33.50718307495117,1.9371629440030531,76,4,0,1,1,1,1,0
5804,58.05,33.45182418823242,1.9381915324959602,76,4,0,1,1,1,1,0
5805,58.06,33.57044982910156,1.9236715196452714,76,4,0,1,1,1,1,0
5806,58.07,33.8232536315918,1.8505145274026875,76,4,0,1,1,1,1,0
5807,58.08,33.907066345214844,1.8425525979737365,76,4,0,1,1,1,1,0
5808,58.09,33.636863708496094,1.907175137327182,76,4,0,1,1,1,1,0
5809,58.1,33.61986541748047,1.721245360095266,76,4,0,1,1,1,1,0
5810,58.11,33.39535903930664,1.8581982210437773,76,5,1,1,1,1,1,0
5811,58.12,33.56084060668945,1.7927903318775695,76,4,0,1,1,1,1,0
5812,58.13,33.38932418823242,1.8826277350382696,76,5,1,1,1,1,1,0
5813,58.14,33.670082092285156,1.8873510214567908,76,4,0,1,1,1,1,0
5814,58.15,33.36447525024414,1.8000552393599125,76,4,0,1,1,1,1,0
5815,58.16,33.292293548583984,1.7494541664204986,76,5,1,1,1,1,1,0
5816,58.17,33.36738586425781,1.8286646839670995,76,4,0,1,1,1,1,0
5817,58.18,33.1823844909668,1.9793128052365068,76,4,0,1,1,1,1,0
5818,58.19,33.4114875793457,2.043744369085515,76,4,0,1,1,1,1,0
5819,58.2,33.48793411254883,1.9191152695898548,76,4,0,1,1,1,1,0
5820,58.21,33.45106887817383,1.7969968063450048,76,4,0,1,1,1,1,0
5821,58.22,33.72830581665039,1.786504945604272,76,4,0,1,1,1,1,0
5822,58.23,33.45106887817383,1.751366554544689,76,4,0,1,1,1,1,0
5823,58.24,33.42510223388672,1.995294860619082,76,4,0,1,1,1,1,0
5824,58.25,33.608299255371094,1.9213254899141474,76,4,0,1,1,1,1,0
5825,58.26,33.621185302734375,1.903418495335756,76,4,0,1,1,1,1,0
5826,58.27,33.522972106933594,1.9441186268116315,76,4,0,1,1,1,1,0
5827,58.28,33.47894287109375,1.9124833505043364,76,4,0,1,1,1,1,0
5828,58.29,33.74647521972656,1.769664638674952,76,4,0,1,1,1,1,0
5829,58.3,33.652915954589844,1.8649642245532554,76,4,0,1,1,1,1,0
5830,58.31,33.79279327392578,1.9960966227362273,76,4,0,1,1,1,1,0
5831,58.32,33.616336822509766,1.7081610704526353,76,4,0,1,1,1,1,0
5832,58.33,33.53880310058594,1.874834322928321,76,4,0,1,1,1,1,0
5833,58.34,33.485748291015625,1.7409433074922784,76,4,0,1,1,1,1,0
5834,58.35,33.318824768066406,1.829590148060558,76,4,0,1,1,1,1,0
5835,58.36,33.438838958740234,1.8174130148489656,76,4,0,1,1,1,1,0
5836,58.37,33.61858367919922,1.7675425315880475,76,4,0,1,1,1,1,0
5837,58.38,33.69972610473633,1.8429874714261592,76,4,0,1,1,1,1,0
5838,58.39,33.702579498291016,1.8110223772197707,76,4,0,1,1,1,1,0
5839,58.4,33.64601516723633,1.8768831599570075,76,5,1,1,1,1,1,0
5840,58.41,33.82195281982422,1.7769959644385815,76,4,0,1,1,1,1,0
5841,58.42,33.757808685302734,1.9923856917356064,76,5,1,1,1,1,1,0
5842,58.43,33.47858810424805,1.9396429043994157,76,4,0,1,1,1,1,0
5843,58.44,33.5042839050293,1.820551476403151,76,4,0,1,1,1,1,0
5844,58.45,33.52369689941406,1.9709103234451588,76,4,0,1,1,1,1,0
5845,58.46,33.443992614746094,2.044649756549754,76,4,0,1,1,1,1,0
5846,58.47,33.71152877807617,1.907931038694711,76,4,0,1,1,1,1,0
5847,58.48,33.42652130126953,1.787455866346582,76,5,1,1,1,1,1,0
5848,58.49,33.41116714477539,1.7424713666595306,76,4,0,1,1,1,1,0
5849,58.5,33.38284683227539,1.911860271697709,76,4,0,1,1,1,1,0
5850,58.51,33.53672790527344,2.0315019863246153,76,4,0,1,1,1,1,0
5851,58.52,33.11794662475586,1.9908811219172176,76,4,0,1,1,1,1,0
5852,58.53,33.6375732421875,2.0067434228279892,76,4,0,1,1,1,1,0
5853,58.54,33.620670318603516,1.9089516523838128,76,4,0,1,1,1,1,0
5854,58.55,33.73682403564453,2.0384521102168556,76,4,0,1,1,1,1,0
5855,58.56,33.78915786743164,2.007607628017598,76,4,0,1,1,1,1,0
5856,58.57,34.0105094909668,1.7623310249497068,76,4,0,1,1,1,1,0
5857,58.58,34.005027770996094,1.8461360677850418,76,4,0,1,1,1,1,0
5858,58.59,34.078582763671875,1.8866426315939087,76,4,0,1,1,1,1,0
5859,58.6,33.8425178527832,1.9617323137119416,76,4,0,1,1,1,1,0
5860,58.61,33.70511245727539,1.8859747036750034,76,4,0,1,1,1,1,0
5861,58.62,33.60478591918945,1.8483206604723041,76,4,0,1,1,1,1,0
5862,58.63,33.635093688964844,1.8812242109536448,76,4,0,1,1,1,1,0
5863,58.64,33.84022903442383,1.9071421484340294,76,4,0,1,1,1,1,0
5864,58.65,33.80099105834961,1.967992638613868,76,4,0,1,1,1,1,0
5865,58.66,33.741783142089844,1.7962459029563724,76,4,0,1,1,1,1,0
5866,58.67,33.57583999633789,1.7918710521912165,76,5,1,1,1,1,1,0
5867,58.68,33.43913650512695,1.876860187281156,76,4,0,1,1,1,1,0
5868,58.69,33.51536178588867,1.9210406344347757,76,4,0,1,1,1,1,0
5869,58.7,33.517478942871094,1.8949721120517864,76,4,0,1,1,1,1,0
5870,58.71,33.53703308105469,1.9110470483281687,76,4,0,1,1,1,1,0
5871,58.72,33.47002410888672,1.9689819261394648,76,5,1,1,1,1,1,0
5872,58.73,33.43202590942383,1.883533854295208,76,5,1,1,1,1,1,0
5873,58.74,33.4997444152832,1.722555848477462,76,5,1,1,1,1,1,0
5874,58.75,33.669490814208984,1.6807127013076433,76,5,1,1,1,1,1,0
5875,58.76,33.643646240234375,1.9565496475825928,76,4,0,1,1,1,1,0
5876,58.77,33.37250518798828,1.8209852146901728,76,4,0,1,1,1,1,0
5877,58.78,33.50365447998047,1.8467837379037102,76,4,0,1,1,1,1,0
5878,58.79,33.451698303222656,1.8940427390477603,76,4,0,1,1,1,1,0
5879,58.8,33.58013153076172,1.8923769783179074,76,4,0,1,1,1,1,0
5880,58.81,33.41014099121094,1.9348150499084227,76,4,0,1,1,1,1,0
5881,58.82,33.41011428833008,1.8476215096519903,76,4,0,1,1,1,1,0
5882,58.83,33.368228912353516,1.9998248031178372,76,4,0,1,1,1,1,0
5883,58.84,33.40171813964844,2.0086042069045233,76,4,0,1,1,1,1,0
5884,58.85,33.436424255371094,1.840516128300207,76,4,0,1,1,1,1,0
5885,58.86,33.278892517089844,1.8793897766624625,76,4,0,1,1,1,1,0
5886,58.87,33.39548873901367,2.0111980652139345,76,4,0,1,1,1,1,0
5887,58.88,33.227176666259766,1.799166668740099,76,4,0,1,1,1,1,0
5888,58.89,33.72397232055664,1.8479192515716465,76,4,0,1,1,1,1,0
5889,58.9,33.54998016357422,1.9123260937610234,76,4,0,1,1,1,1,0
5890,58.91,33.392642974853516,2.0561561231990604,76,4,0,1,1,1,1,0
5891,58.92,33.550960540771484,2.160093713778286,76,4,0,1,1,1,1,0
5892,58.93,33.501895904541016,1.59906072703744,76,4,0,1,1,1,1,0
5893,58.94,33.61667251586914,1.607298050186002,76,5,1,1,1,1,1,0
5894,58.95,33.65946578979492,1.5951479679983789,76,5,1,1,1,1,1,0
5895,58.96,34.00448989868164,1.7872900847890942,76,4,0,1,1,1,1,0
5896,58.97,33.69760513305664,1.7884623055185593,76,4,0,1,1,1,1,0
5897,58.98,33.6305046081543,1.6921865486866585,76,4,0,1,1,1,1,0
5898,58.99,33.781707763671875,1.9108605017293896,76,4,0,1,1,1,1,0
5899,59.0,33.3087158203125,1.8452890425095105,76,4,0,1,1,1,1,0
5900,59.01,33.16410446166992,1.8293980893689255,76,4,0,1,1,1,1,0
5901,59.02,33.46662139892578,1.6932241737088476,76,4,0,1,1,1,1,0
5902,59.03,33.24559783935547,1.9649413999411678,76,4,0,1,1,1,1,0
5903,59.04,33.09982681274414,1.7944618493770081,76,4,0,1,1,1,1,0
5904,59.05,33.09672164916992,1.8697843735479438,76,4,0,1,1,1,1,0
5905,59.06,33.2917366027832,1.8739801108130494,76,5,1,1,1,1,1,0
5906,59.07,33.303070068359375,1.7372358689644603,76,4,0,1,1,1,1,0
5907,59.08,33.46497344970703,1.7693496535238946,76,5,1,1,1,1,1,0
5908,59.09,33.2883186340332,1.8762998098897474,76,5,1,1,1,1,1,0
5909,59.1,33.28205871582031,1.7477413944034634,76,4,0,1,1,1,1,0
5910,59.11,33.31595993041992,1.8922506344062733,76,4,0,1,1,1,1,0
5911,59.12,33.17250442504883,2.0086301928120753,76,4,0,1,1,1,1,0
5912,59.13,33.28667068481445,1.882581767508428,76,4,0,1,1,1,1,0
5913,59.14,33.732322692871094,1.9725318749609269,76,4,0,1,1,1,1,0
5914,59.15,33.301780700683594,1.8042701746477623,76,4,0,1,1,1,1,0
5915,59.16,33.60403060913086,2.0187605842037604,76,5,1,1,1,1,1,0
5916,59.17,33.1335334777832,1.7127136213146272,76,4,0,1,1,1,1,0
5917,59.18,33.24542236328125,1.8426582879233122,76,5,1,1,1,1,1,0
5918,59.19,33.2890625,1.7615921812224418,76,4,0,1,1,1,1,0
5919,59.2,33.30089569091797,1.9629275431915398,76,4,0,1,1,1,1,0
5920,59.21,33.57960891723633,1.7972467193649946,76,4,0,1,1,1,1,0
5921,59.22,33.31890106201172,1.9196622146098015,76,4,0,1,1,1,1,0
5922,59.23,33.62626266479492,1.7582385751053133,76,4,0,1,1,1,1,0
5923,59.24,33.75865173339844,1.8286066581393816,76,4,0,1,1,1,1,0
5924,59.25,34.07633590698242,1.8978131560853346,76,4,0,1,1,1,1,0
5925,59.26,34.0220947265625,2.0690353062254943,76,4,0,1,1,1,1,0
5926,59.27,33.679298400878906,1.8739580796576474,76,4,0,1,1,1,1,0
5927,59.28,33.58491134643555,2.0332749589583408,76,4,0,1,1,1,1,0
5928,59.29,33.56257629394531,1.7927919490044784,76,4,0,1,1,1,1,0
5929,59.3,33.63217544555664,1.7944342288515693,76,4,0,1,1,1,1,0
5930,59.31,33.70381546020508,1.9034685490258354,76,4,0,1,1,1,1,0
5931,59.32,33.61220932006836,1.7269961321018867,76,4,0,1,1,1,1,0
5932,59.33,33.55079650878906,1.7869258930754648,76,4,0,1,1,1,1,0
5933,59.34,33.500179290771484,1.8997080713196666,76,4,0,1,1,1,1,0
5934,59.35,33.5936164855957,1.9060145722684565,76,4,0,1,1,1,1,0
5935,59.36,33.29315185546875,1.957266712538991,76,4,0,1,1,1,1,0
5936,59.37,33.2921028137207,1.9109123567498345,76,4,0,1,1,1,1,0
5937,59.38,33.52641677856445,1.7483194288392172,76,4,0,1,1,1,1,0
5938,59.39,33.40237045288086,1.9401576318434623,76,4,0,1,1,1,1,0
5939,59.4,33.3974494934082,2.06198959120083,76,4,0,1,1,1,1,0
5940,59.41,33.29430389404297,1.7914818078581727,76,4,0,1,1,1,1,0
5941,59.42,33.29814910888672,1.9091598108900567,76,4,0,1,1,1,1,0
5942,59.43,33.45567321777344,1.8234561190293905,76,4,0,1,1,1,1,0
5943,59.44,33.64468765258789,1.9502868848280717,76,4,0,1,1,1,1,0
5944,59.45,33.59504318237305,1.8977326551334694,76,4,0,1,1,1,1,0
5945,59.46,33.593379974365234,1.8758718863224007,76,5,1,1,1,1,1,0
5946,59.47,33.296791076660156,1.8448603978949618,76,5,1,1,1,1,1,0
5947,59.48,33.623043060302734,2.084566792009528,76,4,0,1,1,1,1,0
5948,59.49,33.83766555786133,1.878401121031156,76,4,0,1,1,1,1,0
5949,59.5,33.780574798583984,2.0716639169745097,76,4,0,1,1,1,1,0
5950,59.51,33.3516960144043,1.7908691700017023,76,4,0,1,1,1,1,0
5951,59.52,33.46684265136719,1.7702260113428867,76,4,0,1,1,1,1,0
5952,59.53,33.51642990112305,1.7666597251568912,76,4,0,1,1,1,1,0
5953,59.54,33.6221923828125,1.7304623042350802,76,4,0,1,1,1,1,0
5954,59.55,33.733604431152344,1.7896921739212648,76,4,0,1,1,1,1,0
5955,59.56,33.8046875,1.6936648594477488,76,4,0,1,1,1,1,0
5956,59.57,33.65518569946289,1.7822769192422132,76,4,0,1,1,1,1,0
5957,59.58,33.52895736694336,1.7541376648212654,76,4,0,1,1,1,1,0
5958,59.59,33.13731002807617,1.768639026415188,76,4,0,1,1,1,1,0
5959,59.6,33.53940200805664,1.9014482178937897,76,4,0,1,1,1,1,0
5960,59.61,33.58845138549805,1.8700219276578922,76,4,0,1,1,1,1,0
5961,59.62,33.424957275390625,1.9661347950065053,76,5,1,1,1,1,1,0
5962,59.63,33.21011734008789,2.0909793052446917,76,4,0,1,1,1,1,0
5963,59.64,33.27155303955078,1.927847927573688,76,4,0,1,1,1,1,0
5964,59.65,33.27688217163086,1.8480271116373068,76,4,0,1,1,1,1,0
5965,59.66,33.66613006591797,1.8180744423057695,76,4,0,1,1,1,1,0
5966,59.67,33.31293869018555,1.9385059298050706,76,4,0,1,1,1,1,0
5967,59.68,33.723628997802734,1.8200563392731555,76,4,0,1,1,1,1,0
5968,59.69,33.521095275878906,1.8188760141507805,76,4,0,1,1,1,1,0
5969,59.7,33.60483932495117,1.8483248294899954,76,5,1,1,1,1,1,0
5970,59.71,33.63213348388672,1.9167420044189887,76,4,0,1,1,1,1,0
5971,59.72,33.804237365722656,1.8836138887103355,76,4,0,1,1,1,1,0
5972,59.73,33.46231460571289,1.9844174284982692,76,5,1,1,1,1,1,0
5973,59.74,33.636844635009766,1.7066387983944582,76,4,0,1,1,1,1,0
5974,59.75,33.683799743652344,1.7499141815970607,76,5,1,1,1,1,1,0
5975,59.76,33.82910919189453,1.8939361500963448,76,4,0,1,1,1,1,0
5976,59.77,33.81439971923828,1.7144992179644136,76,4,0,1,1,1,1,0
5977,59.78,33.78152084350586,1.6602695090082369,76,5,1,1,1,1,1,0
5978,59.79,33.4712028503418,1.8027174345805055,76,4,0,1,1,1,1,0
5979,59.8,33.62907791137695,1.84957009594418,76,4,0,1,1,1,1,0
5980,59.81,33.55613708496094,1.8028880605593074,76,4,0,1,1,1,1,0
5981,59.82,33.68967819213867,1.8127614658544076,76,4,0,1,1,1,1,0
5982,59.83,33.960227966308594,1.8455351031408294,76,4,0,1,1,1,1,0
5983,59.84,34.07748031616211,1.7876213764537683,76,4,0,1,1,1,1,0
5984,59.85,33.95853805541992,1.7865096005242964,76,4,0,1,1,1,1,0
5985,59.86,33.99528884887695,2.0544875274082095,76,4,0,1,1,1,1,0
5986,59.87,34.163700103759766,1.807043559804757,76,4,0,1,1,1,1,0
5987,59.88,33.79225540161133,1.7422123701988013,76,4,0,1,1,1,1,0
5988,59.89,33.89752197265625,1.952970960335468,76,4,0,1,1,1,1,0
5989,59.9,33.80124282836914,2.0883961093032153,76,4,0,1,1,1,1,0
5990,59.91,33.742759704589844,1.6682255044527872,76,4,0,1,1,1,1,0
5991,59.92,33.71468734741211,1.632971206595759,76,4,0,1,1,1,1,0
5992,59.93,33.94675064086914,1.749683153520935,76,4,0,1,1,1,1,0
5993,59.94,33.91410827636719,1.970201999752877,76,4,0,1,1,1,1,0
5994,59.95,33.82789993286133,1.8797299454937553,76,4,0,1,1,1,1,0
5995,59.96,33.95446014404297,1.8286608456193811,76,4,0,1,1,1,1,0
5996,59.97,33.8623046875,1.7617584105552426,76,4,0,1,1,1,1,0
5997,59.98,33.933780670166016,1.838584343706016,76,4,0,1,1,1,1,0
5998,59.99,33.848445892333984,1.7397127506499084,76,4,0,1,1,1,1,0
5999,60.0,33.64850997924805,1.8928521296151388,76,4,0,1,1,1,1,0
6000,60.01,33.448707580566406,1.74897160247692,76,4,0,1,1,1,1,0
6001,60.02,33.46812057495117,1.9489979850595185,76,4,0,1,1,1,1,0
6002,60.03,33.301998138427734,1.9055951632052295,76,4,0,1,1,1,1,0
6003,60.04,33.81655502319336,1.8102192664791061,76,4,0,1,1,1,1,0
6004,60.05,33.81488037109375,1.6703656044376816,76,4,0,1,1,1,1,0
6005,60.06,33.88835144042969,1.9605614998407803,76,4,0,1,1,1,1,0
6006,60.07,33.65963363647461,1.786703109569157,76,4,0,1,1,1,1,0
6007,60.08,33.90497970581055,1.9897240091813984,76,4,0,1,1,1,1,0
6008,60.09,34.29808044433594,2.09711581798213,76,4,0,1,1,1,1,0
6009,60.1,33.85472106933594,2.0438698404201934,76,4,0,1,1,1,1,0
6010,60.11,34.156158447265625,1.8243113366536654,76,4,0,1,1,1,1,0
6011,60.12,34.005489349365234,1.9464103876701895,76,4,0,1,1,1,1,0
6012,60.13,33.97697830200195,1.9039679659897275,76,4,0,1,1,1,1,0
6013,60.14,33.95558166503906,1.7590343791478253,76,4,0,1,1,1,1,0
6014,60.15,33.84687423706055,2.0524411994862217,76,5,1,1,1,1,1,0
6015,60.16,33.89958190917969,1.77104635313344,76,4,0,1,1,1,1,0
6016,60.17,33.769710540771484,1.8324603067375531,76,4,0,1,1,1,1,0
6017,60.18,33.88175964355469,1.952461291139651,76,4,0,1,1,1,1,0
6018,60.19,33.833091735839844,1.8746969481688571,76,4,0,1,1,1,1,0
6019,60.2,33.35695266723633,1.873632545789855,76,4,0,1,1,1,1,0
6020,60.21,33.75443649291992,2.0061424512795494,76,4,0,1,1,1,1,0
6021,60.22,33.99700927734375,1.923903946797616,76,4,0,1,1,1,1,0
6022,60.23,34.08390808105469,1.8213734527199896,76,4,0,1,1,1,1,0
6023,60.24,34.190773010253906,1.8979198287900958,76,5,1,1,1,1,1,0
6024,60.25,33.893821716308594,1.8509721847116543,76,4,0,1,1,1,1,0
6025,60.26,33.88843536376953,1.9128225400198207,76,4,0,1,1,1,1,0
6026,60.27,34.08873748779297,1.6679625036492367,76,5,1,1,1,1,1,0
6027,60.28,33.97575378417969,1.8693895120737642,76,4,0,1,1,1,1,0
6028,60.29,34.05519485473633,2.0809631171995226,76,4,0,1,1,1,1,0
6029,60.3,33.97201919555664,1.7866770344600869,76,4,0,1,1,1,1,0
6030,60.31,34.205352783203125,1.8429042651144059,76,4,0,1,1,1,1,0
6031,60.32,33.984466552734375,1.8843849704700049,76,4,0,1,1,1,1,0
6032,60.33,34.366607666015625,1.7034121765527803,76,4,0,1,1,1,1,0
6033,60.34,34.15203857421875,1.8683955035969066,76,4,0,1,1,1,1,0
6034,60.35,34.006229400634766,1.7727400301132292,76,4,0,1,1,1,1,0
6035,60.36,34.23715591430664,1.856612694244295,76,4,0,1,1,1,1,0
6036,60.37,33.80683898925781,1.7347303760450714,76,5,1,1,1,1,1,0
6037,60.38,33.865516662597656,1.7744005464392425,76,4,0,1,1,1,1,0
6038,60.39,33.89362716674805,1.7734434643520536,76,4,0,1,1,1,1,0
6039,60.4,33.89356231689453,1.6945198121632636,76,4,0,1,1,1,1,0
6040,60.41,33.87925720214844,1.7677667803330335,76,5,1,1,1,1,1,0
6041,60.42,33.99036407470703,1.9665445515393125,76,4,0,1,1,1,1,0
6042,60.43,33.886260986328125,1.8230733254881788,76,5,1,1,1,1,1,0
6043,60.44,33.88795852661133,1.7443077432655703,76,4,0,1,1,1,1,0
6044,60.45,33.90113067626953,1.8214282323864426,76,4,0,1,1,1,1,0
6045,60.46,33.603179931640625,1.805132875915765,76,5,1,1,1,1,1,0
6046,60.47,33.68753433227539,1.807322504770879,76,5,1,1,1,1,1,0
6047,60.48,33.90158462524414,1.7721731898874842,76,5,1,1,1,1,1,0
6048,60.49,33.69144058227539,1.886957046129509,76,4,0,1,1,1,1,0
6049,60.5,33.65865707397461,1.6479379417510425,76,4,0,1,1,1,1,0
6050,60.51,33.82108688354492,2.0718138851453327,76,4,0,1,1,1,1,0
6051,60.52,33.931297302246094,1.7011455248766993,76,5,1,1,1,1,1,0
6052,60.53,34.05213928222656,1.923562745025034,76,4,0,1,1,1,1,0
6053,60.54,34.12594223022461,1.773951181801622,76,4,0,1,1,1,1,0
6054,60.55,34.209049224853516,1.880265862357245,76,5,1,1,1,1,1,0
6055,60.56,34.0850715637207,1.9866049900781328,76,4,0,1,1,1,1,0
6056,60.57,34.05037307739258,2.0946321456769885,76,4,0,1,1,1,1,0
6057,60.58,34.1731071472168,1.939715825143474,76,5,1,1,1,1,1,0
6058,60.59,34.14253616333008,1.8628191226275304,76,5,1,1,1,1,1,0
6059,60.6,34.08830642700195,1.7331176898537515,76,4,0,1,1,1,1,0
6060,60.61,33.51792907714844,1.6942525398277937,76,5,1,1,1,1,1,0
6061,60.62,33.9510383605957,1.8804506565325505,76,4,0,1,1,1,1,0
6062,60.63,33.62130355834961,1.9225485386081467,76,4,0,1,1,1,1,0
6063,60.64,33.73380661010742,1.947870720775688,76,5,1,1,1,1,1,0
6064,60.65,33.558101654052734,1.8539932340523757,76,4,0,1,1,1,1,0
6065,60.66,33.876075744628906,1.8849119340893474,76,4,0,1,1,1,1,0
6066,60.67,33.704307556152344,1.977774001863728,76,5,1,1,1,1,1,0
6067,60.68,33.784847259521484,1.8122668947041631,76,5,1,1,1,1,1,0
6068,60.69,34.1142463684082,2.2286570863360216,76,5,1,1,1,1,1,0
6069,60.7,34.17112731933594,2.076942515582808,76,4,0,1,1,1,1,0
6070,60.71,34.21108627319336,2.005116829454097,76,4,0,1,1,1,1,0
6071,60.72,34.14857482910156,2.0453596639260434,76,4,0,1,1,1,1,0
6072,60.73,33.86690902709961,1.7277173739436955,76,4,0,1,1,1,1,0
6073,60.74,33.83674240112305,2.091749334197186,76,4,0,1,1,1,1,0
6074,60.75,33.827049255371094,2.042543678896658,76,5,1,1,1,1,1,0
6075,60.76,33.87483215332031,1.7483162213994095,76,5,1,1,1,1,1,0
6076,60.77,33.93654251098633,1.7518261982001393,76,5,1,1,1,1,1,0
6077,60.78,33.51423645019531,1.8640294472060268,76,5,1,1,1,1,1,0
6078,60.79,33.401588439941406,1.6788084891135244,76,4,0,1,1,1,1,0
6079,60.8,33.33604431152344,1.9503832944116049,76,5,1,1,1,1,1,0
6080,60.81,33.12030029296875,1.8935129576562317,76,5,1,1,1,1,1,0
6081,60.82,33.215877532958984,2.0500008001562815,76,4,0,1,1,1,1,0
6082,60.83,33.37046432495117,2.043968573322329,76,5,1,1,1,1,1,0
6083,60.84,33.63861083984375,1.9304144514204937,76,5,1,1,1,1,1,0
6084,60.85,33.38496398925781,1.8050460860333897,76,4,0,1,1,1,1,0
6085,60.86,33.751556396484375,1.8477574290203862,76,4,0,1,1,1,1,0
6086,60.87,33.7320671081543,2.0957567152994874,76,4,0,1,1,1,1,0
6087,60.88,33.46159744262695,1.779210765619968,76,5,1,1,1,1,1,0
6088,60.89,33.57596206665039,1.9220022958705354,76,5,1,1,1,1,1,0
6089,60.9,33.50368881225586,1.9173153776735086,76,5,1,1,1,1,1,0
6090,60.91,33.19183349609375,1.7916786122990183,76,5,1,1,1,1,1,0
6091,60.92,33.605934143066406,1.971626654269986,76,5,1,1,1,1,1,0
6092,60.93,33.86880111694336,1.9695164175122701,76,5,1,1,1,1,1,0
6093,60.94,33.62166213989258,2.0156631181310805,76,5,1,1,1,1,1,0
6094,60.95,33.80439758300781,1.9284708454213577,76,5,1,1,1,1,1,0
6095,60.96,33.637916564941406,2.0081106714116603,76,5,1,1,1,1,1,0
6096,60.97,33.384246826171875,1.8997611745050986,76,5,1,1,1,1,1,0
6097,60.98,33.471519470214844,1.9314257716723306,76,5,1,1,1,1,1,0
6098,60.99,34.000858306884766,2.038967511562972,76,5,1,1,1,1,1,0
6099,61.0,34.07613754272461,1.9480525679238425,76,5,1,1,1,1,1,0
6100,61.01,34.39051818847656,1.94416853522158,76,5,1,1,1,1,1,0
6101,61.02,34.235416412353516,2.0642400271429326,76,5,1,1,1,1,1,0
6102,61.03,33.969852447509766,1.9875595202989822,76,5,1,1,1,1,1,0
6103,61.04,33.850738525390625,1.9372627831763778,76,5,1,1,1,1,1,0
6104,61.05,33.86894607543945,2.055264082600515,76,4,0,1,1,1,1,0
6105,61.06,33.71673583984375,1.8948845450281144,76,4,0,1,1,1,1,0
6106,61.07,33.74703598022461,1.8290434917211815,76,4,0,1,1,1,1,0
6107,61.08,34.106014251708984,1.9975466856250994,76,4,0,1,1,1,1,0
6108,61.09,34.19435501098633,1.832210429019737,76,4,0,1,1,1,1,0
6109,61.1,34.145694732666016,2.135108553342119,76,4,0,1,1,1,1,0
6110,61.11,33.83909225463867,1.8470240850137785,76,4,0,1,1,1,1,0
6111,61.12,33.918766021728516,1.9019429706595352,76,4,0,1,1,1,1,0
6112,61.13,33.746829986572266,2.0131070998186726,76,4,0,1,1,1,1,0
6113,61.14,33.79313659667969,2.031082227900338,76,4,0,1,1,1,1,0
6114,61.15,33.515933990478516,1.9259801637305713,76,4,0,1,1,1,1,0
6115,61.16,33.737918853759766,1.8275114663923353,76,4,0,1,1,1,1,0
6116,61.17,33.66767501831055,1.968246757979056,76,4,0,1,1,1,1,0
6117,61.18,33.862632751464844,1.8905292678178358,76,4,0,1,1,1,1,0
6118,61.19,33.3181037902832,1.8223339207129887,76,4,0,1,1,1,1,0
6119,61.2,33.50920486450195,1.761422774302486,76,4,0,1,1,1,1,0
6120,61.21,33.412445068359375,2.07441712358067,76,5,1,1,1,1,1,0
6121,61.22,33.263397216796875,1.9306769943845856,76,4,0,1,1,1,1,0
6122,61.23,33.493690490722656,1.81013741999232,76,4,0,1,1,1,1,0
6123,61.24,33.463871002197266,2.095847980351222,76,5,1,1,1,1,1,0
6124,61.25,33.60260772705078,2.0760087732884958,76,4,0,1,1,1,1,0
6125,61.26,33.483062744140625,1.7348768550055997,76,4,0,1,1,1,1,0
6126,61.27,33.70796585083008,1.9287299939954,76,4,0,1,1,1,1,0
6127,61.28,33.964385986328125,1.8007521342249557,76,4,0,1,1,1,1,0
6128,61.29,33.930694580078125,1.8701887588315298,76,5,1,1,1,1,1,0
6129,61.3,33.94984817504883,1.8788303161638904,76,4,0,1,1,1,1,0
6130,61.31,33.820674896240234,1.7926509896820144,76,4,0,1,1,1,1,0
6131,61.32,33.46004104614258,1.8194764124020388,76,4,0,1,1,1,1,0
6132,61.33,33.79158020019531,1.7521084257516832,76,4,0,1,1,1,1,0
6133,61.34,33.69844055175781,1.7992773877570658,76,4,0,1,1,1,1,0
6134,61.35,33.4267578125,1.8480827112587392,76,4,0,1,1,1,1,0
6135,61.36,33.543739318847656,2.2035180382763384,76,4,0,1,1,1,1,0
6136,61.37,33.061920166015625,1.813973072112438,76,4,0,1,1,1,1,0
6137,61.38,33.35343933105469,1.7765409862935266,76,5,1,1,1,1,1,0
6138,61.39,33.191558837890625,1.8629558989517168,76,4,0,1,1,1,1,0
6139,61.4,33.513126373291016,1.7050810880327343,76,4,0,1,1,1,1,0
6140,61.41,33.210357666015625,1.7374403988093579,76,4,0,1,1,1,1,0
6141,61.42,33.50850296020508,1.810997536959833,76,4,0,1,1,1,1,0
6142,61.43,33.482662200927734,1.9090041387502148,76,4,0,1,1,1,1,0
6143,61.44,33.59932327270508,1.9168188014601668,76,4,0,1,1,1,1,0
6144,61.45,33.534332275390625,1.7604842984946272,76,4,0,1,1,1,1,0
6145,61.46,33.80360412597656,1.934787776854127,76,4,0,1,1,1,1,0
6146,61.47,33.69546127319336,1.9370817545717067,76,4,0,1,1,1,1,0
6147,61.48,33.41697692871094,1.6602135936961007,76,4,0,1,1,1,1,0
6148,61.49,33.72712707519531,1.9022615340956894,76,4,0,1,1,1,1,0
6149,61.5,33.76164627075195,1.8700559997399788,76,4,0,1,1,1,1,0
6150,61.51,33.719852447509766,1.8602136517994652,76,4,0,1,1,1,1,0
6151,61.52,33.93356704711914,1.9937125504699427,76,4,0,1,1,1,1,0
6152,61.53,33.609466552734375,1.9637283535939751,76,4,0,1,1,1,1,0
6153,61.54,33.83293914794922,1.8164796876987033,76,4,0,1,1,1,1,0
6154,61.55,34.04837417602539,1.86906436626148,76,4,0,1,1,1,1,0
6155,61.56,33.878414154052734,1.791031148550522,76,4,0,1,1,1,1,0
6156,61.57,33.55842971801758,1.7270172107013868,76,4,0,1,1,1,1,0
6157,61.58,33.8056755065918,1.823979117199065,76,5,1,1,1,1,1,0
6158,61.59,33.780555725097656,1.9118036934916447,76,4,0,1,1,1,1,0
6159,61.6,33.337398529052734,1.8724576489468387,76,5,1,1,1,1,1,0
6160,61.61,33.40236282348633,1.872272025115362,76,4,0,1,1,1,1,0
6161,61.62,33.60699462890625,1.812758814362177,76,4,0,1,1,1,1,0
6162,61.63,33.427642822265625,2.0426929090501726,76,5,1,1,1,1,1,0
6163,61.64,33.693851470947266,2.068186808942453,76,5,1,1,1,1,1,0
6164,61.65,33.78485107421875,2.100617931462654,76,4,0,1,1,1,1,0
6165,61.66,33.746097564697266,2.0549902937609406,76,4,0,1,1,1,1,0
6166,61.67,33.7298583984375,2.0355365025423486,76,5,1,1,1,1,1,0
6167,61.68,33.65464782714844,2.014989917821404,76,4,0,1,1,1,1,0
6168,61.69,33.867671966552734,1.7921176995440276,76,5,1,1,1,1,1,0
6169,61.7,33.561256408691406,1.9939162796200518,76,5,1,1,1,1,1,0
6170,61.71,34.009944915771484,1.862125108104987,76,4,0,1,1,1,1,0
6171,61.72,33.61726760864258,2.005941257001403,76,4,0,1,1,1,1,0
6172,61.73,33.74782943725586,2.019383421363191,76,5,1,1,1,1,1,0
6173,61.74,33.81565475463867,2.250199415398486,76,4,0,1,1,1,1,0
6174,61.75,33.84695053100586,1.956809580762236,76,4,0,1,1,1,1,0
6175,61.76,33.97683334350586,1.864215482515628,76,4,0,1,1,1,1,0
6176,61.77,34.05807113647461,2.0931765357123613,76,4,0,1,1,1,1,0
6177,61.78,33.61433792114258,1.8985552987245202,76,4,0,1,1,1,1,0
6178,61.79,33.48665237426758,1.951737027149959,76,4,0,1,1,1,1,0
6179,61.8,33.75455856323242,1.9564538343250657,76,4,0,1,1,1,1,0
6180,61.81,33.479610443115234,1.8995501987709489,76,5,1,1,1,1,1,0
6181,61.82,33.4556884765625,1.9352526532833838,76,4,0,1,1,1,1,0
6182,61.83,33.75322341918945,1.9973992581333728,76,4,0,1,1,1,1,0
6183,61.84,33.85420227050781,2.1797494992882456,76,4,0,1,1,1,1,0
6184,61.85,33.84581756591797,2.236537771287025,76,4,0,1,1,1,1,0
6185,61.86,33.755672454833984,1.9352784611466554,76,5,1,1,1,1,1,0
6186,61.87,33.789161682128906,2.07004689997834,76,5,1,1,1,1,1,0
6187,61.88,33.54795837402344,2.1162463278057317,76,5,1,1,1,1,1,0
6188,61.89,33.32843780517578,2.1801128953236057,76,5,1,1,1,1,1,0
6189,61.9,33.651119232177734,2.15760688598056,76,5,1,1,1,1,1,0
6190,61.91,33.628150939941406,1.8545630667908388,76,5,1,1,1,1,1,0
6191,61.92,33.497711181640625,2.210746556877648,76,5,1,1,1,1,1,0
6192,61.93,33.309906005859375,2.1244502039002,76,5,1,1,1,1,1,0
6193,61.94,33.746826171875,1.9346285867239588,76,5,1,1,1,1,1,0
6194,61.95,33.775238037109375,2.0418881216768847,76,5,1,1,1,1,1,0
6195,61.96,33.32402801513672,1.8541556644883623,76,5,1,1,1,1,1,0
6196,61.97,33.40412139892578,2.055502903051559,76,5,1,1,1,1,1,0
6197,61.98,33.63005447387695,2.210300367161446,76,5,1,1,1,1,1,0
6198,61.99,33.56380844116211,2.0977386542551284,76,5,1,1,1,1,1,0
6199,62.0,33.8563117980957,2.12044772908615,76,5,1,1,1,1,1,0
6200,62.01,33.63389587402344,1.7964661652822624,76,5,1,1,1,1,1,0
6201,62.02,33.499046325683594,1.8713370862148495,76,5,1,1,1,1,1,0
6202,62.03,33.641597747802734,1.8544283045056733,76,5,1,1,1,1,1,0
6203,62.04,33.87870407104492,2.114168041903917,76,5,1,1,1,1,1,0
6204,62.05,33.887481689453125,2.0505870577747833,76,5,1,1,1,1,1,0
6205,62.06,33.85819625854492,1.9350447585984245,76,5,1,1,1,1,1,0
6206,62.07,34.192604064941406,1.7768816028645729,76,5,1,1,1,1,1,0
6207,62.08,33.78266525268555,1.864569119758774,76,5,1,1,1,1,1,0
6208,62.09,33.71300506591797,1.6746911491281604,76,5,1,1,1,1,1,0
6209,62.1,33.801753997802734,1.9092926081555917,76,5,1,1,1,1,1,0
6210,62.11,33.47263717651367,1.8122907072171142,76,5,1,1,1,1,1,0
6211,62.12,33.6915283203125,1.7893282792492389,76,5,1,1,1,1,1,0
6212,62.13,33.63558578491211,1.7146441548152076,76,5,1,1,1,1,1,0
6213,62.14,33.36991500854492,1.8225804432307322,76,5,1,1,1,1,1,0
6214,62.15,33.659854888916016,1.9793461716200698,76,5,1,1,1,1,1,0
6215,62.16,33.9390869140625,2.0616996494036406,76,5,1,1,1,1,1,0
6216,62.17,33.739078521728516,2.078027781296898,76,5,1,1,1,1,1,0
6217,62.18,33.57192611694336,1.96987336811938,76,5,1,1,1,1,1,0
6218,62.19,33.74403762817383,1.9734706487253277,76,5,1,1,1,1,1,0
6219,62.2,34.14634323120117,1.789137228933948,76,5,1,1,1,1,1,0
6220,62.21,34.230979919433594,2.1738000321097917,76,5,1,1,1,1,1,0
6221,62.22,33.95638656616211,2.233592006614147,76,5,1,1,1,1,1,0
6222,62.23,33.57657241821289,1.7773589285076972,76,5,1,1,1,1,1,0
6223,62.24,33.89424133300781,1.9918603247032105,76,5,1,1,1,1,1,0
6224,62.25,34.00514221191406,1.954098425397197,76,5,1,1,1,1,1,0
6225,62.26,34.02345275878906,1.7833140102857,76,5,1,1,1,1,1,0
6226,62.27,33.88677215576172,2.145345217795484,76,5,1,1,1,1,1,0
6227,62.28,34.000823974609375,1.9010522277825945,76,5,1,1,1,1,1,0
6228,62.29,34.015716552734375,2.152321719632607,76,5,1,1,1,1,1,0
6229,62.3,34.174373626708984,1.986302123878637,76,5,1,1,1,1,1,0
6230,62.31,33.869140625,1.9548947154282506,76,5,1,1,1,1,1,0
6231,62.32,33.96938705444336,1.9185970839496393,76,5,1,1,1,1,1,0
6232,62.33,34.28129959106445,1.9731656118444247,76,5,1,1,1,1,1,0
6233,62.34,34.0796012878418,2.0244991875686784,76,5,1,1,1,1,1,0
6234,62.35,34.00167465209961,2.05441387125106,76,5,1,1,1,1,1,0
6235,62.36,34.067237854003906,2.0111893212740632,76,5,1,1,1,1,1,0
6236,62.37,33.89691162109375,2.1287078806698516,76,5,1,1,1,1,1,0
6237,62.38,34.05668640136719,2.034333255653021,76,5,1,1,1,1,1,0
6238,62.39,34.166133880615234,1.9180707036033608,76,5,1,1,1,1,1,0
6239,62.4,33.853939056396484,1.7885476393150788,76,5,1,1,1,1,1,0
6240,62.41,33.96294403076172,2.017347048573669,76,5,1,1,1,1,1,0
6241,62.42,34.19097137451172,2.3213162318971388,76,5,1,1,1,1,1,0
6242,62.43,34.0087776184082,2.0956162333473083,76,5,1,1,1,1,1,0
6243,62.44,34.002525329589844,2.1150162240421557,76,5,1,1,1,1,1,0
6244,62.45,34.05776596069336,2.2211271637814027,76,5,1,1,1,1,1,0
6245,62.46,33.62706756591797,2.179010375901319,76,5,1,1,1,1,1,0
6246,62.47,34.03331756591797,1.7654990275962732,76,5,1,1,1,1,1,0
6247,62.48,33.73744583129883,2.201114939372793,76,5,1,1,1,1,1,0
6248,62.49,33.91190719604492,1.9557391825486148,76,5,1,1,1,1,1,0
6249,62.5,33.89746856689453,1.8055745435698594,76,5,1,1,1,1,1,0
6250,62.51,33.83363342285156,2.0213344456790603,76,5,1,1,1,1,1,0
6251,62.52,33.72831344604492,1.8967333223587277,76,5,1,1,1,1,1,0
6252,62.53,33.917232513427734,2.0576932343123024,76,5,1,1,1,1,1,0
6253,62.54,33.89055252075195,1.8589767053067265,76,5,1,1,1,1,1,0
6254,62.55,34.113136291503906,1.898577828051387,76,5,1,1,1,1,1,0
6255,62.56,33.77891540527344,1.9621642639298058,76,5,1,1,1,1,1,0
6256,62.57,33.96217727661133,1.769571840910197,76,5,1,1,1,1,1,0
6257,62.58,33.65507125854492,1.8123467085642626,76,5,1,1,1,1,1,0
6258,62.59,33.393821716308594,1.9020785380485767,76,5,1,1,1,1,1,0
6259,62.6,33.72871780395508,1.9625483703491737,76,5,1,1,1,1,1,0
6260,62.61,33.71299362182617,2.060824359281687,76,5,1,1,1,1,1,0
6261,62.62,33.571651458740234,1.7518265030564333,76,5,1,1,1,1,1,0
6262,62.63,33.330745697021484,1.8122131011217313,76,5,1,1,1,1,1,0
6263,62.64,33.644981384277344,1.8987617039279605,76,5,1,1,1,1,1,0
6264,62.65,33.59634780883789,1.8598390800849602,76,5,1,1,1,1,1,0
6265,62.66,33.70491027832031,1.899208899993377,76,5,1,1,1,1,1,0
6266,62.67,33.59838104248047,1.9140008862876303,76,5,1,1,1,1,1,0
6267,62.68,33.62150192260742,1.785976527050052,76,5,1,1,1,1,1,0
6268,62.69,33.94499206542969,1.7353420533863986,76,5,1,1,1,1,1,0
6269,62.7,33.601844787597656,1.760593116700404,76,5,1,1,1,1,1,0
6270,62.71,33.71745300292969,1.7491712707103035,76,5,1,1,1,1,1,0
6271,62.72,33.97675323486328,1.9244190582013445,76,5,1,1,1,1,1,0
6272,62.73,33.64450454711914,1.896869382757318,76,5,1,1,1,1,1,0
6273,62.74,33.69950485229492,1.7763736921808218,76,5,1,1,1,1,1,0
6274,62.75,33.53412628173828,1.930004258232809,76,5,1,1,1,1,1,0
6275,62.76,33.69800567626953,1.7784580367013592,76,5,1,1,1,1,1,0
6276,62.77,33.978187561035156,1.7956376097862954,76,5,1,1,1,1,1,0
6277,62.78,33.48387145996094,1.978132490059496,76,4,0,1,1,1,1,0
6278,62.79,33.5037727355957,1.873522881711272,76,4,0,1,1,1,1,0
6279,62.8,33.601600646972656,1.7801383404124975,76,5,1,1,1,1,1,0
6280,62.81,33.44258117675781,1.7748805381463226,76,5,1,1,1,1,1,0
6281,62.82,33.5171012878418,1.9549453438988873,76,4,0,1,1,1,1,0
6282,62.83,33.395782470703125,1.8000285311698279,76,4,0,1,1,1,1,0
6283,62.84,33.4027099609375,1.8668677109157203,76,4,0,1,1,1,1,0
6284,62.85,33.526206970214844,1.7953844981596176,76,4,0,1,1,1,1,0
6285,62.86,33.539031982421875,1.9027612478232887,76,4,0,1,1,1,1,0
6286,62.87,33.41908264160156,2.1914639900237463,76,4,0,1,1,1,1,0
6287,62.88,33.518646240234375,1.7907788556747806,76,4,0,1,1,1,1,0
6288,62.89,33.54200744628906,1.8409226119630466,76,5,1,1,1,1,1,0
6289,62.9,33.637210845947266,2.0992653119322515,76,4,0,1,1,1,1,0
6290,62.91,33.55019760131836,1.9288902642195516,76,4,0,1,1,1,1,0
6291,62.92,33.206050872802734,2.085593007605102,76,4,0,1,1,1,1,0
6292,62.93,33.28009796142578,2.1144728943018127,76,5,1,1,1,1,1,0
6293,62.94,33.86105728149414,2.0270693568882527,76,4,0,1,1,1,1,0
6294,62.95,33.817012786865234,2.048540613769256,76,5,1,1,1,1,1,0
6295,62.96,33.837520599365234,1.6740664713254976,76,4,0,1,1,1,1,0
6296,62.97,33.852352142333984,2.0343519561498744,76,4,0,1,1,1,1,0
6297,62.98,33.50111389160156,1.6066407351716754,76,4,0,1,1,1,1,0
6298,62.99,33.58180236816406,1.7534820608672865,76,5,1,1,1,1,1,0
6299,63.0,33.555904388427734,1.8213508061845802,76,4,0,1,1,1,1,0
6300,63.01,33.3645133972168,1.7799179864090158,76,4,0,1,1,1,1,0
6301,63.02,33.42310333251953,1.889546904978907,76,5,1,1,1,1,1,0
6302,63.03,33.47443771362305,1.91300857623422,76,4,0,1,1,1,1,0
6303,63.04,33.697052001953125,1.8753881816674844,76,4,0,1,1,1,1,0
6304,63.05,33.512001037597656,1.808975870814919,76,4,0,1,1,1,1,0
6305,63.06,33.439632415771484,1.8225799827677178,76,4,0,1,1,1,1,0
6306,63.07,33.44340896606445,1.7964995939421597,76,4,0,1,1,1,1,0
6307,63.08,33.42753982543945,1.799336486599059,76,4,0,1,1,1,1,0
6308,63.09,33.11687469482422,1.9467143261117943,76,4,0,1,1,1,1,0
6309,63.1,33.185882568359375,1.7398017252982174,76,4,0,1,1,1,1,0
6310,63.11,33.551597595214844,1.7227255566519204,76,4,0,1,1,1,1,0
6311,63.12,33.19915008544922,1.8745902970393966,76,4,0,1,1,1,1,0
6312,63.13,33.471038818359375,1.8432035140888319,76,4,0,1,1,1,1,0
6313,63.14,33.443973541259766,1.8263101368319203,76,4,0,1,1,1,1,0
6314,63.15,33.496788024902344,1.7825843343826904,76,4,0,1,1,1,1,0
6315,63.16,33.4168815612793,1.7792126523714857,76,4,0,1,1,1,1,0
6316,63.17,33.48676681518555,1.7463087745215766,76,4,0,1,1,1,1,0
6317,63.18,33.705074310302734,1.8046079037566831,76,4,0,1,1,1,1,0
6318,63.19,33.363746643066406,1.7177890655405834,76,4,0,1,1,1,1,0
6319,63.2,33.46983337402344,1.8698631195818278,76,4,0,1,1,1,1,0
6320,63.21,33.52776336669922,1.7893066768521644,76,4,0,1,1,1,1,0
6321,63.22,33.55262756347656,1.7627804303397274,76,4,0,1,1,1,1,0
6322,63.23,33.55205154418945,1.7593197218856076,76,4,0,1,1,1,1,0
6323,63.24,33.37032699584961,1.8869261499650467,76,4,0,1,1,1,1,0
6324,63.25,33.309669494628906,1.8202759208711299,76,4,0,1,1,1,1,0
6325,63.26,33.1297492980957,1.7857524074680968,76,4,0,1,1,1,1,0
6326,63.27,33.562774658203125,1.7191292665736881,76,4,0,1,1,1,1,0
6327,63.28,33.33469772338867,1.849890770241407,76,4,0,1,1,1,1,0
6328,63.29,33.176753997802734,1.6553305387582067,76,4,0,1,1,1,1,0
6329,63.3,33.488037109375,1.6952299771161714,76,4,0,1,1,1,1,0
6330,63.31,33.5849494934082,1.7010615922981733,76,4,0,1,1,1,1,0
6331,63.32,33.325191497802734,1.948280010996788,76,4,0,1,1,1,1,0
6332,63.33,33.47659683227539,1.8013669168751492,76,4,0,1,1,1,1,0
6333,63.34,33.58092498779297,1.8388035591293461,76,4,0,1,1,1,1,0
6334,63.35,33.80202102661133,1.990098406793993,76,4,0,1,1,1,1,0
6335,63.36,34.02602005004883,1.8950973083169749,76,4,0,1,1,1,1,0
6336,63.37,33.745750427246094,1.8776801921716113,76,4,0,1,1,1,1,0
6337,63.38,33.335384368896484,2.132860906903064,76,4,0,1,1,1,1,0
6338,63.39,33.46872329711914,1.7400580332957196,76,4,0,1,1,1,1,0
6339,63.4,33.72112274169922,1.8445869020554608,76,4,0,1,1,1,1,0
6340,63.41,33.63492965698242,2.045406747676792,76,4,0,1,1,1,1,0
6341,63.42,33.68601608276367,1.786115941446196,76,4,0,1,1,1,1,0
6342,63.43,33.67796325683594,1.8069031422451396,76,4,0,1,1,1,1,0
6343,63.44,33.609397888183594,1.959645104493642,76,4,0,1,1,1,1,0
6344,63.45,33.94647216796875,1.9193206364061328,76,4,0,1,1,1,1,0
6345,63.46,33.501712799072266,1.8748927899137222,76,4,0,1,1,1,1,0
6346,63.47,33.46148681640625,1.7029660386740304,76,4,0,1,1,1,1,0
6347,63.48,33.87348175048828,1.7187477911935303,76,5,1,1,1,1,1,0
6348,63.49,33.37978744506836,1.7354252952040659,76,4,0,1,1,1,1,0
6349,63.5,33.641971588134766,1.7641463396684898,76,4,0,1,1,1,1,0
6350,63.51,33.66486358642578,1.812429276143564,76,4,0,1,1,1,1,0
6351,63.52,33.72246170043945,1.6450520015107335,76,4,0,1,1,1,1,0
6352,63.53,33.451927185058594,1.8205520211952244,76,4,0,1,1,1,1,0
6353,63.54,33.565216064453125,1.7303176782295233,76,4,0,1,1,1,1,0
6354,63.55,33.429351806640625,1.684906859957412,76,4,0,1,1,1,1,0
6355,63.56,33.45270538330078,1.7951615318796548,76,4,0,1,1,1,1,0
6356,63.57,33.721126556396484,1.7268184049263362,76,4,0,1,1,1,1,0
6357,63.58,33.58739471435547,1.9319440310913634,76,4,0,1,1,1,1,0
6358,63.59,33.830955505371094,1.9049953686970083,76,4,0,1,1,1,1,0
6359,63.6,33.23520278930664,1.8165099550396693,76,4,0,1,1,1,1,0
6360,63.61,33.35813522338867,1.8478887761679064,76,4,0,1,1,1,1,0
6361,63.62,33.67710494995117,1.8580098586306841,76,4,0,1,1,1,1,0
6362,63.63,33.5606803894043,1.9229386935107784,76,4,0,1,1,1,1,0
6363,63.64,33.76720428466797,1.8662810463336528,76,4,0,1,1,1,1,0
6364,63.65,33.428977966308594,1.8084557267186092,76,4,0,1,1,1,1,0
6365,63.66,33.34150695800781,1.865285524512192,76,4,0,1,1,1,1,0
6366,63.67,33.718528747558594,1.7640278364495783,76,4,0,1,1,1,1,0
6367,63.68,33.584720611572266,1.8061277329429335,76,4,0,1,1,1,1,0
6368,63.69,33.6901969909668,1.7090913091565827,76,4,0,1,1,1,1,0
6369,63.7,33.39889144897461,1.8720014744340987,76,4,0,1,1,1,1,0
6370,63.71,33.335105895996094,1.839864261436869,76,4,0,1,1,1,1,0
6371,63.72,33.45160675048828,1.7766812269729222,76,4,0,1,1,1,1,0
6372,63.73,33.4084358215332,1.715746857871379,76,4,0,1,1,1,1,0
6373,63.74,33.614925384521484,1.8993163780345603,76,4,0,1,1,1,1,0
6374,63.75,33.47612380981445,1.8504317420104115,76,4,0,1,1,1,1,0
6375,63.76,33.237220764160156,1.7417188201000298,76,4,0,1,1,1,1,0
6376,63.77,33.222991943359375,1.8862416726772544,76,4,0,1,1,1,1,0
6377,63.78,33.34385681152344,1.8163944900536424,76,4,0,1,1,1,1,0
6378,63.79,33.10458755493164,1.724123530980683,76,4,0,1,1,1,1,0
6379,63.8,32.906585693359375,1.7817985774661242,76,4,0,1,1,1,1,0
6380,63.81,33.0596923828125,1.7742870710801364,76,4,0,1,1,1,1,0
6381,63.82,32.782257080078125,1.5780385225406914,76,4,0,1,1,1,1,0
6382,63.83,32.97871398925781,2.0314993950029514,76,4,0,1,1,1,1,0
6383,63.84,33.0306396484375,1.8047979504937188,76,4,0,1,1,1,1,0
6384,63.85,33.43260955810547,1.876835588317916,76,4,0,1,1,1,1,0
6385,63.86,33.083431243896484,1.8455672916363053,76,4,0,1,1,1,1,0
6386,63.87,32.87538146972656,1.872115119533958,76,4,0,1,1,1,1,0
6387,63.88,33.03759002685547,1.8282784115327297,76,4,0,1,1,1,1,0
6388,63.89,33.442047119140625,1.8998192558693157,76,4,0,1,1,1,1,0
6389,63.9,33.378421783447266,1.767396342520448,76,4,0,1,1,1,1,0
6390,63.91,33.4268684387207,1.6910092995581458,76,4,0,1,1,1,1,0
6391,63.92,33.16291046142578,1.7449920496741862,76,4,0,1,1,1,1,0
6392,63.93,33.28122329711914,1.6944886940462662,76,4,0,1,1,1,1,0
6393,63.94,33.087249755859375,1.7829754783517968,76,4,0,1,1,1,1,0
6394,63.95,33.34492492675781,1.6717338296518849,76,4,0,1,1,1,1,0
6395,63.96,33.61594009399414,1.6835698301689184,76,4,0,1,1,1,1,0
6396,63.97,33.07992172241211,1.7422752658125105,76,4,0,1,1,1,1,0
6397,63.98,33.26810836791992,1.8916639771764316,76,4,0,1,1,1,1,0
6398,63.99,33.62628936767578,1.7923709319640402,76,4,0,1,1,1,1,0
6399,64.0,33.43416976928711,1.6333096432204879,76,4,0,1,1,1,1,0
6400,64.01,33.297080993652344,1.9645366683543553,76,4,0,1,1,1,1,0
6401,64.02,33.569801330566406,2.0145475696612563,76,4,0,1,1,1,1,0
6402,64.03,33.59019470214844,1.747143883393638,76,4,0,1,1,1,1,0
6403,64.04,33.62361145019531,1.8032185173983002,76,4,0,1,1,1,1,0
6404,64.05,33.82861328125,1.8719266087519875,76,4,0,1,1,1,1,0
6405,64.06,33.448280334472656,2.095191799673757,76,4,0,1,1,1,1,0
6406,64.07,33.64866638183594,2.0739774260872275,76,4,0,1,1,1,1,0
6407,64.08,33.37844467163086,1.984291869729377,76,4,0,1,1,1,1,0
6408,64.09,33.33829116821289,1.8919042280966087,76,4,0,1,1,1,1,0
6409,64.1,33.49534225463867,1.853210597929025,76,4,0,1,1,1,1,0
6410,64.11,33.3745231628418,1.8613449484444116,76,4,0,1,1,1,1,0
6411,64.12,33.41604995727539,1.896440870710538,76,4,0,1,1,1,1,0
6412,64.13,33.71113967895508,1.755300659347817,76,4,0,1,1,1,1,0
6413,64.14,33.65652084350586,1.861452071558203,76,4,0,1,1,1,1,0
6414,64.15,33.63474655151367,1.8611823870677482,76,4,0,1,1,1,1,0
6415,64.16,33.61375427246094,1.7598570115355279,76,4,0,1,1,1,1,0
6416,64.17,33.52557373046875,1.794798214763402,76,4,0,1,1,1,1,0
6417,64.18,33.52178192138672,1.9010769147351851,76,4,0,1,1,1,1,0
6418,64.19,33.62076187133789,1.9715457811958945,76,4,0,1,1,1,1,0
6419,64.2,33.292076110839844,1.731011437901424,76,4,0,1,1,1,1,0
6420,64.21,33.2086067199707,1.8026073924419292,76,4,0,1,1,1,1,0
6421,64.22,32.97719955444336,2.050686267153247,76,4,0,1,1,1,1,0
6422,64.23,33.22594451904297,1.7616489930495884,76,4,0,1,1,1,1,0
6423,64.24,33.21225357055664,1.9717271280491642,76,4,0,1,1,1,1,0
6424,64.25,32.79180908203125,1.81972560700633,76,4,0,1,1,1,1,0
6425,64.26,33.183895111083984,1.629384922924354,76,4,0,1,1,1,1,0
6426,64.27,33.2380485534668,1.7585833440094087,76,4,0,1,1,1,1,0
6427,64.28,33.26740646362305,1.778311608052534,76,4,0,1,1,1,1,0
6428,64.29,33.2210693359375,1.844693033793776,76,4,0,1,1,1,1,0
6429,64.3,33.238075256347656,1.767707597127002,76,4,0,1,1,1,1,0
6430,64.31,33.43623733520508,1.8243109811776694,76,4,0,1,1,1,1,0
6431,64.32,33.317710876464844,1.758409048082209,76,4,0,1,1,1,1,0
6432,64.33,33.064945220947266,1.6621977594786193,76,4,0,1,1,1,1,0
6433,64.34,33.04175567626953,1.84556578275842,76,4,0,1,1,1,1,0
6434,64.35,32.9608268737793,1.8256483081368111,76,4,0,1,1,1,1,0
6435,64.36,33.13550567626953,1.771921010655434,76,4,0,1,1,1,1,0
6436,64.37,33.22860336303711,1.9415692163130873,76,4,0,1,1,1,1,0
6437,64.38,33.29895782470703,1.9723606786681458,76,4,0,1,1,1,1,0
6438,64.39,33.63428497314453,1.8078158964431439,76,4,0,1,1,1,1,0
6439,64.4,33.67161560058594,1.8101100597357933,76,4,0,1,1,1,1,0
6440,64.41,33.493282318115234,1.9957441329426602,76,4,0,1,1,1,1,0
6441,64.42,33.39952850341797,1.7030543796302857,76,4,0,1,1,1,1,0
6442,64.43,33.25990295410156,1.7289308240834191,76,4,0,1,1,1,1,0
6443,64.44,33.1989631652832,1.7460216550436412,76,4,0,1,1,1,1,0
6444,64.45,33.49695587158203,1.792293570120052,76,4,0,1,1,1,1,0
6445,64.46,33.769752502441406,1.719566774151803,76,4,0,1,1,1,1,0
6446,64.47,33.55613708496094,1.8000021192764664,76,4,0,1,1,1,1,0
6447,64.48,33.821571350097656,1.933546599806811,76,4,0,1,1,1,1,0
6448,64.49,33.57951736450195,1.7720308487348087,76,4,0,1,1,1,1,0
6449,64.5,33.48604965209961,1.8533481450963472,76,4,0,1,1,1,1,0
6450,64.51,33.224544525146484,2.03083319116811,76,4,0,1,1,1,1,0
6451,64.52,33.595054626464844,1.7733010960767583,76,4,0,1,1,1,1,0
6452,64.53,33.545711517333984,1.823239996066236,76,4,0,1,1,1,1,0
6453,64.54,33.31136703491211,1.9166148782601564,76,4,0,1,1,1,1,0
6454,64.55,33.70549392700195,1.9811889307875832,76,4,0,1,1,1,1,0
6455,64.56,33.93510055541992,1.85752597960934,76,4,0,1,1,1,1,0
6456,64.57,33.84844970703125,1.8736585712605114,76,4,0,1,1,1,1,0
6457,64.58,33.73451614379883,1.9227590740051124,76,4,0,1,1,1,1,0
6458,64.59,33.60287857055664,2.149281303051134,76,4,0,1,1,1,1,0
6459,64.6,33.67930603027344,1.9756016145789865,76,4,0,1,1,1,1,0
6460,64.61,33.817787170410156,1.9428305436346234,76,4,0,1,1,1,1,0
6461,64.62,33.78749084472656,1.8848306999922644,76,4,0,1,1,1,1,0
6462,64.63,33.388343811035156,1.8444266899169863,76,4,0,1,1,1,1,0
6463,64.64,33.68705368041992,1.7882709066916462,76,4,0,1,1,1,1,0
6464,64.65,33.76572036743164,1.8212357947198838,76,5,1,1,1,1,1,0
6465,64.66,33.086124420166016,1.7958301352459964,76,5,1,1,1,1,1,0
6466,64.67,33.535884857177734,1.860348569143727,76,4,0,1,1,1,1,0
6467,64.68,33.69805145263672,1.8515361070810985,76,5,1,1,1,1,1,0
6468,64.69,33.23872756958008,1.8067617003443466,76,4,0,1,1,1,1,0
6469,64.7,33.342708587646484,1.737239514047158,76,5,1,1,1,1,1,0
6470,64.71,33.35396194458008,1.7769907479136917,76,4,0,1,1,1,1,0
6471,64.72,33.19781494140625,1.7058143018099339,76,5,1,1,1,1,1,0
6472,64.73,33.29521179199219,1.7473975644632418,76,5,1,1,1,1,1,0
6473,64.74,33.41349411010742,1.9618597440745853,76,4,0,1,1,1,1,0
6474,64.75,33.54555130004883,1.7918153902085012,76,4,0,1,1,1,1,0
6475,64.76,33.62796401977539,1.8768544353370131,76,4,0,1,1,1,1,0
6476,64.77,33.3940544128418,1.8343995594815812,76,5,1,1,1,1,1,0
6477,64.78,33.49715042114258,1.783815090435128,76,5,1,1,1,1,1,0
6478,64.79,33.312538146972656,1.8466418904842914,76,4,0,1,1,1,1,0
6479,64.8,33.43186950683594,1.9255157826061688,76,4,0,1,1,1,1,0
6480,64.81,33.55702209472656,1.7224729148914624,76,5,1,1,1,1,1,0
6481,64.82,33.41563415527344,1.7044369024469421,76,4,0,1,1,1,1,0
6482,64.83,33.65976333618164,1.9748678482868454,76,4,0,1,1,1,1,0
6483,64.84,33.24940490722656,1.9223429709252902,76,4,0,1,1,1,1,0
6484,64.85,33.07695007324219,1.806959373910852,76,4,0,1,1,1,1,0
6485,64.86,33.529266357421875,1.8843298953968488,76,4,0,1,1,1,1,0
6486,64.87,33.40522766113281,1.6964979942041991,76,5,1,1,1,1,1,0
6487,64.88,33.55387496948242,1.793045256407664,76,4,0,1,1,1,1,0
6488,64.89,33.702171325683594,1.6635492606441986,76,5,1,1,1,1,1,0
6489,64.9,33.77946853637695,1.747368741545635,76,5,1,1,1,1,1,0
6490,64.91,33.82003402709961,1.801054680300768,76,5,1,1,1,1,1,0
6491,64.92,33.99758529663086,1.6975833666841909,76,4,0,1,1,1,1,0
6492,64.93,33.42837142944336,1.671498317490868,76,4,0,1,1,1,1,0
6493,64.94,33.503074645996094,1.7294222666420178,76,5,1,1,1,1,1,0
6494,64.95,33.25149154663086,1.6577672369673329,76,4,0,1,1,1,1,0
6495,64.96,33.59354019165039,1.7649101869974133,76,5,1,1,1,1,1,0
6496,64.97,33.38845443725586,1.8374989188135253,76,4,0,1,1,1,1,0
6497,64.98,33.65874481201172,1.6866807934535026,76,4,0,1,1,1,1,0
6498,64.99,33.739891052246094,1.6901181223754649,76,5,1,1,1,1,1,0
6499,65.0,33.75175857543945,1.8806652555943877,76,5,1,1,1,1,1,0
6500,65.01,33.82899475097656,1.9649642164592367,76,5,1,1,1,1,1,0
6501,65.02,33.602115631103516,1.8047440822489877,76,5,1,1,1,1,1,0
6502,65.03,33.28117370605469,1.8258991674838796,76,5,1,1,1,1,1,0
6503,65.04,33.241825103759766,1.9118831630156785,76,4,0,1,1,1,1,0
6504,65.05,33.82279968261719,1.9080334670665966,76,4,0,1,1,1,1,0
6505,65.06,33.84345626831055,2.031969653919131,76,4,0,1,1,1,1,0
6506,65.07,33.49340057373047,1.7588671766609814,76,4,0,1,1,1,1,0
6507,65.08,33.5211067199707,1.991831840959845,76,4,0,1,1,1,1,0
6508,65.09,33.53432083129883,1.6810401648318778,76,4,0,1,1,1,1,0
6509,65.1,33.39116287231445,1.878667054520711,76,4,0,1,1,1,1,0
6510,65.11,33.50942611694336,1.7520815309720479,76,5,1,1,1,1,1,0
6511,65.12,33.81391906738281,1.948336489341346,76,4,0,1,1,1,1,0
6512,65.13,33.63471221923828,1.9751456167919326,76,4,0,1,1,1,1,0
6513,65.14,33.38135528564453,1.895176532357408,76,4,0,1,1,1,1,0
6514,65.15,33.22097396850586,2.022198055635682,76,5,1,1,1,1,1,0
6515,65.16,33.784523010253906,2.1122508694175774,76,4,0,1,1,1,1,0
6516,65.17,33.56317138671875,1.8290429703270055,76,4,0,1,1,1,1,0
6517,65.18,33.391151428222656,1.9908454195901781,76,4,0,1,1,1,1,0
6518,65.19,33.43899917602539,1.8848876223478592,76,4,0,1,1,1,1,0
6519,65.2,33.472198486328125,1.8747561723090616,76,4,0,1,1,1,1,0
6520,65.21,33.38644790649414,1.8387222588837624,76,4,0,1,1,1,1,0
6521,65.22,33.56957244873047,1.9000275515580367,76,4,0,1,1,1,1,0
6522,65.23,33.61293411254883,1.8082049578750545,76,4,0,1,1,1,1,0
6523,65.24,33.58649444580078,1.701793422083076,76,4,0,1,1,1,1,0
6524,65.25,33.529815673828125,1.8419034193490829,76,4,0,1,1,1,1,0
6525,65.26,33.75082015991211,1.8318621024071335,76,5,1,1,1,1,1,0
6526,65.27,33.37424850463867,1.8736064385112066,76,5,1,1,1,1,1,0
6527,65.28,33.32255172729492,1.789552675753764,76,5,1,1,1,1,1,0
6528,65.29,33.27323913574219,1.8515389090677237,76,5,1,1,1,1,1,0
6529,65.3,33.602909088134766,1.7774112658912886,76,4,0,1,1,1,1,0
6530,65.31,33.69565200805664,1.6523387300624188,76,4,0,1,1,1,1,0
6531,65.32,33.374656677246094,1.9308345148871178,76,4,0,1,1,1,1,0
6532,65.33,33.32415771484375,1.7748790551524436,76,4,0,1,1,1,1,0
6533,65.34,33.202117919921875,1.7995027270633004,76,4,0,1,1,1,1,0
6534,65.35,33.228660583496094,1.8259804537070519,76,5,1,1,1,1,1,0
6535,65.36,33.145851135253906,1.6818419839920238,76,5,1,1,1,1,1,0
6536,65.37,33.51069259643555,1.800248966380581,76,5,1,1,1,1,1,0
6537,65.38,33.78488540649414,1.7022665411048772,76,5,1,1,1,1,1,0
6538,65.39,33.730377197265625,1.9954159035953107,76,5,1,1,1,1,1,0
6539,65.4,33.8867073059082,1.8351593646903728,76,4,0,1,1,1,1,0
6540,65.41,33.664676666259766,2.0187645146056767,76,4,0,1,1,1,1,0
6541,65.42,33.37067794799805,1.7566427149353239,76,5,1,1,1,1,1,0
6542,65.43,33.66128921508789,1.7661859011284158,76,4,0,1,1,1,1,0
6543,65.44,33.84516906738281,1.973679926998313,76,4,0,1,1,1,1,0
6544,65.45,34.02182388305664,1.6459031586488009,76,4,0,1,1,1,1,0
6545,65.46,33.754634857177734,1.7464012575455605,76,5,1,1,1,1,1,0
6546,65.47,33.698570251464844,1.8385302619698836,76,4,0,1,1,1,1,0
6547,65.48,33.63053894042969,1.8368438005770205,76,5,1,1,1,1,1,0
6548,65.49,33.537742614746094,1.8041353981658674,76,4,0,1,1,1,1,0
6549,65.5,33.484188079833984,1.7215121200562244,76,4,0,1,1,1,1,0
6550,65.51,33.31427764892578,1.9205241997742681,76,4,0,1,1,1,1,0
6551,65.52,33.6839599609375,1.5945840141258278,76,4,0,1,1,1,1,0
6552,65.53,33.4459342956543,1.755447290707266,76,3,0,0,1,1,1,0
6553,65.54,33.68056869506836,1.8124337592341633,76,4,0,1,1,1,1,0
6554,65.55,33.2271842956543,1.7300522760101966,76,4,0,1,1,1,1,0
6555,65.56,33.35007858276367,1.768874048426444,76,4,0,1,1,1,1,0
6556,65.57,33.31804275512695,1.9302884233270472,76,4,0,1,1,1,1,0
6557,65.58,33.65456771850586,1.7557912824009327,76,4,0,1,1,1,1,0
6558,65.59,33.49275207519531,1.6633430066966497,76,4,0,1,1,1,1,0
6559,65.6,33.34603500366211,1.7488600544069874,76,4,0,1,1,1,1,0
6560,65.61,33.47767639160156,1.627084861118925,76,4,0,1,1,1,1,0
6561,65.62,33.50069046020508,1.9835829589394065,76,3,0,0,1,1,1,0
6562,65.63,33.145687103271484,1.7215747304864553,76,4,0,1,1,1,1,0
6563,65.64,33.48021697998047,1.7055762490123454,76,4,0,1,1,1,1,0
6564,65.65,33.31495666503906,1.8232382594874237,76,4,0,1,1,1,1,0
6565,65.66,33.684608459472656,1.9686789258954633,76,4,0,1,1,1,1,0
6566,65.67,33.45660400390625,1.805464189605245,76,4,0,1,1,1,1,0
6567,65.68,33.548980712890625,1.8060463346886806,76,4,0,1,1,1,1,0
6568,65.69,33.749542236328125,1.8210966390496715,76,4,0,1,1,1,1,0
6569,65.7,33.678627014160156,1.8729118996333582,76,4,0,1,1,1,1,0
6570,65.71,33.75899124145508,1.8248236166071745,76,4,0,1,1,1,1,0
6571,65.72,33.806026458740234,1.8945729159421663,76,4,0,1,1,1,1,0
6572,65.73,33.62357711791992,1.9803309817135208,76,4,0,1,1,1,1,0
6573,65.74,33.87613296508789,1.8084508540708228,76,4,0,1,1,1,1,0
6574,65.75,33.714698791503906,1.9013671485901364,76,5,1,1,1,1,1,0
6575,65.76,33.69297790527344,1.7277174843432466,76,5,1,1,1,1,1,0
6576,65.77,33.46586227416992,1.7200567227272847,76,5,1,1,1,1,1,0
6577,65.78,33.5024528503418,1.8690649989753876,76,5,1,1,1,1,1,0
6578,65.79,33.12276077270508,1.6717337611938938,76,5,1,1,1,1,1,0
6579,65.8,33.2984504699707,1.9955245274609597,76,4,0,1,1,1,1,0
6580,65.81,33.07999801635742,2.020148841740025,76,5,1,1,1,1,1,0
6581,65.82,33.374305725097656,1.687218621654383,76,4,0,1,1,1,1,0
6582,65.83,33.280921936035156,1.7128558140512509,76,4,0,1,1,1,1,0
6583,65.84,33.40231704711914,1.861260820698942,76,5,1,1,1,1,1,0
6584,65.85,33.433589935302734,2.0523586411410624,76,5,1,1,1,1,1,0
6585,65.86,33.85877227783203,1.7677968459339246,76,4,0,1,1,1,1,0
6586,65.87,33.447113037109375,1.9090815667735306,76,5,1,1,1,1,1,0
6587,65.88,33.396514892578125,1.9090040987916108,76,5,1,1,1,1,1,0
6588,65.89,33.499000549316406,1.7710170535080993,76,4,0,1,1,1,1,0
6589,65.9,33.15194320678711,1.8907708734501503,76,5,1,1,1,1,1,0
6590,65.91,33.403751373291016,1.9826509550535396,76,5,1,1,1,1,1,0
6591,65.92,33.403778076171875,1.8904504342200805,76,5,1,1,1,1,1,0
6592,65.93,33.361328125,1.912618848916308,76,5,1,1,1,1,1,0
6593,65.94,33.53227615356445,1.8298942218534928,76,4,0,1,1,1,1,0
6594,65.95,33.71235656738281,1.7284040333114128,76,5,1,1,1,1,1,0
6595,65.96,33.433128356933594,1.802330278722008,76,5,1,1,1,1,1,0
6596,65.97,33.09272003173828,1.713739552327664,76,5,1,1,1,1,1,0
6597,65.98,33.10167694091797,1.7276002802374493,76,5,1,1,1,1,1,0
6598,65.99,33.14632797241211,1.767853048373756,76,5,1,1,1,1,1,0
6599,66.0,33.2000732421875,1.8256810770979663,76,4,0,1,1,1,1,0
6600,66.01,33.31867218017578,1.888018785745251,76,4,0,1,1,1,1,0
6601,66.02,33.31789016723633,1.8462126198247637,76,4,0,1,1,1,1,0
6602,66.03,33.47184753417969,1.7703676788056208,76,4,0,1,1,1,1,0
6603,66.04,33.25053024291992,1.9218152842739906,76,4,0,1,1,1,1,0
6604,66.05,33.3774299621582,1.6816092259007172,76,4,0,1,1,1,1,0
6605,66.06,33.42481231689453,1.8204658825977325,76,4,0,1,1,1,1,0
6606,66.07,33.4485969543457,1.744532442173567,76,4,0,1,1,1,1,0
6607,66.08,33.41030502319336,1.6859421321040085,76,4,0,1,1,1,1,0
6608,66.09,33.61176300048828,1.9458696867722711,76,4,0,1,1,1,1,0
6609,66.1,33.49952697753906,1.7976376650845407,76,4,0,1,1,1,1,0
6610,66.11,33.456398010253906,1.8196964203569472,76,4,0,1,1,1,1,0
6611,66.12,33.58403778076172,1.8139414375448932,76,4,0,1,1,1,1,0
6612,66.13,33.8641242980957,1.717614694291714,76,4,0,1,1,1,1,0
6613,66.14,33.91682815551758,1.8984455270867937,76,4,0,1,1,1,1,0
6614,66.15,33.86524963378906,1.8604830461262623,76,4,0,1,1,1,1,0
6615,66.16,33.664710998535156,1.7579002269859665,76,4,0,1,1,1,1,0
6616,66.17,33.539737701416016,1.732803414160427,76,4,0,1,1,1,1,0
6617,66.18,33.79256820678711,1.8550219667724257,76,5,1,1,1,1,1,0
6618,66.19,33.759063720703125,1.7922344518646351,76,5,1,1,1,1,1,0
6619,66.2,33.529998779296875,1.817828693708403,76,4,0,1,1,1,1,0
6620,66.21,33.27894592285156,1.6647544986880636,76,4,0,1,1,1,1,0
6621,66.22,33.09741973876953,1.7541665939878146,76,4,0,1,1,1,1,0
6622,66.23,33.461692810058594,1.6822301730460987,76,5,1,1,1,1,1,0
6623,66.24,33.558998107910156,1.8676415194106726,76,5,1,1,1,1,1,0
6624,66.25,33.344058990478516,1.771127119953032,76,4,0,1,1,1,1,0
6625,66.26,33.54875564575195,1.6830057385700827,76,5,1,1,1,1,1,0
6626,66.27,33.640716552734375,1.8558838565283358,76,4,0,1,1,1,1,0
6627,66.28,33.86577606201172,1.9298971451181914,76,4,0,1,1,1,1,0
6628,66.29,33.6809196472168,1.8082829891339982,76,5,1,1,1,1,1,0
6629,66.3,33.813629150390625,1.787761174688015,76,5,1,1,1,1,1,0
6630,66.31,33.862117767333984,1.7049626858118938,76,5,1,1,1,1,1,0
6631,66.32,33.542659759521484,1.8623362473567373,76,4,0,1,1,1,1,0
6632,66.33,33.80086898803711,1.732459812340433,76,4,0,1,1,1,1,0
6633,66.34,33.48142623901367,1.7932635931734147,76,5,1,1,1,1,1,0
6634,66.35,33.24246597290039,1.8241995231330055,76,4,0,1,1,1,1,0
6635,66.36,33.38236618041992,1.862175759585278,76,4,0,1,1,1,1,0
6636,66.37,33.49916458129883,1.861341341442619,76,4,0,1,1,1,1,0
6637,66.38,33.4525260925293,1.7675955696662797,76,4,0,1,1,1,1,0
6638,66.39,33.34967803955078,1.9694139908337451,76,4,0,1,1,1,1,0
6639,66.4,33.684940338134766,2.0145749937514634,76,5,1,1,1,1,1,0
6640,66.41,33.54957580566406,1.7911142940746774,76,4,0,1,1,1,1,0
6641,66.42,33.61848449707031,1.9000540787888276,76,4,0,1,1,1,1,0
6642,66.43,33.6478385925293,1.8519973637217997,76,4,0,1,1,1,1,0
6643,66.44,33.587242126464844,1.8151566904938692,76,4,0,1,1,1,1,0
6644,66.45,33.306922912597656,1.8982888758375909,76,4,0,1,1,1,1,0
6645,66.46,33.59452438354492,1.8113523609425104,76,4,0,1,1,1,1,0
6646,66.47,33.33380889892578,1.79432603855135,76,4,0,1,1,1,1,0
6647,66.48,33.575897216796875,1.9025762948322302,76,4,0,1,1,1,1,0
6648,66.49,33.2761344909668,1.826553052633157,76,4,0,1,1,1,1,0
6649,66.5,33.254154205322266,1.704258165709972,76,4,0,1,1,1,1,0
6650,66.51,32.999874114990234,1.7952414262664755,76,4,0,1,1,1,1,0
6651,66.52,33.4384880065918,1.8712564044024471,76,4,0,1,1,1,1,0
6652,66.53,33.390045166015625,1.659581098914504,76,4,0,1,1,1,1,0
6653,66.54,33.31547546386719,1.798496908983287,76,4,0,1,1,1,1,0
6654,66.55,33.386661529541016,1.7820762937537056,76,4,0,1,1,1,1,0
6655,66.56,33.50002670288086,1.9921355707084707,76,4,0,1,1,1,1,0
6656,66.57,33.1317253112793,1.912931646168859,76,4,0,1,1,1,1,0
6657,66.58,33.38239669799805,2.0635180311898145,76,4,0,1,1,1,1,0
6658,66.59,33.454898834228516,2.1213436000412167,76,4,0,1,1,1,1,0
6659,66.6,33.1152458190918,1.8701075787124652,76,4,0,1,1,1,1,0
6660,66.61,33.07904815673828,1.7117261488668944,76,4,0,1,1,1,1,0
6661,66.62,33.02779006958008,1.7965254415437684,76,4,0,1,1,1,1,0
6662,66.63,33.20565414428711,1.9293501950923677,76,4,0,1,1,1,1,0
6663,66.64,33.26813507080078,1.7923457906488476,76,4,0,1,1,1,1,0
6664,66.65,33.32233810424805,1.892749504464536,76,5,1,1,1,1,1,0
6665,66.66,33.249778747558594,1.973073602206801,76,5,1,1,1,1,1,0
6666,66.67,33.4872932434082,1.9292735607420313,76,4,0,1,1,1,1,0
6667,66.68,33.41691970825195,1.7109942868428363,76,5,1,1,1,1,1,0
6668,66.69,33.40882873535156,1.882813067302888,76,4,0,1,1,1,1,0
6669,66.7,33.37639617919922,1.9196878942527986,76,4,0,1,1,1,1,0
6670,66.71,33.556373596191406,1.9527927748716933,76,5,1,1,1,1,1,0
6671,66.72,33.385807037353516,2.0554836340863667,76,4,0,1,1,1,1,0
6672,66.73,33.831199645996094,2.120586620001131,76,4,0,1,1,1,1,0
6673,66.74,33.704994201660156,1.9271694334375318,76,4,0,1,1,1,1,0
6674,66.75,33.648353576660156,1.831663325931653,76,4,0,1,1,1,1,0
6675,66.76,33.916236877441406,1.9314189774328872,76,4,0,1,1,1,1,0
6676,66.77,33.564369201660156,1.987690419033025,76,5,1,1,1,1,1,0
6677,66.78,33.683082580566406,2.0549958441173497,76,4,0,1,1,1,1,0
6678,66.79,33.613624572753906,1.8742743778248274,76,5,1,1,1,1,1,0
6679,66.8,33.63397979736328,1.7447629060454508,76,4,0,1,1,1,1,0
6680,66.81,33.688133239746094,1.7910100565720297,76,4,0,1,1,1,1,0
6681,66.82,33.76442337036133,2.03364268933777,76,5,1,1,1,1,1,0
6682,66.83,33.37908172607422,1.8798930133660474,76,4,0,1,1,1,1,0
6683,66.84,33.54940414428711,1.8765418652284547,76,4,0,1,1,1,1,0
6684,66.85,33.901344299316406,1.8345555736584727,76,4,0,1,1,1,1,0
6685,66.86,33.74296569824219,1.9725362649157405,76,5,1,1,1,1,1,0
6686,66.87,33.5830192565918,1.9091887687605236,76,4,0,1,1,1,1,0
6687,66.88,33.3145637512207,1.7324533607666877,76,5,1,1,1,1,1,0
6688,66.89,33.86885070800781,1.9434500135909865,76,4,0,1,1,1,1,0
6689,66.9,33.8989143371582,1.9655527175220437,76,4,0,1,1,1,1,0
6690,66.91,33.45771026611328,1.9860269529601302,76,4,0,1,1,1,1,0
6691,66.92,33.59553527832031,1.9296122897796535,76,4,0,1,1,1,1,0
6692,66.93,33.88460922241211,2.0801232264852536,76,4,0,1,1,1,1,0
6693,66.94,33.955284118652344,1.6422850808756593,76,5,1,1,1,1,1,0
6694,66.95,33.41596984863281,1.8567145225831325,76,4,0,1,1,1,1,0
6695,66.96,33.579036712646484,1.736919680940983,76,4,0,1,1,1,1,0
6696,66.97,33.35493087768555,1.7874568693948956,76,5,1,1,1,1,1,0
6697,66.98,33.416072845458984,1.8533482274252415,76,4,0,1,1,1,1,0
6698,66.99,33.444908142089844,1.8430978140131036,76,4,0,1,1,1,1,0
6699,67.0,33.652442932128906,1.9406436363717001,76,4,0,1,1,1,1,0
6700,67.01,33.74604034423828,2.028029845370352,76,4,0,1,1,1,1,0
6701,67.02,33.4563102722168,2.011316292419602,76,4,0,1,1,1,1,0
6702,67.03,33.35104751586914,1.8201425182270685,76,4,0,1,1,1,1,0
6703,67.04,33.599796295166016,1.8089536384378653,76,4,0,1,1,1,1,0
6704,67.05,33.39906311035156,1.9456597111097562,76,4,0,1,1,1,1,0
6705,67.06,33.44858169555664,1.7561281687384782,76,4,0,1,1,1,1,0
6706,67.07,33.302520751953125,1.8467238232624872,76,4,0,1,1,1,1,0
6707,67.08,33.48093032836914,1.8099175989824383,76,4,0,1,1,1,1,0
6708,67.09,33.6854362487793,1.8824926919878346,76,5,1,1,1,1,1,0
6709,67.1,33.45164489746094,1.8044667258775198,76,4,0,1,1,1,1,0
6710,67.11,33.67422866821289,1.8707489276498712,76,4,0,1,1,1,1,0
6711,67.12,33.74229049682617,1.830244111005266,76,4,0,1,1,1,1,0
6712,67.13,33.51438522338867,1.8977116635871571,76,4,0,1,1,1,1,0
6713,67.14,33.531002044677734,1.927533929240779,76,4,0,1,1,1,1,0
6714,67.15,33.7281494140625,1.9990530892987477,76,4,0,1,1,1,1,0
6715,67.16,33.569679260253906,1.7066383960558065,76,4,0,1,1,1,1,0
6716,67.17,33.4979133605957,1.6897654344679578,76,4,0,1,1,1,1,0
6717,67.18,33.47679901123047,1.70584308889638,76,4,0,1,1,1,1,0
6718,67.19,33.509883880615234,1.733147850291967,76,4,0,1,1,1,1,0
6719,67.2,33.528221130371094,1.747398743323476,76,4,0,1,1,1,1,0
6720,67.21,33.65345001220703,1.7535644198316738,76,5,1,1,1,1,1,0
6721,67.22,33.84709930419922,1.884487079486253,76,4,0,1,1,1,1,0
6722,67.23,33.78445816040039,1.6473935879360226,76,4,0,1,1,1,1,0
6723,67.24,33.59004211425781,1.6032489482150536,76,4,0,1,1,1,1,0
6724,67.25,33.382511138916016,1.8700214788765879,76,4,0,1,1,1,1,0
6725,67.26,33.36997604370117,1.886792506329107,76,4,0,1,1,1,1,0
6726,67.27,33.420799255371094,1.7242400643396787,76,4,0,1,1,1,1,0
6727,67.28,33.48271560668945,1.7859988105003637,76,4,0,1,1,1,1,0
6728,67.29,33.397377014160156,1.950123267573097,76,4,0,1,1,1,1,0
6729,67.3,33.46982955932617,1.8275971059464433,76,4,0,1,1,1,1,0
6730,67.31,33.34954833984375,1.8030259557339432,76,4,0,1,1,1,1,0
6731,67.32,33.429542541503906,1.7472556720251977,76,4,0,1,1,1,1,0
6732,67.33,33.419944763183594,1.793043043808131,76,4,0,1,1,1,1,0
6733,67.34,33.1287727355957,1.9520762746953133,76,4,0,1,1,1,1,0
6734,67.35,33.27628707885742,1.9161923346471206,76,4,0,1,1,1,1,0
6735,67.36,33.06352233886719,1.8435288342332938,76,5,1,1,1,1,1,0
6736,67.37,33.18528747558594,1.8379374994094044,76,4,0,1,1,1,1,0
6737,67.38,33.04339599609375,1.6843382335733927,76,4,0,1,1,1,1,0
6738,67.39,33.29084396362305,1.8397051102295672,76,4,0,1,1,1,1,0
6739,67.4,33.0992431640625,1.9896698368304644,76,4,0,1,1,1,1,0
6740,67.41,33.00969314575195,1.9185702961382987,76,4,0,1,1,1,1,0
6741,67.42,33.20014572143555,2.045610270211791,76,4,0,1,1,1,1,0
6742,67.43,33.14727020263672,1.7937974570815212,76,4,0,1,1,1,1,0
6743,67.44,33.035221099853516,1.7919315661796908,76,4,0,1,1,1,1,0
6744,67.45,33.485740661621094,1.7903602416656874,76,4,0,1,1,1,1,0
6745,67.46,33.26696014404297,1.9313748229491592,76,4,0,1,1,1,1,0
6746,67.47,33.01991653442383,1.8515392387129301,76,4,0,1,1,1,1,0
6747,67.48,33.248409271240234,1.871630933135416,76,4,0,1,1,1,1,0
6748,67.49,33.67204666137695,1.6870672360049452,76,4,0,1,1,1,1,0
6749,67.5,33.29179000854492,1.8503497363319192,76,4,0,1,1,1,1,0
6750,67.51,33.64689636230469,1.8437440272371257,76,4,0,1,1,1,1,0
6751,67.52,33.410301208496094,1.7327975582716797,76,4,0,1,1,1,1,0
6752,67.53,33.24116897583008,1.7744011483989717,76,4,0,1,1,1,1,0
6753,67.54,33.008975982666016,1.7804779688410446,76,4,0,1,1,1,1,0
6754,67.55,33.399078369140625,1.7552753999713864,76,4,0,1,1,1,1,0
6755,67.56,33.08871078491211,1.8244154487826871,76,4,0,1,1,1,1,0
6756,67.57,33.2906494140625,2.0469256300430985,76,4,0,1,1,1,1,0
6757,67.58,33.41598129272461,1.7906446402275338,76,4,0,1,1,1,1,0
6758,67.59,33.52987289428711,1.8407850274334605,76,4,0,1,1,1,1,0
6759,67.6,33.44171142578125,1.6937551494716052,76,4,0,1,1,1,1,0
6760,67.61,33.23237228393555,1.5957430935266306,76,4,0,1,1,1,1,0
6761,67.62,33.5216064453125,1.6493019143921264,76,5,1,1,1,1,1,0
6762,67.63,33.46855163574219,1.8709936788326125,76,4,0,1,1,1,1,0
6763,67.64,33.3836555480957,1.7572990934322572,76,4,0,1,1,1,1,0
6764,67.65,33.16126251220703,1.8271566069935843,76,4,0,1,1,1,1,0
6765,67.66,33.41769790649414,1.8071261374663787,76,4,0,1,1,1,1,0
6766,67.67,33.61362838745117,1.8319343574545681,76,4,0,1,1,1,1,0
6767,67.68,33.66495132446289,1.7364334139197386,76,4,0,1,1,1,1,0
6768,67.69,33.24081802368164,1.7822181964744863,76,4,0,1,1,1,1,0
6769,67.7,33.52146911621094,1.762417039587439,76,4,0,1,1,1,1,0
6770,67.71,33.65852355957031,1.7648268444550195,76,4,0,1,1,1,1,0
6771,67.72,33.5567626953125,1.724821462931566,76,4,0,1,1,1,1,0
6772,67.73,33.78053283691406,1.7855268283344485,76,4,0,1,1,1,1,0
6773,67.74,33.73495864868164,1.737728672709361,76,4,0,1,1,1,1,0
6774,67.75,33.74891662597656,1.7077083549076897,76,4,0,1,1,1,1,0
6775,67.76,33.89279556274414,1.7082444978812386,76,4,0,1,1,1,1,0
6776,67.77,33.921382904052734,1.78493593930944,76,4,0,1,1,1,1,0
6777,67.78,33.68719482421875,1.9478693890670875,76,5,1,1,1,1,1,0
6778,67.79,33.82223892211914,1.9010776772291325,76,4,0,1,1,1,1,0
6779,67.8,33.697425842285156,1.7695424953163505,76,4,0,1,1,1,1,0
6780,67.81,33.654518127441406,1.8373368428831198,76,4,0,1,1,1,1,0
6781,67.82,33.625179290771484,1.9412919884387143,76,4,0,1,1,1,1,0
6782,67.83,33.82059097290039,1.8149108410851762,76,4,0,1,1,1,1,0
6783,67.84,33.86982727050781,1.9969493457493943,76,4,0,1,1,1,1,0
6784,67.85,33.77056121826172,1.7230174879984723,76,4,0,1,1,1,1,0
6785,67.86,34.12303924560547,1.9028668011687926,76,4,0,1,1,1,1,0
6786,67.87,33.7375373840332,1.7733582856765056,76,4,0,1,1,1,1,0
6787,67.88,33.58504104614258,1.8623889208981466,76,4,0,1,1,1,1,0
6788,67.89,33.436614990234375,1.640306927878672,76,4,0,1,1,1,1,0
6789,67.9,33.460514068603516,1.7854125858786873,76,4,0,1,1,1,1,0
6790,67.91,33.35117721557617,2.127228719809468,76,4,0,1,1,1,1,0
6791,67.92,33.60960388183594,1.8679945488818384,76,4,0,1,1,1,1,0
6792,67.93,33.631927490234375,1.762754607297175,76,4,0,1,1,1,1,0
6793,67.94,33.956748962402344,1.699474050515589,76,4,0,1,1,1,1,0
6794,67.95,33.98684310913086,1.8656367915058698,76,4,0,1,1,1,1,0
6795,67.96,33.8150634765625,1.7503118636145552,76,4,0,1,1,1,1,0
6796,67.97,33.91067123413086,1.6733516788391116,76,4,0,1,1,1,1,0
6797,67.98,34.20515060424805,1.8805821747044038,76,4,0,1,1,1,1,0
6798,67.99,33.98582077026367,1.8845186026631209,76,4,0,1,1,1,1,0
6799,68.0,34.125816345214844,2.15475945566929,76,4,0,1,1,1,1,0
6800,68.01,34.14772415161133,1.6859434896944319,76,4,0,1,1,1,1,0
6801,68.02,33.95479202270508,1.688073878845418,76,4,0,1,1,1,1,0
6802,68.03,34.13064193725586,1.847242608635523,76,4,0,1,1,1,1,0
6803,68.04,34.246131896972656,1.843530675847704,76,4,0,1,1,1,1,0
6804,68.05,34.170654296875,1.795831027404691,76,4,0,1,1,1,1,0
6805,68.06,34.08540344238281,1.9131896495242544,76,4,0,1,1,1,1,0
6806,68.07,33.90388107299805,1.8119603048946715,76,4,0,1,1,1,1,0
6807,68.08,33.78996276855469,1.720528810526782,76,4,0,1,1,1,1,0
6808,68.09,33.99846267700195,1.968683828260107,76,4,0,1,1,1,1,0
6809,68.1,33.59580612182617,1.9317610230257831,76,4,0,1,1,1,1,0
6810,68.11,33.01351547241211,1.993717142540506,76,4,0,1,1,1,1,0
6811,68.12,33.28599548339844,1.6788930797728423,76,4,0,1,1,1,1,0
6812,68.13,33.57732391357422,1.8228270161197022,76,4,0,1,1,1,1,0
6813,68.14,33.6693115234375,1.7520842960622363,76,4,0,1,1,1,1,0
6814,68.15,33.54256057739258,1.7410594599974478,76,4,0,1,1,1,1,0
6815,68.16,33.44149398803711,1.687422251184812,76,4,0,1,1,1,1,0
6816,68.17,33.434879302978516,2.0015257562144297,76,4,0,1,1,1,1,0
6817,68.18,33.52752685546875,1.7791304086516422,76,4,0,1,1,1,1,0
6818,68.19,33.68809127807617,1.961424323294919,76,4,0,1,1,1,1,0
6819,68.2,33.58426284790039,1.7090650766808921,76,4,0,1,1,1,1,0
6820,68.21,33.31940460205078,1.8099179783624721,76,4,0,1,1,1,1,0
6821,68.22,33.249122619628906,1.7808748234374705,76,4,0,1,1,1,1,0
6822,68.23,33.50175476074219,1.9171862997979225,76,4,0,1,1,1,1,0
6823,68.24,33.78855514526367,1.8698870554549436,76,4,0,1,1,1,1,0
6824,68.25,33.90756607055664,1.9990275322868574,76,4,0,1,1,1,1,0
6825,68.26,33.57044982910156,1.7650492986036137,76,4,0,1,1,1,1,0
6826,68.27,33.500423431396484,2.054728090440064,76,4,0,1,1,1,1,0
6827,68.28,33.60193634033203,1.6759806007652138,76,4,0,1,1,1,1,0
6828,68.29,33.87366485595703,1.861749732555771,76,4,0,1,1,1,1,0
6829,68.3,33.46727752685547,1.9010051405698851,76,4,0,1,1,1,1,0
6830,68.31,33.787418365478516,2.0416913840981272,76,4,0,1,1,1,1,0
6831,68.32,33.69050979614258,2.094877695236212,76,4,0,1,1,1,1,0
6832,68.33,33.643123626708984,1.7632601021290402,76,4,0,1,1,1,1,0
6833,68.34,33.6960563659668,2.0471739762668326,76,4,0,1,1,1,1,0
6834,68.35,33.792808532714844,1.8426365447617006,76,4,0,1,1,1,1,0
6835,68.36,33.85332489013672,1.824882473441989,76,4,0,1,1,1,1,0
6836,68.37,33.966041564941406,1.8738730320876535,76,4,0,1,1,1,1,0
6837,68.38,34.047264099121094,1.9366194051715584,76,4,0,1,1,1,1,0
6838,68.39,34.054439544677734,2.0056378300928377,76,4,0,1,1,1,1,0
6839,68.4,33.3874397277832,1.752970177546759,76,4,0,1,1,1,1,0
6840,68.41,33.701393127441406,1.8619871439649482,76,4,0,1,1,1,1,0
6841,68.42,33.56431198120117,1.7912535428510945,76,4,0,1,1,1,1,0
6842,68.43,34.038970947265625,2.1293448064717566,76,4,0,1,1,1,1,0
6843,68.44,33.69084548950195,1.8315874570823836,76,4,0,1,1,1,1,0
6844,68.45,33.82271957397461,1.961093345415647,76,4,0,1,1,1,1,0
6845,68.46,33.998268127441406,1.9044440712381383,76,4,0,1,1,1,1,0
6846,68.47,33.91095733642578,1.8390736835610921,76,4,0,1,1,1,1,0
6847,68.48,33.840885162353516,1.801804045396419,76,4,0,1,1,1,1,0
6848,68.49,33.619144439697266,1.9447620934773748,76,4,0,1,1,1,1,0
6849,68.5,33.73267364501953,2.1805968610212325,76,4,0,1,1,1,1,0
6850,68.51,33.715843200683594,1.8225839595055218,76,4,0,1,1,1,1,0
6851,68.52,33.8353157043457,2.0771169195044834,76,4,0,1,1,1,1,0
6852,68.53,33.99036407470703,2.2250639063223367,76,4,0,1,1,1,1,0
6853,68.54,33.5940055847168,1.8548073212647733,76,4,0,1,1,1,1,0
6854,68.55,33.68702697753906,1.829919514373316,76,4,0,1,1,1,1,0
6855,68.56,34.0150260925293,1.9906307735184645,76,4,0,1,1,1,1,0
6856,68.57,33.89741516113281,1.9191938400627861,76,4,0,1,1,1,1,0
6857,68.58,33.94391632080078,1.7598560794631288,76,4,0,1,1,1,1,0
6858,68.59,34.130794525146484,1.7581214962930856,76,4,0,1,1,1,1,0
6859,68.6,33.69169616699219,1.7400002753618826,76,4,0,1,1,1,1,0
6860,68.61,33.75479507446289,1.7535677916783377,76,4,0,1,1,1,1,0
6861,68.62,33.55485153198242,1.7443314775245298,76,4,0,1,1,1,1,0
6862,68.63,33.83975601196289,1.847107043778535,76,4,0,1,1,1,1,0
6863,68.64,33.63943862915039,1.85456218231222,76,4,0,1,1,1,1,0
6864,68.65,34.037139892578125,1.9734731616117782,76,4,0,1,1,1,1,0
6865,68.66,33.91740798950195,1.9368539221838412,76,4,0,1,1,1,1,0
6866,68.67,33.74496841430664,1.9365447328517948,76,4,0,1,1,1,1,0
6867,68.68,33.57048034667969,1.7789353467817746,76,4,0,1,1,1,1,0
6868,68.69,33.905147552490234,1.7433625486663218,76,4,0,1,1,1,1,0
6869,68.7,33.880489349365234,1.8845961257996449,76,4,0,1,1,1,1,0
6870,68.71,34.25420379638672,1.8404641138347033,76,4,0,1,1,1,1,0
6871,68.72,33.95427322387695,1.869384471750803,76,4,0,1,1,1,1,0
6872,68.73,33.92401885986328,1.73781515872339,76,4,0,1,1,1,1,0
6873,68.74,34.040042877197266,1.8027220899516812,76,4,0,1,1,1,1,0
6874,68.75,33.99758529663086,2.0606060617988087,76,4,0,1,1,1,1,0
6875,68.76,34.01041030883789,1.9148359900874,76,4,0,1,1,1,1,0
6876,68.77,34.037471771240234,1.7220357026117883,76,4,0,1,1,1,1,0
6877,68.78,34.226619720458984,1.631074862262569,76,4,0,1,1,1,1,0
6878,68.79,34.14317321777344,1.8272929212871578,76,4,0,1,1,1,1,0
6879,68.8,33.636043548583984,1.8989994498515468,76,4,0,1,1,1,1,0
6880,68.81,33.688011169433594,1.7711563962274142,76,4,0,1,1,1,1,0
6881,68.82,33.72248077392578,1.8082819976539621,76,4,0,1,1,1,1,0
6882,68.83,33.75188064575195,1.9923367805655094,76,4,0,1,1,1,1,0
6883,68.84,33.768348693847656,1.7736410443926653,76,4,0,1,1,1,1,0
6884,68.85,33.644935607910156,1.743615532836413,76,4,0,1,1,1,1,0
6885,68.86,33.854408264160156,1.7400509741444126,76,4,0,1,1,1,1,0
6886,68.87,33.7647705078125,1.6635439864991135,76,4,0,1,1,1,1,0
6887,68.88,33.341209411621094,1.8069561861253884,76,4,0,1,1,1,1,0
6888,68.89,33.46903991699219,1.7179055844748168,76,4,0,1,1,1,1,0
6889,68.9,33.679931640625,1.6970859747450018,76,4,0,1,1,1,1,0
6890,68.91,33.68980026245117,1.8727824704305407,76,4,0,1,1,1,1,0
6891,68.92,33.757408142089844,1.8489727438552408,76,4,0,1,1,1,1,0
6892,68.93,33.84233856201172,1.848976457517244,76,4,0,1,1,1,1,0
6893,68.94,33.723358154296875,1.7688688510942392,76,4,0,1,1,1,1,0
6894,68.95,33.83998489379883,1.9920085259687597,76,4,0,1,1,1,1,0
6895,68.96,33.802520751953125,1.7710435314974748,76,4,0,1,1,1,1,0
6896,68.97,33.514503479003906,2.0855189135610104,76,4,0,1,1,1,1,0
6897,68.98,33.688941955566406,1.7622131789571378,76,4,0,1,1,1,1,0
6898,68.99,33.589195251464844,2.053754654721083,76,4,0,1,1,1,1,0
6899,69.0,34.160404205322266,2.0318740552812233,76,4,0,1,1,1,1,0
6900,69.01,33.976165771484375,1.744163237361358,76,5,1,1,1,1,1,0
6901,69.02,34.077247619628906,1.9409780424083631,76,4,0,1,1,1,1,0
6902,69.03,33.92475128173828,1.955121908858876,76,5,1,1,1,1,1,0
6903,69.04,34.417762756347656,1.844014793289906,76,4,0,1,1,1,1,0
6904,69.05,33.86847686767578,1.9234869906969443,76,4,0,1,1,1,1,0
6905,69.06,34.07852554321289,1.9776023913511434,76,5,1,1,1,1,1,0
6906,69.07,34.10334777832031,1.8732328342299978,76,4,0,1,1,1,1,0
6907,69.08,34.054283142089844,1.928628071403646,76,4,0,1,1,1,1,0
6908,69.09,34.33454132080078,2.010791318387509,76,4,0,1,1,1,1,0
6909,69.1,34.321014404296875,2.175431798408607,76,4,0,1,1,1,1,0
6910,69.11,34.12607192993164,2.0287208368014054,76,4,0,1,1,1,1,0
6911,69.12,34.12834167480469,1.7867052232651404,76,5,1,1,1,1,1,0
6912,69.13,33.99250793457031,1.887085644646105,76,4,0,1,1,1,1,0
6913,69.14,33.950584411621094,2.006610877363121,76,5,1,1,1,1,1,0
6914,69.15,34.112091064453125,1.9535583878560436,76,4,0,1,1,1,1,0
6915,69.16,34.00925827026367,1.9262890684429745,76,4,0,1,1,1,1,0
6916,69.17,33.84861755371094,1.8339297790424138,76,4,0,1,1,1,1,0
6917,69.18,33.892433166503906,1.8925889552413817,76,4,0,1,1,1,1,0
6918,69.19,33.57938003540039,1.9243165108227998,76,5,1,1,1,1,1,0
6919,69.2,33.713226318359375,2.4162983268575147,76,4,0,1,1,1,1,0
6920,69.21,33.81364440917969,1.8463712514318467,76,4,0,1,1,1,1,0
6921,69.22,34.02305221557617,1.8612634235886372,76,4,0,1,1,1,1,0
6922,69.23,33.91244125366211,1.8034671452276843,76,4,0,1,1,1,1,0
6923,69.24,33.539432525634766,1.8211261384084956,76,5,1,1,1,1,1,0
6924,69.25,33.54512023925781,1.9568880803140192,76,4,0,1,1,1,1,0
6925,69.26,33.50046157836914,2.1911608137489518,76,4,0,1,1,1,1,0
6926,69.27,33.46849822998047,1.8187330913025586,76,4,0,1,1,1,1,0
6927,69.28,33.73992919921875,2.064365028868649,76,5,1,1,1,1,1,0
6928,69.29,33.77872848510742,1.703114241656592,76,5,1,1,1,1,1,0
6929,69.3,33.71944808959961,1.646968183112368,76,4,0,1,1,1,1,0
6930,69.31,33.52909851074219,1.8781124159549514,76,4,0,1,1,1,1,0
6931,69.32,33.73457336425781,1.8895762845652173,76,4,0,1,1,1,1,0
6932,69.33,33.62118911743164,1.9391237124278016,76,4,0,1,1,1,1,0
6933,69.34,33.58488464355469,1.98904634484707,76,4,0,1,1,1,1,0
6934,69.35,33.972652435302734,2.0056403407100207,76,4,0,1,1,1,1,0
6935,69.36,33.94425582885742,1.8759773055255835,76,4,0,1,1,1,1,0
6936,69.37,33.97762680053711,1.778029055730957,76,4,0,1,1,1,1,0
6937,69.38,33.5476188659668,1.8082036920779414,76,4,0,1,1,1,1,0
6938,69.39,33.896541595458984,1.833822192310621,76,4,0,1,1,1,1,0
6939,69.4,33.86130905151367,1.901629308708179,76,4,0,1,1,1,1,0
6940,69.41,33.67100143432617,1.8561812595834453,76,4,0,1,1,1,1,0
6941,69.42,33.64250946044922,1.8515130259473733,76,4,0,1,1,1,1,0
6942,69.43,33.5628547668457,1.8682073321551345,76,4,0,1,1,1,1,0
6943,69.44,33.70804977416992,1.7586911302398298,76,4,0,1,1,1,1,0
6944,69.45,33.95433044433594,2.0749913903522232,76,4,0,1,1,1,1,0
6945,69.46,33.782413482666016,1.868849618967754,76,4,0,1,1,1,1,0
6946,69.47,34.112735748291016,1.7687877007831094,76,4,0,1,1,1,1,0
6947,69.48,34.00388717651367,1.7705649988180998,76,4,0,1,1,1,1,0
6948,69.49,33.965675354003906,1.8570163324086129,76,5,1,1,1,1,1,0
6949,69.5,34.088157653808594,1.8794923194287725,76,4,0,1,1,1,1,0
6950,69.51,33.42731857299805,1.9079823935189866,76,4,0,1,1,1,1,0
6951,69.52,33.5239372253418,1.8280326574245556,76,4,0,1,1,1,1,0
6952,69.53,33.48299789428711,1.7131916292494747,76,4,0,1,1,1,1,0
6953,69.54,33.40089416503906,1.8627943382423762,76,4,0,1,1,1,1,0
6954,69.55,33.5128288269043,1.9213001696939251,76,4,0,1,1,1,1,0
6955,69.56,33.73927688598633,1.9231506342065967,76,4,0,1,1,1,1,0
6956,69.57,33.53281021118164,1.611865220153015,76,4,0,1,1,1,1,0
6957,69.58,33.6356086730957,1.785886648827839,76,4,0,1,1,1,1,0
6958,69.59,33.664371490478516,1.6296316009048404,76,4,0,1,1,1,1,0
6959,69.6,33.829994201660156,1.8183746097369333,76,4,0,1,1,1,1,0
6960,69.61,33.77229309082031,1.877364671003056,76,4,0,1,1,1,1,0
6961,69.62,33.78281784057617,1.8414391785495285,76,4,0,1,1,1,1,0
6962,69.63,33.94585037231445,1.7449642582161524,76,4,0,1,1,1,1,0
6963,69.64,33.51084899902344,1.865610551890949,76,4,0,1,1,1,1,0
6964,69.65,33.677547454833984,1.7833383805219163,76,4,0,1,1,1,1,0
6965,69.66,33.466243743896484,1.6144967774407073,76,5,1,1,1,1,1,0
6966,69.67,33.59286880493164,1.6989687136525726,76,4,0,1,1,1,1,0
6967,69.68,33.69523239135742,1.8047177182294776,76,4,0,1,1,1,1,0
6968,69.69,33.695831298828125,1.8168887774824687,76,4,0,1,1,1,1,0
6969,69.7,33.72330856323242,1.7206395570366884,76,4,0,1,1,1,1,0
6970,69.71,33.73140335083008,1.8901340174728054,76,4,0,1,1,1,1,0
6971,69.72,33.63093948364258,1.8367681249414822,76,5,1,1,1,1,1,0
6972,69.73,33.734256744384766,1.752511203979151,76,4,0,1,1,1,1,0
6973,69.74,33.933380126953125,1.7941580639893002,76,4,0,1,1,1,1,0
6974,69.75,33.94198226928711,1.8886235677647252,76,4,0,1,1,1,1,0
6975,69.76,33.58262252807617,1.8174176325769607,76,4,0,1,1,1,1,0
6976,69.77,33.81663513183594,1.9556591544216035,76,4,0,1,1,1,1,0
6977,69.78,33.84825897216797,1.8331943785752398,76,4,0,1,1,1,1,0
6978,69.79,33.674415588378906,1.947797067341932,76,4,0,1,1,1,1,0
6979,69.8,33.76982116699219,1.8459122467560038,76,5,1,1,1,1,1,0
6980,69.81,33.818336486816406,1.920914765838196,76,4,0,1,1,1,1,0
6981,69.82,33.814552307128906,2.0189115723018216,76,5,1,1,1,1,1,0
6982,69.83,33.93106460571289,2.151140606331006,76,4,0,1,1,1,1,0
6983,69.84,33.535919189453125,1.9479994691426008,76,4,0,1,1,1,1,0
6984,69.85,33.2845344543457,2.0398325017401415,76,4,0,1,1,1,1,0
6985,69.86,33.27107238769531,1.989723779115873,76,4,0,1,1,1,1,0
6986,69.87,33.17391586303711,1.792372549469343,76,4,0,1,1,1,1,0
6987,69.88,33.4224853515625,1.8556082233834112,76,4,0,1,1,1,1,0
6988,69.89,33.89623260498047,1.8857656446833453,76,4,0,1,1,1,1,0
6989,69.9,33.974937438964844,1.9294085522450386,76,4,0,1,1,1,1,0
6990,69.91,33.68397903442383,2.0837733440800936,76,4,0,1,1,1,1,0
6991,69.92,33.7035026550293,2.0611134247810736,76,4,0,1,1,1,1,0
6992,69.93,33.7808723449707,2.123346562051427,76,4,0,1,1,1,1,0
6993,69.94,33.688880920410156,1.9430175743759872,76,4,0,1,1,1,1,0
6994,69.95,33.92495346069336,1.9182001793746284,76,4,0,1,1,1,1,0
6995,69.96,33.90507125854492,1.9678654309369248,76,4,0,1,1,1,1,0
6996,69.97,34.22626876831055,1.746452993666809,76,4,0,1,1,1,1,0
6997,69.98,34.068660736083984,1.80513243213512,76,4,0,1,1,1,1,0
6998,69.99,33.96742630004883,1.7385350938256225,76,4,0,1,1,1,1,0
6999,70.0,33.759334564208984,1.7711302860709723,76,4,0,1,1,1,1,0
7000,70.01,33.77104568481445,1.8852088452368312,76,4,0,1,1,1,1,0
7001,70.02,33.7729606628418,1.8373366560199265,76,4,0,1,1,1,1,0
7002,70.03,33.841312408447266,1.8944379592061755,76,4,0,1,1,1,1,0
7003,70.04,33.86263656616211,2.018664889125716,76,5,1,1,1,1,1,0
7004,70.05,33.679603576660156,1.780867197771477,76,4,0,1,1,1,1,0
7005,70.06,33.73539733886719,1.6727243571239847,76,5,1,1,1,1,1,0
7006,70.07,33.863277435302734,1.76592461507301,76,4,0,1,1,1,1,0
7007,70.08,34.09589385986328,1.7494247014111282,76,4,0,1,1,1,1,0
7008,70.09,33.91159439086914,1.9734993588141154,76,4,0,1,1,1,1,0
7009,70.1,33.85086441040039,1.9509250711994637,76,4,0,1,1,1,1,0
7010,70.11,34.224647521972656,1.791317208121849,76,4,0,1,1,1,1,0
7011,70.12,34.1775016784668,1.6594589905335602,76,5,1,1,1,1,1,0
7012,70.13,33.68570327758789,1.725285326377982,76,4,0,1,1,1,1,0
7013,70.14,33.74241638183594,1.804101159492025,76,4,0,1,1,1,1,0
7014,70.15,34.109642028808594,1.835920081367478,76,5,1,1,1,1,1,0
7015,70.16,34.09170913696289,1.6987966771095508,76,5,1,1,1,1,1,0
7016,70.17,34.013450622558594,1.9541500310273048,76,5,1,1,1,1,1,0
7017,70.18,34.45808029174805,1.7651343379509172,76,5,1,1,1,1,1,0
7018,70.19,33.989994049072266,1.8580365340768306,76,5,1,1,1,1,1,0
7019,70.2,34.056007385253906,1.8255123934596251,76,5,1,1,1,1,1,0
7020,70.21,34.10371780395508,1.9400271832649776,76,5,1,1,1,1,1,0
7021,70.22,34.339874267578125,1.7873700535659083,76,5,1,1,1,1,1,0
7022,70.23,33.83698654174805,1.849672353245014,76,5,1,1,1,1,1,0
7023,70.24,33.85070037841797,1.6990245435094231,76,5,1,1,1,1,1,0
7024,70.25,33.85578155517578,1.8169782348789332,76,5,1,1,1,1,1,0
7025,70.26,33.938377380371094,1.9158241478678952,76,5,1,1,1,1,1,0
7026,70.27,33.760589599609375,1.7940204653095058,76,5,1,1,1,1,1,0
7027,70.28,33.943214416503906,1.774993653195995,76,5,1,1,1,1,1,0
7028,70.29,34.119606018066406,2.028646301516749,76,5,1,1,1,1,1,0
7029,70.3,33.75862121582031,2.0148241277841197,76,5,1,1,1,1,1,0
7030,70.31,33.61068344116211,1.8524049523989832,76,5,1,1,1,1,1,0
7031,70.32,33.74846267700195,2.4613404611820044,76,5,1,1,1,1,1,0
7032,70.33,33.72734069824219,2.1336834888813807,76,4,0,1,1,1,1,0
7033,70.34,33.85243225097656,1.7008507141605154,76,5,1,1,1,1,1,0
7034,70.35,33.66898727416992,1.8282268000561377,76,4,0,1,1,1,1,0
7035,70.36,33.70722579956055,1.8594114098365295,76,4,0,1,1,1,1,0
7036,70.37,33.741512298583984,1.8689859743707826,76,5,1,1,1,1,1,0
7037,70.38,33.851932525634766,1.8125649301450986,76,5,1,1,1,1,1,0
7038,70.39,33.56951904296875,1.9167436761853924,76,4,0,1,1,1,1,0
7039,70.4,33.352394104003906,1.9583166936153023,76,5,1,1,1,1,1,0
7040,70.41,33.633750915527344,1.7528573387774047,76,5,1,1,1,1,1,0
7041,70.42,33.51366424560547,2.082396190763146,76,5,1,1,1,1,1,0
7042,70.43,33.537017822265625,2.1056295661369364,76,4,0,1,1,1,1,0
7043,70.44,33.18995666503906,1.8335714807501386,76,4,0,1,1,1,1,0
7044,70.45,33.38302230834961,1.8359174217683867,76,4,0,1,1,1,1,0
7045,70.46,33.426185607910156,2.0223782368720253,76,4,0,1,1,1,1,0
7046,70.47,33.5670051574707,1.8261414903950426,76,4,0,1,1,1,1,0
7047,70.48,33.33092498779297,1.8394005636679618,76,5,1,1,1,1,1,0
7048,70.49,33.55025863647461,2.041399381540558,76,5,1,1,1,1,1,0
7049,70.5,33.437801361083984,1.8098606372144248,76,4,0,1,1,1,1,0
7050,70.51,33.718482971191406,1.7683354213444176,76,4,0,1,1,1,1,0
7051,70.52,33.971981048583984,1.7722601259373256,76,4,0,1,1,1,1,0
7052,70.53,33.764705657958984,2.0291397865471716,76,4,0,1,1,1,1,0
7053,70.54,33.61255645751953,1.6433179257071298,76,5,1,1,1,1,1,0
7054,70.55,33.66085433959961,1.9638965535086035,76,5,1,1,1,1,1,0
7055,70.56,34.0035285949707,1.8562282097106126,76,4,0,1,1,1,1,0
7056,70.57,33.84404754638672,2.0156156045396756,76,4,0,1,1,1,1,0
7057,70.58,33.66279602050781,1.8769370918325359,76,4,0,1,1,1,1,0
7058,70.59,33.741477966308594,2.0668124482651486,76,4,0,1,1,1,1,0
7059,70.6,34.17826843261719,1.7617305587920062,76,4,0,1,1,1,1,0
7060,70.61,33.86714172363281,1.8440146277987024,76,4,0,1,1,1,1,0
7061,70.62,34.1347541809082,1.7748794850042653,76,5,1,1,1,1,1,0
7062,70.63,33.70623779296875,2.0831944115478866,76,5,1,1,1,1,1,0
7063,70.64,33.604801177978516,2.067367030603753,76,4,0,1,1,1,1,0
7064,70.65,33.72457504272461,2.094372355324083,76,4,0,1,1,1,1,0
7065,70.66,33.66078567504883,1.7596860935141738,76,4,0,1,1,1,1,0
7066,70.67,33.669105529785156,1.903807060420278,76,4,0,1,1,1,1,0
7067,70.68,33.888671875,1.892325159671831,76,4,0,1,1,1,1,0
7068,70.69,33.930843353271484,1.9448911849344042,76,4,0,1,1,1,1,0
7069,70.7,33.63462448120117,1.8447999865539517,76,4,0,1,1,1,1,0
7070,70.71,33.87598419189453,1.8668161241587389,76,5,1,1,1,1,1,0
7071,70.72,33.95226287841797,1.900897818209814,76,4,0,1,1,1,1,0
7072,70.73,33.84540557861328,1.9864811250401315,76,4,0,1,1,1,1,0
7073,70.74,33.850860595703125,1.9236693581416597,76,5,1,1,1,1,1,0
7074,70.75,33.75226593017578,1.8887840905160784,76,4,0,1,1,1,1,0
7075,70.76,33.87043762207031,1.6853444240444988,76,4,0,1,1,1,1,0
7076,70.77,33.895355224609375,1.7780064792943793,76,5,1,1,1,1,1,0
7077,70.78,33.87144088745117,1.8071241743138358,76,4,0,1,1,1,1,0
7078,70.79,33.8754768371582,1.955607413060374,76,4,0,1,1,1,1,0
7079,70.8,33.65817642211914,1.7621311376425577,76,4,0,1,1,1,1,0
7080,70.81,33.636878967285156,1.7851067476439368,76,4,0,1,1,1,1,0
7081,70.82,33.976505279541016,1.6405226353951603,76,4,0,1,1,1,1,0
7082,70.83,33.50151443481445,1.7768502525824734,76,4,0,1,1,1,1,0
7083,70.84,33.3803596496582,1.7154580032468083,76,4,0,1,1,1,1,0
7084,70.85,33.63645935058594,1.8275675231755355,76,5,1,1,1,1,1,0
7085,70.86,33.61042785644531,1.866358529864248,76,4,0,1,1,1,1,0
7086,70.87,33.84883117675781,1.9132442327828356,76,4,0,1,1,1,1,0
7087,70.88,33.75518798828125,1.9128229787554532,76,5,1,1,1,1,1,0
7088,70.89,33.82197952270508,1.7764006701346062,76,4,0,1,1,1,1,0
7089,70.9,33.64216613769531,2.100114953669105,76,5,1,1,1,1,1,0
7090,70.91,34.00040817260742,1.8243345319258906,76,4,0,1,1,1,1,0
7091,70.92,33.95987319946289,2.1679074885847145,76,5,1,1,1,1,1,0
7092,70.93,34.06496047973633,1.9133461574085922,76,4,0,1,1,1,1,0
7093,70.94,34.06993865966797,1.9197910067951327,76,5,1,1,1,1,1,0
7094,70.95,33.937355041503906,1.6915662796059356,76,5,1,1,1,1,1,0
7095,70.96,34.036434173583984,1.8415733170642377,76,5,1,1,1,1,1,0
7096,70.97,33.982704162597656,1.8379080623202428,76,5,1,1,1,1,1,0
7097,70.98,34.00495529174805,1.8134237274445968,76,5,1,1,1,1,1,0
7098,70.99,33.88139724731445,1.768074366641442,76,5,1,1,1,1,1,0
7099,71.0,33.765480041503906,1.8435043078183186,76,4,0,1,1,1,1,0
7100,71.01,33.77464294433594,1.7644576703322592,76,5,1,1,1,1,1,0
7101,71.02,34.157562255859375,1.7722601044123556,76,5,1,1,1,1,1,0
7102,71.03,33.96537780761719,1.7074289314439384,76,5,1,1,1,1,1,0
7103,71.04,33.906192779541016,1.7520262596227203,76,5,1,1,1,1,1,0
7104,71.05,34.039886474609375,1.9245041713592859,76,5,1,1,1,1,1,0
7105,71.06,34.066341400146484,1.8072378886113523,76,5,1,1,1,1,1,0
7106,71.07,33.89223861694336,1.7397993572796233,76,5,1,1,1,1,1,0
7107,71.08,33.707706451416016,1.8149142461167966,76,5,1,1,1,1,1,0
7108,71.09,33.59705352783203,1.8271863425588122,76,5,1,1,1,1,1,0
7109,71.1,33.928321838378906,1.6432603657146196,76,4,0,1,1,1,1,0
7110,71.11,33.64166259765625,1.8498428962801259,76,5,1,1,1,1,1,0
7111,71.12,33.668792724609375,1.9072747861795438,76,5,1,1,1,1,1,0
7112,71.13,33.779808044433594,1.79214895303953,76,5,1,1,1,1,1,0
7113,71.14,33.61039733886719,1.9564016070147876,76,5,1,1,1,1,1,0
7114,71.15,33.57037353515625,1.7350813771293288,76,5,1,1,1,1,1,0
7115,71.16,33.578311920166016,1.768220305481415,76,5,1,1,1,1,1,0
7116,71.17,33.5189094543457,1.9205738076468768,76,5,1,1,1,1,1,0
7117,71.18,33.417724609375,1.8157368835588137,76,5,1,1,1,1,1,0
7118,71.19,33.690406799316406,1.82838498920771,76,5,1,1,1,1,1,0
7119,71.2,33.484676361083984,1.892039728477725,76,5,1,1,1,1,1,0
7120,71.21,33.65990447998047,1.6043991285688208,76,5,1,1,1,1,1,0
7121,71.22,33.76051330566406,1.7866984978512654,76,4,0,1,1,1,1,0
7122,71.23,34.16021728515625,1.8007225341241795,76,4,0,1,1,1,1,0
7123,71.24,34.09088897705078,1.7072482288459152,76,5,1,1,1,1,1,0
7124,71.25,34.134151458740234,1.8570118131485052,76,4,0,1,1,1,1,0
7125,71.26,34.18490219116211,1.8487287296009778,76,5,1,1,1,1,1,0
7126,71.27,34.1478385925293,1.808371184675206,76,4,0,1,1,1,1,0
7127,71.28,34.15868377685547,1.7915649750535418,76,5,1,1,1,1,1,0
7128,71.29,33.98598861694336,1.7882696694450098,76,5,1,1,1,1,1,0
7129,71.3,34.22181701660156,1.7792377863102526,76,5,1,1,1,1,1,0
7130,71.31,33.92654800415039,1.9856957149942485,76,5,1,1,1,1,1,0
7131,71.32,34.11614227294922,1.789525363164749,76,5,1,1,1,1,1,0
7132,71.33,34.21336364746094,1.8147710532878132,76,5,1,1,1,1,1,0
7133,71.34,33.77692413330078,1.7639171107579168,76,4,0,1,1,1,1,0
7134,71.35,33.99860763549805,1.7757547249394339,76,4,0,1,1,1,1,0
7135,71.36,34.69053649902344,1.8535084504970272,76,5,1,1,1,1,1,0
7136,71.37,33.83256149291992,2.211180437465728,76,4,0,1,1,1,1,0
7137,71.38,33.90647888183594,2.0706034531733852,76,4,0,1,1,1,1,0
7138,71.39,33.83253860473633,1.7796013435061842,76,4,0,1,1,1,1,0
7139,71.4,33.86710739135742,1.955757990872646,76,4,0,1,1,1,1,0
7140,71.41,33.81611633300781,1.8913233327427943,76,4,0,1,1,1,1,0
7141,71.42,33.859561920166016,1.7992499895580516,76,4,0,1,1,1,1,0
7142,71.43,33.89276123046875,1.8162854655754341,76,4,0,1,1,1,1,0
7143,71.44,33.588768005371094,1.7330605150394613,76,4,0,1,1,1,1,0
7144,71.45,34.04810333251953,1.8630344831367307,76,4,0,1,1,1,1,0
7145,71.46,33.8055534362793,1.78140250683574,76,4,0,1,1,1,1,0
7146,71.47,33.682960510253906,1.8919077163417415,76,4,0,1,1,1,1,0
7147,71.48,34.259674072265625,1.737526482030806,76,4,0,1,1,1,1,0
7148,71.49,34.0565185546875,1.887594024138536,76,4,0,1,1,1,1,0
7149,71.5,33.88072967529297,2.0062653496207536,76,4,0,1,1,1,1,0
7150,71.51,34.18160629272461,1.9271999417528425,76,4,0,1,1,1,1,0
7151,71.52,33.91619873046875,1.8212377217150884,76,4,0,1,1,1,1,0
7152,71.53,34.26817321777344,1.7543346793729793,76,4,0,1,1,1,1,0
7153,71.54,34.11346435546875,1.8009163164537887,76,4,0,1,1,1,1,0
7154,71.55,34.1431770324707,1.8367909759927916,76,4,0,1,1,1,1,0
7155,71.56,34.61622619628906,1.994939762443373,76,4,0,1,1,1,1,0
7156,71.57,34.348812103271484,1.8557246608112121,76,4,0,1,1,1,1,0
7157,71.58,34.329132080078125,1.8520525557994827,76,4,0,1,1,1,1,0
7158,71.59,34.603267669677734,2.011591815625756,76,4,0,1,1,1,1,0
7159,71.6,34.47284698486328,2.1163382954464582,76,5,1,1,1,1,1,0
7160,71.61,34.13419723510742,2.005638952261571,76,4,0,1,1,1,1,0
7161,71.62,34.29256820678711,1.896971704573773,76,4,0,1,1,1,1,0
7162,71.63,34.14180374145508,1.934350304966551,76,4,0,1,1,1,1,0
7163,71.64,33.895240783691406,2.0149419339869077,76,4,0,1,1,1,1,0
7164,71.65,33.877437591552734,2.0928404697242566,76,4,0,1,1,1,1,0
7165,71.66,33.96375274658203,2.1530668335087437,76,4,0,1,1,1,1,0
7166,71.67,33.630653381347656,1.766577112964338,76,4,0,1,1,1,1,0
7167,71.68,33.42921829223633,1.819035331029119,76,4,0,1,1,1,1,0
7168,71.69,33.561302185058594,1.8684245215951598,76,4,0,1,1,1,1,0
7169,71.7,33.91703414916992,1.9390954770040814,76,4,0,1,1,1,1,0
7170,71.71,34.036895751953125,1.7070725797712498,76,4,0,1,1,1,1,0
7171,71.72,33.72734069824219,1.7315046032136345,76,4,0,1,1,1,1,0
7172,71.73,33.75010681152344,1.990697189205846,76,4,0,1,1,1,1,0
7173,71.74,33.92404556274414,1.7095050706799593,76,5,1,1,1,1,1,0
7174,71.75,33.75749969482422,1.7911717668159481,76,5,1,1,1,1,1,0
7175,71.76,33.59400939941406,1.8556368451850316,76,5,1,1,1,1,1,0
7176,71.77,33.6505012512207,1.8961524579234632,76,5,1,1,1,1,1,0
7177,71.78,33.77450180053711,1.6560447479394291,76,4,0,1,1,1,1,0
7178,71.79,33.91371154785156,1.8226094162615787,76,4,0,1,1,1,1,0
7179,71.8,34.04703903198242,1.8978150857294669,76,5,1,1,1,1,1,0
7180,71.81,33.97072982788086,1.7114627449008597,76,4,0,1,1,1,1,0
7181,71.82,33.88185119628906,1.7844304921752476,76,4,0,1,1,1,1,0
7182,71.83,33.819358825683594,1.7560185741966636,76,5,1,1,1,1,1,0
7183,71.84,33.81035232543945,1.8889439937779648,76,4,0,1,1,1,1,0
7184,71.85,33.8389778137207,1.970403668250545,76,5,1,1,1,1,1,0
7185,71.86,33.50543975830078,1.7438161424808643,76,4,0,1,1,1,1,0
7186,71.87,33.170413970947266,1.7184031548145235,76,5,1,1,1,1,1,0
7187,71.88,33.25107955932617,1.9144190117629767,76,4,0,1,1,1,1,0
7188,71.89,33.44668197631836,1.755390821454321,76,4,0,1,1,1,1,0
7189,71.9,33.25497055053711,1.6633703501198116,76,4,0,1,1,1,1,0
7190,71.91,33.60494613647461,1.9338266147756569,76,4,0,1,1,1,1,0
7191,71.92,33.61858367919922,1.7397966822978197,76,4,0,1,1,1,1,0
7192,71.93,33.69129180908203,1.836194847329463,76,4,0,1,1,1,1,0
7193,71.94,33.38063049316406,2.0026462725367717,76,4,0,1,1,1,1,0
7194,71.95,33.3980598449707,1.9079809140104715,76,4,0,1,1,1,1,0
7195,71.96,33.54654312133789,1.7451104465335348,76,4,0,1,1,1,1,0
7196,71.97,33.80411148071289,1.8207140827555428,76,4,0,1,1,1,1,0
7197,71.98,33.719940185546875,1.6264674001090724,76,4,0,1,1,1,1,0
7198,71.99,33.63954162597656,1.8021582664065399,76,4,0,1,1,1,1,0
7199,72.0,33.871524810791016,1.9344776459880733,76,4,0,1,1,1,1,0
7200,72.01,33.90998077392578,1.89634352915447,76,4,0,1,1,1,1,0
7201,72.02,33.79629898071289,1.8450717347707846,76,4,0,1,1,1,1,0
7202,72.03,33.7426643371582,1.938738526468154,76,4,0,1,1,1,1,0
7203,72.04,33.96996307373047,1.906856854608471,76,4,0,1,1,1,1,0
7204,72.05,33.91337585449219,2.2429655104365587,76,4,0,1,1,1,1,0
7205,72.06,33.608131408691406,2.004442313782124,76,4,0,1,1,1,1,0
7206,72.07,33.42762756347656,2.070313133109475,76,4,0,1,1,1,1,0
7207,72.08,33.2979736328125,2.0378653566404017,76,4,0,1,1,1,1,0
7208,72.09,33.455665588378906,2.0660586656818283,76,4,0,1,1,1,1,0
7209,72.1,33.3991584777832,2.0670036758995196,76,4,0,1,1,1,1,0
7210,72.11,33.10485076904297,1.9922062445536213,76,4,0,1,1,1,1,0
7211,72.12,33.09177780151367,1.8297031541311217,76,4,0,1,1,1,1,0
7212,72.13,33.355491638183594,1.8837669204841698,76,4,0,1,1,1,1,0
7213,72.14,33.37067794799805,1.7807334777448567,76,4,0,1,1,1,1,0
7214,72.15,33.52737808227539,1.884910537665036,76,4,0,1,1,1,1,0
7215,72.16,33.70249557495117,1.8156541092313692,76,5,1,1,1,1,1,0
7216,72.17,33.54593276977539,1.957754003578596,76,4,0,1,1,1,1,0
7217,72.18,33.45417785644531,2.032483583508308,76,4,0,1,1,1,1,0
7218,72.19,33.52067947387695,1.9299211270533358,76,4,0,1,1,1,1,0
7219,72.2,33.40055847167969,1.7882937161757257,76,4,0,1,1,1,1,0
7220,72.21,33.3851432800293,2.0008946912492442,76,4,0,1,1,1,1,0
7221,72.22,33.43427276611328,1.7722642801654223,76,4,0,1,1,1,1,0
7222,72.23,33.466888427734375,1.7221504722770224,76,4,0,1,1,1,1,0
7223,72.24,33.457489013671875,2.0980435484082873,76,4,0,1,1,1,1,0
7224,72.25,33.55672073364258,1.8997373339162684,76,4,0,1,1,1,1,0
7225,72.26,33.6214485168457,1.8596781921930148,76,4,0,1,1,1,1,0
7226,72.27,33.5693359375,1.8650988800651567,76,4,0,1,1,1,1,0
7227,72.28,33.74313735961914,1.918488260219123,76,4,0,1,1,1,1,0
7228,72.29,33.92584228515625,1.81353496431379,76,4,0,1,1,1,1,0
7229,72.3,34.00238800048828,1.8102755004984734,76,5,1,1,1,1,1,0
7230,72.31,33.69304275512695,1.8808480026330487,76,4,0,1,1,1,1,0
7231,72.32,33.985145568847656,1.6973515423463905,76,4,0,1,1,1,1,0
7232,72.33,33.899723052978516,1.7285276712166893,76,4,0,1,1,1,1,0
7233,72.34,34.276397705078125,1.738561715438739,76,4,0,1,1,1,1,0
7234,72.35,34.03245544433594,1.6995013513220005,76,4,0,1,1,1,1,0
7235,72.36,33.73636245727539,1.8917947762933556,76,4,0,1,1,1,1,0
7236,72.37,33.69768524169922,1.894519687470136,76,4,0,1,1,1,1,0
7237,72.38,33.685585021972656,1.756530481281349,76,4,0,1,1,1,1,0
7238,72.39,33.75825119018555,2.0482660379493076,76,4,0,1,1,1,1,0
7239,72.4,34.01903533935547,1.8612083611790233,76,4,0,1,1,1,1,0
7240,72.41,33.76739501953125,1.7008536298229653,76,4,0,1,1,1,1,0
7241,72.42,33.90775680541992,1.8694629897757125,76,4,0,1,1,1,1,0
7242,72.43,33.8479118347168,1.9250705561480534,76,4,0,1,1,1,1,0
7243,72.44,33.934059143066406,1.809364682817547,76,4,0,1,1,1,1,0
7244,72.45,33.9445686340332,1.879628268079589,76,4,0,1,1,1,1,0
7245,72.46,34.153446197509766,2.122922659087143,76,4,0,1,1,1,1,0
7246,72.47,34.2643928527832,1.9932924892075505,76,4,0,1,1,1,1,0
7247,72.48,34.245216369628906,1.8131189532832934,76,4,0,1,1,1,1,0
7248,72.49,34.0297737121582,2.0579103578380296,76,4,0,1,1,1,1,0
7249,72.5,33.899288177490234,1.9251471200208565,76,5,1,1,1,1,1,0
7250,72.51,33.87086486816406,1.912173372589844,76,4,0,1,1,1,1,0
7251,72.52,33.92744445800781,1.9342409475653377,76,4,0,1,1,1,1,0
7252,72.53,33.90353012084961,1.8605927611903887,76,4,0,1,1,1,1,0
7253,72.54,34.041236877441406,1.9084288281349457,76,4,0,1,1,1,1,0
7254,72.55,34.22943115234375,2.096902808562073,76,4,0,1,1,1,1,0
7255,72.56,34.206321716308594,1.7559355265451244,76,4,0,1,1,1,1,0
7256,72.57,34.1084098815918,1.838721594993688,76,4,0,1,1,1,1,0
7257,72.58,33.968963623046875,2.055552278364577,76,4,0,1,1,1,1,0
7258,72.59,34.1517333984375,2.1064634159099516,76,4,0,1,1,1,1,0
7259,72.6,34.44369125366211,2.004020789705135,76,4,0,1,1,1,1,0
7260,72.61,34.06829071044922,1.686355307475889,76,4,0,1,1,1,1,0
7261,72.62,33.9034423828125,2.122311940845674,76,4,0,1,1,1,1,0
7262,72.63,34.135528564453125,2.0736662156948134,76,4,0,1,1,1,1,0
7263,72.64,33.75467300415039,1.8904787303047013,76,4,0,1,1,1,1,0
7264,72.65,33.61837387084961,1.9409524086004968,76,4,0,1,1,1,1,0
7265,72.66,34.176719665527344,1.850564610288699,76,4,0,1,1,1,1,0
7266,72.67,33.93983840942383,1.831669115666102,76,4,0,1,1,1,1,0
7267,72.68,33.84910583496094,1.8077889863957295,76,4,0,1,1,1,1,0
7268,72.69,33.197444915771484,1.8904210480511825,76,4,0,1,1,1,1,0
7269,72.7,33.94853210449219,1.9325086104407057,76,4,0,1,1,1,1,0
7270,72.71,33.88267135620117,1.6711666102924487,76,4,0,1,1,1,1,0
7271,72.72,33.696170806884766,1.7324546158554623,76,4,0,1,1,1,1,0
7272,72.73,33.715553283691406,1.8322378548250233,76,4,0,1,1,1,1,0
7273,72.74,33.87186050415039,1.780701424068176,76,4,0,1,1,1,1,0
7274,72.75,33.90878677368164,1.8971019969805412,76,4,0,1,1,1,1,0
7275,72.76,33.54219055175781,1.8392937739609845,76,4,0,1,1,1,1,0
7276,72.77,33.78483581542969,1.8546700674227499,76,4,0,1,1,1,1,0
7277,72.78,33.71931838989258,1.711316802995137,76,4,0,1,1,1,1,0
7278,72.79,33.78206253051758,1.9538155755737836,76,4,0,1,1,1,1,0
7279,72.8,33.84124755859375,1.7274519476350445,76,4,0,1,1,1,1,0
7280,72.81,33.78269577026367,1.7630072105498122,76,4,0,1,1,1,1,0
7281,72.82,33.84859085083008,1.8471828121454985,76,4,0,1,1,1,1,0
7282,72.83,34.030208587646484,1.7448831767371222,76,4,0,1,1,1,1,0
7283,72.84,33.827178955078125,1.812563246477789,76,4,0,1,1,1,1,0
7284,72.85,33.7366943359375,1.729307317814489,76,4,0,1,1,1,1,0
7285,72.86,33.657928466796875,1.793937433224002,76,4,0,1,1,1,1,0
7286,72.87,33.72397232055664,1.8800565946514558,76,5,1,1,1,1,1,0
7287,72.88,33.50678253173828,1.8028052464435833,76,4,0,1,1,1,1,0
7288,72.89,33.61403274536133,1.7102624238984463,76,4,0,1,1,1,1,0
7289,72.9,33.48932647705078,1.7751031937010844,76,4,0,1,1,1,1,0
7290,72.91,33.15522003173828,1.7578365883815847,76,4,0,1,1,1,1,0
7291,72.92,33.14608383178711,1.7368358957744758,76,5,1,1,1,1,1,0
7292,72.93,33.247596740722656,1.756677683175537,76,5,1,1,1,1,1,0
7293,72.94,33.587669372558594,1.7269915155639994,76,4,0,1,1,1,1,0
7294,72.95,33.63054656982422,1.7598020927830043,76,4,0,1,1,1,1,0
7295,72.96,33.612430572509766,1.5814224455626005,76,4,0,1,1,1,1,0
7296,72.97,33.573360443115234,1.7493411226586628,76,4,0,1,1,1,1,0
7297,72.98,33.30555725097656,1.7394796439672706,76,4,0,1,1,1,1,0
7298,72.99,33.46946334838867,1.8595697360638042,76,4,0,1,1,1,1,0
7299,73.0,33.50813293457031,1.776150358283402,76,4,0,1,1,1,1,0
7300,73.01,33.63203048706055,1.7370621761125389,76,4,0,1,1,1,1,0
7301,73.02,33.18940353393555,1.775892106368159,76,4,0,1,1,1,1,0
7302,73.03,33.6471061706543,1.8696308298025102,76,4,0,1,1,1,1,0
7303,73.04,33.453208923339844,1.7817095804145593,76,5,1,1,1,1,1,0
7304,73.05,33.98185348510742,1.8241164427024399,76,5,1,1,1,1,1,0
7305,73.06,33.7463493347168,1.9957445725674166,76,4,0,1,1,1,1,0
7306,73.07,33.991363525390625,1.8374109795327453,76,4,0,1,1,1,1,0
7307,73.08,33.83073425292969,2.0839155396632894,76,4,0,1,1,1,1,0
7308,73.09,34.005550384521484,1.7425484229014274,76,4,0,1,1,1,1,0
7309,73.1,33.770057678222656,1.6999361910422541,76,4,0,1,1,1,1,0
7310,73.11,33.551021575927734,2.0100497066025262,76,4,0,1,1,1,1,0
7311,73.12,33.485721588134766,1.9192977543019567,76,4,0,1,1,1,1,0
7312,73.13,33.297489166259766,1.749830757025194,76,4,0,1,1,1,1,0
7313,73.14,33.97935485839844,1.9148112215480475,76,4,0,1,1,1,1,0
7314,73.15,34.163612365722656,1.8722674204280199,76,4,0,1,1,1,1,0
7315,73.16,33.732791900634766,1.8497037066809654,76,4,0,1,1,1,1,0
7316,73.17,33.5730094909668,1.733149346983036,76,5,1,1,1,1,1,0
7317,73.18,33.6954460144043,1.9090055775033308,76,5,1,1,1,1,1,0
7318,73.19,34.007930755615234,1.8641354747218344,76,4,0,1,1,1,1,0
7319,73.2,33.97644805908203,1.8198881613799986,76,4,0,1,1,1,1,0
7320,73.21,33.41758728027344,2.1097135239103304,76,5,1,1,1,1,1,0
7321,73.22,33.673946380615234,1.7985009177612328,76,4,0,1,1,1,1,0
7322,73.23,33.50972366333008,1.8315849161507283,76,4,0,1,1,1,1,0
7323,73.24,33.51560592651367,1.877153515092725,76,4,0,1,1,1,1,0
7324,73.25,33.92561721801758,2.082525891062874,76,4,0,1,1,1,1,0
7325,73.26,33.705299377441406,1.8945174725705347,76,4,0,1,1,1,1,0
7326,73.27,33.77022171020508,1.7839519580538041,76,4,0,1,1,1,1,0
7327,73.28,33.68610382080078,1.6999685109600702,76,4,0,1,1,1,1,0
7328,73.29,33.78471755981445,1.8524857963002752,76,4,0,1,1,1,1,0
7329,73.3,33.826385498046875,1.851214295944906,76,4,0,1,1,1,1,0
7330,73.31,33.57218933105469,1.7572966621630952,76,4,0,1,1,1,1,0
7331,73.32,33.68148422241211,1.8769385958076605,76,4,0,1,1,1,1,0
7332,73.33,33.59346008300781,1.800941549949345,76,4,0,1,1,1,1,0
7333,73.34,33.80257034301758,2.08456536463022,76,5,1,1,1,1,1,0
7334,73.35,34.12125015258789,2.002646520166468,76,4,0,1,1,1,1,0
7335,73.36,33.97807312011719,1.752022340477526,76,4,0,1,1,1,1,0
7336,73.37,33.584251403808594,1.8481888073686095,76,4,0,1,1,1,1,0
7337,73.38,33.46175765991211,1.9386882618228287,76,4,0,1,1,1,1,0
7338,73.39,33.7645263671875,1.7224684191210786,76,4,0,1,1,1,1,0
7339,73.4,33.656192779541016,1.972891180317654,76,4,0,1,1,1,1,0
7340,73.41,33.516109466552734,1.7907029801493823,76,4,0,1,1,1,1,0
7341,73.42,33.628623962402344,2.0296324937547596,76,4,0,1,1,1,1,0
7342,73.43,33.39897537231445,1.953819753782039,76,4,0,1,1,1,1,0
7343,73.44,33.52410888671875,2.073594657319554,76,4,0,1,1,1,1,0
7344,73.45,33.71860122680664,2.1818761182524358,76,4,0,1,1,1,1,0
7345,73.46,33.93412780761719,1.8429876577124602,76,4,0,1,1,1,1,0
7346,73.47,33.507144927978516,1.9542259631445946,76,4,0,1,1,1,1,0
7347,73.48,33.68928527832031,1.785523730474825,76,4,0,1,1,1,1,0
7348,73.49,33.65746307373047,2.025070745294668,76,4,0,1,1,1,1,0
7349,73.5,33.717803955078125,1.7862285371982172,76,4,0,1,1,1,1,0
7350,73.51,33.96326446533203,1.8254628979795753,76,4,0,1,1,1,1,0
7351,73.52,33.85446548461914,1.7717185665617485,76,4,0,1,1,1,1,0
7352,73.53,33.63228225708008,2.033422955819422,76,4,0,1,1,1,1,0
7353,73.54,33.70085525512695,1.9733440261489517,76,4,0,1,1,1,1,0
7354,73.55,33.53165817260742,1.9984484498420398,76,4,0,1,1,1,1,0
7355,73.56,33.28758239746094,2.199411204530455,76,4,0,1,1,1,1,0
7356,73.57,33.357120513916016,1.762558642130493,76,4,0,1,1,1,1,0
7357,73.58,33.718265533447266,1.8921656429428095,76,4,0,1,1,1,1,0
7358,73.59,33.77421188354492,2.012287826063436,76,4,0,1,1,1,1,0
7359,73.6,33.6431999206543,2.0691539896912867,76,4,0,1,1,1,1,0
7360,73.61,33.6212043762207,1.7458817265060527,76,4,0,1,1,1,1,0
7361,73.62,33.51499938964844,2.109833860683287,76,4,0,1,1,1,1,0
7362,73.63,33.59415817260742,1.9392225457800198,76,4,0,1,1,1,1,0
7363,73.64,33.998714447021484,1.7983618059085744,76,4,0,1,1,1,1,0
7364,73.65,33.857051849365234,1.8739829199505493,76,4,0,1,1,1,1,0
7365,73.66,33.8662109375,1.7768788978358288,76,4,0,1,1,1,1,0
7366,73.67,33.786376953125,2.1970184986068197,76,4,0,1,1,1,1,0
7367,73.68,34.05022048950195,2.015810572399662,76,4,0,1,1,1,1,0
7368,73.69,34.27869415283203,1.8003614410358386,76,4,0,1,1,1,1,0
7369,73.7,34.07360076904297,1.7374981540161691,76,4,0,1,1,1,1,0
7370,73.71,34.110233306884766,1.9940120145603195,76,4,0,1,1,1,1,0
7371,73.72,34.158599853515625,1.8695682602645016,76,4,0,1,1,1,1,0
7372,73.73,33.826446533203125,1.8528102278340732,76,5,1,1,1,1,1,0
7373,73.74,34.075679779052734,1.9402613866892753,76,4,0,1,1,1,1,0
7374,73.75,34.12085723876953,1.713738639680078,76,4,0,1,1,1,1,0
7375,73.76,34.04048156738281,1.8631929314462043,76,4,0,1,1,1,1,0
7376,73.77,33.86556625366211,1.7923695485714175,76,4,0,1,1,1,1,0
7377,73.78,34.169677734375,1.7588955509087438,76,4,0,1,1,1,1,0
7378,73.79,34.2121696472168,1.737986383876415,76,5,1,1,1,1,1,0
7379,73.8,34.04815673828125,1.8467812385326254,76,5,1,1,1,1,1,0
7380,73.81,34.06373596191406,2.128709529335563,76,4,0,1,1,1,1,0
7381,73.82,34.106468200683594,2.0466058886591227,76,5,1,1,1,1,1,0
7382,73.83,34.15332794189453,1.9459974697703124,76,4,0,1,1,1,1,0
7383,73.84,34.24364471435547,1.9448966179881888,76,5,1,1,1,1,1,0
7384,73.85,34.546714782714844,2.1619684080714565,76,4,0,1,1,1,1,0
7385,73.86,34.410072326660156,2.016379655244775,76,5,1,1,1,1,1,0
7386,73.87,34.69255828857422,1.9635194717207016,76,5,1,1,1,1,1,0
7387,73.88,34.08952331542969,1.873230634890386,76,5,1,1,1,1,1,0
7388,73.89,34.1025390625,1.9288616021074825,76,5,1,1,1,1,1,0
7389,73.9,33.91000747680664,1.8432067426676164,76,5,1,1,1,1,1,0
7390,73.91,33.835689544677734,1.9426005970150213,76,5,1,1,1,1,1,0
7391,73.92,33.64850997924805,2.0642909120616117,76,5,1,1,1,1,1,0
7392,73.93,33.85539245605469,2.078009528933262,76,5,1,1,1,1,1,0
7393,73.94,33.7724609375,2.008705717692669,76,5,1,1,1,1,1,0
7394,73.95,33.93741226196289,1.9065397793071561,76,5,1,1,1,1,1,0
7395,73.96,33.838863372802734,1.9368216160631095,76,5,1,1,1,1,1,0
7396,73.97,33.8754768371582,2.058205355770496,76,4,0,1,1,1,1,0
7397,73.98,33.76728820800781,1.927845731184599,76,5,1,1,1,1,1,0
7398,73.99,33.66090774536133,1.8903195219095719,76,5,1,1,1,1,1,0
7399,74.0,34.23726272583008,1.7170069659624436,76,4,0,1,1,1,1,0
7400,74.01,34.27425765991211,1.7416365580687383,76,4,0,1,1,1,1,0
7401,74.02,33.99274444580078,1.9459196482953522,76,4,0,1,1,1,1,0
7402,74.03,33.90414810180664,1.9443002951449793,76,4,0,1,1,1,1,0
7403,74.04,33.89674377441406,1.839074762167395,76,4,0,1,1,1,1,0
7404,74.05,33.96928024291992,1.7974680899623463,76,4,0,1,1,1,1,0
7405,74.06,34.02191925048828,1.9885886534873645,76,4,0,1,1,1,1,0
7406,74.07,34.21806335449219,2.1104740062404446,76,4,0,1,1,1,1,0
7407,74.08,33.624847412109375,1.8694693154120243,76,4,0,1,1,1,1,0
7408,74.09,33.88846969604492,1.8643545094346787,76,4,0,1,1,1,1,0
7409,74.1,33.67991638183594,1.9620688998372755,76,4,0,1,1,1,1,0
7410,74.11,33.77955627441406,1.9610734211215584,76,4,0,1,1,1,1,0
7411,74.12,34.00174331665039,2.019826599087017,76,4,0,1,1,1,1,0
7412,74.13,33.68974304199219,1.8743834891423035,76,4,0,1,1,1,1,0
7413,74.14,34.20738220214844,1.9988446927262569,76,4,0,1,1,1,1,0
7414,74.15,34.49114227294922,1.8362448221970438,76,4,0,1,1,1,1,0
7415,74.16,33.9015998840332,1.8807659033875548,76,4,0,1,1,1,1,0
7416,74.17,33.950111389160156,1.8683117750025755,76,5,1,1,1,1,1,0
7417,74.18,34.182342529296875,1.978230319392364,76,4,0,1,1,1,1,0
7418,74.19,33.88140869140625,1.846133133608434,76,4,0,1,1,1,1,0
7419,74.2,33.9868278503418,2.065044490177904,76,4,0,1,1,1,1,0
7420,74.21,33.998870849609375,2.019846415969065,76,4,0,1,1,1,1,0
7421,74.22,34.09083557128906,1.9893985640720218,76,4,0,1,1,1,1,0
7422,74.23,33.820499420166016,1.9379084081673723,76,4,0,1,1,1,1,0
7423,74.24,33.70923614501953,1.780274547893643,76,4,0,1,1,1,1,0
7424,74.25,33.59683609008789,2.0751847871099747,76,4,0,1,1,1,1,0
7425,74.26,33.121002197265625,1.9120658591262967,76,4,0,1,1,1,1,0
7426,74.27,33.35721206665039,1.755593084126433,76,4,0,1,1,1,1,0
7427,74.28,33.50645446777344,1.949616728065934,76,4,0,1,1,1,1,0
7428,74.29,33.65852737426758,1.9126167546956192,76,4,0,1,1,1,1,0
7429,74.3,33.89944839477539,2.0702170570574627,76,4,0,1,1,1,1,0
7430,74.31,34.141422271728516,2.0462599744046734,76,4,0,1,1,1,1,0
7431,74.32,33.86324691772461,1.8076207645399287,76,4,0,1,1,1,1,0
7432,74.33,34.02311706542969,1.746251769451656,76,4,0,1,1,1,1,0
7433,74.34,33.76127243041992,1.9783096465482761,76,4,0,1,1,1,1,0
7434,74.35,33.68431854248047,1.8082563602719026,76,5,1,1,1,1,1,0
7435,74.36,33.795833587646484,1.923047384410339,76,4,0,1,1,1,1,0
7436,74.37,34.04936599731445,1.9315749957397093,76,4,0,1,1,1,1,0
7437,74.38,33.79893493652344,2.067947424163987,76,4,0,1,1,1,1,0
7438,74.39,33.829071044921875,2.010226782920571,76,4,0,1,1,1,1,0
7439,74.4,33.87928009033203,2.191479696024977,76,4,0,1,1,1,1,0
7440,74.41,34.09760284423828,2.169100985312245,76,4,0,1,1,1,1,0
7441,74.42,34.12350845336914,1.9922635647318523,76,4,0,1,1,1,1,0
7442,74.43,34.05238342285156,1.9791426773510135,76,4,0,1,1,1,1,0
7443,74.44,34.143768310546875,1.8655306039319821,76,4,0,1,1,1,1,0
7444,74.45,33.71567916870117,2.1433793525333344,76,4,0,1,1,1,1,0
7445,74.46,33.88258743286133,1.919844826151118,76,4,0,1,1,1,1,0
7446,74.47,34.13526153564453,1.7683036822343197,76,4,0,1,1,1,1,0
7447,74.48,34.03620529174805,1.91104740763585,76,4,0,1,1,1,1,0
7448,74.49,34.32582473754883,2.1716802998398075,76,4,0,1,1,1,1,0
7449,74.5,33.880950927734375,1.9304127124434292,76,5,1,1,1,1,1,0
7450,74.51,33.920692443847656,1.8352651062600145,76,4,0,1,1,1,1,0
7451,74.52,33.971771240234375,1.6783626070239934,76,4,0,1,1,1,1,0
7452,74.53,34.07245635986328,1.809918168048439,76,4,0,1,1,1,1,0
7453,74.54,34.300018310546875,1.915129696121129,76,4,0,1,1,1,1,0
7454,74.55,34.16306686401367,1.7810943951025706,76,4,0,1,1,1,1,0
7455,74.56,34.135101318359375,1.8933024744212816,76,5,1,1,1,1,1,0
7456,74.57,33.77586364746094,1.7598335950447084,76,5,1,1,1,1,1,0
7457,74.58,33.7302131652832,1.9156978767809956,76,4,1,0,1,1,1,0
7458,74.59,33.89464569091797,1.8390776868545238,76,4,0,1,1,1,1,0
7459,74.6,33.65290451049805,1.8652060943554776,76,4,0,1,1,1,1,0
7460,74.61,33.562801361083984,1.8692531248870707,76,5,1,1,1,1,1,0
7461,74.62,33.424530029296875,1.8095340917410394,76,4,0,1,1,1,1,0
7462,74.63,33.32019805908203,2.0439445484219925,76,4,0,1,1,1,1,0
7463,74.64,33.81617736816406,1.9354585941058957,76,5,1,1,1,1,1,0
7464,74.65,33.78968811035156,2.002446365307429,76,5,1,1,1,1,1,0
7465,74.66,33.43559265136719,1.756980979556632,76,5,1,1,1,1,1,0
7466,74.67,33.40538024902344,1.7599418032316205,76,5,1,1,1,1,1,0
7467,74.68,34.0064811706543,1.7886851045065801,76,5,1,1,1,1,1,0
7468,74.69,34.0341682434082,1.6683473598874001,76,4,0,1,1,1,1,0
7469,74.7,33.90874099731445,2.0377890779449115,76,4,0,1,1,1,1,0
7470,74.71,33.58040237426758,1.8387220929162125,76,4,0,1,1,1,1,0
7471,74.72,33.92298126220703,1.7441607221704234,76,4,0,1,1,1,1,0
7472,74.73,34.146888732910156,1.7115473264072816,76,5,1,1,1,1,1,0
7473,74.74,33.96239471435547,1.802746980761139,76,4,0,1,1,1,1,0
7474,74.75,33.91437530517578,1.7493421039475037,76,4,0,1,1,1,1,0
7475,74.76,33.84735870361328,2.0800711333529236,76,4,0,1,1,1,1,0
7476,74.77,33.81472396850586,1.8496490013617228,76,5,1,1,1,1,1,0
7477,74.78,33.861289978027344,1.766948262260942,76,5,1,1,1,1,1,0
7478,74.79,33.9649658203125,1.8057126349821255,76,5,1,1,1,1,1,0
7479,74.8,34.09242248535156,1.756729008093669,76,4,0,1,1,1,1,0
7480,74.81,34.13564682006836,1.853296058521635,76,4,0,1,1,1,1,0
7481,74.82,34.00236892700195,1.8793819215113776,76,4,0,1,1,1,1,0
7482,74.83,34.0879020690918,2.1050892500639042,76,4,0,1,1,1,1,0
7483,74.84,33.95290756225586,1.8584457130015781,76,4,0,1,1,1,1,0
7484,74.85,33.7055549621582,1.8633821210590882,76,4,0,1,1,1,1,0
7485,74.86,33.72108840942383,1.8186294089978305,76,5,1,1,1,1,1,0
7486,74.87,33.61431121826172,1.7835078232668182,76,4,0,1,1,1,1,0
7487,74.88,33.658958435058594,1.8429625238385332,76,4,0,1,1,1,1,0
7488,74.89,33.81516647338867,1.8947010176944945,76,5,1,1,1,1,1,0
7489,74.9,33.5372200012207,1.7042875162713278,76,5,1,1,1,1,1,0
7490,74.91,33.69525909423828,1.840542746407006,76,4,0,1,1,1,1,0
7491,74.92,33.63197708129883,1.811767093207697,76,4,0,1,1,1,1,0
7492,74.93,33.7283821105957,1.7661546633661769,76,4,0,1,1,1,1,0
7493,74.94,33.75955581665039,1.863493814857437,76,4,0,1,1,1,1,0
7494,74.95,33.70574188232422,1.7732730814213686,76,4,0,1,1,1,1,0
7495,74.96,33.6690673828125,1.8728298598592275,76,4,0,1,1,1,1,0
7496,74.97,33.70206832885742,1.801498872406603,76,4,0,1,1,1,1,0
7497,74.98,33.986785888671875,1.746709395804064,76,4,0,1,1,1,1,0
7498,74.99,33.75491714477539,1.7992793594629704,76,4,0,1,1,1,1,0
7499,75.0,33.5160026550293,1.8051277195810111,76,4,0,1,1,1,1,0
7500,75.01,33.79765701293945,1.8350759905287508,76,5,1,1,1,1,1,0
7501,75.02,33.91405487060547,1.916404384459515,76,5,1,1,1,1,1,0
7502,75.03,33.711204528808594,2.052582499142781,76,5,1,1,1,1,1,0
7503,75.04,33.55784225463867,1.9796554589538615,76,4,0,1,1,1,1,0
7504,75.05,33.53555679321289,1.9910057670043837,76,4,0,1,1,1,1,0
7505,75.06,33.5821533203125,2.019751376726931,76,4,0,1,1,1,1,0
7506,75.07,33.397361755371094,1.759599533474825,76,4,0,1,1,1,1,0
7507,75.08,33.35734176635742,1.74968829883387,76,4,0,1,1,1,1,0
7508,75.09,33.630279541015625,1.9381650351900948,76,4,0,1,1,1,1,0
7509,75.1,33.45082092285156,1.8828973058578973,76,4,0,1,1,1,1,0
7510,75.11,33.4510612487793,2.051217606111489,76,4,0,1,1,1,1,0
7511,75.12,33.627098083496094,1.9302063320753202,76,4,0,1,1,1,1,0
7512,75.13,33.025081634521484,1.890631973134071,76,4,0,1,1,1,1,0
7513,75.14,33.39768600463867,2.091625203048059,76,4,0,1,1,1,1,0
7514,75.15,33.127445220947266,1.8841219699254637,76,4,0,1,1,1,1,0
7515,75.16,33.259456634521484,1.8495720552986274,76,4,0,1,1,1,1,0
7516,75.17,33.49513626098633,1.8554246968487276,76,4,0,1,1,1,1,0
7517,75.18,33.61656188964844,1.7490884868103402,76,5,1,1,1,1,1,0
7518,75.19,33.83366012573242,1.897788205582711,76,4,0,1,1,1,1,0
7519,75.2,33.77513885498047,1.9416967911810743,76,4,0,1,1,1,1,0
7520,75.21,33.770111083984375,1.7303717911670928,76,4,0,1,1,1,1,0
7521,75.22,34.06462860107422,1.8947547846550292,76,4,0,1,1,1,1,0
7522,75.23,33.88199996948242,1.7406591600695434,76,4,0,1,1,1,1,0
7523,75.24,34.05125045776367,1.8642464072029779,76,4,0,1,1,1,1,0
7524,75.25,33.82535171508789,1.9060234384573849,76,4,0,1,1,1,1,0
7525,75.26,34.12660217285156,1.700733923976755,76,4,0,1,1,1,1,0
7526,75.27,34.11002731323242,1.841329233785505,76,5,1,1,1,1,1,0
7527,75.28,33.876319885253906,1.746309211405937,76,5,1,1,1,1,1,0
7528,75.29,33.915924072265625,1.8134181949962036,76,5,1,1,1,1,1,0
7529,75.3,33.98859786987305,1.7791573019172806,76,5,1,1,1,1,1,0
7530,75.31,33.899993896484375,1.891690803187763,76,5,1,1,1,1,1,0
7531,75.32,34.0475959777832,1.9430113311153014,76,5,1,1,1,1,1,0
7532,75.33,33.858123779296875,1.8741681300825541,76,5,1,1,1,1,1,0
7533,75.34,33.83467102050781,1.7073951664490425,76,5,1,1,1,1,1,0
7534,75.35,33.8624153137207,1.8544000754696504,76,4,0,1,1,1,1,0
7535,75.36,33.83684539794922,1.8078170359061672,76,4,0,1,1,1,1,0
7536,75.37,34.0146369934082,1.8064903130095276,76,4,0,1,1,1,1,0
7537,75.38,34.185760498046875,1.8178546367498345,76,4,0,1,1,1,1,0
7538,75.39,34.31416320800781,1.9258273764794487,76,4,0,1,1,1,1,0
7539,75.4,34.04570770263672,1.8013608814980135,76,3,0,0,1,1,1,0
7540,75.41,34.17042541503906,1.873654764014147,76,4,0,1,1,1,1,0
7541,75.42,33.515838623046875,1.931374151400367,76,4,0,1,1,1,1,0
7542,75.43,33.72231674194336,1.6891427406370292,76,4,0,1,1,1,1,0
7543,75.44,33.88965606689453,1.8925879272859973,76,4,0,1,1,1,1,0
7544,75.45,33.666500091552734,1.9680962634563222,76,4,0,1,1,1,1,0
7545,75.46,33.562923431396484,1.8188727004371967,76,4,0,1,1,1,1,0
7546,75.47,33.63856887817383,1.7761477165663684,76,4,0,1,1,1,1,0
7547,75.48,33.52847671508789,1.9263710889950338,76,4,0,1,1,1,1,0
7548,75.49,33.69234085083008,1.894125934420307,76,4,0,1,1,1,1,0
7549,75.5,33.76874923706055,2.2770336027862093,76,4,0,1,1,1,1,0
7550,75.51,33.5372428894043,1.9774971812796576,76,4,0,1,1,1,1,0
7551,75.52,33.556522369384766,2.0269421115934896,76,4,0,1,1,1,1,0
7552,75.53,33.811893463134766,1.8810634689420482,76,4,0,1,1,1,1,0
7553,75.54,33.74394989013672,1.689202192347894,76,4,0,1,1,1,1,0
7554,75.55,33.64204025268555,1.9606365804975174,76,4,0,1,1,1,1,0
7555,75.56,33.63298416137695,1.94422118925647,76,4,0,1,1,1,1,0
7556,75.57,33.71295166015625,1.9938872512934596,76,4,0,1,1,1,1,0
7557,75.58,33.91810989379883,2.0669334925297003,76,4,0,1,1,1,1,0
7558,75.59,33.882938385009766,2.0308359711829174,76,4,0,1,1,1,1,0
7559,75.6,33.740779876708984,1.8413328178366237,76,4,0,1,1,1,1,0
7560,75.61,33.372554779052734,1.868290922496193,76,4,0,1,1,1,1,0
7561,75.62,34.07268142700195,1.9273279135531298,76,4,0,1,1,1,1,0
7562,75.63,34.11042404174805,1.8708546763074212,76,4,0,1,1,1,1,0
7563,75.64,33.676612854003906,2.0030481601210037,76,4,0,1,1,1,1,0
7564,75.65,33.503746032714844,1.8729157898702165,76,4,0,1,1,1,1,0
7565,75.66,33.37770462036133,1.882362705616829,76,4,0,1,1,1,1,0
7566,75.67,33.365081787109375,1.8920347283319128,76,4,0,1,1,1,1,0
7567,75.68,33.10588836669922,1.928413448983983,76,4,0,1,1,1,1,0
7568,75.69,33.70580291748047,1.834472587943425,76,4,0,1,1,1,1,0
7569,75.7,33.6957893371582,1.7994730216168606,76,4,0,1,1,1,1,0
7570,75.71,33.81446838378906,1.9179390511374514,76,4,0,1,1,1,1,0
7571,75.72,33.794490814208984,1.8421752014037283,76,4,0,1,1,1,1,0
7572,75.73,33.83224105834961,2.025827558051004,76,5,1,1,1,1,1,0
7573,75.74,33.56399917602539,1.9376542277334663,76,4,0,1,1,1,1,0
7574,75.75,33.462284088134766,2.0739622465349523,76,4,0,1,1,1,1,0
7575,75.76,33.562400817871094,1.9572672582580277,76,4,0,1,1,1,1,0
7576,75.77,33.55659103393555,1.9682703114187523,76,5,1,1,1,1,1,0
7577,75.78,33.554931640625,1.8309825923316314,76,4,0,1,1,1,1,0
7578,75.79,33.605621337890625,1.9133977855712485,76,4,0,1,1,1,1,0
7579,75.8,33.65999221801758,1.9517679723219057,76,4,0,1,1,1,1,0
7580,75.81,33.55540466308594,1.941779477141303,76,4,0,1,1,1,1,0
7581,75.82,33.977577209472656,1.71991301827575,76,4,0,1,1,1,1,0
7582,75.83,33.59525680541992,1.881858548225316,76,4,0,1,1,1,1,0
7583,75.84,33.425270080566406,1.9384784725314022,76,5,1,1,1,1,1,0
7584,75.85,33.502899169921875,1.885814710462098,76,5,1,1,1,1,1,0
7585,75.86,33.514984130859375,1.7537115878925,76,4,0,1,1,1,1,0
7586,75.87,33.5679931640625,1.7981415424295282,76,5,1,1,1,1,1,0
7587,75.88,33.37605285644531,1.7837627057064895,76,5,1,1,1,1,1,0
7588,75.89,33.60668182373047,1.824417205154582,76,4,0,1,1,1,1,0
7589,75.9,33.81837463378906,1.74907830169165,76,5,1,1,1,1,1,0
7590,75.91,33.72928237915039,1.832182981967051,76,5,1,1,1,1,1,0
7591,75.92,33.894439697265625,1.8935670806914233,76,5,1,1,1,1,1,0
7592,75.93,33.80392074584961,1.888331617651483,76,5,1,1,1,1,1,0
7593,75.94,34.02606201171875,1.93193964761297,76,4,0,1,1,1,1,0
7594,75.95,33.56403732299805,1.769579235006976,76,5,1,1,1,1,1,0
7595,75.96,33.59528350830078,1.8350478171830387,76,5,1,1,1,1,1,0
7596,75.97,34.04122543334961,1.7824101596401574,76,5,1,1,1,1,1,0
7597,75.98,34.00353240966797,2.01595954860772,76,5,1,1,1,1,1,0
7598,75.99,33.743560791015625,1.6322050604590288,76,5,1,1,1,1,1,0
7599,76.0,33.55833435058594,1.7672051661220205,76,5,1,1,1,1,1,0
7600,76.01,33.704673767089844,2.0178006555442307,76,5,1,1,1,1,1,0
7601,76.02,33.5301513671875,1.83393046547622,76,5,1,1,1,1,1,0
7602,76.03,33.664974212646484,1.7763152467157792,76,5,1,1,1,1,1,0
7603,76.04,33.7041130065918,1.8658498436483582,76,5,1,1,1,1,1,0
7604,76.05,33.3722038269043,1.7470223272116947,76,5,1,1,1,1,1,0
7605,76.06,33.607444763183594,1.942915341081509,76,5,1,1,1,1,1,0
7606,76.07,33.76819610595703,1.8511902834947043,76,5,1,1,1,1,1,0
7607,76.08,33.53895950317383,1.7986958937961495,76,5,1,1,1,1,1,0
7608,76.09,33.61156463623047,1.817581148920261,76,5,1,1,1,1,1,0
7609,76.1,33.404052734375,1.8529177620155137,76,5,1,1,1,1,1,0
7610,76.11,33.6460075378418,1.8477539606506963,76,5,1,1,1,1,1,0
7611,76.12,33.70451354980469,2.027534980143855,76,5,1,1,1,1,1,0
7612,76.13,33.55630874633789,1.8592472842217314,76,5,1,1,1,1,1,0
7613,76.14,33.70062255859375,1.8870369757853034,76,5,1,1,1,1,1,0
7614,76.15,33.4942512512207,2.0368611021428897,76,5,1,1,1,1,1,0
7615,76.16,33.53055191040039,1.9967446078407285,76,4,0,1,1,1,1,0
7616,76.17,33.25557327270508,1.9365913696052635,76,4,0,1,1,1,1,0
7617,76.18,33.54218292236328,1.7992782145971749,76,4,0,1,1,1,1,0
7618,76.19,33.51964569091797,1.766749523504134,76,4,0,1,1,1,1,0
7619,76.2,33.646095275878906,1.800835466416422,76,5,1,1,1,1,1,0
7620,76.21,33.53681182861328,1.8157363373220101,76,4,0,1,1,1,1,0
7621,76.22,33.36170959472656,1.7504586513598972,76,4,0,1,1,1,1,0
7622,76.23,33.46958923339844,1.8227455892594742,76,5,1,1,1,1,1,0
7623,76.24,33.506072998046875,1.8550199926136843,76,4,0,1,1,1,1,0
7624,76.25,33.41412353515625,1.901077175575923,76,4,0,1,1,1,1,0
7625,76.26,33.68783187866211,1.8837518484792029,76,4,0,1,1,1,1,0
7626,76.27,33.532745361328125,1.7338106371734006,76,4,0,1,1,1,1,0
7627,76.28,33.776832580566406,1.8056059444289356,76,5,1,1,1,1,1,0
7628,76.29,33.72159957885742,1.8331948571855805,76,4,0,1,1,1,1,0
7629,76.3,33.598331451416016,1.846644193786763,76,4,0,1,1,1,1,0
7630,76.31,33.64509582519531,1.9364615278778292,76,4,0,1,1,1,1,0
7631,76.32,33.9404296875,1.889497128551432,76,4,0,1,1,1,1,0
7632,76.33,34.222740173339844,1.8694112093534985,76,4,0,1,1,1,1,0
7633,76.34,33.95442199707031,1.8704550033596254,76,4,0,1,1,1,1,0
7634,76.35,33.82764434814453,1.778397729216878,76,4,0,1,1,1,1,0
7635,76.36,33.66556167602539,1.8137792125123608,76,4,0,1,1,1,1,0
7636,76.37,34.15955352783203,1.967813952360349,76,4,0,1,1,1,1,0
7637,76.38,33.895416259765625,1.9967206451991242,76,4,0,1,1,1,1,0
7638,76.39,33.594688415527344,1.948357170407392,76,4,0,1,1,1,1,0
7639,76.4,33.47006607055664,1.9851979254551977,76,4,0,1,1,1,1,0
7640,76.41,33.6390495300293,2.0249868638480844,76,4,0,1,1,1,1,0
7641,76.42,33.25004577636719,1.800611967539034,76,4,0,1,1,1,1,0
7642,76.43,33.7556037902832,1.8537005217669353,76,4,0,1,1,1,1,0
7643,76.44,33.787967681884766,1.8924344598510852,76,4,0,1,1,1,1,0
7644,76.45,33.61056137084961,1.850759728404048,76,4,0,1,1,1,1,0
7645,76.46,33.737674713134766,2.089740826910356,76,4,0,1,1,1,1,0
7646,76.47,33.373592376708984,1.9394355786645154,76,4,0,1,1,1,1,0
7647,76.48,33.61040115356445,1.7122525678849483,76,4,0,1,1,1,1,0
7648,76.49,33.9742431640625,2.023165306564091,76,5,1,1,1,1,1,0
7649,76.5,33.945274353027344,1.7804789329610267,76,4,0,1,1,1,1,0
7650,76.51,33.83358383178711,1.7601403570579053,76,3,0,0,1,1,1,0
7651,76.52,33.91917419433594,1.89681390594928,76,4,0,1,1,1,1,0
7652,76.53,33.99600601196289,2.085424306315881,76,4,0,1,1,1,1,0
7653,76.54,33.87334060668945,2.0562351155326053,76,5,1,1,1,1,1,0
7654,76.55,33.498233795166016,1.8212625270379312,76,5,1,1,1,1,1,0
7655,76.56,33.99890899658203,1.6657135359550397,76,5,1,1,1,1,1,0
7656,76.57,33.58395767211914,1.7817350217109098,76,5,1,1,1,1,1,0
7657,76.58,33.46854019165039,1.7852994899472747,76,5,1,1,1,1,1,0
7658,76.59,33.92323303222656,1.8600543139338068,76,5,1,1,1,1,1,0
7659,76.6,34.09267807006836,2.045728895497399,76,5,1,1,1,1,1,0
7660,76.61,33.94810485839844,1.8093669597921551,76,5,1,1,1,1,1,0
7661,76.62,33.9256706237793,1.7584672643403103,76,5,1,1,1,1,1,0
7662,76.63,33.52531051635742,1.9152335520098758,76,5,1,1,1,1,1,0
7663,76.64,33.83113098144531,1.7891085453986342,76,5,1,1,1,1,1,0
7664,76.65,33.89703369140625,1.8090024680019245,76,5,1,1,1,1,1,0
7665,76.66,34.1018180847168,1.6726943387054676,76,4,0,1,1,1,1,0
7666,76.67,33.69124984741211,1.7980541817020481,76,4,0,1,1,1,1,0
7667,76.68,33.47145462036133,1.9297188454314427,76,4,0,1,1,1,1,0
7668,76.69,33.053306579589844,1.751715898973661,76,4,0,1,1,1,1,0
7669,76.7,33.0835075378418,2.252772729351466,76,4,0,1,1,1,1,0
7670,76.71,33.499454498291016,1.6510895820223177,76,4,0,1,1,1,1,0
7671,76.72,33.8356819152832,1.813234395440133,76,4,0,1,1,1,1,0
7672,76.73,33.44580841064453,2.094256740365116,76,4,0,1,1,1,1,0
7673,76.74,33.612789154052734,1.7464849332928618,76,4,0,1,1,1,1,0
7674,76.75,33.76887512207031,1.843856600306966,76,4,0,1,1,1,1,0
7675,76.76,33.882530212402344,1.8328646433715015,76,4,0,1,1,1,1,0
7676,76.77,33.1802978515625,1.8655846595185752,76,4,0,1,1,1,1,0
7677,76.78,33.83148193359375,1.5895908083508754,76,4,0,1,1,1,1,0
7678,76.79,33.84700012207031,1.930726519209452,76,5,1,1,1,1,1,0
7679,76.8,33.59880828857422,1.5969048192832815,76,5,1,1,1,1,1,0
7680,76.81,33.751129150390625,2.0788657294263904,76,5,1,1,1,1,1,0
7681,76.82,33.31415557861328,2.0020530074232243,76,5,1,1,1,1,1,0
7682,76.83,33.47243881225586,1.7980264890654971,76,5,1,1,1,1,1,0
7683,76.84,33.569244384765625,1.6782705796988187,76,5,1,1,1,1,1,0
7684,76.85,33.429222106933594,1.8112165529336237,76,4,0,1,1,1,1,0
7685,76.86,33.508853912353516,1.6762468722340134,76,5,1,1,1,1,1,0
7686,76.87,33.46769332885742,1.776342547677449,76,5,1,1,1,1,1,0
7687,76.88,33.38368225097656,1.7258668591278068,76,5,1,1,1,1,1,0
7688,76.89,33.566219329833984,2.0406177183966756,76,4,0,1,1,1,1,0
7689,76.9,33.72926712036133,1.9773485097280665,76,4,0,1,1,1,1,0
7690,76.91,33.59889221191406,1.819366754891953,76,4,0,1,1,1,1,0
7691,76.92,33.358734130859375,1.8254586140563334,76,4,0,1,1,1,1,0
7692,76.93,33.20187759399414,1.8807746654764754,76,4,0,1,1,1,1,0
7693,76.94,33.166038513183594,1.6075165259282076,76,4,0,1,1,1,1,0
7694,76.95,33.12382888793945,1.6867100654130103,76,4,0,1,1,1,1,0
7695,76.96,32.935794830322266,1.96269812411741,76,4,0,1,1,1,1,0
7696,76.97,33.05458450317383,1.8197516068575394,76,4,0,1,1,1,1,0
7697,76.98,33.286407470703125,2.1416329829137197,76,4,0,1,1,1,1,0
7698,76.99,33.147010803222656,1.9302527860199494,76,4,0,1,1,1,1,0
7699,77.0,33.26472473144531,1.9346848523495057,76,4,0,1,1,1,1,0
7700,77.01,33.051815032958984,1.8861629632412606,76,4,0,1,1,1,1,0
7701,77.02,33.23317337036133,1.8584106890956864,76,4,0,1,1,1,1,0
7702,77.03,33.0175895690918,2.18144120060201,76,4,0,1,1,1,1,0
7703,77.04,33.05534744262695,1.8374156300413858,76,4,0,1,1,1,1,0
7704,77.05,33.0811767578125,1.7994989537077544,76,4,0,1,1,1,1,0
7705,77.06,33.10260009765625,2.0508779567988196,76,4,0,1,1,1,1,0
7706,77.07,32.786537170410156,1.870959603433275,76,4,0,1,1,1,1,0
7707,77.08,32.66897964477539,1.9106545250552915,76,4,0,1,1,1,1,0
7708,77.09,32.83325958251953,1.7568744563102234,76,5,1,1,1,1,1,0
7709,77.1,33.01018524169922,1.9195347651502315,76,5,1,1,1,1,1,0
7710,77.11,32.96125793457031,1.854130167652337,76,4,0,1,1,1,1,0
7711,77.12,33.13365936279297,1.9116688556759331,76,5,1,1,1,1,1,0
7712,77.13,33.30974578857422,1.804689282332816,76,4,0,1,1,1,1,0
7713,77.14,33.233619689941406,1.8611335327641958,76,4,0,1,1,1,1,0
7714,77.15,33.517921447753906,1.74269787840466,76,4,0,1,1,1,1,0
7715,77.16,33.472198486328125,1.7451920420613123,76,4,0,1,1,1,1,0
7716,77.17,33.38915252685547,1.8961509893029815,76,4,0,1,1,1,1,0
7717,77.18,33.47456741333008,2.0037192042371377,76,4,0,1,1,1,1,0
7718,77.19,33.27787399291992,1.8926711059810282,76,4,0,1,1,1,1,0
7719,77.2,33.27622604370117,1.867967586784208,76,4,0,1,1,1,1,0
7720,77.21,33.375274658203125,1.8153261052549359,76,4,0,1,1,1,1,0
7721,77.22,33.19075012207031,1.8266959274894914,76,4,0,1,1,1,1,0
7722,77.23,33.071292877197266,1.7137674272106918,76,5,1,1,1,1,1,0
7723,77.24,33.469566345214844,1.889179138678017,76,4,0,1,1,1,1,0
7724,77.25,33.36167907714844,1.817934708908028,76,4,0,1,1,1,1,0
7725,77.26,33.279563903808594,1.783643174593797,76,4,0,1,1,1,1,0
7726,77.27,33.27552795410156,1.8277315924585749,76,4,0,1,1,1,1,0
7727,77.28,33.034637451171875,1.9951465593068913,76,4,0,1,1,1,1,0
7728,77.29,33.069400787353516,1.8405949866265452,76,4,0,1,1,1,1,0
7729,77.3,33.06666946411133,1.9385018366639168,76,4,0,1,1,1,1,0
7730,77.31,33.24223327636719,2.1476745626913716,76,4,0,1,1,1,1,0
7731,77.32,33.30584716796875,1.7021451865474047,76,4,0,1,1,1,1,0
7732,77.33,33.22632598876953,1.8930696552807171,76,4,0,1,1,1,1,0
7733,77.34,33.471553802490234,2.1068936903278463,76,4,0,1,1,1,1,0
7734,77.35,33.517738342285156,1.874062751596157,76,4,0,1,1,1,1,0
7735,77.36,33.3124885559082,1.9304652476524096,76,4,0,1,1,1,1,0
7736,77.37,33.13882827758789,1.9695140545307814,76,4,0,1,1,1,1,0
7737,77.38,33.146690368652344,1.832619233672381,76,4,0,1,1,1,1,0
7738,77.39,33.552913665771484,2.1259884039584827,76,4,0,1,1,1,1,0
7739,77.4,33.30233383178711,1.8959663572307797,76,4,0,1,1,1,1,0
7740,77.41,33.254364013671875,1.886954175436432,76,4,0,1,1,1,1,0
7741,77.42,33.478824615478516,1.8151837855468713,76,4,0,1,1,1,1,0
7742,77.43,33.53723907470703,2.0889195547035504,76,4,0,1,1,1,1,0
7743,77.44,33.40206527709961,1.9182553956243964,76,4,0,1,1,1,1,0
7744,77.45,33.55748748779297,1.6522408203389207,76,4,0,1,1,1,1,0
7745,77.46,33.739192962646484,2.058492231699769,76,4,0,1,1,1,1,0
7746,77.47,33.43058395385742,2.0204219898557194,76,4,0,1,1,1,1,0
7747,77.48,33.1820068359375,1.823180521273902,76,4,0,1,1,1,1,0
7748,77.49,33.37512969970703,2.0056404928722746,76,4,0,1,1,1,1,0
7749,77.5,33.627685546875,1.950662280963364,76,4,0,1,1,1,1,0
7750,77.51,33.46307373046875,2.171889628716825,76,4,0,1,1,1,1,0
7751,77.52,33.04875564575195,1.9278461071454112,76,4,0,1,1,1,1,0
7752,77.53,32.94302749633789,1.8417661359155117,76,4,0,1,1,1,1,0
7753,77.54,32.91758728027344,2.013582222491265,76,4,0,1,1,1,1,0
7754,77.55,33.00528335571289,2.012210748393838,76,4,0,1,1,1,1,0
7755,77.56,33.157142639160156,1.9433465663913725,76,4,0,1,1,1,1,0
7756,77.57,33.16260528564453,2.1196959900239043,76,4,0,1,1,1,1,0
7757,77.58,33.118896484375,1.8210160984340777,76,4,0,1,1,1,1,0
7758,77.59,33.265296936035156,1.929639438300175,76,4,0,1,1,1,1,0
7759,77.6,33.43473815917969,1.9274004887693306,76,4,0,1,1,1,1,0
7760,77.61,33.291961669921875,1.8565283520549527,76,4,0,1,1,1,1,0
7761,77.62,33.32076644897461,2.087367781240027,76,4,0,1,1,1,1,0
7762,77.63,33.42341232299805,2.0783169135745605,76,4,0,1,1,1,1,0
7763,77.64,33.45581817626953,2.0630836473026855,76,4,0,1,1,1,1,0
7764,77.65,33.72908401489258,1.777670949455671,76,4,0,1,1,1,1,0
7765,77.66,33.46737289428711,1.9606161651609557,76,4,0,1,1,1,1,0
7766,77.67,33.85219955444336,2.0305634536936634,76,4,0,1,1,1,1,0
7767,77.68,33.095703125,1.935483078701863,76,4,0,1,1,1,1,0
7768,77.69,33.470340728759766,2.059245486553519,76,4,0,1,1,1,1,0
7769,77.7,33.4256591796875,1.9559943867899359,76,4,0,1,1,1,1,0
7770,77.71,33.62853240966797,1.864352545158146,76,4,0,1,1,1,1,0
7771,77.72,33.743343353271484,1.8170301028833775,76,4,0,1,1,1,1,0
7772,77.73,33.6646842956543,1.9900237859349985,76,4,0,1,1,1,1,0
7773,77.74,33.51784133911133,1.6891147981404082,76,4,0,1,1,1,1,0
7774,77.75,33.51164245605469,2.1431755334581495,76,4,0,1,1,1,1,0
7775,77.76,33.51692199707031,2.185157187814128,76,4,0,1,1,1,1,0
7776,77.77,33.71819305419922,1.8184870121785455,76,4,0,1,1,1,1,0
7777,77.78,33.72755813598633,2.0181123717995875,76,4,0,1,1,1,1,0
7778,77.79,33.516971588134766,1.9010802256145227,76,4,0,1,1,1,1,0
7779,77.8,33.45659637451172,1.8543704677213195,76,4,0,1,1,1,1,0
7780,77.81,33.71649169921875,1.844151764530624,76,4,0,1,1,1,1,0
7781,77.82,33.542503356933594,1.925850062159196,76,4,0,1,1,1,1,0
7782,77.83,33.8080940246582,2.0403187940267915,76,4,0,1,1,1,1,0
7783,77.84,33.76514434814453,1.8296991928664463,76,4,0,1,1,1,1,0
7784,77.85,33.76933670043945,1.9589776233732532,76,4,0,1,1,1,1,0
7785,77.86,33.7315788269043,1.8968896596458975,76,4,0,1,1,1,1,0
7786,77.87,33.936981201171875,1.8437734125274046,76,4,0,1,1,1,1,0
7787,77.88,33.67841720581055,1.9987257850459192,76,4,0,1,1,1,1,0
7788,77.89,33.768306732177734,1.8070388311199328,76,4,0,1,1,1,1,0
7789,77.9,33.403472900390625,2.0243278635033963,76,4,0,1,1,1,1,0
7790,77.91,33.738162994384766,1.9941898836972554,76,4,0,1,1,1,1,0
7791,77.92,33.55976486206055,1.9526672338576785,76,5,1,1,1,1,1,0
7792,77.93,33.83781814575195,1.8660431795256767,76,5,1,1,1,1,1,0
7793,77.94,33.59333419799805,1.8952564977824955,76,5,1,1,1,1,1,0
7794,77.95,33.81651306152344,2.1894974822701547,76,4,0,1,1,1,1,0
7795,77.96,34.06483840942383,2.125159145731824,76,4,0,1,1,1,1,0
7796,77.97,33.940982818603516,1.8614509239438632,76,4,0,1,1,1,1,0
7797,77.98,33.532527923583984,1.8190367360891002,76,4,0,1,1,1,1,0
7798,77.99,33.77214050292969,1.734501438246449,76,4,0,1,1,1,1,0
7799,78.0,34.020381927490234,1.795131202097481,76,4,0,1,1,1,1,0
7800,78.01,33.88564682006836,1.9383762753499734,76,5,1,1,1,1,1,0
7801,78.02,33.76095962524414,1.670596892082132,76,5,1,1,1,1,1,0
7802,78.03,34.510093688964844,1.7781131524978684,76,4,0,1,1,1,1,0
7803,78.04,34.00840377807617,1.755477284796887,76,4,0,1,1,1,1,0
7804,78.05,33.979400634765625,1.7750789682803314,76,5,1,1,1,1,1,0
7805,78.06,34.008056640625,1.780112040562449,76,4,0,1,1,1,1,0
7806,78.07,33.65449142456055,1.7617601860777674,76,5,1,1,1,1,1,0
7807,78.08,33.671260833740234,1.770813558224252,76,4,0,1,1,1,1,0
7808,78.09,33.759185791015625,1.7107323088018696,76,4,0,1,1,1,1,0
7809,78.1,33.913543701171875,1.7974966400962653,76,4,0,1,1,1,1,0
7810,78.11,33.701637268066406,1.8798683120428386,76,5,1,1,1,1,1,0
7811,78.12,33.53337860107422,1.781041609077333,76,5,1,1,1,1,1,0
7812,78.13,33.86814498901367,1.7517433437689338,76,4,0,1,1,1,1,0
7813,78.14,33.69931411743164,1.7115239175987498,76,4,0,1,1,1,1,0
7814,78.15,33.85578918457031,1.941909532985731,76,4,0,1,1,1,1,0
7815,78.16,33.392127990722656,1.8130088481269784,76,4,0,1,1,1,1,0
7816,78.17,33.41161346435547,1.8124561804420927,76,5,1,1,1,1,1,0
7817,78.18,33.57466125488281,1.8673474124258946,76,5,1,1,1,1,1,0
7818,78.19,33.64104461669922,1.9620651474774684,76,5,1,1,1,1,1,0
7819,78.2,33.688514709472656,1.9031065799260865,76,5,1,1,1,1,1,0
7820,78.21,33.35208511352539,1.9675665822630934,76,5,1,1,1,1,1,0
7821,78.22,33.806949615478516,1.8425265057967417,76,4,0,1,1,1,1,0
7822,78.23,33.500431060791016,1.8281416907964478,76,4,0,1,1,1,1,0
7823,78.24,32.89628982543945,1.7855510615532637,76,5,1,1,1,1,1,0
7824,78.25,33.0054817199707,1.8794907769033369,76,4,0,1,1,1,1,0
7825,78.26,33.054481506347656,1.8891791386741656,76,4,0,1,1,1,1,0
7826,78.27,33.32405090332031,1.9221654291914856,76,4,0,1,1,1,1,0
7827,78.28,33.222782135009766,1.813834621105105,76,4,0,1,1,1,1,0
7828,78.29,33.471351623535156,1.7709311980861635,76,5,1,1,1,1,1,0
7829,78.3,33.62139892578125,1.7715820242550544,76,4,0,1,1,1,1,0
7830,78.31,33.58788299560547,1.7943804108838348,76,4,0,1,1,1,1,0
7831,78.32,33.93296813964844,1.999923345244343,76,4,0,1,1,1,1,0
7832,78.33,33.431156158447266,1.8476780918464861,76,4,0,1,1,1,1,0
7833,78.34,33.34763717651367,1.8378508057284564,76,4,0,1,1,1,1,0
7834,78.35,33.30268096923828,1.8416561485248761,76,4,0,1,1,1,1,0
7835,78.36,33.39715576171875,1.761734824451053,76,4,0,1,1,1,1,0
7836,78.37,33.698936462402344,1.81565276458934,76,4,0,1,1,1,1,0
7837,78.38,33.4350700378418,1.722116508597539,76,4,0,1,1,1,1,0
7838,78.39,33.55369186401367,1.7229623470273867,76,4,0,1,1,1,1,0
7839,78.4,33.94035339355469,1.791789325637258,76,4,0,1,1,1,1,0
7840,78.41,34.31971740722656,1.748775794264413,76,4,0,1,1,1,1,0
7841,78.42,33.63881301879883,1.8316407233044418,76,4,0,1,1,1,1,0
7842,78.43,34.123016357421875,1.7555903245626565,76,4,0,1,1,1,1,0
7843,78.44,34.41210174560547,1.840243665906853,76,4,0,1,1,1,1,0
7844,78.45,34.27060317993164,1.6819619684412694,76,4,0,1,1,1,1,0
7845,78.46,34.26191711425781,1.8609600272353626,76,4,0,1,1,1,1,0
7846,78.47,33.81917190551758,2.116907641218852,76,4,0,1,1,1,1,0
7847,78.48,33.90547561645508,1.9242121341091578,76,4,0,1,1,1,1,0
7848,78.49,33.865177154541016,1.8361386591935764,76,4,0,1,1,1,1,0
7849,78.5,33.766693115234375,1.8091734711434475,76,5,1,1,1,1,1,0
7850,78.51,33.318363189697266,1.9438583997413692,76,5,1,1,1,1,1,0
7851,78.52,33.29007339477539,1.7269896822022883,76,4,0,1,1,1,1,0
7852,78.53,33.5947265625,1.750569411151804,76,4,0,1,1,1,1,0
7853,78.54,33.722312927246094,1.9087665997335261,76,4,0,1,1,1,1,0
7854,78.55,33.8420295715332,1.979827103443765,76,4,0,1,1,1,1,0
7855,78.56,33.71823501586914,1.765245765245007,76,4,0,1,1,1,1,0
7856,78.57,33.87382125854492,2.046360027360713,76,4,0,1,1,1,1,0
7857,78.58,33.4597053527832,1.9214881248113032,76,4,0,1,1,1,1,0
7858,78.59,33.717647552490234,1.7018804566200398,76,4,0,1,1,1,1,0
7859,78.6,33.70580291748047,1.8787472150450737,76,4,0,1,1,1,1,0
7860,78.61,33.7602653503418,1.9646410579832976,76,4,0,1,1,1,1,0
7861,78.62,33.49516296386719,1.7256586585465303,76,5,1,1,1,1,1,0
7862,78.63,33.59904861450195,1.8543119708364517,76,5,1,1,1,1,1,0
7863,78.64,33.61533737182617,1.8055777760501974,76,5,1,1,1,1,1,0
7864,78.65,33.4719352722168,1.8885469573201166,76,4,0,1,1,1,1,0
7865,78.66,33.4754753112793,1.898712832084112,76,4,0,1,1,1,1,0
7866,78.67,33.52545928955078,1.774173265953247,76,4,0,1,1,1,1,0
7867,78.68,33.35350036621094,1.7258599850549963,76,4,0,1,1,1,1,0
7868,78.69,33.578128814697266,1.8468137977775463,76,4,0,1,1,1,1,0
7869,78.7,33.84610366821289,1.9107332837263906,76,5,1,1,1,1,1,0
7870,78.71,33.76709747314453,1.7373835858115707,76,4,0,1,1,1,1,0
7871,78.72,34.05866241455078,1.7870906197830438,76,4,0,1,1,1,1,0
7872,78.73,33.91905975341797,1.8687683398569288,76,4,0,1,1,1,1,0
7873,78.74,33.99809646606445,1.9094770904082246,76,4,0,1,1,1,1,0
7874,78.75,34.066627502441406,1.8474570386870084,76,4,0,1,1,1,1,0
7875,78.76,33.76192092895508,1.7466828328553674,76,4,0,1,1,1,1,0
7876,78.77,33.8704719543457,1.7799453392676141,76,4,0,1,1,1,1,0
7877,78.78,33.85309982299805,1.7966939378909843,76,4,0,1,1,1,1,0
7878,78.79,33.865943908691406,1.9207579114259183,76,4,0,1,1,1,1,0
7879,78.8,33.904300689697266,1.8499969482447045,76,4,0,1,1,1,1,0
7880,78.81,33.859676361083984,1.7629841821001295,76,4,0,1,1,1,1,0
7881,78.82,33.740386962890625,1.781967470895825,76,4,0,1,1,1,1,0
7882,78.83,33.54983139038086,1.9116993319994062,76,4,0,1,1,1,1,0
7883,78.84,34.115901947021484,1.9575752596585054,76,4,0,1,1,1,1,0
7884,78.85,33.768672943115234,1.971214490154391,76,4,0,1,1,1,1,0
7885,78.86,33.77254867553711,1.8630333364971443,76,4,0,1,1,1,1,0
7886,78.87,33.4749755859375,1.7664369123337098,76,4,0,1,1,1,1,0
7887,78.88,33.3067741394043,1.857018366080497,76,4,0,1,1,1,1,0
7888,78.89,33.56550979614258,2.0328607645925194,76,4,0,1,1,1,1,0
7889,78.9,33.50173568725586,1.8987875456943444,76,4,0,1,1,1,1,0
7890,78.91,33.7122688293457,1.9467398644610023,76,4,0,1,1,1,1,0
7891,78.92,33.59452819824219,1.738330078322393,76,4,0,1,1,1,1,0
7892,78.93,33.78428649902344,1.7453092232245737,76,4,0,1,1,1,1,0
7893,78.94,33.78816604614258,2.00444328437066,76,4,0,1,1,1,1,0
7894,78.95,33.79628372192383,1.6659543768087217,76,4,0,1,1,1,1,0
7895,78.96,33.979671478271484,1.9395121655182461,76,4,0,1,1,1,1,0
7896,78.97,33.90855407714844,1.819366146841992,76,5,1,1,1,1,1,0
7897,78.98,33.96763610839844,1.7610515435723277,76,4,0,1,1,1,1,0
7898,78.99,33.62281799316406,1.790250420132038,76,4,0,1,1,1,1,0
7899,79.0,33.57561111450195,1.8721882661273141,76,4,0,1,1,1,1,0
7900,79.01,33.449886322021484,1.8908472929116624,76,4,0,1,1,1,1,0
7901,79.02,33.59640884399414,1.7993900291329235,76,4,0,1,1,1,1,0
7902,79.03,33.57948303222656,1.8300549975201508,76,4,0,1,1,1,1,0
7903,79.04,33.428096771240234,1.702410838837012,76,4,0,1,1,1,1,0
7904,79.05,33.56620788574219,1.7638035232607765,76,4,0,1,1,1,1,0
7905,79.06,33.49827194213867,1.696995018978552,76,5,1,1,1,1,1,0
7906,79.07,33.5174674987793,1.866035370396155,76,4,0,1,1,1,1,0
7907,79.08,33.32640075683594,1.8597068334188638,76,4,0,1,1,1,1,0
7908,79.09,33.580780029296875,1.9400485624577062,76,4,0,1,1,1,1,0
7909,79.1,33.753841400146484,1.8504307112514158,76,4,0,1,1,1,1,0
7910,79.11,33.51348876953125,1.8648290888278705,76,4,0,1,1,1,1,0
7911,79.12,33.47904586791992,1.9560409011033377,76,5,1,1,1,1,1,0
7912,79.13,33.46122360229492,1.76807736562709,76,4,0,1,1,1,1,0
7913,79.14,33.17481231689453,1.977222000440493,76,4,0,1,1,1,1,0
7914,79.15,33.1463737487793,1.7875957522064083,76,4,0,1,1,1,1,0
7915,79.16,33.276851654052734,1.65813313815831,76,4,0,1,1,1,1,0
7916,79.17,33.29579162597656,1.7311543753215297,76,4,0,1,1,1,1,0
7917,79.18,33.45425796508789,1.8668126912022842,76,4,0,1,1,1,1,0
7918,79.19,33.5504264831543,1.895992619370122,76,4,0,1,1,1,1,0
7919,79.2,33.23854446411133,1.8923849912072668,76,4,0,1,1,1,1,0
7920,79.21,33.54219436645508,2.099783377239855,76,4,0,1,1,1,1,0
7921,79.22,33.72201919555664,1.6928646516395403,76,4,0,1,1,1,1,0
7922,79.23,33.66331100463867,2.07174110277649,76,4,0,1,1,1,1,0
7923,79.24,33.55451202392578,1.8330537167186525,76,4,0,1,1,1,1,0
7924,79.25,33.75386047363281,1.8745386175517396,76,4,0,1,1,1,1,0
7925,79.26,33.48550033569336,1.724674107825576,76,4,0,1,1,1,1,0
7926,79.27,33.31564712524414,1.9920085259687597,76,4,0,1,1,1,1,0
7927,79.28,33.284305572509766,1.8155451873753894,76,4,0,1,1,1,1,0
7928,79.29,33.36076736450195,1.7004741339670992,76,4,0,1,1,1,1,0
7929,79.3,33.54721450805664,1.9771948299953073,76,4,0,1,1,1,1,0
7930,79.31,33.390560150146484,1.789105837529985,76,4,0,1,1,1,1,0
7931,79.32,33.34161376953125,1.700176424635127,76,4,0,1,1,1,1,0
7932,79.33,33.11091995239258,1.7362303363815612,76,4,0,1,1,1,1,0
7933,79.34,33.37907028198242,1.7057828306435652,76,4,0,1,1,1,1,0
7934,79.35,33.561153411865234,1.8520802850980875,76,4,0,1,1,1,1,0
7935,79.36,33.566139221191406,1.7515072863373917,76,4,0,1,1,1,1,0
7936,79.37,33.36155700683594,1.8066029480963515,76,4,0,1,1,1,1,0
7937,79.38,33.53412628173828,1.738563777961216,76,4,0,1,1,1,1,0
7938,79.39,33.329402923583984,1.8980497244987458,76,4,0,1,1,1,1,0
7939,79.4,33.167137145996094,1.8028355952498871,76,4,0,1,1,1,1,0
7940,79.41,33.051544189453125,1.7965236579156327,76,4,0,1,1,1,1,0
7941,79.42,33.123897552490234,1.8089830405903873,76,4,0,1,1,1,1,0
7942,79.43,33.511131286621094,1.8274582050528003,76,4,0,1,1,1,1,0
7943,79.44,33.805015563964844,1.6786908471210846,76,4,0,1,1,1,1,0
7944,79.45,33.824554443359375,2.0257336844847953,76,4,0,1,1,1,1,0
7945,79.46,33.43788528442383,1.838120924901749,76,4,0,1,1,1,1,0
7946,79.47,33.5511360168457,2.0169261788579784,76,4,0,1,1,1,1,0
7947,79.48,33.03940963745117,1.878455435783225,76,4,0,1,1,1,1,0
7948,79.49,33.19227981567383,1.680771543365213,76,4,0,1,1,1,1,0
7949,79.5,33.019901275634766,1.6470551038618575,76,4,0,1,1,1,1,0
7950,79.51,32.90068435668945,1.8668151126627397,76,4,0,1,1,1,1,0
7951,79.52,33.148521423339844,1.6592149767273556,76,4,0,1,1,1,1,0
7952,79.53,33.357276916503906,1.9359991485688512,76,4,0,1,1,1,1,0
7953,79.54,33.402381896972656,1.918597044183243,76,4,0,1,1,1,1,0
7954,79.55,33.406272888183594,1.849755316981936,76,4,0,1,1,1,1,0
7955,79.56,33.98319625854492,1.847374777057808,76,4,0,1,1,1,1,0
7956,79.57,33.811527252197266,1.9442236614592845,76,4,0,1,1,1,1,0
7957,79.58,33.72406005859375,1.8774949830892271,76,4,0,1,1,1,1,0
7958,79.59,33.4996452331543,1.6809569984669257,76,4,0,1,1,1,1,0
7959,79.6,33.808349609375,1.8303303313153918,76,4,0,1,1,1,1,0
7960,79.61,33.91928482055664,1.9394107899225734,76,4,0,1,1,1,1,0
7961,79.62,33.83454895019531,1.8033890325194635,76,4,0,1,1,1,1,0
7962,79.63,34.13519287109375,1.7479983277204287,76,4,0,1,1,1,1,0
7963,79.64,33.936378479003906,1.7525419230809116,76,4,0,1,1,1,1,0
7964,79.65,33.76148223876953,1.8289886064481502,76,4,0,1,1,1,1,0
7965,79.66,33.78129959106445,1.7392790385976937,76,4,0,1,1,1,1,0
7966,79.67,33.364810943603516,1.653633846440406,76,4,0,1,1,1,1,0
7967,79.68,33.44822692871094,1.6580120620276793,76,4,0,1,1,1,1,0
7968,79.69,33.579769134521484,1.9343470904644806,76,4,0,1,1,1,1,0
7969,79.7,33.618080139160156,1.7611373607643042,76,4,0,1,1,1,1,0
7970,79.71,33.788063049316406,1.7750752504572187,76,4,0,1,1,1,1,0
7971,79.72,33.47146987915039,1.8642462025790707,76,4,0,1,1,1,1,0
7972,79.73,33.409828186035156,1.744620318276371,76,4,0,1,1,1,1,0
7973,79.74,33.431175231933594,1.7051395589656182,76,4,0,1,1,1,1,0
7974,79.75,33.74930191040039,1.8653146726841554,76,4,0,1,1,1,1,0
7975,79.76,33.57697677612305,1.8646687133173876,76,4,0,1,1,1,1,0
7976,79.77,33.698509216308594,1.9581611306093933,76,5,1,1,1,1,1,0
7977,79.78,33.3973503112793,1.7860863977901882,76,4,0,1,1,1,1,0
7978,79.79,33.26445770263672,1.8476774724631542,76,4,0,1,1,1,1,0
7979,79.8,33.15188980102539,1.774064614140252,76,4,0,1,1,1,1,0
7980,79.81,33.26158142089844,1.7891317919614564,76,4,0,1,1,1,1,0
7981,79.82,33.08857727050781,1.922655485740725,76,4,0,1,1,1,1,0
7982,79.83,33.11450958251953,1.6883441175871043,76,4,0,1,1,1,1,0
7983,79.84,33.4836540222168,1.8091716578051065,76,4,0,1,1,1,1,0
7984,79.85,33.71688461303711,1.9197426007541656,76,4,0,1,1,1,1,0
7985,79.86,33.61760711669922,1.926679891434575,76,4,0,1,1,1,1,0
7986,79.87,33.64846420288086,1.872537728969571,76,4,0,1,1,1,1,0
7987,79.88,33.519161224365234,1.861098661916916,76,4,0,1,1,1,1,0
7988,79.89,33.848724365234375,2.091840919968736,76,4,0,1,1,1,1,0
7989,79.9,33.75153732299805,1.698261302638847,76,4,0,1,1,1,1,0
7990,79.91,33.663848876953125,1.7646802791016556,76,4,0,1,1,1,1,0
7991,79.92,33.76063537597656,1.9986200645794332,76,4,0,1,1,1,1,0
7992,79.93,33.87799835205078,2.0407363908884997,76,4,0,1,1,1,1,0
7993,79.94,33.72681427001953,1.793154779131101,76,4,0,1,1,1,1,0
7994,79.95,33.68534851074219,1.8498126793965115,76,4,0,1,1,1,1,0
7995,79.96,33.798648834228516,1.8291815840267087,76,4,0,1,1,1,1,0
7996,79.97,33.733848571777344,1.784067170699606,76,4,0,1,1,1,1,0
7997,79.98,33.75420379638672,1.8057112618068272,76,4,0,1,1,1,1,0
7998,79.99,33.601593017578125,1.9677624336716228,76,4,0,1,1,1,1,0
7999,80.0,34.14198303222656,1.8985508783350027,76,4,0,1,1,1,1,0
8000,80.01,34.01567840576172,1.8278680099592244,76,4,0,1,1,1,1,0
8001,80.02,33.65309524536133,2.0576191367329146,76,4,0,1,1,1,1,0
8002,80.03,33.7022590637207,1.8098301743627072,76,4,0,1,1,1,1,0
8003,80.04,33.65880584716797,2.052754010967959,76,5,1,1,1,1,1,0
8004,80.05,33.85788345336914,2.1313364190208763,76,4,0,1,1,1,1,0
8005,80.06,33.97802734375,1.8014657059242192,76,4,0,1,1,1,1,0
8006,80.07,33.876708984375,2.011713148508271,76,4,0,1,1,1,1,0
8007,80.08,33.752464294433594,2.0047457503855632,76,4,0,1,1,1,1,0
8008,80.09,33.684898376464844,1.6902372484901993,76,4,0,1,1,1,1,0
8009,80.1,33.796295166015625,1.7959453930379878,76,4,0,1,1,1,1,0
8010,80.11,33.81381607055664,1.7245542415858137,76,4,0,1,1,1,1,0
8011,80.12,33.533409118652344,1.6840746684833185,76,4,0,1,1,1,1,0
8012,80.13,33.6499137878418,1.8805312684441386,76,4,0,1,1,1,1,0
8013,80.14,33.56308364868164,2.017574904710261,76,4,0,1,1,1,1,0
8014,80.15,33.686485290527344,1.808120266976086,76,4,0,1,1,1,1,0
8015,80.16,33.80546951293945,2.0011237725797075,76,4,0,1,1,1,1,0
8016,80.17,33.569915771484375,1.8468896814271671,76,4,0,1,1,1,1,0
8017,80.18,33.75472640991211,1.8910822616604,76,4,0,1,1,1,1,0
8018,80.19,33.37001037597656,1.6121117157251998,76,4,0,1,1,1,1,0
8019,80.2,33.558692932128906,2.005342422890928,76,4,0,1,1,1,1,0
8020,80.21,33.61478805541992,1.7348815604957915,76,4,0,1,1,1,1,0
8021,80.22,33.39448165893555,1.94692369820143,76,4,0,1,1,1,1,0
8022,80.23,33.752418518066406,1.794794495281289,76,4,0,1,1,1,1,0
8023,80.24,33.800201416015625,1.824443754946161,76,4,0,1,1,1,1,0
8024,80.25,34.003456115722656,1.9183868076415056,76,4,0,1,1,1,1,0
8025,80.26,34.010986328125,2.0241320764394977,76,4,0,1,1,1,1,0
8026,80.27,33.96689987182617,1.836678966804093,76,4,0,1,1,1,1,0
8027,80.28,33.689029693603516,1.9811623346392353,76,4,0,1,1,1,1,0
8028,80.29,34.10969924926758,1.961374406637205,76,4,0,1,1,1,1,0
8029,80.3,34.00776672363281,1.775107900002514,76,5,1,1,1,1,1,0
8030,80.31,33.84566879272461,1.9409540202058515,76,4,0,1,1,1,1,0
8031,80.32,34.20525360107422,1.886957248287733,76,5,1,1,1,1,1,0
8032,80.33,34.045711517333984,1.8599983748569835,76,4,0,1,1,1,1,0
8033,80.34,34.03815460205078,1.8672427726204508,76,5,1,1,1,1,1,0
8034,80.35,33.74797058105469,1.8405464770702695,76,4,0,1,1,1,1,0
8035,80.36,33.87922668457031,1.706082211254829,76,5,1,1,1,1,1,0
8036,80.37,33.90517807006836,2.025877553049744,76,5,1,1,1,1,1,0
8037,80.38,34.30913162231445,1.7870108733177335,76,4,0,1,1,1,1,0
8038,80.39,33.758026123046875,1.8565805328697147,76,4,0,1,1,1,1,0
8039,80.4,33.649993896484375,1.6432294608312468,76,4,0,1,1,1,1,0
8040,80.41,33.941627502441406,1.7873139312625288,76,4,0,1,1,1,1,0
8041,80.42,33.75543212890625,1.7642295413693174,76,4,0,1,1,1,1,0
8042,80.43,33.7090950012207,1.9239789907585543,76,4,0,1,1,1,1,0
8043,80.44,33.87682342529297,2.111253408428647,76,4,0,1,1,1,1,0
8044,80.45,33.759056091308594,2.054187872956116,76,4,0,1,1,1,1,0
8045,80.46,33.77906799316406,1.7247049246274873,76,5,1,1,1,1,1,0
8046,80.47,33.95602798461914,2.032657091519646,76,4,0,1,1,1,1,0
8047,80.48,34.07642364501953,1.7731914334917072,76,4,0,1,1,1,1,0
8048,80.49,33.441810607910156,1.9188323523598618,76,4,0,1,1,1,1,0
8049,80.5,33.62255859375,1.9224438674752717,76,4,0,1,1,1,1,0
8050,80.51,33.51303482055664,1.8943354602470426,76,4,0,1,1,1,1,0
8051,80.52,33.44927978515625,2.0146712617638993,76,4,0,1,1,1,1,0
8052,80.53,33.701141357421875,2.0250907934159947,76,4,0,1,1,1,1,0
8053,80.54,33.70941162109375,1.9949922428614866,76,4,0,1,1,1,1,0
8054,80.55,33.835182189941406,1.9949176329707357,76,4,0,1,1,1,1,0
8055,80.56,33.76932144165039,1.9325103277879556,76,4,0,1,1,1,1,0
8056,80.57,33.84885025024414,2.1046149148567195,76,4,0,1,1,1,1,0
8057,80.58,33.702701568603516,1.7418361473104758,76,4,0,1,1,1,1,0
8058,80.59,33.39311218261719,1.9717473702982147,76,5,1,1,1,1,1,0
8059,80.6,33.79001235961914,1.9412889426373607,76,4,0,1,1,1,1,0
8060,80.61,33.50043869018555,1.8890725781969313,76,4,0,1,1,1,1,0
8061,80.62,33.826656341552734,1.727368498248634,76,5,1,1,1,1,1,0
8062,80.63,33.367244720458984,1.9948161472150407,76,4,0,1,1,1,1,0
8063,80.64,33.5739860534668,1.8845919155767323,76,4,0,1,1,1,1,0
8064,80.65,33.664615631103516,1.8410051411691892,76,4,0,1,1,1,1,0
8065,80.66,33.68735122680664,1.8331665300744564,76,4,0,1,1,1,1,0
8066,80.67,33.617523193359375,1.90968137630752,76,4,0,1,1,1,1,0
8067,80.68,33.525455474853516,1.6245935968340466,76,4,0,1,1,1,1,0
8068,80.69,33.47971725463867,1.7650510492079947,76,4,0,1,1,1,1,0
8069,80.7,33.28974533081055,1.791480434420903,76,5,1,1,1,1,1,0
8070,80.71,33.347225189208984,1.9238002020522273,76,4,0,1,1,1,1,0
8071,80.72,33.527320861816406,1.9834086391234684,76,4,0,1,1,1,1,0
8072,80.73,33.192527770996094,1.8014179638088617,76,4,0,1,1,1,1,0
8073,80.74,33.57394027709961,1.973775174626409,76,4,0,1,1,1,1,0
8074,80.75,33.459373474121094,1.9484574931994512,76,4,0,1,1,1,1,0
8075,80.76,33.44377899169922,1.8959198076757953,76,4,0,1,1,1,1,0
8076,80.77,33.50764465332031,1.6737091018510117,76,4,0,1,1,1,1,0
8077,80.78,33.3814811706543,1.8872747231814169,76,4,0,1,1,1,1,0
8078,80.79,33.86170959472656,2.22321478662104,76,4,0,1,1,1,1,0
8079,80.8,33.698486328125,1.948566542159878,76,4,0,1,1,1,1,0
8080,80.81,33.788185119628906,1.824861166502344,76,4,0,1,1,1,1,0
8081,80.82,33.72002029418945,1.8029171172998868,76,4,0,1,1,1,1,0
8082,80.83,34.10077667236328,1.8895762239918008,76,4,0,1,1,1,1,0
8083,80.84,33.861297607421875,1.8230975199588193,76,4,0,1,1,1,1,0
8084,80.85,34.024051666259766,1.8774966085243587,76,4,0,1,1,1,1,0
8085,80.86,33.928932189941406,1.8084761089971724,76,4,0,1,1,1,1,0
8086,80.87,34.121158599853516,1.8081235476554038,76,4,0,1,1,1,1,0
8087,80.88,34.43922424316406,1.9345815674399283,76,4,0,1,1,1,1,0
8088,80.89,33.947086334228516,1.732888671081809,76,4,0,1,1,1,1,0
8089,80.9,34.19894790649414,1.811685106081532,76,4,0,1,1,1,1,0
8090,80.91,33.69829559326172,1.93881386195578,76,4,0,1,1,1,1,0
8091,80.92,33.502437591552734,1.7915630587245401,76,4,0,1,1,1,1,0
8092,80.93,33.39118576049805,1.9045472679937456,76,4,0,1,1,1,1,0
8093,80.94,33.707275390625,1.8571214867856836,76,4,0,1,1,1,1,0
8094,80.95,33.67669677734375,1.5823124113716065,76,4,0,1,1,1,1,0
8095,80.96,33.75728988647461,1.61999959123504,76,4,0,1,1,1,1,0
8096,80.97,34.0713996887207,1.7853599488963698,76,4,0,1,1,1,1,0
8097,80.98,34.06462478637695,1.9605413366739743,76,4,0,1,1,1,1,0
8098,80.99,33.809574127197266,1.9127185532114799,76,4,0,1,1,1,1,0
8099,81.0,33.75714111328125,1.9302326224285293,76,4,0,1,1,1,1,0
8100,81.01,33.956298828125,1.8349924462621898,76,4,0,1,1,1,1,0
8101,81.02,33.84870529174805,1.9195072948581096,76,4,0,1,1,1,1,0
8102,81.03,34.04246520996094,2.09430520201488,76,4,0,1,1,1,1,0
8103,81.04,33.904109954833984,2.003917042801383,76,4,0,1,1,1,1,0
8104,81.05,34.52278137207031,1.9242155637898448,76,4,0,1,1,1,1,0
8105,81.06,34.27428436279297,2.0781947334704327,76,4,0,1,1,1,1,0
8106,81.07,34.23311996459961,1.9070682422002816,76,4,0,1,1,1,1,0
8107,81.08,34.352073669433594,1.853157231229922,76,4,0,1,1,1,1,0
8108,81.09,34.330543518066406,1.9987495327933615,76,4,0,1,1,1,1,0
8109,81.1,34.209373474121094,1.7736955346512044,76,4,0,1,1,1,1,0
8110,81.11,34.24661636352539,1.906674419649665,76,4,0,1,1,1,1,0
8111,81.12,34.21921920776367,1.6083825899555704,76,4,0,1,1,1,1,0
8112,81.13,34.166046142578125,1.7842958419570856,76,4,0,1,1,1,1,0
8113,81.14,33.90021514892578,1.8936966001382072,76,4,0,1,1,1,1,0
8114,81.15,34.25982666015625,1.977119008242908,76,4,0,1,1,1,1,0
8115,81.16,33.99625015258789,1.682319149374417,76,4,0,1,1,1,1,0
8116,81.17,33.86445617675781,1.8400232330283381,76,4,0,1,1,1,1,0
8117,81.18,33.723392486572266,1.9038141535680602,76,4,0,1,1,1,1,0
8118,81.19,33.750144958496094,1.8709663725643795,76,4,0,1,1,1,1,0
8119,81.2,33.70688247680664,1.845886884040472,76,4,0,1,1,1,1,0
8120,81.21,33.751365661621094,1.8798710718035985,76,4,0,1,1,1,1,0
8121,81.22,33.32899856567383,1.6535120371198258,76,4,0,1,1,1,1,0
8122,81.23,33.496788024902344,1.732885853352145,76,4,0,1,1,1,1,0
8123,81.24,33.575077056884766,1.7527666328260791,76,4,0,1,1,1,1,0
8124,81.25,33.61275100708008,1.8016147627044523,76,4,0,1,1,1,1,0
8125,81.26,33.70243453979492,1.8543436366766277,76,4,0,1,1,1,1,0
8126,81.27,33.63784408569336,1.6979127101875942,76,4,0,1,1,1,1,0
8127,81.28,33.79291534423828,1.7667185116281958,76,4,0,1,1,1,1,0
8128,81.29,33.855491638183594,1.8696223827367429,76,4,0,1,1,1,1,0
8129,81.3,33.424320220947266,1.762556001681562,76,4,0,1,1,1,1,0
8130,81.31,33.507564544677734,1.933232224730111,76,4,0,1,1,1,1,0
8131,81.32,33.49076461791992,1.7397978005295494,76,4,0,1,1,1,1,0
8132,81.33,33.460689544677734,1.8398403081923738,76,4,0,1,1,1,1,0
8133,81.34,33.550357818603516,1.9624978019560355,76,4,0,1,1,1,1,0
8134,81.35,33.35563278198242,1.676720738439355,76,4,0,1,1,1,1,0
8135,81.36,33.66431427001953,1.7416650378035357,76,4,0,1,1,1,1,0
8136,81.37,34.06721878051758,1.782810692380488,76,4,0,1,1,1,1,0
8137,81.38,33.604496002197266,1.927016265375703,76,4,0,1,1,1,1,0
8138,81.39,33.537803649902344,2.0631510032930804,76,4,0,1,1,1,1,0
8139,81.4,33.51658248901367,1.7237764285982697,76,4,0,1,1,1,1,0
8140,81.41,33.73374557495117,1.8693554890569115,76,4,0,1,1,1,1,0
8141,81.42,33.82160186767578,2.1458112250633397,76,4,0,1,1,1,1,0
8142,81.43,33.710479736328125,1.9393557432454422,76,4,0,1,1,1,1,0
8143,81.44,33.7158317565918,2.2450364624399626,76,4,0,1,1,1,1,0
8144,81.45,33.374141693115234,1.7851882886559762,76,4,0,1,1,1,1,0
8145,81.46,33.51148223876953,1.8813810867835317,76,4,0,1,1,1,1,0
8146,81.47,33.592288970947266,1.9714439630513312,76,4,0,1,1,1,1,0
8147,81.48,33.64790725708008,2.057424515259293,76,5,1,1,1,1,1,0
8148,81.49,33.79068374633789,1.87074982487113,76,4,0,1,1,1,1,0
8149,81.5,33.78470993041992,1.9943958593472206,76,4,0,1,1,1,1,0
8150,81.51,33.069480895996094,1.9393563530118212,76,4,0,1,1,1,1,0
8151,81.52,33.53746795654297,1.785831120736095,76,4,0,1,1,1,1,0
8152,81.53,33.673011779785156,2.218754695762804,76,4,0,1,1,1,1,0
8153,81.54,33.669647216796875,1.938660492307774,76,4,0,1,1,1,1,0
8154,81.55,33.68210220336914,2.120236056159749,76,4,0,1,1,1,1,0
8155,81.56,33.854061126708984,2.167694308364351,76,4,0,1,1,1,1,0
8156,81.57,33.55293655395508,1.8744041110421428,76,4,0,1,1,1,1,0
8157,81.58,33.58031463623047,2.0003244068283554,76,4,0,1,1,1,1,0
8158,81.59,33.32078552246094,1.7974674320704003,76,5,1,1,1,1,1,0
8159,81.6,33.67091751098633,2.02388135515583,76,4,0,1,1,1,1,0
8160,81.61,33.66900634765625,2.03196768271294,76,4,0,1,1,1,1,0
8161,81.62,33.39826965332031,1.927849490770552,76,4,0,1,1,1,1,0
8162,81.63,33.26315689086914,1.854020296485524,76,4,0,1,1,1,1,0
8163,81.64,33.51340103149414,2.250735611768632,76,4,0,1,1,1,1,0
8164,81.65,33.87923812866211,2.0717604967299814,76,4,0,1,1,1,1,0
8165,81.66,33.80378723144531,1.912432355897228,76,4,0,1,1,1,1,0
8166,81.67,33.692787170410156,2.103547337565781,76,4,0,1,1,1,1,0
8167,81.68,33.459529876708984,1.9517475228558872,76,4,0,1,1,1,1,0
8168,81.69,33.46095657348633,2.044431392651211,76,4,0,1,1,1,1,0
8169,81.7,33.382835388183594,2.0545055245596417,76,4,0,1,1,1,1,0
8170,81.71,33.52578353881836,2.0120859002121736,76,5,1,1,1,1,1,0
8171,81.72,33.634849548339844,1.676928554494543,76,4,0,1,1,1,1,0
8172,81.73,33.86252212524414,2.060434666674189,76,4,0,1,1,1,1,0
8173,81.74,33.89478302001953,1.989770434766769,76,4,0,1,1,1,1,0
8174,81.75,33.60691452026367,1.981312221768111,76,4,0,1,1,1,1,0
8175,81.76,33.623592376708984,1.9610237873235374,76,4,0,1,1,1,1,0
8176,81.77,33.57969665527344,1.7095943679301884,76,4,0,1,1,1,1,0
8177,81.78,33.78281021118164,1.8350487526443526,76,5,1,1,1,1,1,0
8178,81.79,33.76409912109375,1.7529662605036014,76,4,0,1,1,1,1,0
8179,81.8,33.55576705932617,1.9709400192137219,76,4,0,1,1,1,1,0
8180,81.81,33.536502838134766,1.8293442156691264,76,5,1,1,1,1,1,0
8181,81.82,33.59949493408203,1.7135953848825323,76,4,0,1,1,1,1,0
8182,81.83,33.88515090942383,1.9188020489695543,76,5,1,1,1,1,1,0
8183,81.84,33.83092498779297,1.8390487658461192,76,5,1,1,1,1,1,0
8184,81.85,33.64970016479492,1.934372239909084,76,5,1,1,1,1,1,0
8185,81.86,33.6450309753418,1.9258510723603568,76,5,1,1,1,1,1,0
8186,81.87,33.82578659057617,1.721016290854434,76,4,0,1,1,1,1,0
8187,81.88,33.71941375732422,1.8891280602125837,76,5,1,1,1,1,1,0
8188,81.89,33.50308609008789,2.143967553138913,76,4,0,1,1,1,1,0
8189,81.9,33.8164176940918,1.9246518113008162,76,4,0,1,1,1,1,0
8190,81.91,33.848812103271484,2.029830738401035,76,4,0,1,1,1,1,0
8191,81.92,33.91490173339844,1.978381643420809,76,4,0,1,1,1,1,0
8192,81.93,33.794342041015625,1.8144689021453408,76,4,0,1,1,1,1,0
8193,81.94,33.92985153198242,1.7659270128530908,76,4,0,1,1,1,1,0
8194,81.95,33.891971588134766,1.8509697940484449,76,4,0,1,1,1,1,0
8195,81.96,33.618194580078125,1.9192442972394541,76,4,0,1,1,1,1,0
8196,81.97,33.63800811767578,1.8500557052931115,76,4,0,1,1,1,1,0
8197,81.98,33.75055694580078,1.743503095097611,76,5,1,1,1,1,1,0
8198,81.99,33.93913650512695,1.9895976924186618,76,5,1,1,1,1,1,0
8199,82.0,33.75840377807617,1.995065664490793,76,4,0,1,1,1,1,0
8200,82.01,33.69565200805664,1.9471527424690254,76,4,0,1,1,1,1,0
8201,82.02,33.94438552856445,1.950896908807352,76,4,0,1,1,1,1,0
8202,82.03,33.5920295715332,2.021908633777351,76,4,0,1,1,1,1,0
8203,82.04,33.88291549682617,1.719245517172628,76,4,0,1,1,1,1,0
8204,82.05,33.55549240112305,1.8021370929570517,76,4,0,1,1,1,1,0
8205,82.06,33.67304992675781,1.7548201596566504,76,4,0,1,1,1,1,0
8206,82.07,33.87827682495117,2.0451141191298796,76,4,0,1,1,1,1,0
8207,82.08,33.997802734375,2.1382902313751195,76,4,0,1,1,1,1,0
8208,82.09,33.84004211425781,1.7692086807630008,76,4,0,1,1,1,1,0
8209,82.1,33.615360260009766,1.8803447577733297,76,4,0,1,1,1,1,0
8210,82.11,33.95173263549805,2.2918533221815496,76,4,0,1,1,1,1,0
8211,82.12,33.755680084228516,1.6865955755976973,76,4,0,1,1,1,1,0
8212,82.13,33.99298858642578,1.8075971859575508,76,4,0,1,1,1,1,0
8213,82.14,33.910892486572266,2.1352768129397313,76,4,0,1,1,1,1,0
8214,82.15,33.896942138671875,1.8192587682445183,76,5,1,1,1,1,1,0
8215,82.16,33.472381591796875,1.8374446390390946,76,4,0,1,1,1,1,0
8216,82.17,33.50811004638672,2.0923916579702677,76,4,0,1,1,1,1,0
8217,82.18,33.70844268798828,1.7376106949321874,76,4,0,1,1,1,1,0
8218,82.19,33.952152252197266,1.753110301890013,76,5,1,1,1,1,1,0
8219,82.2,33.844539642333984,1.8510805057400883,76,4,0,1,1,1,1,0
8220,82.21,33.72945785522461,2.2322187243566742,76,4,0,1,1,1,1,0
8221,82.22,33.790184020996094,1.9217157740235313,76,5,1,1,1,1,1,0
8222,82.23,34.135719299316406,1.8459146232992594,76,4,0,1,1,1,1,0
8223,82.24,34.089805603027344,1.9416435185825194,76,4,0,1,1,1,1,0
8224,82.25,33.962158203125,1.9614826985902738,76,4,0,1,1,1,1,0
8225,82.26,33.866722106933594,1.864032271347202,76,4,0,1,1,1,1,0
8226,82.27,33.73806381225586,1.9253094915386182,76,4,0,1,1,1,1,0
8227,82.28,33.86855697631836,1.9972509602842914,76,5,1,1,1,1,1,0
8228,82.29,33.73429489135742,1.8880150074451856,76,5,1,1,1,1,1,0
8229,82.3,33.77004623413086,2.0155608410980435,76,5,1,1,1,1,1,0
8230,82.31,33.71018600463867,1.8916079242235109,76,4,0,1,1,1,1,0
8231,82.32,33.876033782958984,2.04404049700047,76,4,0,1,1,1,1,0
8232,82.33,33.93671798706055,2.4010190821998028,76,4,0,1,1,1,1,0
8233,82.34,33.84843063354492,1.9085575189093482,76,4,0,1,1,1,1,0
8234,82.35,33.76762008666992,1.792373422077813,76,4,0,1,1,1,1,0
8235,82.36,33.78779983520508,1.9631663596944584,76,4,0,1,1,1,1,0
8236,82.37,33.72418975830078,1.8131500551729656,76,4,0,1,1,1,1,0
8237,82.38,33.402618408203125,1.7839829269421221,76,4,0,1,1,1,1,0
8238,82.39,33.67300033569336,1.883690558034832,76,4,0,1,1,1,1,0
8239,82.4,33.400753021240234,1.8299175548349151,76,4,0,1,1,1,1,0
8240,82.41,33.79940414428711,2.06365979243141,76,4,0,1,1,1,1,0
8241,82.42,33.598289489746094,1.6862089797136715,76,4,0,1,1,1,1,0
8242,82.43,33.808982849121094,1.9428133969341033,76,4,0,1,1,1,1,0
8243,82.44,33.57048797607422,2.100117532984964,76,4,0,1,1,1,1,0
8244,82.45,33.63576126098633,2.017150848697233,76,4,0,1,1,1,1,0
8245,82.46,33.57408142089844,1.9868057808193258,76,4,0,1,1,1,1,0
8246,82.47,33.99909591674805,1.9540973712330132,76,4,0,1,1,1,1,0
8247,82.48,34.00505065917969,1.7861994866153912,76,4,0,1,1,1,1,0
8248,82.49,33.88468551635742,2.0393661696221788,76,4,0,1,1,1,1,0
8249,82.5,33.72739028930664,1.9410278350434007,76,4,0,1,1,1,1,0
8250,82.51,33.66584014892578,1.9992243849768019,76,5,1,1,1,1,1,0
8251,82.52,33.81003189086914,1.9002363062027974,76,4,0,1,1,1,1,0
8252,82.53,33.45358657836914,1.885259483552257,76,5,1,1,1,1,1,0
8253,82.54,33.90855026245117,1.7805654849119377,76,4,0,1,1,1,1,0
8254,82.55,33.66203689575195,2.080022688527661,76,4,0,1,1,1,1,0
8255,82.56,33.62428665161133,2.116295439524418,76,4,0,1,1,1,1,0
8256,82.57,33.507415771484375,1.9547637281591332,76,4,0,1,1,1,1,0
8257,82.58,33.30513000488281,2.051268739679308,76,4,0,1,1,1,1,0
8258,82.59,33.81647491455078,1.7179586228640211,76,4,0,1,1,1,1,0
8259,82.6,33.71259689331055,1.898656545202246,76,4,0,1,1,1,1,0
8260,82.61,33.83135986328125,1.8627954031177179,76,4,0,1,1,1,1,0
8261,82.62,33.66237258911133,1.8756590370140596,76,4,0,1,1,1,1,0
8262,82.63,34.02685546875,1.770224664517756,76,4,0,1,1,1,1,0
8263,82.64,33.82267761230469,1.744192441316315,76,4,0,1,1,1,1,0
8264,82.65,33.852630615234375,1.9615557409070334,76,4,0,1,1,1,1,0
8265,82.66,33.798805236816406,1.7753014270445684,76,5,1,1,1,1,1,0
8266,82.67,33.579994201660156,1.9577536138831153,76,4,0,1,1,1,1,0
8267,82.68,33.657169342041016,1.7762291534355201,76,4,0,1,1,1,1,0
8268,82.69,33.737831115722656,2.0081103104844162,76,4,0,1,1,1,1,0
8269,82.7,33.588130950927734,1.8559327873767515,76,4,0,1,1,1,1,0
8270,82.71,33.6275634765625,1.8002819222028126,76,4,0,1,1,1,1,0
8271,82.72,33.694358825683594,1.823347244814926,76,4,0,1,1,1,1,0
8272,82.73,33.684356689453125,1.9439667255262045,76,4,0,1,1,1,1,0
8273,82.74,33.372379302978516,1.7382757303332443,76,4,0,1,1,1,1,0
8274,82.75,33.477447509765625,1.93465578314975,76,4,0,1,1,1,1,0
8275,82.76,33.31466293334961,1.9178386237116964,76,4,0,1,1,1,1,0
8276,82.77,33.68869400024414,1.8359461843246845,76,4,0,1,1,1,1,0
8277,82.78,33.40763854980469,1.9356882756944789,76,4,0,1,1,1,1,0
8278,82.79,33.16691970825195,1.7673447230302037,76,4,0,1,1,1,1,0
8279,82.8,33.486610412597656,1.885789014585465,76,4,0,1,1,1,1,0
8280,82.81,33.663780212402344,1.9299217200378644,76,4,0,1,1,1,1,0
8281,82.82,33.392635345458984,1.9368747947815437,76,4,0,1,1,1,1,0
8282,82.83,33.66230773925781,1.8441254467462076,76,4,0,1,1,1,1,0
8283,82.84,33.57906723022461,1.9895964845040714,76,4,0,1,1,1,1,0
8284,82.85,33.29267883300781,1.7415278258261284,76,4,0,1,1,1,1,0
8285,82.86,33.555171966552734,1.7328892654476495,76,4,0,1,1,1,1,0
8286,82.87,33.45123291015625,1.8909767162230078,76,5,1,1,1,1,1,0
8287,82.88,33.40676498413086,1.8131475094428413,76,4,0,1,1,1,1,0
8288,82.89,33.6004638671875,2.203744669891877,76,5,1,1,1,1,1,0
8289,82.9,33.8303337097168,2.08894908858732,76,4,0,1,1,1,1,0
8290,82.91,33.5781364440918,2.056600317155017,76,5,1,1,1,1,1,0
8291,82.92,33.624412536621094,2.140164466313741,76,5,1,1,1,1,1,0
8292,82.93,33.48343276977539,1.8602425103376945,76,4,0,1,1,1,1,0
8293,82.94,33.48505783081055,1.8680724718643422,76,5,1,1,1,1,1,0
8294,82.95,33.783897399902344,1.9737493869462093,76,4,0,1,1,1,1,0
8295,82.96,33.70356369018555,1.8190667092302115,76,5,1,1,1,1,1,0
8296,82.97,33.57978057861328,2.0927000654305976,76,4,0,1,1,1,1,0
8297,82.98,33.824989318847656,1.9805305787323573,76,5,1,1,1,1,1,0
8298,82.99,33.786407470703125,2.138223654522156,76,5,1,1,1,1,1,0
8299,83.0,33.67218017578125,2.0762004032978885,76,4,0,1,1,1,1,0
8300,83.01,33.78143310546875,2.014300692922246,76,4,0,1,1,1,1,0
8301,83.02,33.66387176513672,1.7998893042611708,76,4,0,1,1,1,1,0
8302,83.03,33.83783721923828,1.7303751861782393,76,4,0,1,1,1,1,0
8303,83.04,33.79334259033203,2.067003029970126,76,5,1,1,1,1,1,0
8304,83.05,33.98841857910156,2.0047492135533815,76,5,1,1,1,1,1,0
8305,83.06,33.684757232666016,2.113787949018765,76,4,0,1,1,1,1,0
8306,83.07,34.032569885253906,2.1354410042159695,76,4,0,1,1,1,1,0
8307,83.08,33.87489700317383,2.29436561543414,76,5,1,1,1,1,1,0
8308,83.09,33.613285064697266,2.0367873891677917,76,4,0,1,1,1,1,0
8309,83.1,33.71157455444336,2.1949691839851506,76,4,0,1,1,1,1,0
8310,83.11,33.94482421875,2.0167829106600603,76,4,0,1,1,1,1,0
8311,83.12,33.475833892822266,1.8146582945503003,76,4,0,1,1,1,1,0
8312,83.13,34.172874450683594,2.1581016788951493,76,4,0,1,1,1,1,0
8313,83.14,33.8244743347168,2.0296028485365563,76,4,0,1,1,1,1,0
8314,83.15,34.435489654541016,1.790226037452343,76,4,0,1,1,1,1,0
8315,83.16,34.221923828125,1.8576847334806874,76,4,0,1,1,1,1,0
8316,83.17,34.35927200317383,2.129341313057628,76,4,0,1,1,1,1,0
8317,83.18,34.19609069824219,1.752397965579918,76,4,0,1,1,1,1,0
8318,83.19,34.13248825073242,1.8837694517745596,76,4,0,1,1,1,1,0
8319,83.2,34.099220275878906,2.047168721481916,76,4,0,1,1,1,1,0
8320,83.21,33.98977279663086,2.085424800202236,76,4,0,1,1,1,1,0
8321,83.22,34.102169036865234,2.0369583582131585,76,4,0,1,1,1,1,0
8322,83.23,33.92740249633789,1.815869874609356,76,4,0,1,1,1,1,0
8323,83.24,33.568809509277344,1.9119339328408311,76,4,0,1,1,1,1,0
8324,83.25,33.833656311035156,1.8403293762675914,76,4,0,1,1,1,1,0
8325,83.26,33.637062072753906,2.156614849682637,76,4,0,1,1,1,1,0
8326,83.27,33.73923873901367,1.8471863848272438,76,4,0,1,1,1,1,0
8327,83.28,34.09616470336914,2.2521805168998363,76,5,1,1,1,1,1,0
8328,83.29,33.860313415527344,2.0379920135166993,76,4,0,1,1,1,1,0
8329,83.3,33.829315185546875,1.9152043070826952,76,5,1,1,1,1,1,0
8330,83.31,33.681766510009766,2.116529518231795,76,5,1,1,1,1,1,0
8331,83.32,33.659400939941406,1.8131963523035617,76,5,1,1,1,1,1,0
8332,83.33,33.68722152709961,1.9898245085289594,76,4,0,1,1,1,1,0
8333,83.34,33.825843811035156,1.9395619564451174,76,4,0,1,1,1,1,0
8334,83.35,33.5839958190918,1.8737402897333066,76,4,0,1,1,1,1,0
8335,83.36,33.59861755371094,1.917232034563021,76,4,0,1,1,1,1,0
8336,83.37,33.4407844543457,2.209731256363973,76,4,0,1,1,1,1,0
8337,83.38,33.452877044677734,1.9291664070719805,76,4,0,1,1,1,1,0
8338,83.39,33.639156341552734,1.9152800703494148,76,4,0,1,1,1,1,0
8339,83.4,33.28179168701172,1.96290946431054,76,4,0,1,1,1,1,0
8340,83.41,33.491146087646484,1.9283137253251708,76,4,0,1,1,1,1,0
8341,83.42,33.6434440612793,2.0165551163698345,76,5,1,1,1,1,1,0
8342,83.43,33.694183349609375,1.9235636176044089,76,4,0,1,1,1,1,0
8343,83.44,33.561710357666016,1.8869529422488693,76,5,1,1,1,1,1,0
8344,83.45,33.676090240478516,1.968904276886183,76,4,0,1,1,1,1,0
8345,83.46,33.51366424560547,1.8963113576514554,76,4,0,1,1,1,1,0
8346,83.47,33.67778015136719,1.7965834418733744,76,4,0,1,1,1,1,0
8347,83.48,33.735774993896484,1.7045247419586556,76,4,0,1,1,1,1,0
8348,83.49,33.74072265625,1.7343044252184028,76,4,0,1,1,1,1,0
8349,83.5,33.71944808959961,2.0026224376591517,76,5,1,1,1,1,1,0
8350,83.51,33.751155853271484,1.8603728939922557,76,4,0,1,1,1,1,0
8351,83.52,33.34081268310547,1.698530482019944,76,5,1,1,1,1,1,0
8352,83.53,33.592369079589844,1.856502425476597,76,5,1,1,1,1,1,0
8353,83.54,33.461082458496094,1.8283592581656982,76,4,0,1,1,1,1,0
8354,83.55,33.80851364135742,2.005468622939733,76,4,0,1,1,1,1,0
8355,83.56,33.96440887451172,1.9164812348400662,76,5,1,1,1,1,1,0
8356,83.57,33.78621292114258,1.798500048125743,76,4,0,1,1,1,1,0
8357,83.58,33.84241485595703,1.7367211520893195,76,4,0,1,1,1,1,0
8358,83.59,33.69865417480469,2.0157879340096727,76,4,0,1,1,1,1,0
8359,83.6,33.819740295410156,1.806570741048496,76,4,0,1,1,1,1,0
8360,83.61,33.8776741027832,1.8115435953252588,76,5,1,1,1,1,1,0
8361,83.62,33.69443893432617,1.7929343653138836,76,5,1,1,1,1,1,0
8362,83.63,33.31563949584961,1.8467799165542857,76,5,1,1,1,1,1,0
8363,83.64,33.50530242919922,1.7047632548737508,76,4,0,1,1,1,1,0
8364,83.65,33.28894805908203,1.9119360776782481,76,4,0,1,1,1,1,0
8365,83.66,33.28851318359375,1.943528012469765,76,4,0,1,1,1,1,0
8366,83.67,33.32038497924805,1.8397814944380952,76,4,0,1,1,1,1,0
8367,83.68,33.833065032958984,2.054748536108791,76,4,0,1,1,1,1,0
8368,83.69,33.40119934082031,1.8169780669182194,76,5,1,1,1,1,1,0
8369,83.7,33.66330337524414,1.7823849741309743,76,4,0,1,1,1,1,0
8370,83.71,33.7553825378418,1.9988967461896583,76,4,0,1,1,1,1,0
8371,83.72,33.67192840576172,1.8881989624144864,76,5,1,1,1,1,1,0
8372,83.73,33.6219482421875,1.811215226056167,76,4,0,1,1,1,1,0
8373,83.74,33.61323928833008,1.8831113323714086,76,4,0,1,1,1,1,0
8374,83.75,33.37723922729492,1.8580351277187146,76,4,0,1,1,1,1,0
8375,83.76,33.90058135986328,1.9304141352367945,76,4,0,1,1,1,1,0
8376,83.77,33.79212188720703,1.918408547306786,76,4,0,1,1,1,1,0
8377,83.78,34.154388427734375,1.8636757894391103,76,5,1,1,1,1,1,0
8378,83.79,33.94996643066406,1.8243387348506759,76,5,1,1,1,1,1,0
8379,83.8,33.66852951049805,2.004893627062966,76,4,0,1,1,1,1,0
8380,83.81,33.613433837890625,1.9291711329945904,76,5,1,1,1,1,1,0
8381,83.82,33.555198669433594,1.8976527538346861,76,4,0,1,1,1,1,0
8382,83.83,33.474266052246094,1.7814869154401907,76,4,0,1,1,1,1,0
8383,83.84,33.791847229003906,1.8793861231048412,76,4,0,1,1,1,1,0
8384,83.85,33.999019622802734,2.0863630864150693,76,4,0,1,1,1,1,0
8385,83.86,33.94354248046875,2.0792795565837996,76,4,0,1,1,1,1,0
8386,83.87,34.03469467163086,1.867052523567434,76,4,0,1,1,1,1,0
8387,83.88,34.217933654785156,1.7674301591232031,76,4,0,1,1,1,1,0
8388,83.89,33.987613677978516,1.93891450146154,76,4,0,1,1,1,1,0
8389,83.9,33.53071594238281,1.9372402705239977,76,4,0,1,1,1,1,0
8390,83.91,33.45756149291992,1.9126146704557938,76,4,0,1,1,1,1,0
8391,83.92,33.73705291748047,1.6498809975022601,76,4,0,1,1,1,1,0
8392,83.93,33.963924407958984,1.7860889820907804,76,4,0,1,1,1,1,0
8393,83.94,33.434303283691406,1.9989471952885138,76,5,1,1,1,1,1,0
8394,83.95,33.54169464111328,1.7478237183019303,76,4,0,1,1,1,1,0
8395,83.96,33.606605529785156,1.759428416989522,76,4,0,1,1,1,1,0
8396,83.97,33.478912353515625,1.8373355556267195,76,4,0,1,1,1,1,0
8397,83.98,33.21122741699219,1.840593971088613,76,4,0,1,1,1,1,0
8398,83.99,33.88532638549805,1.9652491497473032,76,4,0,1,1,1,1,0
8399,84.0,34.15248107910156,1.9077452271778619,76,4,0,1,1,1,1,0
8400,84.01,33.67231750488281,1.6929554349903426,76,4,0,1,1,1,1,0
8401,84.02,33.72291946411133,1.7037612110871587,76,4,0,1,1,1,1,0
8402,84.03,33.84683609008789,1.8165095770373785,76,4,0,1,1,1,1,0
8403,84.04,33.881893157958984,2.022103655142262,76,4,0,1,1,1,1,0
8404,84.05,34.03736114501953,1.8195892499315454,76,4,0,1,1,1,1,0
8405,84.06,33.76814651489258,1.8608056528329664,76,4,0,1,1,1,1,0
8406,84.07,33.58778381347656,1.8585231947996887,76,4,0,1,1,1,1,0
8407,84.08,33.6196174621582,1.820192808063572,76,5,1,1,1,1,1,0
8408,84.09,33.695465087890625,1.7962407529698867,76,5,1,1,1,1,1,0
8409,84.1,33.60935974121094,1.9615049621716,76,4,0,1,1,1,1,0
8410,84.11,33.77904510498047,1.7630087035299569,76,4,0,1,1,1,1,0
8411,84.12,33.733646392822266,1.7948286139435805,76,4,0,1,1,1,1,0
8412,84.13,33.8740348815918,1.7630925431098614,76,4,0,1,1,1,1,0
8413,84.14,33.79014205932617,1.7389976793524853,76,5,1,1,1,1,1,0
8414,84.15,33.592533111572266,1.746108844490187,76,4,0,1,1,1,1,0
8415,84.16,33.32895278930664,1.845125480047919,76,4,0,1,1,1,1,0
8416,84.17,33.5400390625,1.9638013512286678,76,4,0,1,1,1,1,0
8417,84.18,33.673187255859375,1.8086498827083044,76,4,0,1,1,1,1,0
8418,84.19,33.56793212890625,1.7768525712109058,76,4,0,1,1,1,1,0
8419,84.2,33.700923919677734,1.797805866221509,76,4,0,1,1,1,1,0
8420,84.21,34.04750061035156,1.892112447557484,76,4,0,1,1,1,1,0
8421,84.22,33.922080993652344,1.8227479750912028,76,4,0,1,1,1,1,0
8422,84.23,33.93328857421875,1.7042561735980872,76,4,0,1,1,1,1,0
8423,84.24,33.79288864135742,1.6961368720522718,76,4,0,1,1,1,1,0
8424,84.25,33.86283874511719,1.8592725159705679,76,4,0,1,1,1,1,0
8425,84.26,33.740169525146484,1.872407540465354,76,4,0,1,1,1,1,0
8426,84.27,33.69358444213867,1.8591636155488622,76,4,0,1,1,1,1,0
8427,84.28,33.97420883178711,1.7750499931084098,76,5,1,1,1,1,1,0
8428,84.29,33.56504821777344,1.802384621251643,76,4,0,1,1,1,1,0
8429,84.3,33.56753158569336,1.8446944193069492,76,4,0,1,1,1,1,0
8430,84.31,33.898006439208984,1.972233810746696,76,5,1,1,1,1,1,0
8431,84.32,33.753257751464844,1.9003974940515156,76,4,0,1,1,1,1,0
8432,84.33,33.80338668823242,1.7823623779647215,76,4,0,1,1,1,1,0
8433,84.34,33.412845611572266,1.899636044633934,76,5,1,1,1,1,1,0
8434,84.35,33.55152893066406,1.7480611460793465,76,5,1,1,1,1,1,0
8435,84.36,33.827388763427734,1.7288184462909624,76,5,1,1,1,1,1,0
8436,84.37,34.05695724487305,1.8036366110550188,76,5,1,1,1,1,1,0
8437,84.38,34.33120346069336,1.770479541628741,76,5,1,1,1,1,1,0
8438,84.39,34.34286117553711,1.867777268591314,76,4,0,1,1,1,1,0
8439,84.4,34.26224136352539,1.745908826022909,76,5,1,1,1,1,1,0
8440,84.41,34.46697235107422,1.8453434222970508,76,5,1,1,1,1,1,0
8441,84.42,34.23334884643555,2.0036429107164513,76,5,1,1,1,1,1,0
8442,84.43,34.32815170288086,1.8375517645587116,76,5,1,1,1,1,1,0
8443,84.44,34.38547897338867,2.112818644493154,76,4,0,1,1,1,1,0
8444,84.45,34.256263732910156,1.7928808427663645,76,5,1,1,1,1,1,0
8445,84.46,34.26998519897461,2.113321649347356,76,4,0,1,1,1,1,0
8446,84.47,34.145713806152344,1.9067786360370431,76,5,1,1,1,1,1,0
8447,84.48,33.852169036865234,2.018637445010889,76,5,1,1,1,1,1,0
8448,84.49,33.853118896484375,1.9791646748223826,76,5,1,1,1,1,1,0
8449,84.5,34.17898178100586,2.0110907431530824,76,5,1,1,1,1,1,0
8450,84.51,33.95747375488281,1.858982409978545,76,5,1,1,1,1,1,0
8451,84.52,33.92123031616211,1.9010492178478497,76,5,1,1,1,1,1,0
8452,84.53,33.96108627319336,2.0562327594556256,76,5,1,1,1,1,1,0
8453,84.54,33.89006423950195,1.9661377829159978,76,5,1,1,1,1,1,0
8454,84.55,33.90250015258789,2.103828520281891,76,5,1,1,1,1,1,0
8455,84.56,33.57892990112305,1.8132052515758708,76,5,1,1,1,1,1,0
8456,84.57,33.725711822509766,1.8280010157664284,76,5,1,1,1,1,1,0
8457,84.58,33.82155227661133,2.006312685360518,76,5,1,1,1,1,1,0
8458,84.59,33.83153533935547,1.8352637552003384,76,5,1,1,1,1,1,0
8459,84.6,34.0770378112793,1.9252246121271968,76,5,1,1,1,1,1,0
8460,84.61,33.854610443115234,1.9122265684896318,76,5,1,1,1,1,1,0
8461,84.62,34.074825286865234,1.7526301811564293,76,5,1,1,1,1,1,0
8462,84.63,34.316062927246094,1.823900962695577,76,5,1,1,1,1,1,0
8463,84.64,34.08773422241211,1.7692364794849276,76,5,1,1,1,1,1,0
8464,84.65,33.796783447265625,1.7463671757046677,76,5,1,1,1,1,1,0
8465,84.66,33.6400260925293,2.0504864297025662,76,5,1,1,1,1,1,0
8466,84.67,33.36711883544922,1.97154970898857,76,5,1,1,1,1,1,0
8467,84.68,33.51776885986328,1.8732065177344064,76,5,1,1,1,1,1,0
8468,84.69,33.485191345214844,1.9252520602818985,76,5,1,1,1,1,1,0
8469,84.7,33.89912414550781,2.000651297010469,76,4,0,1,1,1,1,0
8470,84.71,34.05632400512695,1.862094045767284,76,4,0,1,1,1,1,0
8471,84.72,33.96959686279297,1.8925098849323756,76,4,0,1,1,1,1,0
8472,84.73,34.178775787353516,1.8618273841957949,76,4,0,1,1,1,1,0
8473,84.74,34.3104248046875,2.050683365228521,76,4,0,1,1,1,1,0
8474,84.75,33.91117477416992,2.179449646801312,76,4,0,1,1,1,1,0
8475,84.76,33.99250030517578,1.828716616844608,76,4,0,1,1,1,1,0
8476,84.77,34.04132843017578,2.0471180258934405,76,4,0,1,1,1,1,0
8477,84.78,33.67947006225586,1.9500022888185087,76,4,0,1,1,1,1,0
8478,84.79,33.85803985595703,2.1300482688064304,76,4,0,1,1,1,1,0
8479,84.8,33.64181137084961,2.087131565137967,76,4,0,1,1,1,1,0
8480,84.81,33.53550720214844,2.017846737625686,76,4,0,1,1,1,1,0
8481,84.82,34.14299011230469,1.764680408797962,76,4,0,1,1,1,1,0
8482,84.83,33.67453384399414,1.8741406054609058,76,4,0,1,1,1,1,0
8483,84.84,33.64421463012695,1.8013857699431863,76,4,0,1,1,1,1,0
8484,84.85,33.741661071777344,1.9123036067103005,76,4,0,1,1,1,1,0
8485,84.86,34.21039581298828,1.8182154028038555,76,4,0,1,1,1,1,0
8486,84.87,34.0450325012207,2.021185676907609,76,4,0,1,1,1,1,0
8487,84.88,34.11684799194336,1.838292103804843,76,4,0,1,1,1,1,0
8488,84.89,34.12090301513672,1.8668138559552394,76,4,0,1,1,1,1,0
8489,84.9,34.209312438964844,1.9538907397383076,76,4,0,1,1,1,1,0
8490,84.91,34.05366897583008,1.8088950224923521,76,4,0,1,1,1,1,0
8491,84.92,33.84162902832031,2.045365203114636,76,5,1,1,1,1,1,0
8492,84.93,33.95940017700195,1.899839782390998,76,5,1,1,1,1,1,0
8493,84.94,33.6917839050293,2.123345124809261,76,5,1,1,1,1,1,0
8494,84.95,33.73366928100586,1.8724567932979894,76,5,1,1,1,1,1,0
8495,84.96,33.71916961669922,1.8581935609513827,76,4,0,1,1,1,1,0
8496,84.97,34.06414031982422,1.8123180555939484,76,4,0,1,1,1,1,0
8497,84.98,33.84847640991211,1.8365963885898553,76,4,0,1,1,1,1,0
8498,84.99,34.138404846191406,1.910052844211609,76,4,0,1,1,1,1,0
8499,85.0,33.81269836425781,1.8920895589743676,76,4,0,1,1,1,1,0
8500,85.01,33.92922592163086,1.663759845393386,76,4,0,1,1,1,1,0
8501,85.02,33.66978073120117,1.974388123579386,76,4,0,1,1,1,1,0
8502,85.03,33.810550689697266,1.8445839033834226,76,4,0,1,1,1,1,0
8503,85.04,33.87537384033203,1.719622900240093,76,4,0,1,1,1,1,0
8504,85.05,33.735374450683594,1.8221108605936633,76,5,1,1,1,1,1,0
8505,85.06,33.84331512451172,1.8674607892039445,76,4,0,1,1,1,1,0
8506,85.07,33.610694885253906,1.7028807173236664,76,4,0,1,1,1,1,0
8507,85.08,33.739383697509766,1.712807071974027,76,4,0,1,1,1,1,0
8508,85.09,34.05039978027344,1.8173305687543577,76,4,0,1,1,1,1,0
8509,85.1,33.52750778198242,1.7330289663528802,76,4,0,1,1,1,1,0
8510,85.11,33.64103317260742,1.860377035997546,76,4,0,1,1,1,1,0
8511,85.12,33.76428985595703,1.8486189501134513,76,4,0,1,1,1,1,0
8512,85.13,33.80409622192383,1.7528550972126018,76,4,0,1,1,1,1,0
8513,85.14,33.66841506958008,1.7749921058170055,76,4,0,1,1,1,1,0
8514,85.15,33.55842208862305,1.8621228136973618,76,4,0,1,1,1,1,0
8515,85.16,33.185848236083984,1.8200252296506034,76,5,1,1,1,1,1,0
8516,85.17,33.6988410949707,1.852403088711695,76,4,0,1,1,1,1,0
8517,85.18,33.675960540771484,1.8553671584111944,76,4,0,1,1,1,1,0
8518,85.19,33.69269561767578,1.7617569814754417,76,4,0,1,1,1,1,0
8519,85.2,33.647499084472656,1.7765143755188078,76,5,1,1,1,1,1,0
8520,85.21,33.827423095703125,1.7543941397554352,76,5,1,1,1,1,1,0
8521,85.22,34.094478607177734,1.665894118340451,76,4,0,1,1,1,1,0
8522,85.23,33.761138916015625,1.878828773091075,76,4,0,1,1,1,1,0
8523,85.24,33.97282409667969,2.0040426092779318,76,5,1,1,1,1,1,0
8524,85.25,34.016151428222656,1.825214810630054,76,5,1,1,1,1,1,0
8525,85.26,34.22383117675781,1.7937099060475756,76,5,1,1,1,1,1,0
8526,85.27,33.87504577636719,2.152346590714524,76,5,1,1,1,1,1,0
8527,85.28,33.895042419433594,2.134502036564989,76,4,0,1,1,1,1,0
8528,85.29,33.824310302734375,2.2454631227543227,76,4,0,1,1,1,1,0
8529,85.3,33.896018981933594,1.721512474599716,76,4,0,1,1,1,1,0
8530,85.31,34.161643981933594,1.8560693518163958,76,4,0,1,1,1,1,0
8531,85.32,33.949256896972656,2.1729925309017815,76,4,0,1,1,1,1,0
8532,85.33,34.27603530883789,1.9033875657608936,76,4,0,1,1,1,1,0
8533,85.34,34.05442428588867,1.8678855136570178,76,5,1,1,1,1,1,0
8534,85.35,33.8640022277832,1.6533004701117464,76,4,0,1,1,1,1,0
8535,85.36,33.84138107299805,2.104400398594405,76,4,0,1,1,1,1,0
8536,85.37,33.77516555786133,2.0128810310575256,76,4,0,1,1,1,1,0
8537,85.38,33.84541320800781,1.9210710216587092,76,5,1,1,1,1,1,0
8538,85.39,33.644630432128906,2.0682622247633713,76,4,0,1,1,1,1,0
8539,85.4,33.95322799682617,1.7282649959564536,76,4,0,1,1,1,1,0
8540,85.41,33.74540710449219,1.9123505354284862,76,4,0,1,1,1,1,0
8541,85.42,33.81867218017578,1.840273687495225,76,4,0,1,1,1,1,0
8542,85.43,33.471187591552734,1.8997084930070072,76,4,0,1,1,1,1,0
8543,85.44,33.53174591064453,1.8507565336250003,76,4,0,1,1,1,1,0
8544,85.45,33.20533752441406,1.771160553027859,76,4,0,1,1,1,1,0
8545,85.46,33.89381790161133,1.7661577304178033,76,4,0,1,1,1,1,0
8546,85.47,34.06489944458008,1.8616628773360173,76,4,0,1,1,1,1,0
8547,85.48,34.02902603149414,1.755134709509452,76,4,0,1,1,1,1,0
8548,85.49,33.89809036254883,1.9153596146983718,76,4,0,1,1,1,1,0
8549,85.5,33.91824722290039,1.897707060325388,76,4,0,1,1,1,1,0
8550,85.51,34.01579666137695,1.8664385445497444,76,4,0,1,1,1,1,0
8551,85.52,34.12154006958008,1.8306302395573064,76,4,0,1,1,1,1,0
8552,85.53,33.99681091308594,1.804715054919351,76,4,0,1,1,1,1,0
8553,85.54,33.93647384643555,1.8545101915503317,76,4,0,1,1,1,1,0
8554,85.55,33.891380310058594,1.600812283321652,76,4,0,1,1,1,1,0
8555,85.56,33.865596771240234,1.7521108859802097,76,4,0,1,1,1,1,0
8556,85.57,33.96942138671875,2.133402629125271,76,4,0,1,1,1,1,0
8557,85.58,33.654258728027344,1.837988070278491,76,4,0,1,1,1,1,0
8558,85.59,34.09844970703125,1.8169758204798465,76,4,0,1,1,1,1,0
8559,85.6,33.993934631347656,1.7447338646785755,76,4,0,1,1,1,1,0
8560,85.61,34.070945739746094,2.147645463387264,76,5,1,1,1,1,1,0
8561,85.62,34.08810043334961,2.000222813975954,76,5,1,1,1,1,1,0
8562,85.63,33.90596389770508,1.8534818539504923,76,4,0,1,1,1,1,0
8563,85.64,33.72728729248047,2.0288179001941873,76,5,1,1,1,1,1,0
8564,85.65,34.02875900268555,2.0710142803816054,76,4,0,1,1,1,1,0
8565,85.66,34.10540771484375,1.8893933318605909,76,4,0,1,1,1,1,0
8566,85.67,34.23288345336914,2.1485803560492096,76,4,0,1,1,1,1,0
8567,85.68,33.70094299316406,1.96659819704996,76,5,1,1,1,1,1,0
8568,85.69,33.66072082519531,1.9380425226474325,76,5,1,1,1,1,1,0
8569,85.7,33.6634635925293,1.9386108159696145,76,5,1,1,1,1,1,0
8570,85.71,34.018680572509766,1.7909496179567317,76,4,0,1,1,1,1,0
8571,85.72,34.15983581542969,1.8451573449157375,76,5,1,1,1,1,1,0
8572,85.73,34.02420425415039,1.6650829241850607,76,4,0,1,1,1,1,0
8573,85.74,33.616573333740234,1.7275665120318922,76,4,0,1,1,1,1,0
8574,85.75,33.53755187988281,1.896339103605454,76,4,0,1,1,1,1,0
8575,85.76,33.78313064575195,2.015982487837513,76,4,0,1,1,1,1,0
8576,85.77,33.81098175048828,2.116628502374108,76,4,0,1,1,1,1,0
8577,85.78,33.688270568847656,1.7606265981423725,76,4,0,1,1,1,1,0
8578,85.79,33.5001106262207,1.6206496050113124,76,4,0,1,1,1,1,0
8579,85.8,33.57252502441406,1.6834790392048458,76,4,0,1,1,1,1,0
8580,85.81,33.67645263671875,1.7897775556591844,76,4,0,1,1,1,1,0
8581,85.82,33.626869201660156,1.6289268705617785,76,4,0,1,1,1,1,0
8582,85.83,33.65666961669922,1.8134485134389902,76,4,0,1,1,1,1,0
8583,85.84,33.68829345703125,2.0835807078897943,76,4,0,1,1,1,1,0
8584,85.85,34.06648254394531,2.012482111697464,76,4,0,1,1,1,1,0
8585,85.86,33.42585372924805,2.156595033678062,76,4,0,1,1,1,1,0
8586,85.87,33.451560974121094,1.857657929766157,76,5,1,1,1,1,1,0
8587,85.88,33.449405670166016,2.028642841556785,76,5,1,1,1,1,1,0
8588,85.89,33.81101989746094,1.9414165555572638,76,4,0,1,1,1,1,0
8589,85.9,33.82231903076172,1.8995802469883092,76,4,0,1,1,1,1,0
8590,85.91,33.786155700683594,2.0304186114132183,76,4,0,1,1,1,1,0
8591,85.92,33.4900016784668,2.047192689892866,76,5,1,1,1,1,1,0
8592,85.93,33.71327209472656,1.7873150624483933,76,4,0,1,1,1,1,0
8593,85.94,34.0429801940918,1.8649701563615724,76,4,0,1,1,1,1,0
8594,85.95,33.74382781982422,2.1121791192328208,76,4,0,1,1,1,1,0
8595,85.96,33.82744598388672,1.889926447985721,76,4,0,1,1,1,1,0
8596,85.97,34.2143440246582,1.8300533299438775,76,4,0,1,1,1,1,0
8597,85.98,33.7288932800293,1.8182111647555805,76,4,0,1,1,1,1,0
8598,85.99,34.20346450805664,1.8581985289742255,76,4,0,1,1,1,1,0
8599,86.0,33.8498649597168,1.8500260692540427,76,4,0,1,1,1,1,0
8600,86.01,33.772151947021484,1.8610223532347614,76,4,0,1,1,1,1,0
8601,86.02,33.61787414550781,1.8485952960254584,76,4,0,1,1,1,1,0
8602,86.03,34.041290283203125,2.0046743197959733,76,4,0,1,1,1,1,0
8603,86.04,34.064701080322266,1.877822285111434,76,4,0,1,1,1,1,0
8604,86.05,33.948020935058594,1.8956282769447008,76,4,0,1,1,1,1,0
8605,86.06,33.720741271972656,2.0457529740214127,76,4,0,1,1,1,1,0
8606,86.07,33.460113525390625,1.972914755649825,76,4,0,1,1,1,1,0
8607,86.08,33.49392318725586,1.966881012359171,76,4,0,1,1,1,1,0
8608,86.09,33.31277847290039,1.9151491821256175,76,5,1,1,1,1,1,0
8609,86.1,33.479774475097656,1.7598289129222078,76,4,0,1,1,1,1,0
8610,86.11,33.69349670410156,1.7500223709985836,76,4,0,1,1,1,1,0
8611,86.12,33.687339782714844,2.0083341620843544,76,4,0,1,1,1,1,0
8612,86.13,33.86125183105469,2.004270874024465,76,4,0,1,1,1,1,0
8613,86.14,34.016075134277344,1.8077079794762907,76,5,1,1,1,1,1,0
8614,86.15,33.95286560058594,1.9775243475559325,76,4,0,1,1,1,1,0
8615,86.16,34.12571716308594,1.8491319432351425,76,4,0,1,1,1,1,0
8616,86.17,33.98921203613281,1.9070378718933056,76,5,1,1,1,1,1,0
8617,86.18,33.929222106933594,1.7140881307928066,76,4,0,1,1,1,1,0
8618,86.19,33.9659538269043,2.07499624376353,76,4,0,1,1,1,1,0
8619,86.2,34.06667709350586,1.8448034811479896,76,4,0,1,1,1,1,0
8620,86.21,34.10279846191406,2.174531435954326,76,4,0,1,1,1,1,0
8621,86.22,33.9051399230957,2.0039480197996946,76,4,0,1,1,1,1,0
8622,86.23,34.19339370727539,2.144108959164201,76,5,1,1,1,1,1,0
8623,86.24,33.850460052490234,1.9228636287890437,76,4,0,1,1,1,1,0
8624,86.25,34.10208511352539,2.0617723051984487,76,5,1,1,1,1,1,0
8625,86.26,33.85388946533203,2.057696163429371,76,4,0,1,1,1,1,0
8626,86.27,33.92562484741211,1.954767865313924,76,4,0,1,1,1,1,0
8627,86.28,34.008209228515625,2.0283977931913646,76,4,0,1,1,1,1,0
8628,86.29,34.014060974121094,1.8916111508421165,76,5,1,1,1,1,1,0
8629,86.3,33.88642883300781,2.0839902215573582,76,5,1,1,1,1,1,0
8630,86.31,33.97870635986328,1.9124308399367105,76,4,0,1,1,1,1,0
8631,86.32,34.05782699584961,1.729275855070937,76,4,0,1,1,1,1,0
8632,86.33,33.84394836425781,1.8143893708577528,76,4,0,1,1,1,1,0
8633,86.34,33.830989837646484,1.816534929919255,76,4,0,1,1,1,1,0
8634,86.35,33.90999984741211,1.7499727676499401,76,4,0,1,1,1,1,0
8635,86.36,33.71219253540039,1.7895499472442142,76,4,0,1,1,1,1,0
8636,86.37,33.50463104248047,1.9931125877598197,76,4,0,1,1,1,1,0
8637,86.38,33.9129524230957,2.17884943286587,76,4,0,1,1,1,1,0
8638,86.39,34.179847717285156,1.8987677310641926,76,4,0,1,1,1,1,0
8639,86.4,34.455528259277344,1.9523107521571885,76,4,0,1,1,1,1,0
8640,86.41,34.42839431762695,1.9785092353997114,76,4,0,1,1,1,1,0
8641,86.42,34.148773193359375,1.9692396565273076,76,4,0,1,1,1,1,0
8642,86.43,33.9427490234375,1.9860278365115123,76,5,1,1,1,1,1,0
8643,86.44,33.75740051269531,2.0099252176373414,76,5,1,1,1,1,1,0
8644,86.45,33.833683013916016,1.9064621279983385,76,5,1,1,1,1,1,0
8645,86.46,33.91181945800781,1.8240852350213124,76,4,0,1,1,1,1,0
8646,86.47,33.758506774902344,2.0012482371874394,76,4,0,1,1,1,1,0
8647,86.48,33.782691955566406,1.9893202735514335,76,4,0,1,1,1,1,0
8648,86.49,33.796443939208984,1.9395619367768382,76,4,0,1,1,1,1,0
8649,86.5,33.87482452392578,1.7763208517800004,76,4,0,1,1,1,1,0
8650,86.51,33.89977264404297,1.8782426761588602,76,5,1,1,1,1,1,0
8651,86.52,34.14766311645508,1.8769434126042335,76,4,0,1,1,1,1,0
8652,86.53,33.99165344238281,2.0488775971172823,76,4,0,1,1,1,1,0
8653,86.54,33.8425407409668,1.8138631870289623,76,4,0,1,1,1,1,0
8654,86.55,33.67876052856445,1.8774976650647717,76,4,0,1,1,1,1,0
8655,86.56,33.619178771972656,1.8813030256251615,76,4,0,1,1,1,1,0
8656,86.57,33.894447326660156,1.8441273912033262,76,4,0,1,1,1,1,0
8657,86.58,33.66627883911133,1.845916793190591,76,4,0,1,1,1,1,0
8658,86.59,33.59529495239258,1.855287283074898,76,4,0,1,1,1,1,0
8659,86.6,33.705413818359375,1.9578314910526688,76,4,0,1,1,1,1,0
8660,86.61,33.44620895385742,2.0307633356310406,76,4,0,1,1,1,1,0
8661,86.62,33.45050811767578,1.977396595563464,76,4,0,1,1,1,1,0
8662,86.63,33.78927230834961,1.9878883943925703,76,4,0,1,1,1,1,0
8663,86.64,33.8944206237793,1.986103740710668,76,4,0,1,1,1,1,0
8664,86.65,33.84153747558594,1.947254655341786,76,5,1,1,1,1,1,0
8665,86.66,33.33293914794922,1.9946195097197679,76,4,0,1,1,1,1,0
8666,86.67,33.7527961730957,1.8363270422851439,76,4,0,1,1,1,1,0
8667,86.68,33.72530746459961,1.7857494595323424,76,4,0,1,1,1,1,0
8668,86.69,33.87550354003906,1.7763516745493206,76,4,0,1,1,1,1,0
8669,86.7,34.025272369384766,1.9757231882856767,76,4,0,1,1,1,1,0
8670,86.71,33.83393859863281,1.9204964456893603,76,4,0,1,1,1,1,0
8671,86.72,33.621917724609375,2.0354851236808074,76,5,1,1,1,1,1,0
8672,86.73,33.46842575073242,1.9033939189443752,76,4,0,1,1,1,1,0
8673,86.74,33.96760177612305,1.9359006038750823,76,4,0,1,1,1,1,0
8674,86.75,34.08424377441406,1.9305169910373259,76,4,0,1,1,1,1,0
8675,86.76,33.62364959716797,1.8894969064793823,76,5,1,1,1,1,1,0
8676,86.77,33.641841888427734,1.9026292377564187,76,5,1,1,1,1,1,0
8677,86.78,33.427207946777344,1.9294536611916602,76,5,1,1,1,1,1,0
8678,86.79,33.70664978027344,1.898131508264164,76,5,1,1,1,1,1,0
8679,86.8,33.782798767089844,1.7810698228181694,76,5,1,1,1,1,1,0
8680,86.81,33.57257080078125,1.8134197095824542,76,5,1,1,1,1,1,0
8681,86.82,33.6617317199707,1.8429652146770077,76,5,1,1,1,1,1,0
8682,86.83,33.41387176513672,1.8593005992206275,76,5,1,1,1,1,1,0
8683,86.84,33.800960540771484,1.8290968737477538,76,5,1,1,1,1,1,0
8684,86.85,33.83734130859375,2.0979029286416786,76,5,1,1,1,1,1,0
8685,86.86,33.874420166015625,1.822255444443932,76,5,1,1,1,1,1,0
8686,86.87,33.676971435546875,1.8081228936243878,76,5,1,1,1,1,1,0
8687,86.88,33.6452522277832,1.762413186826701,76,5,1,1,1,1,1,0
8688,86.89,33.95220184326172,1.7379869326000266,76,5,1,1,1,1,1,0
8689,86.9,33.36187744140625,1.7719491973925112,76,5,1,1,1,1,1,0
8690,86.91,33.66034698486328,1.745106861594311,76,5,1,1,1,1,1,0
8691,86.92,33.51689910888672,1.8371169956194218,76,5,1,1,1,1,1,0
8692,86.93,33.515663146972656,1.8198925213045463,76,5,1,1,1,1,1,0
8693,86.94,33.88954544067383,1.876328969946023,76,5,1,1,1,1,1,0
8694,86.95,34.21913528442383,1.8115704917275046,76,5,1,1,1,1,1,0
8695,86.96,34.06076431274414,1.8925608721216491,76,5,1,1,1,1,1,0
8696,86.97,34.030391693115234,1.9995241682547977,76,5,1,1,1,1,1,0
8697,86.98,34.1912841796875,1.7509718571299895,76,5,1,1,1,1,1,0
8698,86.99,34.08514404296875,1.8672674571084724,76,5,1,1,1,1,1,0
8699,87.0,34.24474334716797,1.9242952145571384,76,5,1,1,1,1,1,0
8700,87.01,34.02749252319336,1.9850995747551636,76,5,1,1,1,1,1,0
8701,87.02,33.927371978759766,1.961150057737035,76,5,1,1,1,1,1,0
8702,87.03,33.700714111328125,1.9620400224780437,76,5,1,1,1,1,1,0
8703,87.04,33.92982482910156,1.8367871961681859,76,5,1,1,1,1,1,0
8704,87.05,34.20845031738281,1.9330299343721835,76,5,1,1,1,1,1,0
8705,87.06,33.91911315917969,1.8658491689691827,76,5,1,1,1,1,1,0
8706,87.07,33.400177001953125,1.6824130639334607,76,5,1,1,1,1,1,0
8707,87.08,33.43229293823242,1.6246571716230598,76,5,1,1,1,1,1,0
8708,87.09,33.3830451965332,1.8530266074832829,76,5,1,1,1,1,1,0
8709,87.1,33.4099235534668,1.898765802376702,76,5,1,1,1,1,1,0
8710,87.11,33.3758544921875,1.8318528981091995,76,5,1,1,1,1,1,0
8711,87.12,33.366432189941406,1.968267559331127,76,5,1,1,1,1,1,0
8712,87.13,33.141231536865234,1.624005872672456,76,5,1,1,1,1,1,0
8713,87.14,32.95438003540039,1.8094744405091274,76,5,1,1,1,1,1,0
8714,87.15,33.32244873046875,1.78140250683574,76,5,1,1,1,1,1,0
8715,87.16,33.71434020996094,1.8645408396615248,76,5,1,1,1,1,1,0
8716,87.17,33.51203155517578,1.9100532236746421,76,5,1,1,1,1,1,0
8717,87.18,33.468841552734375,1.8366545358456372,76,5,1,1,1,1,1,0
8718,87.19,33.35112762451172,1.9012094739952832,76,5,1,1,1,1,1,0
8719,87.2,33.262271881103516,1.8489477326085637,76,5,1,1,1,1,1,0
8720,87.21,33.128963470458984,1.7886563710777312,76,5,1,1,1,1,1,0
8721,87.22,33.325096130371094,1.698848583073165,76,5,1,1,1,1,1,0
8722,87.23,33.620609283447266,1.8120108007723854,76,5,1,1,1,1,1,0
8723,87.24,33.58036804199219,1.8426334600962095,76,5,1,1,1,1,1,0
8724,87.25,33.461124420166016,1.9188777298081363,76,5,1,1,1,1,1,0
8725,87.26,33.61421585083008,1.8303240788272896,76,5,1,1,1,1,1,0
8726,87.27,33.41093826293945,1.8477527632493869,76,5,1,1,1,1,1,0
8727,87.28,33.531394958496094,1.7335548138138472,76,5,1,1,1,1,1,0
8728,87.29,33.332210540771484,1.8640259067908922,76,5,1,1,1,1,1,0
8729,87.3,33.53602600097656,1.950593230959604,76,5,1,1,1,1,1,0
8730,87.31,33.5827522277832,1.6786261599747012,76,5,1,1,1,1,1,0
8731,87.32,33.428226470947266,1.806796395317782,76,5,1,1,1,1,1,0
8732,87.33,33.29234313964844,1.8379114247378312,76,5,1,1,1,1,1,0
8733,87.34,33.38902282714844,1.7486259201586087,76,5,1,1,1,1,1,0
8734,87.35,33.251953125,1.7756444942024148,76,5,1,1,1,1,1,0
8735,87.36,33.30269241333008,1.8823675085220333,76,5,1,1,1,1,1,0
8736,87.37,33.58939743041992,1.9122222595012477,76,5,1,1,1,1,1,0
8737,87.38,33.493492126464844,1.6291065430744762,76,5,1,1,1,1,1,0
8738,87.39,33.799503326416016,1.7907814332036243,76,5,1,1,1,1,1,0
8739,87.4,33.70489501953125,1.8874529498095547,76,5,1,1,1,1,1,0
8740,87.41,33.49041748046875,1.8210424359664603,76,5,1,1,1,1,1,0
8741,87.42,33.523681640625,1.969496326643049,76,5,1,1,1,1,1,0
8742,87.43,34.11137771606445,1.7889110317315224,76,5,1,1,1,1,1,0
8743,87.44,33.71382141113281,1.5905289102703268,76,5,1,1,1,1,1,0
8744,87.45,33.65828323364258,1.95258723612508,76,5,1,1,1,1,1,0
8745,87.46,33.410945892333984,1.8106854863757587,76,5,1,1,1,1,1,0
8746,87.47,33.6936149597168,1.8588965541244604,76,5,1,1,1,1,1,0
8747,87.48,33.71332931518555,1.6939303553665293,76,5,1,1,1,1,1,0
8748,87.49,33.83987045288086,1.8159811506978905,76,5,1,1,1,1,1,0
8749,87.5,33.56132125854492,1.8474554074593934,76,5,1,1,1,1,1,0
8750,87.51,33.7768440246582,1.729077750236853,76,5,1,1,1,1,1,0
8751,87.52,33.6915397644043,1.776537443314174,76,5,1,1,1,1,1,0
8752,87.53,33.47166061401367,1.6974387372280217,76,5,1,1,1,1,1,0
8753,87.54,33.568817138671875,1.9786346598602547,76,5,1,1,1,1,1,0
8754,87.55,33.469627380371094,1.8278915148743295,76,5,1,1,1,1,1,0
8755,87.56,33.37813186645508,1.7230745090048103,76,5,1,1,1,1,1,0
8756,87.57,33.24332809448242,1.7562724286515983,76,5,1,1,1,1,1,0
8757,87.58,33.16567611694336,1.9073817097199068,76,5,1,1,1,1,1,0
8758,87.59,33.249855041503906,1.7172343930226532,76,5,1,1,1,1,1,0
8759,87.6,33.43674850463867,1.6815462390062463,76,5,1,1,1,1,1,0
8760,87.61,33.0789680480957,1.8147732814336581,76,5,1,1,1,1,1,0
8761,87.62,33.45800018310547,1.8072064738904166,76,5,1,1,1,1,1,0
8762,87.63,33.47161865234375,1.7400250987787378,76,5,1,1,1,1,1,0
8763,87.64,33.34701919555664,1.7875114079944856,76,5,1,1,1,1,1,0
8764,87.65,33.4503173828125,1.8600259241741972,76,5,1,1,1,1,1,0
8765,87.66,33.69697189331055,1.8566114409074108,76,5,1,1,1,1,1,0
8766,87.67,33.50473403930664,1.807371610578011,76,5,1,1,1,1,1,0
8767,87.68,33.898983001708984,1.7191821118844357,76,5,1,1,1,1,1,0
8768,87.69,33.719215393066406,1.8781644033231857,76,5,1,1,1,1,1,0
8769,87.7,33.37977981567383,1.7075141372214009,76,5,1,1,1,1,1,0
8770,87.71,33.33366012573242,1.8537294199713785,76,5,1,1,1,1,1,0
8771,87.72,33.495765686035156,1.7041406464910909,76,5,1,1,1,1,1,0
8772,87.73,33.696502685546875,1.7816014096235608,76,5,1,1,1,1,1,0
8773,87.74,33.88589859008789,1.8716034119616294,76,5,1,1,1,1,1,0
8774,87.75,33.91091537475586,1.9906074463336647,76,5,1,1,1,1,1,0
8775,87.76,33.823543548583984,1.757784579642241,76,5,1,1,1,1,1,0
8776,87.77,33.40409469604492,1.976453799831793,76,5,1,1,1,1,1,0
8777,87.78,33.53143310546875,1.9092911496424703,76,5,1,1,1,1,1,0
8778,87.79,33.59266662597656,1.844155094866525,76,5,1,1,1,1,1,0
8779,87.8,33.783905029296875,1.836110751466831,76,5,1,1,1,1,1,0
8780,87.81,34.15581512451172,1.770139212446749,76,5,1,1,1,1,1,0
8781,87.82,34.0458869934082,1.8233205012172637,76,5,1,1,1,1,1,0
8782,87.83,34.140419006347656,1.9279202853401096,76,5,1,1,1,1,1,0
8783,87.84,34.3283576965332,1.773840150810938,76,5,1,1,1,1,1,0
8784,87.85,34.02983856201172,1.8199951255723041,76,5,1,1,1,1,1,0
8785,87.86,34.393978118896484,1.8166206039548551,76,5,1,1,1,1,1,0
8786,87.87,34.67152786254883,2.1227805426100104,76,5,1,1,1,1,1,0
8787,87.88,34.34621810913086,1.7695437887646335,76,5,1,1,1,1,1,0
8788,87.89,34.41864776611328,1.900419580009842,76,5,1,1,1,1,1,0
8789,87.9,34.37240219116211,1.7947126680327046,76,5,1,1,1,1,1,0
8790,87.91,34.29998779296875,1.8064342990299496,76,5,1,1,1,1,1,0
8791,87.92,34.54803466796875,1.7822179610309363,76,5,1,1,1,1,1,0
8792,87.93,34.58002471923828,1.7530546495339596,76,5,1,1,1,1,1,0
8793,87.94,34.462764739990234,1.7123361524219756,76,5,1,1,1,1,1,0
8794,87.95,34.09349060058594,1.9381945241145602,76,5,1,1,1,1,1,0
8795,87.96,34.000282287597656,1.7181387762614624,76,5,1,1,1,1,1,0
8796,87.97,34.01929473876953,1.8870638069303936,76,5,1,1,1,1,1,0
8797,87.98,34.38942337036133,1.888596476003979,76,5,1,1,1,1,1,0
8798,87.99,34.16664505004883,1.901606996066115,76,5,1,1,1,1,1,0
8799,88.0,33.92791748046875,1.8784310404857485,76,5,1,1,1,1,1,0
8800,88.01,33.740909576416016,1.8689872194171302,76,5,1,1,1,1,1,0
8801,88.02,33.6932373046875,1.7720273397976192,76,5,1,1,1,1,1,0
8802,88.03,33.589107513427734,1.8597344485855725,76,5,1,1,1,1,1,0
8803,88.04,33.634483337402344,1.609009053704207,76,5,1,1,1,1,1,0
8804,88.05,33.727943420410156,1.8766441977300239,76,5,1,1,1,1,1,0
8805,88.06,33.80672073364258,1.8252922505540699,76,5,1,1,1,1,1,0
8806,88.07,33.769161224365234,1.728265018033578,76,5,1,1,1,1,1,0
8807,88.08,33.72441101074219,1.8769356691465973,76,5,1,1,1,1,1,0
8808,88.09,33.929874420166016,1.7417769152599365,76,5,1,1,1,1,1,0
8809,88.1,34.21125793457031,1.7521686148158082,76,5,1,1,1,1,1,0
8810,88.11,33.84329605102539,1.7090937420429333,76,5,1,1,1,1,1,0
8811,88.12,34.034358978271484,1.7332604315717197,76,5,1,1,1,1,1,0
8812,88.13,34.2705078125,1.8406778206627825,76,5,1,1,1,1,1,0
8813,88.14,33.94576644897461,1.8043829271564367,76,5,1,1,1,1,1,0
8814,88.15,33.87865447998047,1.926939320444289,76,5,1,1,1,1,1,0
8815,88.16,34.06788635253906,1.708395235067782,76,5,1,1,1,1,1,0
8816,88.17,33.81678009033203,2.0341597780991645,76,5,1,1,1,1,1,0
8817,88.18,33.82154846191406,1.67744066751833,76,5,1,1,1,1,1,0
8818,88.19,33.90680694580078,1.8698394690179123,76,5,1,1,1,1,1,0
8819,88.2,33.85908889770508,1.756303081973876,76,5,1,1,1,1,1,0
8820,88.21,34.00769805908203,1.6949310090671288,76,5,1,1,1,1,1,0
8821,88.22,33.88078308105469,1.8878801274810635,76,5,1,1,1,1,1,0
8822,88.23,34.07487869262695,1.5976238421277213,76,5,1,1,1,1,1,0
8823,88.24,33.867637634277344,1.6741315625342794,76,5,1,1,1,1,1,0
8824,88.25,33.7017822265625,1.8729919194959959,76,5,1,1,1,1,1,0
8825,88.26,33.960079193115234,1.8693892467959956,76,5,1,1,1,1,1,0
8826,88.27,34.06631851196289,1.6639134891494578,76,5,1,1,1,1,1,0
8827,88.28,34.13531494140625,1.7032319884721643,76,5,1,1,1,1,1,0
8828,88.29,33.850196838378906,1.7367185163098258,76,5,1,1,1,1,1,0
8829,88.3,33.73812484741211,1.9248368231243553,76,5,1,1,1,1,1,0
8830,88.31,34.05622482299805,1.90496542591743,76,5,1,1,1,1,1,0
8831,88.32,34.33654022216797,1.7985007056480489,76,5,1,1,1,1,1,0
8832,88.33,34.13869094848633,1.8655041992347217,76,5,1,1,1,1,1,0
8833,88.34,34.07032775878906,1.762550915576111,76,5,1,1,1,1,1,0
8834,88.35,34.136260986328125,1.6798213300628753,76,5,1,1,1,1,1,0
8835,88.36,33.933204650878906,1.8067946007032778,76,5,1,1,1,1,1,0
8836,88.37,33.92351531982422,1.9169256503528775,76,5,1,1,1,1,1,0
8837,88.38,33.834903717041016,1.7901382478154484,76,5,1,1,1,1,1,0
8838,88.39,33.88486862182617,1.7459955622964505,76,5,1,1,1,1,1,0
8839,88.4,34.0357780456543,1.664748243030495,76,5,1,1,1,1,1,0
8840,88.41,33.815025329589844,1.7643409825793381,76,5,1,1,1,1,1,0
8841,88.42,34.13717269897461,1.9210440102002062,76,4,0,1,1,1,1,0
8842,88.43,34.1806526184082,1.7364881710591162,76,5,1,1,1,1,1,0
8843,88.44,33.95707321166992,1.7725421559412307,76,5,1,1,1,1,1,0
8844,88.45,33.9034309387207,1.8333315548088567,76,5,1,1,1,1,1,0
8845,88.46,33.74766159057617,1.8366823314599043,76,5,1,1,1,1,1,0
8846,88.47,33.801063537597656,1.9757768935022573,76,5,1,1,1,1,1,0
8847,88.48,34.11460876464844,2.0912423080273435,76,5,1,1,1,1,1,0
8848,88.49,34.149131774902344,1.9426003417198359,76,4,0,1,1,1,1,0
8849,88.5,34.79861068725586,1.8614514362683607,76,5,1,1,1,1,1,0
8850,88.51,34.390220642089844,1.8430971930944908,76,5,1,1,1,1,1,0
8851,88.52,34.562408447265625,1.9823971042192419,76,4,0,1,1,1,1,0
8852,88.53,34.43476104736328,1.8533504297797156,76,5,1,1,1,1,1,0
8853,88.54,33.960269927978516,1.8850480382658785,76,5,1,1,1,1,1,0
8854,88.55,34.15216827392578,1.9238023634163925,76,5,1,1,1,1,1,0
8855,88.56,33.938663482666016,1.943453762630783,76,5,1,1,1,1,1,0
8856,88.57,33.83995056152344,1.8765140298493173,76,5,1,1,1,1,1,0
8857,88.58,33.7109375,1.9239005958825324,76,5,1,1,1,1,1,0
8858,88.59,33.550506591796875,1.8472162522850006,76,5,1,1,1,1,1,0
8859,88.6,33.571720123291016,1.9286557875856147,76,5,1,1,1,1,1,0
8860,88.61,33.69000244140625,1.837093048084905,76,5,1,1,1,1,1,0
8861,88.62,33.6531867980957,1.9028678636703196,76,5,1,1,1,1,1,0
8862,88.63,33.42847442626953,1.9028634132075988,76,5,1,1,1,1,1,0
8863,88.64,32.93376922607422,1.868714274293679,76,5,1,1,1,1,1,0
8864,88.65,33.243900299072266,1.8511054263453326,76,4,0,1,1,1,1,0
8865,88.66,33.41267776489258,1.759855992756387,76,5,1,1,1,1,1,0
8866,88.67,33.218666076660156,1.9929354455350403,76,5,1,1,1,1,1,0
8867,88.68,33.20615768432617,1.9846901701335828,76,5,1,1,1,1,1,0
8868,88.69,33.43495559692383,2.0444585091760388,76,5,1,1,1,1,1,0
8869,88.7,33.70929718017578,1.8539143694857072,76,5,1,1,1,1,1,0
8870,88.71,33.723602294921875,1.9567563687054308,76,5,1,1,1,1,1,0
8871,88.72,33.809329986572266,1.8616942952096782,76,5,1,1,1,1,1,0
8872,88.73,33.98482894897461,1.932380310543919,76,5,1,1,1,1,1,0
8873,88.74,34.22838592529297,2.0098218514427404,76,5,1,1,1,1,1,0
8874,88.75,33.64909362792969,1.7653617017150554,76,4,0,1,1,1,1,0
8875,88.76,33.69206237792969,1.8094435073536714,76,5,1,1,1,1,1,0
8876,88.77,33.54734420776367,2.0201217954603616,76,5,1,1,1,1,1,0
8877,88.78,33.529964447021484,1.8458092438170834,76,4,0,1,1,1,1,0
8878,88.79,33.54611587524414,1.986578581648942,76,5,1,1,1,1,1,0
8879,88.8,33.634063720703125,1.9797251716829356,76,4,0,1,1,1,1,0
8880,88.81,33.89609909057617,1.8747245460124555,76,5,1,1,1,1,1,0
8881,88.82,34.0070686340332,1.7309208213185803,76,5,1,1,1,1,1,0
8882,88.83,33.6595458984375,2.024201331611233,76,5,1,1,1,1,1,0
8883,88.84,33.46493148803711,1.8312049467542266,76,5,1,1,1,1,1,0
8884,88.85,33.37162399291992,1.903733625839048,76,5,1,1,1,1,1,0
8885,88.86,33.38788986206055,1.7422115819559887,76,5,1,1,1,1,1,0
8886,88.87,33.731266021728516,1.8522985623270358,76,5,1,1,1,1,1,0
8887,88.88,33.37364196777344,1.8954679514286203,76,5,1,1,1,1,1,0
8888,88.89,33.5775146484375,1.8655577852828207,76,5,1,1,1,1,1,0
8889,88.9,33.50885009765625,1.6721518161263644,76,5,1,1,1,1,1,0
8890,88.91,33.89071273803711,2.1695393789815123,76,5,1,1,1,1,1,0
8891,88.92,33.54501724243164,1.999729174784737,76,5,1,1,1,1,1,0
8892,88.93,33.637290954589844,1.7369512028845886,76,5,1,1,1,1,1,0
8893,88.94,33.5283317565918,1.8573924181125845,76,5,1,1,1,1,1,0
8894,88.95,33.63444519042969,1.8886243151108277,76,4,0,1,1,1,1,0
8895,88.96,33.7391471862793,1.9993469453856776,76,4,0,1,1,1,1,0
8896,88.97,33.66004180908203,2.2283840198601492,76,4,0,1,1,1,1,0
8897,88.98,33.483097076416016,1.9514317011472735,76,4,0,1,1,1,1,0
8898,88.99,33.23151397705078,2.096493997587252,76,5,1,1,1,1,1,0
8899,89.0,33.342308044433594,2.0655487499015925,76,5,1,1,1,1,1,0
8900,89.01,33.26755142211914,1.9591040451405424,76,4,0,1,1,1,1,0
8901,89.02,33.42158126831055,1.9820684544908045,76,4,0,1,1,1,1,0
8902,89.03,33.74765396118164,1.7523405490668815,76,4,0,1,1,1,1,0
8903,89.04,33.566104888916016,1.900052472658561,76,4,0,1,1,1,1,0
8904,89.05,33.43973922729492,1.7163969777606365,76,4,0,1,1,1,1,0
8905,89.06,33.60317611694336,1.97225977297359,76,5,1,1,1,1,1,0
8906,89.07,33.65164566040039,1.8836373055649387,76,4,0,1,1,1,1,0
8907,89.08,33.892704010009766,2.006092829648695,76,5,1,1,1,1,1,0
8908,89.09,33.603271484375,1.9070687022707582,76,5,1,1,1,1,1,0
8909,89.1,33.5891227722168,2.1267327888938254,76,4,0,1,1,1,1,0
8910,89.11,33.43669128417969,1.8646445672562666,76,5,1,1,1,1,1,0
8911,89.12,33.837547302246094,1.9506943578640934,76,5,1,1,1,1,1,0
8912,89.13,33.461326599121094,2.120967832647581,76,5,1,1,1,1,1,0
8913,89.14,33.5040397644043,2.0414212127035274,76,5,1,1,1,1,1,0
8914,89.15,33.51795959472656,1.8691491632251898,76,5,1,1,1,1,1,0
8915,89.16,33.50943374633789,1.9161383927972155,76,5,1,1,1,1,1,0
8916,89.17,33.68456268310547,1.8981584237401048,76,5,1,1,1,1,1,0
8917,89.18,33.94197463989258,1.8220297995194463,76,5,1,1,1,1,1,0
8918,89.19,33.877197265625,1.8663606964226302,76,4,0,1,1,1,1,0
8919,89.2,33.442832946777344,1.7995815384111382,76,5,1,1,1,1,1,0
8920,89.21,33.701812744140625,1.798001723854631,76,5,1,1,1,1,1,0
8921,89.22,33.50624465942383,1.8797340448456665,76,5,1,1,1,1,1,0
8922,89.23,33.5489501953125,1.8725907470558092,76,5,1,1,1,1,1,0
8923,89.24,33.62469482421875,1.7867819303937775,76,5,1,1,1,1,1,0
8924,89.25,33.59492492675781,1.9164555321384869,76,5,1,1,1,1,1,0
8925,89.26,33.50424575805664,1.9222846473571686,76,5,1,1,1,1,1,0
8926,89.27,33.46690368652344,1.788461921583142,76,5,1,1,1,1,1,0
8927,89.28,33.57526397705078,2.036885566419482,76,5,1,1,1,1,1,0
8928,89.29,33.49939727783203,1.8186004774459308,76,5,1,1,1,1,1,0
8929,89.3,33.285545349121094,1.8561263752408017,76,5,1,1,1,1,1,0
8930,89.31,33.763916015625,1.9940697228214526,76,4,0,1,1,1,1,0
8931,89.32,33.26662063598633,2.041911311392426,76,5,1,1,1,1,1,0
8932,89.33,33.63346481323242,1.8113824401857723,76,4,0,1,1,1,1,0
8933,89.34,33.574302673339844,1.9775464401946377,76,4,0,1,1,1,1,0
8934,89.35,33.84126663208008,1.8419007062482977,76,4,0,1,1,1,1,0
8935,89.36,33.36854553222656,1.9160699103687975,76,4,0,1,1,1,1,0
8936,89.37,33.90966796875,1.9278217234241615,76,4,0,1,1,1,1,0
8937,89.38,33.76850128173828,2.0274848849025355,76,4,0,1,1,1,1,0
8938,89.39,33.58187484741211,2.231164441092422,76,4,0,1,1,1,1,0
8939,89.4,33.5613899230957,1.7851102308917095,76,4,0,1,1,1,1,0
8940,89.41,33.40462112426758,2.0407127391910156,76,5,1,1,1,1,1,0
8941,89.42,33.291656494140625,1.8645660918409526,76,4,0,1,1,1,1,0
8942,89.43,33.69237518310547,1.8156518191388198,76,4,0,1,1,1,1,0
8943,89.44,33.64198303222656,2.132087113372538,76,4,0,1,1,1,1,0
8944,89.45,33.59035873413086,1.8628454834749537,76,5,1,1,1,1,1,0
8945,89.46,33.65670394897461,1.9571898264135545,76,5,1,1,1,1,1,0
8946,89.47,33.44858932495117,1.7594914993607547,76,5,1,1,1,1,1,0
8947,89.48,33.57671356201172,2.02861741287504,76,4,0,1,1,1,1,0
8948,89.49,33.376163482666016,1.9921374855932006,76,5,1,1,1,1,1,0
8949,89.5,33.40705108642578,1.8410894900237238,76,5,1,1,1,1,1,0
8950,89.51,33.49462890625,1.9212810041982493,76,5,1,1,1,1,1,0
8951,89.52,33.43320846557617,1.7584685008619294,76,5,1,1,1,1,1,0
8952,89.53,33.921485900878906,1.7820502793849806,76,5,1,1,1,1,1,0
8953,89.54,33.432769775390625,1.792931237695474,76,5,1,1,1,1,1,0
8954,89.55,33.52138900756836,2.0909792870006823,76,4,0,1,1,1,1,0
8955,89.56,33.71938705444336,1.861454079886481,76,4,0,1,1,1,1,0
8956,89.57,33.57040786743164,1.8364335682926873,76,4,0,1,1,1,1,0
8957,89.58,33.80265426635742,1.7853299226639152,76,4,0,1,1,1,1,0
8958,89.59,33.636741638183594,1.9748701469161665,76,4,0,1,1,1,1,0
8959,89.6,34.06475830078125,1.9591354386259114,76,4,0,1,1,1,1,0
8960,89.61,34.01825714111328,1.9546088582092458,76,4,0,1,1,1,1,0
8961,89.62,34.03984832763672,2.1122966427418097,76,4,0,1,1,1,1,0
8962,89.63,33.936920166015625,1.9163776456265373,76,4,0,1,1,1,1,0
8963,89.64,33.66672134399414,2.0139773061904873,76,4,0,1,1,1,1,0
8964,89.65,33.968223571777344,1.987841521864939,76,4,0,1,1,1,1,0
8965,89.66,33.56208801269531,2.0308115655141252,76,4,0,1,1,1,1,0
8966,89.67,33.40406799316406,1.8879367558529596,76,4,0,1,1,1,1,0
8967,89.68,33.81052017211914,1.9181487401235449,76,4,0,1,1,1,1,0
8968,89.69,33.46549987792969,1.9215885203193555,76,4,0,1,1,1,1,0
8969,89.7,33.34202194213867,2.0233177193748095,76,4,0,1,1,1,1,0
8970,89.71,33.35850524902344,2.0759074480351605,76,4,0,1,1,1,1,0
8971,89.72,33.479942321777344,1.951743457477172,76,4,0,1,1,1,1,0
8972,89.73,33.70479202270508,1.8724824887793063,76,4,0,1,1,1,1,0
8973,89.74,33.416385650634766,1.8711770034669137,76,4,0,1,1,1,1,0
8974,89.75,33.086849212646484,1.8657180843723737,76,4,0,1,1,1,1,0
8975,89.76,33.50962448120117,2.0342093151528724,76,4,0,1,1,1,1,0
8976,89.77,33.462711334228516,1.9211996797039403,76,4,0,1,1,1,1,0
8977,89.78,33.52313232421875,2.093560807981268,76,4,0,1,1,1,1,0
8978,89.79,33.32749938964844,1.8280036034089249,76,4,0,1,1,1,1,0
8979,89.8,33.577598571777344,1.9378605826288626,76,4,0,1,1,1,1,0
8980,89.81,33.822608947753906,2.0406396326947185,76,4,0,1,1,1,1,0
8981,89.82,33.531227111816406,1.8308752282931309,76,4,0,1,1,1,1,0
8982,89.83,33.38283157348633,1.9581092800340734,76,4,0,1,1,1,1,0
8983,89.84,33.636512756347656,1.955119977232096,76,4,0,1,1,1,1,0
8984,89.85,33.61397171020508,1.7800529892202706,76,4,0,1,1,1,1,0
8985,89.86,33.31068420410156,1.7923730176967467,76,4,0,1,1,1,1,0
8986,89.87,33.25002670288086,1.8457802629388085,76,4,0,1,1,1,1,0
8987,89.88,33.3921012878418,1.8307927425138197,76,4,0,1,1,1,1,0
8988,89.89,33.32644271850586,1.9471295996920943,76,4,0,1,1,1,1,0
8989,89.9,33.42599105834961,2.041912712544977,76,4,0,1,1,1,1,0
8990,89.91,33.555694580078125,1.9367262843900825,76,4,0,1,1,1,1,0
8991,89.92,33.03068161010742,1.960053103762974,76,4,0,1,1,1,1,0
8992,89.93,33.30778121948242,1.9086108555591559,76,4,0,1,1,1,1,0
8993,89.94,33.47935104370117,1.9088747386833136,76,4,0,1,1,1,1,0
8994,89.95,33.34419250488281,1.9670049092455526,76,5,1,1,1,1,1,0
8995,89.96,33.53327178955078,1.800053522799135,76,5,1,1,1,1,1,0
8996,89.97,33.34214401245117,1.9257476702200707,76,5,1,1,1,1,1,0
8997,89.98,33.390445709228516,2.058179291479998,76,5,1,1,1,1,1,0
8998,89.99,33.490848541259766,1.9170278369251834,76,4,0,1,1,1,1,0
8999,90.0,33.35343551635742,1.9753739185079513,76,4,0,1,1,1,1,0
9000,90.01,33.325950622558594,2.0742685022302623,76,5,1,1,1,1,1,0
9001,90.02,33.42463302612305,1.5947425046096626,76,4,0,1,1,1,1,0
9002,90.03,33.3135986328125,2.0775518763056255,76,4,0,1,1,1,1,0
9003,90.04,33.515159606933594,1.8898951159252175,76,4,0,1,1,1,1,0
9004,90.05,33.667179107666016,1.9970200784507661,76,4,0,1,1,1,1,0
9005,90.06,33.92215347290039,2.0082308849469586,76,4,0,1,1,1,1,0
9006,90.07,33.75105285644531,1.850675140086108,76,4,0,1,1,1,1,0
9007,90.08,33.50355911254883,1.835238785760526,76,4,0,1,1,1,1,0
9008,90.09,33.70868682861328,1.8532633250025425,76,5,1,1,1,1,1,0
9009,90.1,33.43363952636719,2.0836044954563624,76,5,1,1,1,1,1,0
9010,90.11,33.41834259033203,1.8970259300183745,76,5,1,1,1,1,1,0
9011,90.12,33.61484909057617,1.9295815032967762,76,4,0,1,1,1,1,0
9012,90.13,33.55337142944336,1.799194979905336,76,4,0,1,1,1,1,0
9013,90.14,33.766395568847656,1.9318348534231198,76,4,0,1,1,1,1,0
9014,90.15,33.73246383666992,1.9831569819365868,76,4,0,1,1,1,1,0
9015,90.16,33.83851623535156,1.7290783679710104,76,4,0,1,1,1,1,0
9016,90.17,33.9755859375,1.8732077599716435,76,5,1,1,1,1,1,0
9017,90.18,33.97634506225586,1.8180505167057173,76,5,1,1,1,1,1,0
9018,90.19,34.142860412597656,2.0526580794312372,76,5,1,1,1,1,1,0
9019,90.2,33.887454986572266,1.8382075643338769,76,5,1,1,1,1,1,0
9020,90.21,33.91622543334961,1.9726914484823295,76,5,1,1,1,1,1,0
9021,90.22,33.954994201660156,2.0001018330417764,76,5,1,1,1,1,1,0
9022,90.23,33.79581069946289,1.9056488429978111,76,5,1,1,1,1,1,0
9023,90.24,33.823822021484375,1.8904219964628455,76,5,1,1,1,1,1,0
9024,90.25,33.7196159362793,2.127110335533187,76,5,1,1,1,1,1,0
9025,90.26,33.81058120727539,1.8217305065736946,76,5,1,1,1,1,1,0
9026,90.27,33.62946319580078,1.8630293846837231,76,5,1,1,1,1,1,0
9027,90.28,33.697593688964844,2.1255293085124642,76,5,1,1,1,1,1,0
9028,90.29,33.5634765625,1.9295874539173465,76,5,1,1,1,1,1,0
9029,90.3,33.59870529174805,1.8159544246538988,76,5,1,1,1,1,1,0
9030,90.31,33.17392349243164,1.8718198201485448,76,5,1,1,1,1,1,0
9031,90.32,33.357112884521484,1.8451630716382197,76,5,1,1,1,1,1,0
9032,90.33,33.11970138549805,2.240918762617258,76,5,1,1,1,1,1,0
9033,90.34,33.06705093383789,1.9263744752261123,76,5,1,1,1,1,1,0
9034,90.35,33.353233337402344,1.9696948137539976,76,5,1,1,1,1,1,0
9035,90.36,32.944091796875,1.988441444313164,76,5,1,1,1,1,1,0
9036,90.37,33.290828704833984,2.2386167826336223,76,5,1,1,1,1,1,0
9037,90.38,33.51544952392578,2.0122138764217654,76,5,1,1,1,1,1,0
9038,90.39,33.412269592285156,1.8867462561128665,76,5,1,1,1,1,1,0
9039,90.4,32.926273345947266,2.0644150422254666,76,5,1,1,1,1,1,0
9040,90.41,33.35881042480469,1.8891805521476128,76,5,1,1,1,1,1,0
9041,90.42,33.36665725708008,2.051683419866571,76,5,1,1,1,1,1,0
9042,90.43,33.617950439453125,1.9028922864851348,76,5,1,1,1,1,1,0
9043,90.44,33.29079055786133,2.026574539471883,76,5,1,1,1,1,1,0
9044,90.45,33.46235275268555,1.9113603423102778,76,4,0,1,1,1,1,0
9045,90.46,33.206356048583984,1.8998945283257211,76,5,1,1,1,1,1,0
9046,90.47,33.38383102416992,1.9610212973903451,76,5,1,1,1,1,1,0
9047,90.48,32.98468017578125,2.048535288001919,76,5,1,1,1,1,1,0
9048,90.49,33.067726135253906,1.809776645603617,76,4,0,1,1,1,1,0
9049,90.5,33.22439193725586,1.938815121177153,76,5,1,1,1,1,1,0
9050,90.51,33.17647171020508,1.8942281426361145,76,5,1,1,1,1,1,0
9051,90.52,33.171974182128906,1.9535637772781715,76,4,0,1,1,1,1,0
9052,90.53,33.04503631591797,1.7602846132287169,76,5,1,1,1,1,1,0
9053,90.54,32.89656066894531,1.8280869036541394,76,5,1,1,1,1,1,0
9054,90.55,33.042625427246094,2.0300962701547896,76,5,1,1,1,1,1,0
9055,90.56,32.97596740722656,1.9535879373314309,76,5,1,1,1,1,1,0
9056,90.57,32.82206726074219,1.9110968622919553,76,5,1,1,1,1,1,0
9057,90.58,33.10184097290039,1.9546104780677858,76,5,1,1,1,1,1,0
9058,90.59,33.168209075927734,1.878855112352602,76,5,1,1,1,1,1,0
9059,90.6,33.46144104003906,1.801361135624836,76,5,1,1,1,1,1,0
9060,90.61,33.02919006347656,2.024325941386493,76,5,1,1,1,1,1,0
9061,90.62,33.298343658447266,2.0187653271389716,76,4,0,1,1,1,1,0
9062,90.63,33.20707702636719,2.0969292647430295,76,5,1,1,1,1,1,0
9063,90.64,33.317604064941406,1.872271271257534,76,5,1,1,1,1,1,0
9064,90.65,33.15651321411133,1.7625012103208075,76,5,1,1,1,1,1,0
9065,90.66,33.49245834350586,2.2068290539300954,76,5,1,1,1,1,1,0
9066,90.67,33.08244323730469,1.9014170757112432,76,5,1,1,1,1,1,0
9067,90.68,33.021751403808594,2.1066106532125772,76,5,1,1,1,1,1,0
9068,90.69,33.32150650024414,1.969033296677463,76,4,0,1,1,1,1,0
9069,90.7,33.47288513183594,2.083143970075544,76,5,1,1,1,1,1,0
9070,90.71,33.37458801269531,1.9728397748790205,76,5,1,1,1,1,1,0
9071,90.72,33.273006439208984,1.9887227070137377,76,5,1,1,1,1,1,0
9072,90.73,33.482398986816406,2.1809672171635897,76,5,1,1,1,1,1,0
9073,90.74,33.29732894897461,1.947973516492115,76,5,1,1,1,1,1,0
9074,90.75,33.077144622802734,1.667272762621809,76,5,1,1,1,1,1,0
9075,90.76,33.022300720214844,1.8626343609787674,76,4,0,1,1,1,1,0
9076,90.77,33.08108139038086,1.9685818039595295,76,5,1,1,1,1,1,0
9077,90.78,33.10685348510742,2.1500919964711476,76,5,1,1,1,1,1,0
9078,90.79,32.86819076538086,1.8953078740044118,76,5,1,1,1,1,1,0
9079,90.8,33.023162841796875,2.065286076938042,76,5,1,1,1,1,1,0
9080,90.81,32.73014831542969,1.9446604423011915,76,5,1,1,1,1,1,0
9081,90.82,32.79898452758789,1.91564692792468,76,5,1,1,1,1,1,0
9082,90.83,32.74461364746094,1.80305558149229,76,4,0,1,1,1,1,0
9083,90.84,32.66576385498047,2.0004265475326473,76,4,0,1,1,1,1,0
9084,90.85,32.623016357421875,1.8836414369215206,76,5,1,1,1,1,1,0
9085,90.86,32.92605972290039,1.7938562686407005,76,5,1,1,1,1,1,0
9086,90.87,32.95172882080078,1.9983239062896339,76,5,1,1,1,1,1,0
9087,90.88,32.947696685791016,2.012114324731082,76,5,1,1,1,1,1,0
9088,90.89,33.04286575317383,1.864026316092905,76,5,1,1,1,1,1,0
9089,90.9,32.974693298339844,1.9177067364956157,76,5,1,1,1,1,1,0
9090,90.91,33.111793518066406,2.092961904212911,76,4,0,1,1,1,1,0
9091,90.92,33.14426803588867,1.921536814446364,76,4,0,1,1,1,1,0
9092,90.93,33.407859802246094,1.8009456168320528,76,4,0,1,1,1,1,0
9093,90.94,33.18022918701172,1.9255621515856067,76,4,0,1,1,1,1,0
9094,90.95,32.9645881652832,1.8338245637355002,76,4,0,1,1,1,1,0
9095,90.96,33.03713607788086,1.8772277862302071,76,4,0,1,1,1,1,0
9096,90.97,33.127716064453125,1.8841176776460775,76,4,0,1,1,1,1,0
9097,90.98,33.125038146972656,1.9886162437448973,76,4,0,1,1,1,1,0
9098,90.99,33.165367126464844,1.9119864769959816,76,4,0,1,1,1,1,0
9099,91.0,33.12416076660156,2.04738457622062,76,4,0,1,1,1,1,0
9100,91.01,32.836524963378906,1.7951313720951947,76,4,0,1,1,1,1,0
9101,91.02,32.962608337402344,1.8088943265702377,76,5,1,1,1,1,1,0
9102,91.03,33.1422004699707,1.8398664591899632,76,4,0,1,1,1,1,0
9103,91.04,33.33203887939453,2.023980196140367,76,4,0,1,1,1,1,0
9104,91.05,32.978477478027344,1.7705677996793456,76,5,1,1,1,1,1,0
9105,91.06,33.10007858276367,1.9566535275158028,76,5,1,1,1,1,1,0
9106,91.07,32.95692825317383,1.847080148526107,76,5,1,1,1,1,1,0
9107,91.08,32.915828704833984,2.0959692223961794,76,5,1,1,1,1,1,0
9108,91.09,33.413997650146484,2.049117329454445,76,5,1,1,1,1,1,0
9109,91.1,33.01028823852539,1.9722288398399068,76,5,1,1,1,1,1,0
9110,91.11,33.04767990112305,1.8246627144790115,76,5,1,1,1,1,1,0
9111,91.12,33.33123779296875,1.9325372579347786,76,5,1,1,1,1,1,0
9112,91.13,33.33979034423828,1.9048613105822523,76,4,0,1,1,1,1,0
9113,91.14,32.98040771484375,2.0484858925358065,76,5,1,1,1,1,1,0
9114,91.15,33.03925704956055,1.8382101168678102,76,5,1,1,1,1,1,0
9115,91.16,33.01179504394531,1.831721442357418,76,5,1,1,1,1,1,0
9116,91.17,33.47268295288086,1.7616424101804171,76,5,1,1,1,1,1,0
9117,91.18,32.88487243652344,1.9148376635102673,76,5,1,1,1,1,1,0
9118,91.19,33.123348236083984,1.8828921598916624,76,5,1,1,1,1,1,0
9119,91.2,33.16830825805664,1.953715332663682,76,5,1,1,1,1,1,0
9120,91.21,33.290557861328125,1.8884108225158263,76,5,1,1,1,1,1,0
9121,91.22,33.37097930908203,1.8944660145042507,76,5,1,1,1,1,1,0
9122,91.23,33.03831481933594,1.8639778637616184,76,5,1,1,1,1,1,0
9123,91.24,32.97861862182617,1.9243699459104904,76,5,1,1,1,1,1,0
9124,91.25,33.25931167602539,2.047851727542611,76,5,1,1,1,1,1,0
9125,91.26,33.3575325012207,1.919115448486519,76,5,1,1,1,1,1,0
9126,91.27,33.60103225708008,2.085786445551168,76,5,1,1,1,1,1,0
9127,91.28,33.16378402709961,2.1459515674656617,76,5,1,1,1,1,1,0
9128,91.29,33.100746154785156,1.918670406928719,76,4,0,1,1,1,1,0
9129,91.3,32.9677734375,1.9012056416604655,76,4,0,1,1,1,1,0
9130,91.31,33.05268096923828,1.724820489805162,76,4,0,1,1,1,1,0
9131,91.32,33.055362701416016,1.8463227490042522,76,4,0,1,1,1,1,0
9132,91.33,33.39366912841797,2.087725124990988,76,4,0,1,1,1,1,0
9133,91.34,33.28166198730469,1.8802655783215585,76,4,0,1,1,1,1,0
9134,91.35,33.5311393737793,1.853510138133881,76,4,0,1,1,1,1,0
9135,91.36,33.472434997558594,1.919220539663964,76,4,0,1,1,1,1,0
9136,91.37,33.456233978271484,2.1125806515442687,76,4,0,1,1,1,1,0
9137,91.38,33.495819091796875,2.156986564643451,76,4,0,1,1,1,1,0
9138,91.39,33.315731048583984,1.8639160049628996,76,4,0,1,1,1,1,0
9139,91.4,33.421756744384766,1.822252974237572,76,4,0,1,1,1,1,0
9140,91.41,33.34912109375,1.9908258313728378,76,4,0,1,1,1,1,0
9141,91.42,33.5810432434082,2.0886886644374445,76,4,0,1,1,1,1,0
9142,91.43,33.11574935913086,2.066835302964035,76,4,0,1,1,1,1,0
9143,91.44,33.394775390625,1.8009452991002282,76,4,0,1,1,1,1,0
9144,91.45,33.35655975341797,1.96824594397228,76,4,0,1,1,1,1,0
9145,91.46,33.087947845458984,2.053020609954893,76,4,0,1,1,1,1,0
9146,91.47,33.27203369140625,1.7914506278972062,76,4,0,1,1,1,1,0
9147,91.48,32.98279571533203,1.7278341064767844,76,4,0,1,1,1,1,0
9148,91.49,33.31877899169922,1.8987612619394398,76,4,0,1,1,1,1,0
9149,91.5,33.30886459350586,1.8980512217948449,76,4,0,1,1,1,1,0
9150,91.51,33.04453659057617,1.9497181991028139,76,4,0,1,1,1,1,0
9151,91.52,33.2514533996582,1.8033851403626262,76,4,0,1,1,1,1,0
9152,91.53,33.43561553955078,1.9626705971305887,76,4,0,1,1,1,1,0
9153,91.54,33.14567565917969,1.8906083806103058,76,4,0,1,1,1,1,0
9154,91.55,33.028446197509766,1.9552268791775902,76,4,0,1,1,1,1,0
9155,91.56,33.1054801940918,2.049634962381013,76,4,0,1,1,1,1,0
9156,91.57,33.05742645263672,1.9786334645328563,76,4,0,1,1,1,1,0
9157,91.58,33.23295974731445,1.7780358568347863,76,4,0,1,1,1,1,0
9158,91.59,33.321537017822266,2.000647712349853,76,4,0,1,1,1,1,0
9159,91.6,32.942474365234375,2.102333342746465,76,4,0,1,1,1,1,0
9160,91.61,33.06189727783203,1.9271219946169538,76,4,0,1,1,1,1,0
9161,91.62,33.120574951171875,2.0156612445287205,76,4,0,1,1,1,1,0
9162,91.63,33.07465362548828,1.8248560868126715,76,4,0,1,1,1,1,0
9163,91.64,33.15669250488281,1.862096524569354,76,4,0,1,1,1,1,0
9164,91.65,33.09914779663086,1.850269994880561,76,4,0,1,1,1,1,0
9165,91.66,32.81288146972656,2.0006220994511077,76,4,0,1,1,1,1,0
9166,91.67,32.80131912231445,1.9759815838249695,76,4,0,1,1,1,1,0
9167,91.68,32.782798767089844,2.052535208287997,76,4,0,1,1,1,1,0
9168,91.69,32.59337615966797,1.8309257650487172,76,4,0,1,1,1,1,0
9169,91.7,32.88136291503906,2.028864878980171,76,4,0,1,1,1,1,0
9170,91.71,33.06182861328125,2.099830258007745,76,4,0,1,1,1,1,0
9171,91.72,32.87577819824219,2.024748626555557,76,4,0,1,1,1,1,0
9172,91.73,33.20353317260742,1.8539995507339708,76,4,0,1,1,1,1,0
9173,91.74,33.071449279785156,2.051559114387701,76,4,0,1,1,1,1,0
9174,91.75,33.02386474609375,1.9070378718933056,76,4,0,1,1,1,1,0
9175,91.76,33.0546875,2.173799979463027,76,4,0,1,1,1,1,0
9176,91.77,33.09794998168945,2.0724350852661746,76,4,0,1,1,1,1,0
9177,91.78,33.2244987487793,1.9778264555854914,76,4,0,1,1,1,1,0
9178,91.79,33.3652458190918,1.8581975641120039,76,4,0,1,1,1,1,0
9179,91.8,33.2899284362793,2.0115924414271125,76,4,0,1,1,1,1,0
9180,91.81,33.244449615478516,2.0081343461715755,76,4,0,1,1,1,1,0
9181,91.82,33.00774383544922,1.928390239561647,76,4,0,1,1,1,1,0
9182,91.83,32.84131622314453,1.9156965824471472,76,4,0,1,1,1,1,0
9183,91.84,32.931541442871094,1.7345880851693765,76,4,0,1,1,1,1,0
9184,91.85,33.36018371582031,1.9071963847355593,76,4,0,1,1,1,1,0
9185,91.86,33.16885757446289,1.9303080132286985,76,4,0,1,1,1,1,0
9186,91.87,33.25449752807617,1.888308582241078,76,4,0,1,1,1,1,0
9187,91.88,33.63404846191406,1.8898921891470963,76,4,0,1,1,1,1,0
9188,91.89,33.29752731323242,1.8255450812777165,76,4,0,1,1,1,1,0
9189,91.9,33.42494201660156,1.852861875128644,76,4,0,1,1,1,1,0
9190,91.91,33.251468658447266,1.8768324582397051,76,4,0,1,1,1,1,0
9191,91.92,33.197845458984375,1.7521693550481805,76,5,1,1,1,1,1,0
9192,91.93,33.16645050048828,1.8299127184883597,76,5,1,1,1,1,1,0
9193,91.94,33.30452346801758,1.9277160127717226,76,5,1,1,1,1,1,0
9194,91.95,33.50025177001953,1.897421393294389,76,5,1,1,1,1,1,0
9195,91.96,33.51357650756836,1.7339246714453198,76,4,0,1,1,1,1,0
9196,91.97,33.17481231689453,1.8718179859789281,76,5,1,1,1,1,1,0
9197,91.98,33.386756896972656,1.9461230098145632,76,4,0,1,1,1,1,0
9198,91.99,33.21670150756836,1.8689853212347018,76,4,0,1,1,1,1,0
9199,92.0,33.2325439453125,1.9655338670767852,76,4,0,1,1,1,1,0
9200,92.01,33.28548049926758,1.848917789958545,76,4,0,1,1,1,1,0
9201,92.02,33.35429763793945,1.8983669619466044,76,4,0,1,1,1,1,0
9202,92.03,33.41655731201172,1.824335828351861,76,4,0,1,1,1,1,0
9203,92.04,33.24190902709961,2.035336021034157,76,4,0,1,1,1,1,0
9204,92.05,33.44779586791992,1.8994213395619794,76,5,1,1,1,1,1,0
9205,92.06,33.82683181762695,2.033154987878648,76,4,0,1,1,1,1,0
9206,92.07,33.33135986328125,1.8459089402525222,76,5,1,1,1,1,1,0
9207,92.08,33.64778518676758,1.8339004856376278,76,4,0,1,1,1,1,0
9208,92.09,33.436737060546875,1.8233242671225711,76,4,0,1,1,1,1,0
9209,92.1,33.33592224121094,1.815708935374187,76,4,0,1,1,1,1,0
9210,92.11,33.29360580444336,1.953689182577485,76,4,0,1,1,1,1,0
9211,92.12,33.3103141784668,2.066152147219548,76,4,0,1,1,1,1,0
9212,92.13,33.19462585449219,1.902787195659071,76,4,0,1,1,1,1,0
9213,92.14,33.174617767333984,1.881197012628369,76,4,0,1,1,1,1,0
9214,92.15,33.56608963012695,1.8476452794403648,76,4,0,1,1,1,1,0
9215,92.16,33.43581771850586,2.1200485324729548,76,4,0,1,1,1,1,0
9216,92.17,33.15488052368164,1.8928782737388608,76,4,0,1,1,1,1,0
9217,92.18,33.440738677978516,1.8442617271884525,76,4,0,1,1,1,1,0
9218,92.19,33.57435607910156,1.7911213862651487,76,4,0,1,1,1,1,0
9219,92.2,33.56154251098633,1.9647082551572792,76,4,0,1,1,1,1,0
9220,92.21,33.69713592529297,1.7640296961977386,76,4,0,1,1,1,1,0
9221,92.22,33.4888801574707,1.7769638862625536,76,4,0,1,1,1,1,0
9222,92.23,33.53927230834961,1.9801740273279491,76,4,0,1,1,1,1,0
9223,92.24,33.62704086303711,2.0396357529075204,76,4,0,1,1,1,1,0
9224,92.25,33.66108703613281,1.8678578556085554,76,4,0,1,1,1,1,0
9225,92.26,33.6585693359375,2.006514412733564,76,4,0,1,1,1,1,0
9226,92.27,33.68050765991211,1.942913358054111,76,4,0,1,1,1,1,0
9227,92.28,33.853172302246094,1.8231065382968996,76,4,0,1,1,1,1,0
9228,92.29,33.80551528930664,1.7611352380388505,76,4,0,1,1,1,1,0
9229,92.3,33.86153793334961,1.966162642123691,76,4,0,1,1,1,1,0
9230,92.31,33.44392776489258,1.9543508770135267,76,4,0,1,1,1,1,0
9231,92.32,33.68323516845703,1.8186295138745836,76,4,0,1,1,1,1,0
9232,92.33,33.750946044921875,1.8080629004763662,76,4,0,1,1,1,1,0
9233,92.34,33.80301284790039,2.0585701152124325,76,4,0,1,1,1,1,0
9234,92.35,33.42390823364258,1.8781107707332112,76,4,0,1,1,1,1,0
9235,92.36,33.4720573425293,1.911466737963953,76,4,0,1,1,1,1,0
9236,92.37,33.524166107177734,1.7869250818639768,76,4,0,1,1,1,1,0
9237,92.38,33.3043327331543,1.9091617889987587,76,4,0,1,1,1,1,0
9238,92.39,33.4028205871582,1.8370111737554153,76,4,0,1,1,1,1,0
9239,92.4,33.29335021972656,1.963793717165644,76,4,0,1,1,1,1,0
9240,92.41,33.474178314208984,1.8828984606648427,76,4,0,1,1,1,1,0
9241,92.42,33.29528045654297,1.88135500592691,76,4,0,1,1,1,1,0
9242,92.43,33.45243453979492,1.8396176496586547,76,4,0,1,1,1,1,0
9243,92.44,33.616939544677734,1.7760910678267208,76,4,0,1,1,1,1,0
9244,92.45,33.49678039550781,2.104305461916861,76,4,0,1,1,1,1,0
9245,92.46,33.37968063354492,1.773893409192978,76,4,0,1,1,1,1,0
9246,92.47,33.650917053222656,1.8090341467422646,76,5,1,1,1,1,1,0
9247,92.48,33.4443359375,2.015609548306572,76,4,0,1,1,1,1,0
9248,92.49,33.394134521484375,2.1346908638596727,76,4,0,1,1,1,1,0
9249,92.5,33.483558654785156,1.7243571649944132,76,4,0,1,1,1,1,0
9250,92.51,33.567134857177734,1.7817419799275347,76,4,0,1,1,1,1,0
9251,92.52,33.5839729309082,1.9568630447991198,76,4,0,1,1,1,1,0
9252,92.53,33.338619232177734,1.8802424948165837,76,4,0,1,1,1,1,0
9253,92.54,33.41594314575195,1.7733005797929722,76,4,0,1,1,1,1,0
9254,92.55,33.664306640625,2.004221053794214,76,4,0,1,1,1,1,0
9255,92.56,33.53324508666992,1.807618928540048,76,4,0,1,1,1,1,0
9256,92.57,33.69926834106445,2.2217536536482543,76,4,0,1,1,1,1,0
9257,92.58,33.84098434448242,1.8284966510917733,76,4,0,1,1,1,1,0
9258,92.59,33.479373931884766,1.8352149176503507,76,4,0,1,1,1,1,0
9259,92.6,33.443119049072266,1.7538790643796471,76,4,0,1,1,1,1,0
9260,92.61,33.174129486083984,1.9937126461366668,76,4,0,1,1,1,1,0
9261,92.62,33.410491943359375,1.8243879890079242,76,4,0,1,1,1,1,0
9262,92.63,33.38360595703125,1.9028668613114865,76,4,0,1,1,1,1,0
9263,92.64,33.09880447387695,1.8796539669963557,76,4,0,1,1,1,1,0
9264,92.65,33.30207443237305,2.1032131644793557,76,4,0,1,1,1,1,0
9265,92.66,33.05048751831055,1.9809795792524696,76,5,1,1,1,1,1,0
9266,92.67,33.16633987426758,2.051657198346589,76,4,0,1,1,1,1,0
9267,92.68,33.52997589111328,1.791899585060901,76,4,0,1,1,1,1,0
9268,92.69,33.347408294677734,1.7914826383043732,76,5,1,1,1,1,1,0
9269,92.7,33.42225646972656,2.0136037679500767,76,4,0,1,1,1,1,0
9270,92.71,33.51152801513672,1.8839833690785082,76,4,0,1,1,1,1,0
9271,92.72,33.3748664855957,2.121224617568691,76,4,0,1,1,1,1,0
9272,92.73,33.14918518066406,2.003720765362391,76,4,0,1,1,1,1,0
9273,92.74,33.41986846923828,1.7359714306026044,76,4,0,1,1,1,1,0
9274,92.75,33.40329360961914,1.8719528820933702,76,4,0,1,1,1,1,0
9275,92.76,33.73836898803711,1.9042319315945704,76,4,0,1,1,1,1,0
9276,92.77,33.41044998168945,1.934865513746052,76,4,0,1,1,1,1,0
9277,92.78,33.531036376953125,1.8257628118090803,76,4,0,1,1,1,1,0
9278,92.79,33.46076202392578,1.8182982598343513,76,4,0,1,1,1,1,0
9279,92.8,33.473655700683594,1.7266454978648618,76,4,0,1,1,1,1,0
9280,92.81,33.81428527832031,1.7849902557249757,76,5,1,1,1,1,1,0
9281,92.82,33.88026809692383,1.8714197214134802,76,4,0,1,1,1,1,0
9282,92.83,33.71009826660156,1.8364381381974189,76,4,0,1,1,1,1,0
9283,92.84,33.54533767700195,1.776457738467303,76,5,1,1,1,1,1,0
9284,92.85,33.853309631347656,1.8988355316853203,76,5,1,1,1,1,1,0
9285,92.86,33.694114685058594,1.7077839690542258,76,5,1,1,1,1,1,0
9286,92.87,33.55699157714844,1.8606741104093953,76,5,1,1,1,1,1,0
9287,92.88,33.498050689697266,1.9119083286183443,76,5,1,1,1,1,1,0
9288,92.89,33.718910217285156,1.843391961563101,76,5,1,1,1,1,1,0
9289,92.9,33.704280853271484,1.9443260613954156,76,5,1,1,1,1,1,0
9290,92.91,33.444183349609375,1.8997365909496273,76,4,0,1,1,1,1,0
9291,92.92,33.73384475708008,1.8698884222925638,76,5,1,1,1,1,1,0
9292,92.93,33.5777702331543,1.7682725034658964,76,5,1,1,1,1,1,0
9293,92.94,33.3003044128418,1.7182867584212336,76,5,1,1,1,1,1,0
9294,92.95,33.38167190551758,1.9080340068698045,76,5,1,1,1,1,1,0
9295,92.96,33.413360595703125,1.9980987041241909,76,4,0,1,1,1,1,0
9296,92.97,33.25810623168945,1.8985522044548548,76,4,0,1,1,1,1,0
9297,92.98,33.16044998168945,1.9428334692007463,76,4,0,1,1,1,1,0
9298,92.99,33.24632263183594,1.77183565115675,76,4,0,1,1,1,1,0
9299,93.0,33.207908630371094,1.7475953606857093,76,4,0,1,1,1,1,0
9300,93.01,33.17285919189453,1.8625284835409364,76,4,0,1,1,1,1,0
9301,93.02,33.40919494628906,1.7819595502127372,76,4,0,1,1,1,1,0
9302,93.03,33.08407211303711,1.7961593420333761,76,5,1,1,1,1,1,0
9303,93.04,33.21202087402344,1.7474547722774956,76,4,0,1,1,1,1,0
9304,93.05,33.1495475769043,1.8806958083789715,76,4,0,1,1,1,1,0
9305,93.06,32.89533996582031,1.8221417880629918,76,4,0,1,1,1,1,0
9306,93.07,33.09305191040039,1.7459096235245362,76,4,0,1,1,1,1,0
9307,93.08,33.31697082519531,1.939196957613883,76,4,0,1,1,1,1,0
9308,93.09,33.757667541503906,1.6923932996186413,76,4,0,1,1,1,1,0
9309,93.1,33.41081619262695,2.2283655953102985,76,4,0,1,1,1,1,0
9310,93.11,33.65711212158203,1.8443426798358302,76,4,0,1,1,1,1,0
9311,93.12,33.508827209472656,1.9916352152689032,76,4,0,1,1,1,1,0
9312,93.13,33.195274353027344,1.887380839446821,76,4,0,1,1,1,1,0
9313,93.14,33.154876708984375,2.0545340677654016,76,4,0,1,1,1,1,0
9314,93.15,33.1777458190918,2.0418099941907535,76,4,0,1,1,1,1,0
9315,93.16,33.24394989013672,1.9065691371273674,76,4,0,1,1,1,1,0
9316,93.17,33.382755279541016,2.1621532840528346,76,4,0,1,1,1,1,0
9317,93.18,33.16075897216797,2.0553595769926356,76,4,0,1,1,1,1,0
9318,93.19,33.31733703613281,2.020942404707505,76,4,0,1,1,1,1,0
9319,93.2,33.33369445800781,2.1166239066252825,76,4,0,1,1,1,1,0
9320,93.21,33.25048828125,1.981061107018849,76,4,0,1,1,1,1,0
9321,93.22,33.436859130859375,1.7090342903425975,76,4,0,1,1,1,1,0
9322,93.23,33.577823638916016,2.305519217647392,76,4,0,1,1,1,1,0
9323,93.24,33.649436950683594,1.7937972656868053,76,4,0,1,1,1,1,0
9324,93.25,33.454673767089844,2.023388548366992,76,4,0,1,1,1,1,0
9325,93.26,33.30559158325195,2.0825484267699013,76,4,0,1,1,1,1,0
9326,93.27,33.256954193115234,2.0654051235999327,76,4,0,1,1,1,1,0
9327,93.28,33.016761779785156,1.7910067232453828,76,4,0,1,1,1,1,0
9328,93.29,33.04523849487305,1.9440448508426227,76,4,0,1,1,1,1,0
9329,93.3,33.33622741699219,1.9031836465707812,76,4,0,1,1,1,1,0
9330,93.31,33.38196563720703,1.9128528384190955,76,4,0,1,1,1,1,0
9331,93.32,33.35972595214844,2.1222917686127944,76,4,0,1,1,1,1,0
9332,93.33,33.125186920166016,1.8665741359856838,76,4,0,1,1,1,1,0
9333,93.34,33.12266540527344,2.0574006289569775,76,4,0,1,1,1,1,0
9334,93.35,33.446720123291016,1.815076222567561,76,4,0,1,1,1,1,0
9335,93.36,33.4791145324707,1.9851677896277136,76,5,1,1,1,1,1,0
9336,93.37,33.340850830078125,2.103662750195184,76,4,0,1,1,1,1,0
9337,93.38,33.12529754638672,1.9464307364253834,76,4,0,1,1,1,1,0
9338,93.39,33.09809494018555,1.8991862375439355,76,5,1,1,1,1,1,0
9339,93.4,33.16450881958008,1.855289832660212,76,5,1,1,1,1,1,0
9340,93.41,33.32623291015625,1.805577311247089,76,5,1,1,1,1,1,0
9341,93.42,33.416446685791016,1.895732557279051,76,5,1,1,1,1,1,0
9342,93.43,33.40977478027344,1.9815166483145312,76,5,1,1,1,1,1,0
9343,93.44,33.423667907714844,1.7125740451865379,76,4,0,1,1,1,1,0
9344,93.45,33.115455627441406,1.8483520574767296,76,5,1,1,1,1,1,0
9345,93.46,33.06568908691406,1.7913135026996714,76,4,0,1,1,1,1,0
9346,93.47,32.856048583984375,1.9626537598103717,76,4,0,1,1,1,1,0
9347,93.48,33.22209930419922,1.9968469030019742,76,5,1,1,1,1,1,0
9348,93.49,33.24711990356445,1.7268175544312392,76,5,1,1,1,1,1,0
9349,93.5,33.18783950805664,1.9062567967075117,76,5,1,1,1,1,1,0
9350,93.51,33.320308685302734,1.7640022262951809,76,5,1,1,1,1,1,0
9351,93.52,33.41108703613281,1.8703523526328332,76,5,1,1,1,1,1,0
9352,93.53,33.53208541870117,1.8954171028234217,76,5,1,1,1,1,1,0
9353,93.54,33.21477127075195,1.773021359836326,76,5,1,1,1,1,1,0
9354,93.55,33.53425979614258,1.7589459436075234,76,5,1,1,1,1,1,0
9355,93.56,33.52595901489258,1.8092601684718552,76,5,1,1,1,1,1,0
9356,93.57,33.6450080871582,1.7783727121114028,76,5,1,1,1,1,1,0
9357,93.58,33.905792236328125,1.8660108331567578,76,5,1,1,1,1,1,0
9358,93.59,33.85087203979492,1.7840138525346942,76,5,1,1,1,1,1,0
9359,93.6,33.68132781982422,2.0078612743363045,76,5,1,1,1,1,1,0
9360,93.61,33.35961151123047,1.9014210681147306,76,5,1,1,1,1,1,0
9361,93.62,33.34423065185547,1.8202762771351202,76,5,1,1,1,1,1,0
9362,93.63,33.71895217895508,1.8481585634735762,76,5,1,1,1,1,1,0
9363,93.64,33.7291374206543,1.746679742538695,76,5,1,1,1,1,1,0
9364,93.65,33.75214767456055,1.772285896574505,76,4,0,1,1,1,1,0
9365,93.66,33.570465087890625,1.9326181843076127,76,4,0,1,1,1,1,0
9366,93.67,33.667236328125,1.8975219262948446,76,4,0,1,1,1,1,0
9367,93.68,33.54877471923828,1.7043764042364131,76,4,0,1,1,1,1,0
9368,93.69,33.46947479248047,1.8087810116706133,76,5,1,1,1,1,1,0
9369,93.7,33.62340545654297,1.8258143049103102,76,4,0,1,1,1,1,0
9370,93.71,33.332847595214844,1.9145984971834107,76,4,0,1,1,1,1,0
9371,93.72,33.56718826293945,1.7895255763295863,76,5,1,1,1,1,1,0
9372,93.73,33.46025466918945,1.8159817808879926,76,4,0,1,1,1,1,0
9373,93.74,33.47604751586914,2.001696840307982,76,5,1,1,1,1,1,0
9374,93.75,33.4686164855957,1.8541040326622602,76,5,1,1,1,1,1,0
9375,93.76,33.653072357177734,2.0268429821711553,76,4,0,1,1,1,1,0
9376,93.77,33.48764419555664,1.7174358186120098,76,5,1,1,1,1,1,0
9377,93.78,33.588958740234375,1.8929619434758804,76,4,0,1,1,1,1,0
9378,93.79,33.69208908081055,1.7867877161078507,76,4,0,1,1,1,1,0
9379,93.8,33.658348083496094,1.8759841175567709,76,3,0,1,0,1,1,0
9380,93.81,33.88066482543945,1.8048252855962554,76,3,0,0,1,1,1,0
9381,93.82,33.77597427368164,2.064973113324729,76,3,0,0,1,1,1,0
9382,93.83,33.614349365234375,1.789244283219073,76,3,0,0,1,1,1,0
9383,93.84,33.79985427856445,1.9829821629785622,76,2,0,0,0,1,1,0
9384,93.85,33.85995864868164,1.8193649202646232,76,2,0,0,0,1,1,0
9385,93.86,33.97489929199219,1.9340363662482067,76,3,0,0,1,1,1,0
9386,93.87,33.902870178222656,2.0179424147783953,76,3,0,1,0,1,1,0
9387,93.88,33.68827819824219,2.1443185601505212,76,4,0,1,1,1,1,0
9388,93.89,33.866119384765625,2.4124843186611438,76,3,0,0,1,1,1,0
9389,93.9,33.8056755065918,1.8849715253565624,76,4,0,1,1,1,1,0
9390,93.91,33.53892517089844,2.19029386526021,76,3,0,1,0,1,1,0
9391,93.92,33.41973876953125,2.01467349604476,76,3,0,0,1,1,1,0
9392,93.93,33.925437927246094,2.280786513815673,76,4,0,1,1,1,1,0
9393,93.94,34.01887130737305,2.2939504287087127,76,3,0,1,0,1,1,0
9394,93.95,34.13433074951172,2.2354835284244823,76,2,0,0,0,1,1,0
9395,93.96,34.036216735839844,2.0917240891092175,76,2,0,0,0,1,1,0
9396,93.97,33.8911247253418,2.1712210746960876,76,2,0,0,0,1,1,0
9397,93.98,33.75815963745117,2.26955637021159,76,3,0,1,0,1,1,0
9398,93.99,33.77046585083008,2.028451514254374,76,4,0,1,1,1,1,0
9399,94.0,33.882747650146484,2.075186919468849,76,3,0,1,0,1,1,0
9400,94.01,33.738807678222656,2.6204199004627626,76,3,0,1,0,1,1,0
9401,94.02,33.81301498413086,2.2312376821539286,76,4,0,1,1,1,1,0
9402,94.03,33.63262939453125,2.4463460943343187,76,3,0,0,1,1,1,0
9403,94.04,33.44757080078125,2.0133544639545273,76,3,0,0,1,1,1,0
9404,94.05,33.60860061645508,2.0661778339930894,76,3,0,0,1,1,1,0
9405,94.06,33.74707794189453,1.7445625145917054,76,4,0,1,1,1,1,0
9406,94.07,33.93960952758789,1.8452901484993534,76,4,0,1,1,1,1,0
9407,94.08,33.93450164794922,1.9114384133075988,76,4,0,1,1,1,1,0
9408,94.09,33.843116760253906,2.413317329116073,76,3,0,0,1,1,1,0
9409,94.1,33.64252853393555,2.2923809237787545,76,3,0,0,1,1,1,0
9410,94.11,33.588836669921875,1.7497983116590696,76,3,0,1,0,1,1,0
9411,94.12,33.7462043762207,2.0999295933146835,76,3,0,1,0,1,1,0
9412,94.13,33.51619338989258,2.2341395185758923,76,3,0,1,0,1,1,0
9413,94.14,33.92256546020508,2.495935495403433,76,3,0,1,0,1,1,0
9414,94.15,33.68545150756836,2.484226544556009,76,3,0,1,0,1,1,0
9415,94.16,33.57570266723633,2.3780205722565477,76,3,0,1,0,1,1,0
9416,94.17,33.65949249267578,1.9939181736662024,76,3,0,1,0,1,1,0
9417,94.18,33.721900939941406,2.222006637002624,76,3,0,1,0,1,1,0
9418,94.19,34.00852966308594,2.3602128304679373,76,3,0,1,0,1,1,0
9419,94.2,33.793113708496094,2.333430156480354,76,3,0,1,0,1,1,0
9420,94.21,33.69693374633789,2.308311987754516,76,4,0,1,1,1,1,0
9421,94.22,33.8705940246582,2.315814100774914,76,2,0,0,0,1,1,0
9422,94.23,33.88624954223633,2.332511526655013,76,3,0,1,0,1,1,0
9423,94.24,33.73814010620117,2.1318774728978913,76,4,0,1,1,1,1,0
9424,94.25,33.25439453125,2.171105528458473,76,4,0,1,1,1,1,0
9425,94.26,33.58661651611328,2.40270437461339,76,3,0,1,0,1,1,0
9426,94.27,33.5880126953125,2.139833765440999,76,3,0,1,0,1,1,0
9427,94.28,34.00130081176758,2.149464980870771,76,3,0,1,0,1,1,0
9428,94.29,33.86417007446289,2.279999983943677,76,3,0,1,0,1,1,0
9429,94.3,33.564762115478516,1.8347238001258297,76,3,0,1,0,1,1,0
9430,94.31,33.79114532470703,2.439507126362575,76,3,0,1,0,1,1,0
9431,94.32,33.75913619995117,1.986176300123413,76,3,0,1,0,1,1,0
9432,94.33,33.6154899597168,2.082327570381917,76,3,0,1,0,1,1,0
9433,94.34,33.810245513916016,2.3962688829378975,76,3,0,1,0,1,1,0
9434,94.35,33.54055404663086,2.2947083338188463,76,4,0,1,1,1,1,0
9435,94.36,33.535396575927734,1.8687152337258726,76,4,0,1,1,1,1,0
9436,94.37,33.56963348388672,2.428701318400933,76,4,0,1,1,1,1,0
9437,94.38,33.39516830444336,2.2314342440237005,76,4,0,1,1,1,1,0
9438,94.39,33.34381103515625,1.9854766119871001,76,4,0,1,1,1,1,0
9439,94.4,32.99241638183594,2.2282053923841416,76,4,0,1,1,1,1,0
9440,94.41,33.489402770996094,2.2059056656931086,76,4,0,1,1,1,1,0
9441,94.42,33.8818244934082,2.1410467422190265,76,4,0,1,1,1,1,0
9442,94.43,33.452537536621094,2.28326787026155,76,4,0,1,1,1,1,0
9443,94.44,33.57292175292969,2.279951938999754,76,4,0,1,1,1,1,0
9444,94.45,33.54592514038086,2.318666611649093,76,4,0,1,1,1,1,0
9445,94.46,33.807132720947266,2.3628375648871116,76,5,1,1,1,1,1,0
9446,94.47,33.655845642089844,2.163932092895831,76,5,1,1,1,1,1,0
9447,94.48,33.75955581665039,2.143157497736871,76,4,0,1,1,1,1,0
9448,94.49,34.0255126953125,2.287885061411022,76,4,0,1,1,1,1,0
9449,94.5,33.8344612121582,2.414169492225169,76,4,0,1,1,1,1,0
9450,94.51,33.60480499267578,2.2823888163819754,76,4,0,1,1,1,1,0
9451,94.52,33.621009826660156,1.9804313605983097,76,4,0,1,1,1,1,0
9452,94.53,33.563289642333984,2.1990028840597295,76,5,1,1,1,1,1,0
9453,94.54,33.83607864379883,2.4708061632443723,76,4,0,1,1,1,1,0
9454,94.55,33.816383361816406,2.3985234028823514,76,4,0,1,1,1,1,0
9455,94.56,33.55370330810547,2.353504233640639,76,4,0,1,1,1,1,0
9456,94.57,33.44306182861328,2.5070697632120824,76,4,0,1,1,1,1,0
9457,94.58,33.654083251953125,2.4331456744151594,76,3,0,0,1,1,1,0
9458,94.59,33.69758605957031,2.036291860932513,76,4,0,1,1,1,1,0
9459,94.6,33.584320068359375,2.4691939610242124,76,4,0,1,1,1,1,0
9460,94.61,33.44717788696289,2.0920308627118342,76,5,1,1,1,1,1,0
9461,94.62,33.39566421508789,2.2829351024262765,76,4,0,1,1,1,1,0
9462,94.63,33.246952056884766,2.3354050572941505,76,4,0,1,1,1,1,0
9463,94.64,33.30619812011719,2.4043515891746963,76,4,0,1,1,1,1,0
9464,94.65,33.34629821777344,2.238640694992429,76,4,0,1,1,1,1,0
9465,94.66,33.403709411621094,2.4030373725562133,76,4,0,1,1,1,1,0
9466,94.67,33.32256317138672,2.1999358975910037,76,4,0,1,1,1,1,0
9467,94.68,33.24392318725586,2.2505141868553102,76,4,0,1,1,1,1,0
9468,94.69,33.57022476196289,2.3182307607028,76,4,0,1,1,1,1,0
9469,94.7,33.8138313293457,2.162659512497799,76,4,0,1,1,1,1,0
9470,94.71,33.44189453125,2.1311994100277776,76,4,0,1,1,1,1,0
9471,94.72,33.29592514038086,2.1714997308296775,76,4,0,1,1,1,1,0
9472,94.73,33.92336654663086,2.3993508783550963,76,4,0,1,1,1,1,0
9473,94.74,33.566444396972656,2.3328540535750433,76,4,0,1,1,1,1,0
9474,94.75,33.99083709716797,2.177433263945979,76,4,0,1,1,1,1,0
9475,94.76,33.82106399536133,2.4388749952975135,76,4,0,1,1,1,1,0
9476,94.77,33.61335372924805,2.279255469043742,76,4,0,1,1,1,1,0
9477,94.78,33.90057373046875,2.6269021207909358,76,4,0,1,1,1,1,0
9478,94.79,33.612510681152344,2.3109736615886947,76,4,0,1,1,1,1,0
9479,94.8,34.004085540771484,2.355190977227957,76,4,0,1,1,1,1,0
9480,94.81,33.779022216796875,2.2451961949864345,76,4,0,1,1,1,1,0
9481,94.82,34.0790901184082,2.1676940795891295,76,4,0,1,1,1,1,0
9482,94.83,33.57588195800781,2.207440674139081,76,4,0,1,1,1,1,0
9483,94.84,33.893741607666016,1.9027089501247485,76,4,0,1,1,1,1,0
9484,94.85,34.132347106933594,2.062159580691571,76,4,0,1,1,1,1,0
9485,94.86,33.99856185913086,2.2342317384700605,76,4,0,1,1,1,1,0
9486,94.87,33.683616638183594,1.6535108374608838,76,4,0,1,1,1,1,0
9487,94.88,34.0280647277832,1.9898979099520604,76,4,0,1,1,1,1,0
9488,94.89,33.8646354675293,2.2049289932438514,76,4,0,1,1,1,1,0
9489,94.9,33.95899200439453,1.8629779578284604,76,4,0,1,1,1,1,0
9490,94.91,33.786861419677734,2.016654344800741,76,4,0,1,1,1,1,0
9491,94.92,33.93891906738281,2.2663870822311853,76,4,0,1,1,1,1,0
9492,94.93,33.72035217285156,1.8113263879532608,76,4,0,1,1,1,1,0
9493,94.94,33.73170471191406,2.4098529381437204,76,4,0,1,1,1,1,0
9494,94.95,33.72311782836914,2.2136656685582685,76,4,0,1,1,1,1,0
9495,94.96,33.8267936706543,2.4578278580011195,76,4,0,1,1,1,1,0
9496,94.97,33.63913345336914,1.89836710260453,76,4,0,1,1,1,1,0
9497,94.98,33.94114303588867,1.8766187828209162,76,4,0,1,1,1,1,0
9498,94.99,33.72662353515625,1.82759270178619,76,4,0,1,1,1,1,0
9499,95.0,33.99684143066406,2.154551313030528,76,5,1,1,1,1,1,0
9500,95.01,34.44488525390625,2.674588544632442,76,4,0,1,1,1,1,0
9501,95.02,34.10478973388672,2.3267584541974733,76,5,1,1,1,1,1,0
9502,95.03,34.14003372192383,2.256255291287008,76,4,0,1,1,1,1,0
9503,95.04,34.022979736328125,1.9579025458870214,76,5,1,1,1,1,1,0
9504,95.05,33.86492156982422,2.27598731916493,76,5,1,1,1,1,1,0
9505,95.06,33.6674919128418,2.4071119277368105,76,4,0,1,1,1,1,0
9506,95.07,33.74259567260742,2.595784124489095,76,5,1,1,1,1,1,0
9507,95.08,33.736942291259766,2.0689345429064923,76,5,1,1,1,1,1,0
9508,95.09,33.7424430847168,2.291572882871194,76,5,1,1,1,1,1,0
9509,95.1,33.98249816894531,2.5440897754734384,76,5,1,1,1,1,1,0
9510,95.11,33.73678970336914,2.316481987199159,76,5,1,1,1,1,1,0
9511,95.12,33.90972137451172,2.3918581633653555,76,4,0,1,1,1,1,0
9512,95.13,33.801788330078125,2.058105507952604,76,5,1,1,1,1,1,0
9513,95.14,33.82085037231445,1.9585698090758632,76,4,0,1,1,1,1,0
9514,95.15,33.693031311035156,2.4707278222613778,76,5,1,1,1,1,1,0
9515,95.16,33.815128326416016,2.40453555438634,76,5,1,1,1,1,1,0
9516,95.17,34.01350021362305,2.227307021905161,76,5,1,1,1,1,1,0
9517,95.18,34.22713088989258,2.4744515802853613,76,5,1,1,1,1,1,0
9518,95.19,34.43717575073242,2.611378012332234,76,5,1,1,1,1,1,0
9519,95.2,34.25656509399414,1.8509217624925591,76,4,0,1,1,1,1,0
9520,95.21,34.39510726928711,2.3058639509310277,76,4,0,1,1,1,1,0
9521,95.22,33.98502731323242,2.3527641986388583,76,4,0,1,1,1,1,0
9522,95.23,33.9478759765625,2.2112642992285094,76,4,0,1,1,1,1,0
9523,95.24,33.80158996582031,2.3104312642826415,76,5,1,1,1,1,1,0
9524,95.25,33.83039855957031,2.5263796412717325,76,4,0,1,1,1,1,0
9525,95.26,33.579315185546875,2.2818181876163277,76,5,1,1,1,1,1,0
9526,95.27,33.72541046142578,2.5408654776463306,76,5,1,1,1,1,1,0
9527,95.28,33.80519485473633,2.1579824604426205,76,5,1,1,1,1,1,0
9528,95.29,33.97356414794922,2.1828692391556417,76,5,1,1,1,1,1,0
9529,95.3,34.07148742675781,2.195682203779498,76,5,1,1,1,1,1,0
9530,95.31,33.69929504394531,2.466765802963156,76,5,1,1,1,1,1,0
9531,95.32,33.62457275390625,2.4160500048090574,76,5,1,1,1,1,1,0
9532,95.33,33.723114013671875,1.8491640691202362,76,5,1,1,1,1,1,0
9533,95.34,33.43317794799805,2.076654790090714,76,5,1,1,1,1,1,0
9534,95.35,33.555118560791016,2.2051287651965246,76,4,0,1,1,1,1,0
9535,95.36,33.5659065246582,2.1407984646935607,76,4,0,1,1,1,1,0
9536,95.37,33.35879135131836,2.2361391814408913,76,4,0,1,1,1,1,0
9537,95.38,33.85871887207031,2.6931595041196257,76,4,0,1,1,1,1,0
9538,95.39,33.49708557128906,2.2329543171135953,76,4,0,1,1,1,1,0
9539,95.4,33.32735061645508,2.2777591441507052,76,3,0,1,0,1,1,0
9540,95.41,33.4295539855957,2.1500657154104825,76,4,0,1,1,1,1,0
9541,95.42,33.08400344848633,2.1936724641629386,76,4,0,1,1,1,1,0
9542,95.43,32.92152404785156,2.146390281721329,76,4,0,1,1,1,1,0
9543,95.44,33.236305236816406,1.984589775995102,76,4,0,1,1,1,1,0
9544,95.45,33.45158386230469,2.189088758990502,76,4,0,1,1,1,1,0
9545,95.46,33.73618698120117,2.3457608444247358,76,5,1,1,1,1,1,0
9546,95.47,33.50297164916992,2.5291273350557466,76,5,1,1,1,1,1,0
9547,95.48,34.06381607055664,2.118325491990862,76,5,1,1,1,1,1,0
9548,95.49,33.967750549316406,2.034254706745954,76,4,0,1,1,1,1,0
9549,95.5,33.45088195800781,2.2122646655857054,76,4,0,1,1,1,1,0
9550,95.51,33.3295783996582,1.957702707292878,76,4,0,1,1,1,1,0
9551,95.52,33.388648986816406,2.373394399708171,76,5,1,1,1,1,1,0
9552,95.53,33.47982406616211,2.3713254262871435,76,5,1,1,1,1,1,0
9553,95.54,33.21296310424805,2.216234437187651,76,5,1,1,1,1,1,0
9554,95.55,33.22533416748047,1.9900988668310875,76,5,1,1,1,1,1,0
9555,95.56,33.386417388916016,2.2567898966946895,76,5,1,1,1,1,1,0
9556,95.57,33.38052749633789,2.017278201028364,76,5,1,1,1,1,1,0
9557,95.58,33.3641242980957,2.0119929781282053,76,5,1,1,1,1,1,0
9558,95.59,33.621280670166016,2.0242548059806635,76,5,1,1,1,1,1,0
9559,95.6,33.645484924316406,2.1467382804542123,76,5,1,1,1,1,1,0
9560,95.61,33.65687561035156,2.0053186010395887,76,5,1,1,1,1,1,0
9561,95.62,33.51336669921875,2.2211727199842337,76,5,1,1,1,1,1,0
9562,95.63,33.53116989135742,1.9653492313907373,76,5,1,1,1,1,1,0
9563,95.64,33.4419059753418,1.858762742230896,76,5,1,1,1,1,1,0
9564,95.65,33.45088195800781,1.9840882097800547,76,5,1,1,1,1,1,0
9565,95.66,33.836387634277344,1.9358226129627685,76,5,1,1,1,1,1,0
9566,95.67,33.741233825683594,2.1026388950341564,76,5,1,1,1,1,1,0
9567,95.68,33.7799072265625,2.0413218333448016,76,5,1,1,1,1,1,0
9568,95.69,33.8165168762207,2.150558287770937,76,5,1,1,1,1,1,0
9569,95.7,33.95130157470703,1.7619585133410038,76,5,1,1,1,1,1,0
9570,95.71,33.91883850097656,1.8444524036152687,76,5,1,1,1,1,1,0
9571,95.72,33.84381103515625,1.8301358698894368,76,5,1,1,1,1,1,0
9572,95.73,33.748191833496094,1.829231625370197,76,5,1,1,1,1,1,0
9573,95.74,33.83216094970703,1.8966037689327777,76,5,1,1,1,1,1,0
9574,95.75,34.09890365600586,1.8350770507006056,76,5,1,1,1,1,1,0
9575,95.76,34.135231018066406,1.8587362413873365,76,5,1,1,1,1,1,0
9576,95.77,33.95587158203125,2.01804394731697,76,5,1,1,1,1,1,0
9577,95.78,33.57749938964844,1.9445814295223447,76,5,1,1,1,1,1,0
9578,95.79,33.65562057495117,1.8141163279080585,76,5,1,1,1,1,1,0
9579,95.8,33.9633674621582,1.852593864092334,76,5,1,1,1,1,1,0
9580,95.81,33.57643127441406,2.150652220344559,76,5,1,1,1,1,1,0
9581,95.82,33.5660285949707,1.943888440075761,76,5,1,1,1,1,1,0
9582,95.83,33.42584991455078,1.7830880905730682,76,5,1,1,1,1,1,0
9583,95.84,33.56674575805664,1.8206870071428407,76,5,1,1,1,1,1,0
9584,95.85,33.33212661743164,1.9678956185031398,76,5,1,1,1,1,1,0
9585,95.86,33.70677947998047,2.332423781350991,76,5,1,1,1,1,1,0
9586,95.87,33.49601745605469,1.8186527816133236,76,5,1,1,1,1,1,0
9587,95.88,33.52557373046875,1.956734723672283,76,5,1,1,1,1,1,0
9588,95.89,33.460205078125,2.0447492726536387,76,5,1,1,1,1,1,0
9589,95.9,33.56471252441406,2.3764248514278625,76,5,1,1,1,1,1,0
9590,95.91,33.7030029296875,2.5377352041605543,76,5,1,1,1,1,1,0
9591,95.92,33.54935073852539,2.289038338453324,76,5,1,1,1,1,1,0
9592,95.93,33.65227508544922,2.0310391507215706,76,5,1,1,1,1,1,0
9593,95.94,33.50686264038086,1.6505453662694283,76,5,1,1,1,1,1,0
9594,95.95,33.68581771850586,2.2857166880879936,76,5,1,1,1,1,1,0
9595,95.96,33.4506950378418,2.268633807610631,76,5,1,1,1,1,1,0
9596,95.97,33.601417541503906,2.3299189685335118,76,5,1,1,1,1,1,0
9597,95.98,33.96765899658203,2.4070109224540137,76,5,1,1,1,1,1,0
9598,95.99,33.60957717895508,2.111610286998759,76,5,1,1,1,1,1,0
9599,96.0,33.601173400878906,2.371197875987831,76,5,1,1,1,1,1,0
9600,96.01,33.59122085571289,1.995295204751985,76,5,1,1,1,1,1,0
9601,96.02,33.08927536010742,2.1860728799032234,76,5,1,1,1,1,1,0
9602,96.03,33.35004425048828,2.21752119775181,76,5,1,1,1,1,1,0
9603,96.04,33.235870361328125,2.3568202434972356,76,5,1,1,1,1,1,0
9604,96.05,33.30458068847656,2.4645066138589855,76,5,1,1,1,1,1,0
9605,96.06,33.102745056152344,2.317653348561679,76,5,1,1,1,1,1,0
9606,96.07,33.4565544128418,2.2359315341623387,76,5,1,1,1,1,1,0
9607,96.08,33.26476287841797,2.070601039744447,76,5,1,1,1,1,1,0
9608,96.09,33.18619155883789,2.3070551596219726,76,5,1,1,1,1,1,0
9609,96.1,32.9763298034668,2.1838973947570937,76,5,1,1,1,1,1,0
9610,96.11,33.02927017211914,2.180115205018929,76,5,1,1,1,1,1,0
9611,96.12,33.343971252441406,2.4649525592602437,76,5,1,1,1,1,1,0
9612,96.13,33.36201858520508,2.1897277077563513,76,5,1,1,1,1,1,0
9613,96.14,33.46436309814453,2.235820048730744,76,5,1,1,1,1,1,0
9614,96.15,33.45072555541992,2.4348118791269675,76,5,1,1,1,1,1,0
9615,96.16,33.24091720581055,1.9413930693122663,76,5,1,1,1,1,1,0
9616,96.17,33.05613327026367,1.907586020040406,76,5,1,1,1,1,1,0
9617,96.18,33.08119583129883,2.1863384416208937,76,5,1,1,1,1,1,0
9618,96.19,33.61226272583008,1.9897012273616885,76,5,1,1,1,1,1,0
9619,96.2,33.02390670776367,2.262258119923411,76,5,1,1,1,1,1,0
9620,96.21,33.5439567565918,2.363920120912551,76,5,1,1,1,1,1,0
9621,96.22,33.409690856933594,2.411135685317236,76,5,1,1,1,1,1,0
9622,96.23,33.388465881347656,2.3583681548943116,76,5,1,1,1,1,1,0
9623,96.24,33.27178192138672,2.0850672817615648,76,5,1,1,1,1,1,0
9624,96.25,33.23561096191406,2.311881077441124,76,5,1,1,1,1,1,0
9625,96.26,32.95368957519531,2.296386891429833,76,5,1,1,1,1,1,0
9626,96.27,33.61271667480469,2.240713090476399,76,5,1,1,1,1,1,0
9627,96.28,33.22940444946289,2.026226956369099,76,5,1,1,1,1,1,0
9628,96.29,33.31927490234375,2.143322081995956,76,5,1,1,1,1,1,0
9629,96.3,33.050594329833984,2.0873467047635064,76,5,1,1,1,1,1,0
9630,96.31,33.65772247314453,2.226812166656837,76,5,1,1,1,1,1,0
9631,96.32,33.316646575927734,2.309393174041269,76,5,1,1,1,1,1,0
9632,96.33,33.49613952636719,2.2576279478310326,76,5,1,1,1,1,1,0
9633,96.34,33.165931701660156,2.322933678360388,76,5,1,1,1,1,1,0
9634,96.35,33.22407150268555,2.202409684826174,76,5,1,1,1,1,1,0
9635,96.36,33.33810806274414,1.9836835001832571,76,5,1,1,1,1,1,0
9636,96.37,33.32081985473633,1.942060151451991,76,5,1,1,1,1,1,0
9637,96.38,33.710235595703125,2.1292499787074486,76,5,1,1,1,1,1,0
9638,96.39,33.64190673828125,1.9719030028480404,76,5,1,1,1,1,1,0
9639,96.4,33.430686950683594,2.296603544764737,76,5,1,1,1,1,1,0
9640,96.41,33.79558563232422,1.9997522048050276,76,5,1,1,1,1,1,0
9641,96.42,33.413047790527344,2.2691405779302607,76,5,1,1,1,1,1,0
9642,96.43,33.3876838684082,2.1378018806987344,76,5,1,1,1,1,1,0
9643,96.44,33.41302490234375,2.513547675039937,76,5,1,1,1,1,1,0
9644,96.45,33.499637603759766,2.1279315192615504,76,5,1,1,1,1,1,0
9645,96.46,33.63933563232422,1.8207155284162615,76,5,1,1,1,1,1,0
9646,96.47,33.42857360839844,2.01377753875376,76,5,1,1,1,1,1,0
9647,96.48,33.49280548095703,2.032014626224932,76,5,1,1,1,1,1,0
9648,96.49,33.51316452026367,1.803160878588754,76,5,1,1,1,1,1,0
9649,96.5,33.3409309387207,1.8840350932061065,76,5,1,1,1,1,1,0
9650,96.51,33.28940200805664,2.1281934149206427,76,5,1,1,1,1,1,0
9651,96.52,33.28976821899414,1.9454065042250162,76,5,1,1,1,1,1,0
9652,96.53,33.620635986328125,2.048878695610743,76,5,1,1,1,1,1,0
9653,96.54,33.37907791137695,2.001628312071863,76,5,1,1,1,1,1,0
9654,96.55,33.47704315185547,1.8766178172645016,76,5,1,1,1,1,1,0
9655,96.56,33.40910339355469,1.9606409581949975,76,5,1,1,1,1,1,0
9656,96.57,33.38163757324219,1.7571007830018868,76,5,1,1,1,1,1,0
9657,96.58,33.27674865722656,2.323210118592386,76,5,1,1,1,1,1,0
9658,96.59,33.109249114990234,2.2473523762974965,76,5,1,1,1,1,1,0
9659,96.6,33.50481033325195,2.303258230013048,76,5,1,1,1,1,1,0
9660,96.61,33.531517028808594,2.177359018942446,76,5,1,1,1,1,1,0
9661,96.62,33.45907974243164,2.132161056219963,76,5,1,1,1,1,1,0
9662,96.63,33.717777252197266,2.2841640260455813,76,5,1,1,1,1,1,0
9663,96.64,33.35496139526367,2.1632845200280237,76,5,1,1,1,1,1,0
9664,96.65,33.640438079833984,2.2774979277540583,76,5,1,1,1,1,1,0
9665,96.66,33.88530731201172,2.1119869245679337,76,5,1,1,1,1,1,0
9666,96.67,33.879974365234375,2.1542506270543518,76,5,1,1,1,1,1,0
9667,96.68,33.6989631652832,1.9573941023104608,76,5,1,1,1,1,1,0
9668,96.69,33.64921951293945,2.0353125127536655,76,5,1,1,1,1,1,0
9669,96.7,33.785118103027344,1.9643327079926314,76,5,1,1,1,1,1,0
9670,96.71,33.79411315917969,1.8099743481932524,76,5,1,1,1,1,1,0
9671,96.72,33.80447006225586,2.0124401338606432,76,5,1,1,1,1,1,0
9672,96.73,33.688167572021484,1.9564509876103897,76,5,1,1,1,1,1,0
9673,96.74,33.23183822631836,2.0215304093529793,76,5,1,1,1,1,1,0
9674,96.75,33.05147171020508,2.009526262017242,76,5,1,1,1,1,1,0
9675,96.76,33.336273193359375,2.0220268384491535,76,5,1,1,1,1,1,0
9676,96.77,33.190467834472656,2.273392115234603,76,5,1,1,1,1,1,0
9677,96.78,33.628414154052734,1.9235620310927215,76,5,1,1,1,1,1,0
9678,96.79,33.569732666015625,2.1964103849534613,76,5,1,1,1,1,1,0
9679,96.8,33.42576599121094,1.934399459659718,76,5,1,1,1,1,1,0
9680,96.81,33.49555587768555,2.0892583693921343,76,5,1,1,1,1,1,0
9681,96.82,33.469974517822266,2.3010884736277797,76,5,1,1,1,1,1,0
9682,96.83,33.49863815307617,2.0042205970013667,76,5,1,1,1,1,1,0
9683,96.84,33.46513366699219,2.0783360075650945,76,5,1,1,1,1,1,0
9684,96.85,33.60332489013672,1.860675012484841,76,5,1,1,1,1,1,0
9685,96.86,33.55392837524414,1.893859996259786,76,5,1,1,1,1,1,0
9686,96.87,33.608585357666016,1.9210657595144396,76,5,1,1,1,1,1,0
9687,96.88,33.566001892089844,2.053212936311172,76,5,1,1,1,1,1,0
9688,96.89,34.136207580566406,2.128309283424348,76,5,1,1,1,1,1,0
9689,96.9,33.65161895751953,2.17285672646951,76,5,1,1,1,1,1,0
9690,96.91,33.752994537353516,2.048268049343656,76,5,1,1,1,1,1,0
9691,96.92,33.788700103759766,2.2927051661222397,76,5,1,1,1,1,1,0
9692,96.93,33.62261962890625,2.1749508752663007,76,5,1,1,1,1,1,0
9693,96.94,33.957786560058594,2.3932820048811156,76,5,1,1,1,1,1,0
9694,96.95,33.87763977050781,2.0989953360888447,76,5,1,1,1,1,1,0
9695,96.96,33.64691162109375,2.023213095364161,76,5,1,1,1,1,1,0
9696,96.97,33.551368713378906,2.166747358651119,76,5,1,1,1,1,1,0
9697,96.98,33.39246368408203,2.4487994071416654,76,5,1,1,1,1,1,0
9698,96.99,33.55008316040039,2.054951226255367,76,5,1,1,1,1,1,0
9699,97.0,33.71526336669922,2.052169822315035,76,5,1,1,1,1,1,0
9700,97.01,33.692626953125,1.957908235080079,76,5,1,1,1,1,1,0
9701,97.02,33.59697723388672,2.3568804512449923,76,4,1,1,1,1,0,0
9702,97.03,33.8262939453125,1.9578009339858409,76,5,1,1,1,1,1,0
9703,97.04,34.152305603027344,1.966849354595135,76,4,1,1,1,1,0,0
9704,97.05,34.4614372253418,2.083506084554771,76,4,1,1,1,1,0,0
9705,97.06,34.276676177978516,2.2345895520921504,76,4,1,1,1,1,0,0
9706,97.07,33.8374137878418,2.2873769071252514,76,3,0,1,1,1,0,0
9707,97.08,33.898590087890625,2.266119723734285,76,4,1,1,1,1,0,0
9708,97.09,34.228057861328125,2.003123476503015,76,4,1,1,1,1,0,0
9709,97.1,34.31946563720703,2.1902460818836937,76,4,1,1,1,1,0,0
9710,97.11,34.137229919433594,2.081564575251684,76,4,1,1,1,1,0,0
9711,97.12,33.84919357299805,2.020891919524139,76,4,1,1,1,1,0,0
9712,97.13,33.87965774536133,1.94990204551018,76,4,1,1,1,1,0,0
9713,97.14,33.59235763549805,2.0712287919305985,76,4,1,1,1,1,0,0
9714,97.15,33.857566833496094,1.839047147911579,76,4,1,1,1,1,0,0
9715,97.16,33.805564880371094,2.2658545223187527,76,4,1,1,1,1,0,0
9716,97.17,33.84505844116211,1.9055162722482613,76,4,1,1,1,1,0,0
9717,97.18,34.01772689819336,1.931269820325067,76,3,0,1,1,1,0,0
9718,97.19,33.92380142211914,2.168085224915476,76,4,1,1,1,1,0,0
9719,97.2,34.04647445678711,2.0780276711540946,76,4,1,1,1,1,0,0
9720,97.21,33.68521499633789,2.0830961460868314,76,5,1,1,1,1,1,0
9721,97.22,33.85523986816406,2.4647294341337562,76,3,0,1,1,1,0,0
9722,97.23,33.90358352661133,2.375479063526948,76,4,1,1,1,1,0,0
9723,97.24,33.86817932128906,2.128963696188409,76,4,0,1,1,1,1,0
9724,97.25,34.09725570678711,2.2414940170512976,76,4,0,1,1,1,1,0
9725,97.26,33.630062103271484,2.148976844234358,76,4,1,1,1,1,0,0
9726,97.27,33.646514892578125,2.276352617198958,76,4,1,1,1,1,0,0
9727,97.28,34.140560150146484,2.0951853908231626,76,4,0,1,1,1,1,0
9728,97.29,33.85096740722656,2.2314595496728553,76,3,0,1,1,1,0,0
9729,97.3,33.837738037109375,2.375896545166093,76,3,0,1,1,1,0,0
9730,97.31,34.131431579589844,2.041301739071605,76,4,0,1,1,1,1,0
9731,97.32,34.09968948364258,2.2886881539852406,76,4,0,1,1,1,1,0
9732,97.33,33.80231475830078,2.156476704856449,76,3,0,1,1,1,0,0
9733,97.34,33.98993682861328,2.064753129810633,76,3,0,1,1,1,0,0
9734,97.35,34.0217170715332,1.988574088227298,76,4,1,1,1,1,0,0
9735,97.36,33.89495849609375,2.178656408673195,76,5,1,1,1,1,1,0
9736,97.37,33.84312438964844,2.2419647496651094,76,5,1,1,1,1,1,0
9737,97.38,33.90986251831055,2.308462202791132,76,5,1,1,1,1,1,0
9738,97.39,33.6029167175293,2.2465570785745284,76,4,1,1,1,1,0,0
9739,97.4,34.10285568237305,2.2327075802845755,76,4,1,1,1,1,0,0
9740,97.41,34.062007904052734,2.1212018993013855,76,5,1,1,1,1,1,0
9741,97.42,34.025638580322266,2.3733925191956606,76,4,1,1,1,1,0,0
9742,97.43,33.77604293823242,2.3280486833427982,76,5,1,1,1,1,1,0
9743,97.44,33.362083435058594,2.1450640176745814,76,4,1,1,1,1,0,0
9744,97.45,33.94025802612305,2.1053493305943722,76,4,1,1,1,1,0,0
9745,97.46,33.654396057128906,2.1828874360799038,76,5,1,1,1,1,1,0
9746,97.47,33.78705978393555,2.4343606787146297,76,4,1,1,1,1,0,0
9747,97.48,33.83634567260742,2.281882948772593,76,5,1,1,1,1,1,0
9748,97.49,33.4710693359375,2.3290090970350072,76,4,1,1,1,1,0,0
9749,97.5,33.5010871887207,2.419028999108629,76,4,1,1,1,1,0,0
9750,97.51,33.64039611816406,2.0244740836995665,76,4,1,1,1,1,0,0
9751,97.52,33.6929931640625,2.342713641967229,76,4,1,1,1,1,0,0
9752,97.53,33.876983642578125,2.389199004729273,76,4,1,1,1,1,0,0
9753,97.54,33.66734313964844,2.167252989257941,76,4,1,1,1,1,0,0
9754,97.55,33.53904724121094,2.383045949762081,76,4,1,1,1,1,0,0
9755,97.56,33.84031677246094,2.537896840605594,76,5,1,1,1,1,1,0
9756,97.57,33.942996978759766,2.276443261077235,76,4,0,1,1,1,1,0
9757,97.58,34.01038360595703,2.407015676938067,76,4,0,1,1,1,1,0
9758,97.59,33.95402145385742,2.074872967245306,76,4,0,1,1,1,1,0
9759,97.6,34.2472038269043,2.3685460468358643,76,5,1,1,1,1,1,0
9760,97.61,34.060577392578125,2.376826112954968,76,4,0,1,1,1,1,0
9761,97.62,33.92448043823242,2.158565197288747,76,4,0,1,1,1,1,0
9762,97.63,33.89455795288086,2.441190557974459,76,5,1,1,1,1,1,0
9763,97.64,33.3487663269043,2.061770658514738,76,5,1,1,1,1,1,0
9764,97.65,33.52907180786133,2.1012807867696144,76,4,1,1,1,1,0,0
9765,97.66,33.33860778808594,2.332470074928968,76,5,1,1,1,1,1,0
9766,97.67,33.224342346191406,2.187804042070515,76,4,1,1,1,1,0,0
9767,97.68,33.45259094238281,2.4676516333842176,76,5,1,1,1,1,1,0
9768,97.69,33.49048614501953,2.402936529394939,76,4,0,1,1,1,1,0
9769,97.7,33.635284423828125,2.431480194886497,76,4,0,1,1,1,1,0
9770,97.71,33.7142448425293,2.476871972728815,76,4,0,1,1,1,1,0
9771,97.72,34.00820541381836,2.4297736250081874,76,5,1,1,1,1,1,0
9772,97.73,33.902488708496094,2.3001324106375107,76,5,1,1,1,1,1,0
9773,97.74,33.725215911865234,2.0223528425845423,76,4,0,1,1,1,1,0
9774,97.75,33.61332702636719,2.1170010757434023,76,5,1,1,1,1,1,0
9775,97.76,33.689231872558594,2.2765303824661767,76,4,0,1,1,1,1,0
9776,97.77,33.95051574707031,2.4566248483953954,76,4,0,1,1,1,1,0
9777,97.78,34.00647735595703,2.4004201139895285,76,4,0,1,1,1,1,0
9778,97.79,33.66347122192383,2.5629257530289724,76,4,0,1,1,1,1,0
9779,97.8,33.495750427246094,2.4391187414703337,76,5,1,1,1,1,1,0
9780,97.81,33.75115203857422,2.398059695789983,76,5,1,1,1,1,1,0
9781,97.82,33.80954360961914,2.2887729092408664,76,5,1,1,1,1,1,0
9782,97.83,33.49911117553711,2.5677402450085265,76,5,1,1,1,1,1,0
9783,97.84,33.6296272277832,2.073691974953162,76,5,1,1,1,1,1,0
9784,97.85,33.79817581176758,2.0931512531588803,76,5,1,1,1,1,1,0
9785,97.86,34.120845794677734,2.080407190084289,76,5,1,1,1,1,1,0
9786,97.87,34.42772674560547,2.1472331439711287,76,5,1,1,1,1,1,0
9787,97.88,34.40602111816406,2.4030986923577866,76,4,0,1,1,1,1,0
9788,97.89,34.22989273071289,2.3049704394719353,76,5,1,1,1,1,1,0
9789,97.9,33.957706451416016,2.0653596593520733,76,5,1,1,1,1,1,0
9790,97.91,34.0436897277832,2.4186144439014075,76,5,1,1,1,1,1,0
9791,97.92,34.48668670654297,2.56906800585664,76,5,1,1,1,1,1,0
9792,97.93,34.22500991821289,2.52883435684316,76,5,1,1,1,1,1,0
9793,97.94,33.754180908203125,2.490881267084806,76,5,1,1,1,1,1,0
9794,97.95,33.87653350830078,2.468317729415731,76,5,1,1,1,1,1,0
9795,97.96,33.3995361328125,2.0653537674467013,76,5,1,1,1,1,1,0
9796,97.97,33.7026252746582,2.3240674786660698,76,5,1,1,1,1,1,0
9797,97.98,33.567405700683594,2.361570057787327,76,5,1,1,1,1,1,0
9798,97.99,33.55236053466797,2.227913157364141,76,5,1,1,1,1,1,0
9799,98.0,33.74722671508789,2.355377211120166,76,5,1,1,1,1,1,0
9800,98.01,33.83674621582031,2.52549415029231,76,5,1,1,1,1,1,0
9801,98.02,33.68434524536133,2.3943514334065976,76,4,0,1,1,1,1,0
9802,98.03,33.922218322753906,2.269161546103859,76,5,1,1,1,1,1,0
9803,98.04,34.095672607421875,2.481409927253069,76,5,1,1,1,1,1,0
9804,98.05,34.077476501464844,2.2029779511010235,76,5,1,1,1,1,1,0
9805,98.06,33.8834342956543,2.3327463989308255,76,5,1,1,1,1,1,0
9806,98.07,34.27048110961914,2.5131846252216574,76,5,1,1,1,1,1,0
9807,98.08,34.29690933227539,2.4229097524903667,76,5,1,1,1,1,1,0
9808,98.09,34.18608474731445,2.4296677526350163,76,5,1,1,1,1,1,0
9809,98.1,34.12590026855469,2.0640274136834216,76,5,1,1,1,1,1,0
9810,98.11,33.90624237060547,2.252488779263138,76,5,1,1,1,1,1,0
9811,98.12,33.95930099487305,2.163819189703925,76,5,1,1,1,1,1,0
9812,98.13,33.948917388916016,2.1816979492574546,76,5,1,1,1,1,1,0
9813,98.14,34.19165802001953,2.2684370049293214,76,4,1,1,1,1,0,0
9814,98.15,33.99406814575195,2.0999521239138432,76,4,1,1,1,1,0,0
9815,98.16,33.77497863769531,2.0923885221894647,76,5,1,1,1,1,1,0
9816,98.17,33.97907638549805,2.413321391478579,76,5,1,1,1,1,1,0
9817,98.18,33.88043975830078,2.2679055823820966,76,5,1,1,1,1,1,0
9818,98.19,33.81010818481445,2.1075777087067373,76,4,1,1,1,1,0,0
9819,98.2,33.7592887878418,2.4170229811856143,76,5,1,1,1,1,1,0
9820,98.21,33.772457122802734,2.23582148191967,76,4,1,1,1,1,0,0
9821,98.22,33.75642395019531,2.2699359962104686,76,4,1,1,1,1,0,0
9822,98.23,33.74263381958008,2.1824966189513284,76,5,1,1,1,1,1,0
9823,98.24,33.77877426147461,2.238325140007033,76,5,1,1,1,1,1,0
9824,98.25,33.640140533447266,1.7417542631539729,76,4,1,1,1,1,0,0
9825,98.26,33.53056335449219,2.1619928858672703,76,5,1,1,1,1,1,0
9826,98.27,33.76721954345703,2.413811854912164,76,4,0,1,1,1,1,0
9827,98.28,33.69575500488281,2.3933476549507144,76,4,0,1,1,1,1,0
9828,98.29,33.87297058105469,2.074825283554833,76,3,0,1,1,1,0,0
9829,98.3,33.69942092895508,2.132626241724508,76,3,0,1,1,1,0,0
9830,98.31,33.76604461669922,2.1225197044172956,76,3,0,1,1,1,0,0
9831,98.32,33.71489334106445,2.044969729174113,76,3,0,1,1,1,0,0
9832,98.33,33.78335952758789,2.05477521943624,76,4,0,1,1,1,1,0
9833,98.34,34.04311752319336,1.8917991519669815,76,4,0,1,1,1,1,0
9834,98.35,34.189964294433594,2.315624009602832,76,4,0,1,1,1,1,0
9835,98.36,34.076480865478516,2.2477983898318126,76,4,0,1,1,1,1,0
9836,98.37,34.16720199584961,2.0669293030442146,76,4,0,1,1,1,1,0
9837,98.38,34.11736297607422,2.0806237217296855,76,3,0,1,1,1,0,0
9838,98.39,33.8333854675293,2.235574396045581,76,4,1,1,1,1,0,0
9839,98.4,33.70710754394531,1.751281652616579,76,3,0,1,1,1,0,0
9840,98.41,34.102622985839844,1.837988257071498,76,4,1,1,1,1,0,0
9841,98.42,33.59026336669922,1.8603793530636528,76,4,1,1,1,1,0,0
9842,98.43,33.98124313354492,2.1474424755527783,76,4,1,1,1,1,0,0
9843,98.44,33.938621520996094,2.060315295787812,76,3,0,1,1,1,0,0
9844,98.45,34.130741119384766,1.985876211501699,76,5,1,1,1,1,1,0
9845,98.46,33.73004150390625,2.3337146706203105,76,4,1,1,1,1,0,0
9846,98.47,33.81892776489258,2.4586369566950648,76,5,1,1,1,1,1,0
9847,98.48,33.96957015991211,2.347464970508893,76,4,0,1,1,1,1,0
9848,98.49,34.120338439941406,2.2455733310149326,76,4,0,1,1,1,1,0
9849,98.5,34.02743911743164,2.2788351021134297,76,3,0,1,1,1,0,0
9850,98.51,34.040374755859375,2.3283471632694024,76,4,0,1,1,1,1,0
9851,98.52,34.01614761352539,2.215830929762888,76,4,0,1,1,1,1,0
9852,98.53,34.191741943359375,2.138081448896649,76,4,0,1,1,1,1,0
9853,98.54,33.86437225341797,2.155137013203499,76,4,0,1,1,1,1,0
9854,98.55,34.060302734375,1.8785635732255754,76,4,0,1,1,1,1,0
9855,98.56,33.81633758544922,2.137357869738436,76,4,0,1,1,1,1,0
9856,98.57,34.031341552734375,2.311191043710619,76,4,0,1,1,1,1,0
9857,98.58,34.00835418701172,2.4137322172468876,76,4,0,1,1,1,1,0
9858,98.59,34.32936477661133,2.2658750326755164,76,3,0,1,1,1,0,0
9859,98.6,33.80839920043945,2.3311156939159274,76,4,0,1,1,1,1,0
9860,98.61,33.864925384521484,2.2284744152234333,76,4,0,1,1,1,1,0
9861,98.62,34.002044677734375,2.3131332549891805,76,4,1,1,1,1,0,0
9862,98.63,34.1357421875,2.2742884052493872,76,4,1,1,1,1,0,0
9863,98.64,33.88652801513672,2.4498548665586206,76,5,1,1,1,1,1,0
9864,98.65,33.94782257080078,2.232712073767432,76,5,1,1,1,1,1,0
9865,98.66,33.77517318725586,2.363264478896002,76,5,1,1,1,1,1,0
9866,98.67,34.1014518737793,2.218493530240989,76,4,0,1,1,1,1,0
9867,98.68,33.95117950439453,2.397101099209348,76,4,1,1,1,1,0,0
9868,98.69,33.94852828979492,2.6655008191170873,76,4,1,1,1,1,0,0
9869,98.7,33.96226119995117,2.323964472700626,76,3,0,1,1,1,0,0
9870,98.71,33.722572326660156,2.4859609318698084,76,4,1,1,1,1,0,0
9871,98.72,33.88682174682617,2.4102667291358415,76,5,1,1,1,1,1,0
9872,98.73,33.97477340698242,2.2042866459112367,76,3,0,1,1,1,0,0
9873,98.74,34.157554626464844,2.050071860938919,76,4,1,1,1,1,0,0
9874,98.75,33.97035598754883,2.2544839820948837,76,5,1,1,1,1,1,0
9875,98.76,33.715492248535156,2.1764661140228405,76,5,1,1,1,1,1,0
9876,98.77,33.58195877075195,2.1755473778879333,76,4,0,1,1,1,1,0
9877,98.78,33.689517974853516,2.116268702709871,76,5,1,1,1,1,1,0
9878,98.79,33.50209426879883,2.3806261857756903,76,4,1,1,1,1,0,0
9879,98.8,33.5560417175293,2.10979052910233,76,4,1,1,1,1,0,0
9880,98.81,33.84113311767578,2.244508082272967,76,4,1,1,1,1,0,0
9881,98.82,33.92192077636719,2.2160765074076583,76,4,1,1,1,1,0,0
9882,98.83,33.83222198486328,2.244149776285026,76,5,1,1,1,1,1,0
9883,98.84,34.0330924987793,1.85194268496214,76,4,1,1,1,1,0,0
9884,98.85,34.01081848144531,1.8373120469609467,76,5,1,1,1,1,1,0
9885,98.86,34.36848831176758,1.8222503365521077,76,3,0,1,1,1,0,0
9886,98.87,34.00030517578125,1.86091465191319,76,3,0,1,1,1,0,0
9887,98.88,33.956031799316406,1.9881894456359128,76,3,0,1,1,1,0,0
9888,98.89,34.152198791503906,2.0803147708712824,76,4,1,1,1,1,0,0
9889,98.9,33.98887634277344,1.779916014675629,76,5,1,1,1,1,1,0
9890,98.91,33.994300842285156,1.9012391147664198,76,3,0,1,1,1,0,0
9891,98.92,33.730499267578125,1.9642301663784416,76,3,0,1,1,1,0,0
9892,98.93,33.60157775878906,1.8058518142845423,76,4,0,1,1,1,1,0
9893,98.94,33.79203796386719,2.0317780015452738,76,4,0,1,1,1,1,0
9894,98.95,33.72084426879883,2.1582421235183435,76,4,0,1,1,1,1,0
9895,98.96,33.789573669433594,1.8405981990590936,76,4,0,1,1,1,1,0
9896,98.97,33.42313003540039,1.8241441993272993,76,4,0,1,1,1,1,0
9897,98.98,33.79652404785156,1.9219274526020291,76,5,1,1,1,1,1,0
9898,98.99,34.002803802490234,2.3014092017670387,76,4,1,1,1,1,0,0
9899,99.0,34.348060607910156,2.333023540463571,76,5,1,1,1,1,1,0
9900,99.01,34.427978515625,2.233672533535153,76,5,1,1,1,1,1,0
9901,99.02,34.055973052978516,2.255195291189432,76,4,0,1,1,1,1,0
9902,99.03,33.895172119140625,2.169794529624756,76,4,0,1,1,1,1,0
9903,99.04,33.97175598144531,2.1092453287724946,76,4,0,1,1,1,1,0
9904,99.05,33.814430236816406,2.237565326441248,76,5,1,1,1,1,1,0
9905,99.06,33.859947204589844,2.2539727486951424,76,5,1,1,1,1,1,0
9906,99.07,34.030372619628906,2.069445467773632,76,4,0,1,1,1,1,0
9907,99.08,34.34490966796875,2.532563104630179,76,4,0,1,1,1,1,0
9908,99.09,34.12276840209961,2.37331335759833,76,4,0,1,1,1,1,0
9909,99.1,33.98657989501953,2.5329863715644527,76,4,0,1,1,1,1,0
9910,99.11,34.268829345703125,2.592494074823187,76,5,1,1,1,1,1,0
9911,99.12,34.40050506591797,1.9905007963861812,76,5,1,1,1,1,1,0
9912,99.13,34.321044921875,2.1435247125626145,76,4,1,1,1,1,0,0
9913,99.14,34.16957092285156,2.272019026323389,76,4,1,1,1,1,0,0
9914,99.15,34.24099349975586,2.594338645671722,76,4,1,1,1,1,0,0
9915,99.16,34.51089096069336,1.9357175363132835,76,4,1,1,1,1,0,0
9916,99.17,34.574928283691406,1.9685046427612514,76,4,1,1,1,1,0,0
9917,99.18,34.31159591674805,2.0201209834762675,76,4,1,1,1,1,0,0
9918,99.19,34.46955490112305,1.9073011926206278,76,4,1,1,1,1,0,0
9919,99.2,35.07872009277344,2.0392435638708317,76,4,1,1,1,1,0,0
9920,99.21,34.57235336303711,1.9062285747426964,76,4,1,1,1,1,0,0
9921,99.22,34.47334289550781,1.9202607256003106,76,4,1,1,1,1,0,0
9922,99.23,34.33578872680664,1.895707257427707,76,4,1,1,1,1,0,0
9923,99.24,34.76526641845703,2.100929616164426,76,4,1,1,1,1,0,0
9924,99.25,34.31653594970703,2.0514140251471176,76,4,1,1,1,1,0,0
9925,99.26,34.04631805419922,2.1954947822481024,76,4,1,1,1,1,0,0
9926,99.27,34.4334831237793,1.8658561610965547,76,4,1,1,1,1,0,0
9927,99.28,34.15891647338867,1.9418794325644313,76,4,1,1,1,1,0,0
9928,99.29,34.164451599121094,1.8267490648738578,76,4,1,1,1,1,0,0
9929,99.3,34.23379135131836,1.9683992177299445,76,4,1,1,1,1,0,0
9930,99.31,34.4844856262207,1.8501134707820313,76,4,1,1,1,1,0,0
9931,99.32,34.117706298828125,2.630168481806389,76,4,1,1,1,1,0,0
9932,99.33,34.28448486328125,2.5205369340994745,76,4,1,1,1,1,0,0
9933,99.34,34.64547348022461,2.470670327105654,76,3,0,1,1,1,0,0
9934,99.35,34.69306564331055,2.419312872326415,76,3,0,1,1,1,0,0
9935,99.36,35.066070556640625,2.1678091741732404,76,2,0,1,0,1,0,0
9936,99.37,34.473148345947266,2.30195698948686,76,3,1,1,0,1,0,0
9937,99.38,34.53715515136719,2.5591001437136605,76,2,0,1,0,1,0,0
9938,99.39,34.34267044067383,2.3261564565791626,76,3,0,1,1,1,0,0
9939,99.4,34.50723648071289,2.192419982633691,76,3,0,1,1,1,0,0
9940,99.41,34.445556640625,2.283551000019687,76,4,1,1,1,1,0,0
9941,99.42,34.54245376586914,2.670392238084395,76,3,0,1,1,1,0,0
9942,99.43,34.658653259277344,2.321441165943479,76,3,0,1,1,1,0,0
9943,99.44,34.02497863769531,2.1505783899956974,76,3,0,1,1,1,0,0
9944,99.45,34.08740234375,2.528989940355342,76,4,1,1,1,1,0,0
9945,99.46,33.9864616394043,2.364853105893134,76,4,1,1,1,1,0,0
9946,99.47,33.82355880737305,2.4422496337089106,76,4,1,1,1,1,0,0
9947,99.48,34.09917068481445,2.215286689616791,76,4,1,1,1,1,0,0
9948,99.49,34.54497528076172,2.6022692393627866,76,4,1,1,1,1,0,0
9949,99.5,33.9636116027832,1.8614238465701265,76,4,1,1,1,1,0,0
9950,99.51,34.175193786621094,1.9981473787980448,76,3,0,1,1,1,0,0
9951,99.52,34.0033073425293,2.3114725520523893,76,3,0,1,1,1,0,0
9952,99.53,33.89447784423828,2.5659936086231734,76,3,0,1,1,1,0,0
9953,99.54,34.014644622802734,2.457738083326286,76,2,0,1,0,1,0,0
9954,99.55,34.04829025268555,2.492108251462778,76,3,0,1,1,1,0,0
9955,99.56,33.93759536743164,2.34561098512944,76,2,0,1,0,1,0,0
9956,99.57,34.03300094604492,2.434359660150574,76,3,1,1,0,1,0,0
9957,99.58,34.043087005615234,2.146390708263691,76,3,0,1,1,1,0,0
9958,99.59,33.9857177734375,2.325213982046726,76,3,1,1,0,1,0,0
9959,99.6,33.920780181884766,2.546624149480844,76,3,0,1,1,1,0,0
9960,99.61,34.283233642578125,2.2348576613531717,76,4,1,1,0,1,1,0
9961,99.62,34.292633056640625,2.199954525564725,76,3,1,1,0,1,0,0
9962,99.63,34.578956604003906,2.626132633256169,76,3,1,1,0,1,0,0
9963,99.64,34.231285095214844,2.2970798776729247,76,3,1,1,0,1,0,0
9964,99.65,34.078834533691406,2.475924272067161,76,3,1,1,0,1,0,0
9965,99.66,34.394981384277344,2.267755540544951,76,4,1,1,1,1,0,0
9966,99.67,34.17246627807617,2.301583738980005,76,4,0,1,1,1,1,0
9967,99.68,34.29736328125,1.995743425720657,76,3,1,1,0,1,0,0
9968,99.69,34.2347297668457,2.5030177751643263,76,2,0,1,0,1,0,0
9969,99.7,34.180694580078125,2.706672802192775,76,3,1,1,0,1,0,0
9970,99.71,34.50889587402344,2.392551770265824,76,3,1,1,0,1,0,0
9971,99.72,34.48105239868164,2.3300631901821425,76,3,1,1,0,1,0,0
9972,99.73,34.79351043701172,2.480765957223565,76,3,1,1,0,1,0,0
9973,99.74,34.589759826660156,2.421960266896971,76,3,1,1,0,1,0,0
9974,99.75,34.35894012451172,2.0426665534478956,76,4,1,1,1,1,0,0
9975,99.76,34.31742477416992,2.447268266788338,76,4,1,1,1,1,0,0
9976,99.77,34.35394287109375,2.3444007130565896,76,3,1,1,0,1,0,0
9977,99.78,34.60566329956055,2.532943562021184,76,3,1,1,0,1,0,0
9978,99.79,33.99424362182617,2.095970751202295,76,3,1,1,0,1,0,0
9979,99.8,34.605369567871094,2.414253018249933,76,3,1,1,0,1,0,0
9980,99.81,34.25004959106445,2.5367135276287858,76,3,1,1,0,1,0,0
9981,99.82,34.34332275390625,2.7242842374372422,76,3,1,1,0,1,0,0
9982,99.83,34.297245025634766,2.0513675255782777,76,4,1,1,1,1,0,0
9983,99.84,34.618804931640625,2.407113464953466,76,3,1,1,0,1,0,0
9984,99.85,34.52107620239258,2.0268412882944755,76,3,1,1,0,1,0,0
9985,99.86,34.610008239746094,2.678619047196318,76,3,1,1,0,1,0,0
9986,99.87,34.77657699584961,2.455092404375533,76,3,1,1,0,1,0,0
9987,99.88,34.63819122314453,2.7586051407229877,76,3,1,1,0,1,0,0
9988,99.89,34.70545196533203,2.4543431713670483,76,3,1,1,0,1,0,0
9989,99.9,34.57185745239258,2.2781109081252704,76,3,1,1,0,1,0,0
9990,99.91,35.010982513427734,2.3298500903462895,76,3,1,1,0,1,0,0
9991,99.92,34.8494987487793,2.4366605037258386,76,3,1,1,0,1,0,0
9992,99.93,35.044044494628906,2.509044124169086,76,4,1,1,1,1,0,0
9993,99.94,34.5697135925293,2.617366214750338,76,3,1,1,0,1,0,0
9994,99.95,34.65000534057617,2.277390386664951,76,4,1,1,1,1,0,0
9995,99.96,34.744720458984375,2.5576172534258315,76,3,1,1,0,1,0,0
9996,99.97,34.666873931884766,2.388574262114517,76,3,1,1,0,1,0,0
9997,99.98,34.73162841796875,2.7106433231518166,76,2,0,1,0,1,0,0
9998,99.99,34.47399139404297,2.580639149950268,76,1,0,0,0,1,0,0
9999,100.0,34.106807708740234,2.483462595334727,76,3,0,1,1,1,0,0
